ISO-10303-21;
HEADER;
/* Generated by software containing ST-Developer
 * from STEP Tools, Inc. (www.steptools.com) 
 */

FILE_DESCRIPTION(
/* description */ (''),
/* implementation_level */ '2;1');

FILE_NAME(
/* name */ 
'/Users/danielskolnik/Downloads/Grab - fuse /Fuse - mini 15A.step',
/* time_stamp */ '2021-11-11T13:31:11+01:00',
/* author */ (''),
/* organization */ (''),
/* preprocessor_version */ 'ST-DEVELOPER v18.1',
/* originating_system */ 'Autodesk Translation Framework v10.10.0.1391',

/* authorisation */ '');

FILE_SCHEMA (('AUTOMOTIVE_DESIGN { 1 0 10303 214 3 1 1 }'));
ENDSEC;

DATA;
#10=MECHANICAL_DESIGN_GEOMETRIC_PRESENTATION_REPRESENTATION('',(#13,#14),
#5690);
#11=SHAPE_REPRESENTATION_RELATIONSHIP('SRR','None',#5697,#12);
#12=ADVANCED_BREP_SHAPE_REPRESENTATION('',(#15,#16),#5689);
#13=STYLED_ITEM('',(#5707),#15);
#14=STYLED_ITEM('',(#5708),#16);
#15=MANIFOLD_SOLID_BREP('Body2',#3369);
#16=MANIFOLD_SOLID_BREP('Body3',#3370);
#17=FACE_BOUND('',#415,.T.);
#18=FACE_BOUND('',#419,.T.);
#19=FACE_BOUND('',#420,.T.);
#20=FACE_BOUND('',#421,.T.);
#21=FACE_BOUND('',#430,.T.);
#22=FACE_BOUND('',#431,.T.);
#23=CIRCLE('',#3405,0.2);
#24=CIRCLE('',#3406,0.2);
#25=CIRCLE('',#3409,0.2);
#26=CIRCLE('',#3410,0.2);
#27=CIRCLE('',#3412,1.);
#28=CIRCLE('',#3413,1.);
#29=CIRCLE('',#3415,1.);
#30=CIRCLE('',#3416,1.);
#31=CIRCLE('',#3445,0.2);
#32=CIRCLE('',#3446,0.2);
#33=CIRCLE('',#3449,0.2);
#34=CIRCLE('',#3450,1.);
#35=CIRCLE('',#3451,1.);
#36=CIRCLE('',#3453,0.2);
#37=CIRCLE('',#3456,1.);
#38=CIRCLE('',#3459,1.);
#39=CIRCLE('',#3487,0.4);
#40=CIRCLE('',#3488,0.4);
#41=CIRCLE('',#3491,0.4);
#42=CIRCLE('',#3492,0.4);
#43=CIRCLE('',#3495,0.4);
#44=CIRCLE('',#3496,0.4);
#45=CIRCLE('',#3499,0.4);
#46=CIRCLE('',#3500,0.4);
#47=CIRCLE('',#3503,0.1);
#48=CIRCLE('',#3504,0.1);
#49=CIRCLE('',#3507,0.1);
#50=CIRCLE('',#3508,0.1);
#51=CIRCLE('',#3511,0.1);
#52=CIRCLE('',#3512,0.1);
#53=CIRCLE('',#3514,0.1);
#54=CIRCLE('',#3515,0.1);
#55=CIRCLE('',#3518,0.1);
#56=CIRCLE('',#3519,0.1);
#57=CIRCLE('',#3522,0.4);
#58=CIRCLE('',#3523,0.4);
#59=CIRCLE('',#3526,0.4);
#60=CIRCLE('',#3527,0.4);
#61=CIRCLE('',#3533,0.3);
#62=CIRCLE('',#3534,0.3);
#63=CIRCLE('',#3537,0.3);
#64=CIRCLE('',#3538,0.3);
#65=CIRCLE('',#3541,0.8);
#66=CIRCLE('',#3542,0.8);
#67=CIRCLE('',#3544,0.8);
#68=CIRCLE('',#3545,0.8);
#69=CIRCLE('',#3549,0.3);
#70=CIRCLE('',#3550,0.3);
#71=CIRCLE('',#3553,0.3);
#72=CIRCLE('',#3554,0.3);
#73=CIRCLE('',#3557,0.8);
#74=CIRCLE('',#3558,0.8);
#75=CIRCLE('',#3561,0.8);
#76=CIRCLE('',#3562,0.8);
#77=CIRCLE('',#3569,0.4);
#78=CIRCLE('',#3570,0.4);
#79=CIRCLE('',#3573,0.4);
#80=CIRCLE('',#3574,0.1);
#81=CIRCLE('',#3575,0.4);
#82=CIRCLE('',#3576,0.4);
#83=CIRCLE('',#3577,0.1);
#84=CIRCLE('',#3578,0.1);
#85=CIRCLE('',#3579,0.1);
#86=CIRCLE('',#3580,0.1);
#87=CIRCLE('',#3581,0.4);
#88=CIRCLE('',#3582,0.4);
#89=CIRCLE('',#3584,0.4);
#90=CIRCLE('',#3587,0.4);
#91=CIRCLE('',#3590,0.4);
#92=CIRCLE('',#3593,0.1);
#93=CIRCLE('',#3596,0.1);
#94=CIRCLE('',#3599,0.1);
#95=CIRCLE('',#3601,0.1);
#96=CIRCLE('',#3604,0.1);
#97=CIRCLE('',#3607,0.4);
#98=CIRCLE('',#3610,0.4);
#99=CYLINDRICAL_SURFACE('',#3404,0.2);
#100=CYLINDRICAL_SURFACE('',#3408,0.2);
#101=CYLINDRICAL_SURFACE('',#3411,1.);
#102=CYLINDRICAL_SURFACE('',#3414,1.);
#103=CYLINDRICAL_SURFACE('',#3444,0.2);
#104=CYLINDRICAL_SURFACE('',#3452,0.2);
#105=CYLINDRICAL_SURFACE('',#3455,1.);
#106=CYLINDRICAL_SURFACE('',#3458,1.);
#107=CYLINDRICAL_SURFACE('',#3486,0.4);
#108=CYLINDRICAL_SURFACE('',#3490,0.4);
#109=CYLINDRICAL_SURFACE('',#3494,0.4);
#110=CYLINDRICAL_SURFACE('',#3498,0.4);
#111=CYLINDRICAL_SURFACE('',#3502,0.1);
#112=CYLINDRICAL_SURFACE('',#3506,0.1);
#113=CYLINDRICAL_SURFACE('',#3510,0.1);
#114=CYLINDRICAL_SURFACE('',#3513,0.1);
#115=CYLINDRICAL_SURFACE('',#3517,0.1);
#116=CYLINDRICAL_SURFACE('',#3521,0.4);
#117=CYLINDRICAL_SURFACE('',#3525,0.4);
#118=CYLINDRICAL_SURFACE('',#3532,0.3);
#119=CYLINDRICAL_SURFACE('',#3536,0.3);
#120=CYLINDRICAL_SURFACE('',#3540,0.8);
#121=CYLINDRICAL_SURFACE('',#3543,0.8);
#122=CYLINDRICAL_SURFACE('',#3548,0.3);
#123=CYLINDRICAL_SURFACE('',#3552,0.3);
#124=CYLINDRICAL_SURFACE('',#3556,0.8);
#125=CYLINDRICAL_SURFACE('',#3560,0.8);
#126=CYLINDRICAL_SURFACE('',#3568,0.4);
#127=CYLINDRICAL_SURFACE('',#3583,0.4);
#128=CYLINDRICAL_SURFACE('',#3586,0.4);
#129=CYLINDRICAL_SURFACE('',#3589,0.4);
#130=CYLINDRICAL_SURFACE('',#3592,0.1);
#131=CYLINDRICAL_SURFACE('',#3595,0.1);
#132=CYLINDRICAL_SURFACE('',#3598,0.1);
#133=CYLINDRICAL_SURFACE('',#3600,0.1);
#134=CYLINDRICAL_SURFACE('',#3603,0.1);
#135=CYLINDRICAL_SURFACE('',#3606,0.4);
#136=CYLINDRICAL_SURFACE('',#3609,0.4);
#137=B_SPLINE_CURVE_WITH_KNOTS('',3,(#4536,#4537,#4538,#4539,#4540),
 .UNSPECIFIED.,.F.,.F.,(4,1,4),(0.,0.0114869440049336,0.0220027421145984),
 .UNSPECIFIED.);
#138=B_SPLINE_CURVE_WITH_KNOTS('',3,(#4542,#4543,#4544,#4545,#4546),
 .UNSPECIFIED.,.F.,.F.,(4,1,4),(-0.0220027421145984,-0.0114869440049336,
0.),.UNSPECIFIED.);
#139=B_SPLINE_CURVE_WITH_KNOTS('',3,(#4559,#4560,#4561,#4562,#4563),
 .UNSPECIFIED.,.F.,.F.,(4,1,4),(0.,0.0211714438230155,0.0420820757682824),
 .UNSPECIFIED.);
#140=B_SPLINE_CURVE_WITH_KNOTS('',3,(#4565,#4566,#4567,#4568,#4569),
 .UNSPECIFIED.,.F.,.F.,(4,1,4),(-0.0420820757682824,-0.0211714438230155,
0.),.UNSPECIFIED.);
#141=B_SPLINE_CURVE_WITH_KNOTS('',3,(#4582,#4583,#4584,#4585,#4586),
 .UNSPECIFIED.,.F.,.F.,(4,1,4),(0.,0.0214617750513583,0.0445469584458088),
 .UNSPECIFIED.);
#142=B_SPLINE_CURVE_WITH_KNOTS('',3,(#4588,#4589,#4590,#4591,#4592),
 .UNSPECIFIED.,.F.,.F.,(4,1,4),(-0.0445469584458088,-0.0214617750513583,
0.),.UNSPECIFIED.);
#143=B_SPLINE_CURVE_WITH_KNOTS('',3,(#4605,#4606,#4607,#4608,#4609),
 .UNSPECIFIED.,.F.,.F.,(4,1,4),(0.,0.0235623151209466,0.0466730018021621),
 .UNSPECIFIED.);
#144=B_SPLINE_CURVE_WITH_KNOTS('',3,(#4611,#4612,#4613,#4614,#4615),
 .UNSPECIFIED.,.F.,.F.,(4,1,4),(-0.0466730018021621,-0.0235623151209466,
0.),.UNSPECIFIED.);
#145=B_SPLINE_CURVE_WITH_KNOTS('',3,(#4628,#4629,#4630,#4631,#4632),
 .UNSPECIFIED.,.F.,.F.,(4,1,4),(0.,0.0231081402130659,0.0480069327356982),
 .UNSPECIFIED.);
#146=B_SPLINE_CURVE_WITH_KNOTS('',3,(#4634,#4635,#4636,#4637,#4638),
 .UNSPECIFIED.,.F.,.F.,(4,1,4),(-0.0480069327356982,-0.0231081402130659,
0.),.UNSPECIFIED.);
#147=B_SPLINE_CURVE_WITH_KNOTS('',3,(#4651,#4652,#4653,#4654,#4655),
 .UNSPECIFIED.,.F.,.F.,(4,1,4),(0.,0.0194608772243525,0.0381035011340444),
 .UNSPECIFIED.);
#148=B_SPLINE_CURVE_WITH_KNOTS('',3,(#4657,#4658,#4659,#4660,#4661),
 .UNSPECIFIED.,.F.,.F.,(4,1,4),(-0.0381035011340444,-0.0194608772243525,
0.),.UNSPECIFIED.);
#149=B_SPLINE_CURVE_WITH_KNOTS('',3,(#4674,#4675,#4676,#4677,#4678),
 .UNSPECIFIED.,.F.,.F.,(4,1,4),(0.,0.0187511934645025,0.0388193928826735),
 .UNSPECIFIED.);
#150=B_SPLINE_CURVE_WITH_KNOTS('',3,(#4680,#4681,#4682,#4683,#4684),
 .UNSPECIFIED.,.F.,.F.,(4,1,4),(-0.0388193928826735,-0.0187511934645025,
0.),.UNSPECIFIED.);
#151=B_SPLINE_CURVE_WITH_KNOTS('',3,(#4703,#4704,#4705,#4706,#4707),
 .UNSPECIFIED.,.F.,.F.,(4,1,4),(0.,0.0136501286087213,0.0261175428636915),
 .UNSPECIFIED.);
#152=B_SPLINE_CURVE_WITH_KNOTS('',3,(#4709,#4710,#4711,#4712,#4713),
 .UNSPECIFIED.,.F.,.F.,(4,1,4),(-0.0261175428636915,-0.0136501286087213,
0.),.UNSPECIFIED.);
#153=B_SPLINE_CURVE_WITH_KNOTS('',3,(#4726,#4727,#4728,#4729,#4730),
 .UNSPECIFIED.,.F.,.F.,(4,1,4),(0.,0.0121299924339289,0.0245099030548311),
 .UNSPECIFIED.);
#154=B_SPLINE_CURVE_WITH_KNOTS('',3,(#4732,#4733,#4734,#4735,#4736),
 .UNSPECIFIED.,.F.,.F.,(4,1,4),(-0.0245099030548311,-0.0121299924339289,
0.),.UNSPECIFIED.);
#155=B_SPLINE_CURVE_WITH_KNOTS('',3,(#4749,#4750,#4751,#4752,#4753),
 .UNSPECIFIED.,.F.,.F.,(4,1,4),(0.,0.0162209418417855,0.0327687812621608),
 .UNSPECIFIED.);
#156=B_SPLINE_CURVE_WITH_KNOTS('',3,(#4755,#4756,#4757,#4758,#4759),
 .UNSPECIFIED.,.F.,.F.,(4,1,4),(-0.0327687812621608,-0.0162209418417855,
0.),.UNSPECIFIED.);
#157=B_SPLINE_CURVE_WITH_KNOTS('',3,(#4772,#4773,#4774,#4775,#4776),
 .UNSPECIFIED.,.F.,.F.,(4,1,4),(0.,0.0171427748409974,0.0348912872370623),
 .UNSPECIFIED.);
#158=B_SPLINE_CURVE_WITH_KNOTS('',3,(#4778,#4779,#4780,#4781,#4782),
 .UNSPECIFIED.,.F.,.F.,(4,1,4),(-0.0348912872370623,-0.0171427748409974,
0.),.UNSPECIFIED.);
#159=B_SPLINE_CURVE_WITH_KNOTS('',3,(#4795,#4796,#4797,#4798,#4799),
 .UNSPECIFIED.,.F.,.F.,(4,1,4),(0.,0.0160142268065971,0.0310533834143523),
 .UNSPECIFIED.);
#160=B_SPLINE_CURVE_WITH_KNOTS('',3,(#4801,#4802,#4803,#4804,#4805),
 .UNSPECIFIED.,.F.,.F.,(4,1,4),(-0.0310533834143523,-0.0160142268065971,
0.),.UNSPECIFIED.);
#161=B_SPLINE_CURVE_WITH_KNOTS('',3,(#4818,#4819,#4820,#4821,#4822),
 .UNSPECIFIED.,.F.,.F.,(4,1,4),(0.,0.0151377498581734,0.0312914364592949),
 .UNSPECIFIED.);
#162=B_SPLINE_CURVE_WITH_KNOTS('',3,(#4824,#4825,#4826,#4827,#4828),
 .UNSPECIFIED.,.F.,.F.,(4,1,4),(-0.0312914364592949,-0.0151377498581734,
0.),.UNSPECIFIED.);
#163=B_SPLINE_CURVE_WITH_KNOTS('',3,(#4841,#4842,#4843,#4844,#4845),
 .UNSPECIFIED.,.F.,.F.,(4,1,4),(0.,0.0184557475590029,0.0398300004062531),
 .UNSPECIFIED.);
#164=B_SPLINE_CURVE_WITH_KNOTS('',3,(#4847,#4848,#4849,#4850,#4851),
 .UNSPECIFIED.,.F.,.F.,(4,1,4),(-0.0398300004062531,-0.0184557475590029,
0.),.UNSPECIFIED.);
#165=B_SPLINE_SURFACE_WITH_KNOTS('',3,1,((#4525,#4526),(#4527,#4528),(#4529,
#4530),(#4531,#4532),(#4533,#4534)),.UNSPECIFIED.,.F.,.F.,.F.,(4,1,4),(2,
2),(-0.0220027421145984,-0.0114869440049336,0.),(0.,0.005),
 .UNSPECIFIED.);
#166=B_SPLINE_SURFACE_WITH_KNOTS('',3,1,((#4548,#4549),(#4550,#4551),(#4552,
#4553),(#4554,#4555),(#4556,#4557)),.UNSPECIFIED.,.F.,.F.,.F.,(4,1,4),(2,
2),(-0.0420820757682824,-0.0211714438230155,0.),(0.,0.005),
 .UNSPECIFIED.);
#167=B_SPLINE_SURFACE_WITH_KNOTS('',3,1,((#4571,#4572),(#4573,#4574),(#4575,
#4576),(#4577,#4578),(#4579,#4580)),.UNSPECIFIED.,.F.,.F.,.F.,(4,1,4),(2,
2),(-0.0445469584458088,-0.0214617750513583,0.),(0.,0.005),
 .UNSPECIFIED.);
#168=B_SPLINE_SURFACE_WITH_KNOTS('',3,1,((#4594,#4595),(#4596,#4597),(#4598,
#4599),(#4600,#4601),(#4602,#4603)),.UNSPECIFIED.,.F.,.F.,.F.,(4,1,4),(2,
2),(-0.0466730018021621,-0.0235623151209466,0.),(0.,0.005),
 .UNSPECIFIED.);
#169=B_SPLINE_SURFACE_WITH_KNOTS('',3,1,((#4617,#4618),(#4619,#4620),(#4621,
#4622),(#4623,#4624),(#4625,#4626)),.UNSPECIFIED.,.F.,.F.,.F.,(4,1,4),(2,
2),(-0.0480069327356982,-0.0231081402130659,0.),(0.,0.005),
 .UNSPECIFIED.);
#170=B_SPLINE_SURFACE_WITH_KNOTS('',3,1,((#4640,#4641),(#4642,#4643),(#4644,
#4645),(#4646,#4647),(#4648,#4649)),.UNSPECIFIED.,.F.,.F.,.F.,(4,1,4),(2,
2),(-0.0381035011340444,-0.0194608772243525,0.),(0.,0.005),
 .UNSPECIFIED.);
#171=B_SPLINE_SURFACE_WITH_KNOTS('',3,1,((#4663,#4664),(#4665,#4666),(#4667,
#4668),(#4669,#4670),(#4671,#4672)),.UNSPECIFIED.,.F.,.F.,.F.,(4,1,4),(2,
2),(-0.0388193928826735,-0.0187511934645025,0.),(0.,0.005),
 .UNSPECIFIED.);
#172=B_SPLINE_SURFACE_WITH_KNOTS('',3,1,((#4692,#4693),(#4694,#4695),(#4696,
#4697),(#4698,#4699),(#4700,#4701)),.UNSPECIFIED.,.F.,.F.,.F.,(4,1,4),(2,
2),(-0.0261175428636915,-0.0136501286087213,0.),(0.,0.005),
 .UNSPECIFIED.);
#173=B_SPLINE_SURFACE_WITH_KNOTS('',3,1,((#4715,#4716),(#4717,#4718),(#4719,
#4720),(#4721,#4722),(#4723,#4724)),.UNSPECIFIED.,.F.,.F.,.F.,(4,1,4),(2,
2),(-0.0245099030548311,-0.0121299924339289,0.),(0.,0.005),
 .UNSPECIFIED.);
#174=B_SPLINE_SURFACE_WITH_KNOTS('',3,1,((#4738,#4739),(#4740,#4741),(#4742,
#4743),(#4744,#4745),(#4746,#4747)),.UNSPECIFIED.,.F.,.F.,.F.,(4,1,4),(2,
2),(-0.0327687812621608,-0.0162209418417855,0.),(0.,0.005),
 .UNSPECIFIED.);
#175=B_SPLINE_SURFACE_WITH_KNOTS('',3,1,((#4761,#4762),(#4763,#4764),(#4765,
#4766),(#4767,#4768),(#4769,#4770)),.UNSPECIFIED.,.F.,.F.,.F.,(4,1,4),(2,
2),(-0.0348912872370623,-0.0171427748409974,0.),(0.,0.005),
 .UNSPECIFIED.);
#176=B_SPLINE_SURFACE_WITH_KNOTS('',3,1,((#4784,#4785),(#4786,#4787),(#4788,
#4789),(#4790,#4791),(#4792,#4793)),.UNSPECIFIED.,.F.,.F.,.F.,(4,1,4),(2,
2),(-0.0310533834143523,-0.0160142268065971,0.),(0.,0.005),
 .UNSPECIFIED.);
#177=B_SPLINE_SURFACE_WITH_KNOTS('',3,1,((#4807,#4808),(#4809,#4810),(#4811,
#4812),(#4813,#4814),(#4815,#4816)),.UNSPECIFIED.,.F.,.F.,.F.,(4,1,4),(2,
2),(-0.0312914364592949,-0.0151377498581734,0.),(0.,0.005),
 .UNSPECIFIED.);
#178=B_SPLINE_SURFACE_WITH_KNOTS('',3,1,((#4830,#4831),(#4832,#4833),(#4834,
#4835),(#4836,#4837),(#4838,#4839)),.UNSPECIFIED.,.F.,.F.,.F.,(4,1,4),(2,
2),(-0.0398300004062531,-0.0184557475590029,0.),(0.,0.005),
 .UNSPECIFIED.);
#179=FACE_OUTER_BOUND('',#349,.T.);
#180=FACE_OUTER_BOUND('',#350,.T.);
#181=FACE_OUTER_BOUND('',#351,.T.);
#182=FACE_OUTER_BOUND('',#352,.T.);
#183=FACE_OUTER_BOUND('',#353,.T.);
#184=FACE_OUTER_BOUND('',#354,.T.);
#185=FACE_OUTER_BOUND('',#355,.T.);
#186=FACE_OUTER_BOUND('',#356,.T.);
#187=FACE_OUTER_BOUND('',#357,.T.);
#188=FACE_OUTER_BOUND('',#358,.T.);
#189=FACE_OUTER_BOUND('',#359,.T.);
#190=FACE_OUTER_BOUND('',#360,.T.);
#191=FACE_OUTER_BOUND('',#361,.T.);
#192=FACE_OUTER_BOUND('',#362,.T.);
#193=FACE_OUTER_BOUND('',#363,.T.);
#194=FACE_OUTER_BOUND('',#364,.T.);
#195=FACE_OUTER_BOUND('',#365,.T.);
#196=FACE_OUTER_BOUND('',#366,.T.);
#197=FACE_OUTER_BOUND('',#367,.T.);
#198=FACE_OUTER_BOUND('',#368,.T.);
#199=FACE_OUTER_BOUND('',#369,.T.);
#200=FACE_OUTER_BOUND('',#370,.T.);
#201=FACE_OUTER_BOUND('',#371,.T.);
#202=FACE_OUTER_BOUND('',#372,.T.);
#203=FACE_OUTER_BOUND('',#373,.T.);
#204=FACE_OUTER_BOUND('',#374,.T.);
#205=FACE_OUTER_BOUND('',#375,.T.);
#206=FACE_OUTER_BOUND('',#376,.T.);
#207=FACE_OUTER_BOUND('',#377,.T.);
#208=FACE_OUTER_BOUND('',#378,.T.);
#209=FACE_OUTER_BOUND('',#379,.T.);
#210=FACE_OUTER_BOUND('',#380,.T.);
#211=FACE_OUTER_BOUND('',#381,.T.);
#212=FACE_OUTER_BOUND('',#382,.T.);
#213=FACE_OUTER_BOUND('',#383,.T.);
#214=FACE_OUTER_BOUND('',#384,.T.);
#215=FACE_OUTER_BOUND('',#385,.T.);
#216=FACE_OUTER_BOUND('',#386,.T.);
#217=FACE_OUTER_BOUND('',#387,.T.);
#218=FACE_OUTER_BOUND('',#388,.T.);
#219=FACE_OUTER_BOUND('',#389,.T.);
#220=FACE_OUTER_BOUND('',#390,.T.);
#221=FACE_OUTER_BOUND('',#391,.T.);
#222=FACE_OUTER_BOUND('',#392,.T.);
#223=FACE_OUTER_BOUND('',#393,.T.);
#224=FACE_OUTER_BOUND('',#394,.T.);
#225=FACE_OUTER_BOUND('',#395,.T.);
#226=FACE_OUTER_BOUND('',#396,.T.);
#227=FACE_OUTER_BOUND('',#397,.T.);
#228=FACE_OUTER_BOUND('',#398,.T.);
#229=FACE_OUTER_BOUND('',#399,.T.);
#230=FACE_OUTER_BOUND('',#400,.T.);
#231=FACE_OUTER_BOUND('',#401,.T.);
#232=FACE_OUTER_BOUND('',#402,.T.);
#233=FACE_OUTER_BOUND('',#403,.T.);
#234=FACE_OUTER_BOUND('',#404,.T.);
#235=FACE_OUTER_BOUND('',#405,.T.);
#236=FACE_OUTER_BOUND('',#406,.T.);
#237=FACE_OUTER_BOUND('',#407,.T.);
#238=FACE_OUTER_BOUND('',#408,.T.);
#239=FACE_OUTER_BOUND('',#409,.T.);
#240=FACE_OUTER_BOUND('',#410,.T.);
#241=FACE_OUTER_BOUND('',#411,.T.);
#242=FACE_OUTER_BOUND('',#412,.T.);
#243=FACE_OUTER_BOUND('',#413,.T.);
#244=FACE_OUTER_BOUND('',#414,.T.);
#245=FACE_OUTER_BOUND('',#416,.T.);
#246=FACE_OUTER_BOUND('',#417,.T.);
#247=FACE_OUTER_BOUND('',#418,.T.);
#248=FACE_OUTER_BOUND('',#422,.T.);
#249=FACE_OUTER_BOUND('',#423,.T.);
#250=FACE_OUTER_BOUND('',#424,.T.);
#251=FACE_OUTER_BOUND('',#425,.T.);
#252=FACE_OUTER_BOUND('',#426,.T.);
#253=FACE_OUTER_BOUND('',#427,.T.);
#254=FACE_OUTER_BOUND('',#428,.T.);
#255=FACE_OUTER_BOUND('',#429,.T.);
#256=FACE_OUTER_BOUND('',#432,.T.);
#257=FACE_OUTER_BOUND('',#433,.T.);
#258=FACE_OUTER_BOUND('',#434,.T.);
#259=FACE_OUTER_BOUND('',#435,.T.);
#260=FACE_OUTER_BOUND('',#436,.T.);
#261=FACE_OUTER_BOUND('',#437,.T.);
#262=FACE_OUTER_BOUND('',#438,.T.);
#263=FACE_OUTER_BOUND('',#439,.T.);
#264=FACE_OUTER_BOUND('',#440,.T.);
#265=FACE_OUTER_BOUND('',#441,.T.);
#266=FACE_OUTER_BOUND('',#442,.T.);
#267=FACE_OUTER_BOUND('',#443,.T.);
#268=FACE_OUTER_BOUND('',#444,.T.);
#269=FACE_OUTER_BOUND('',#445,.T.);
#270=FACE_OUTER_BOUND('',#446,.T.);
#271=FACE_OUTER_BOUND('',#447,.T.);
#272=FACE_OUTER_BOUND('',#448,.T.);
#273=FACE_OUTER_BOUND('',#449,.T.);
#274=FACE_OUTER_BOUND('',#450,.T.);
#275=FACE_OUTER_BOUND('',#451,.T.);
#276=FACE_OUTER_BOUND('',#452,.T.);
#277=FACE_OUTER_BOUND('',#453,.T.);
#278=FACE_OUTER_BOUND('',#454,.T.);
#279=FACE_OUTER_BOUND('',#455,.T.);
#280=FACE_OUTER_BOUND('',#456,.T.);
#281=FACE_OUTER_BOUND('',#457,.T.);
#282=FACE_OUTER_BOUND('',#458,.T.);
#283=FACE_OUTER_BOUND('',#459,.T.);
#284=FACE_OUTER_BOUND('',#460,.T.);
#285=FACE_OUTER_BOUND('',#461,.T.);
#286=FACE_OUTER_BOUND('',#462,.T.);
#287=FACE_OUTER_BOUND('',#463,.T.);
#288=FACE_OUTER_BOUND('',#464,.T.);
#289=FACE_OUTER_BOUND('',#465,.T.);
#290=FACE_OUTER_BOUND('',#466,.T.);
#291=FACE_OUTER_BOUND('',#467,.T.);
#292=FACE_OUTER_BOUND('',#468,.T.);
#293=FACE_OUTER_BOUND('',#469,.T.);
#294=FACE_OUTER_BOUND('',#470,.T.);
#295=FACE_OUTER_BOUND('',#471,.T.);
#296=FACE_OUTER_BOUND('',#472,.T.);
#297=FACE_OUTER_BOUND('',#473,.T.);
#298=FACE_OUTER_BOUND('',#474,.T.);
#299=FACE_OUTER_BOUND('',#475,.T.);
#300=FACE_OUTER_BOUND('',#476,.T.);
#301=FACE_OUTER_BOUND('',#477,.T.);
#302=FACE_OUTER_BOUND('',#478,.T.);
#303=FACE_OUTER_BOUND('',#479,.T.);
#304=FACE_OUTER_BOUND('',#480,.T.);
#305=FACE_OUTER_BOUND('',#481,.T.);
#306=FACE_OUTER_BOUND('',#482,.T.);
#307=FACE_OUTER_BOUND('',#483,.T.);
#308=FACE_OUTER_BOUND('',#484,.T.);
#309=FACE_OUTER_BOUND('',#485,.T.);
#310=FACE_OUTER_BOUND('',#486,.T.);
#311=FACE_OUTER_BOUND('',#487,.T.);
#312=FACE_OUTER_BOUND('',#488,.T.);
#313=FACE_OUTER_BOUND('',#489,.T.);
#314=FACE_OUTER_BOUND('',#490,.T.);
#315=FACE_OUTER_BOUND('',#491,.T.);
#316=FACE_OUTER_BOUND('',#492,.T.);
#317=FACE_OUTER_BOUND('',#493,.T.);
#318=FACE_OUTER_BOUND('',#494,.T.);
#319=FACE_OUTER_BOUND('',#495,.T.);
#320=FACE_OUTER_BOUND('',#496,.T.);
#321=FACE_OUTER_BOUND('',#497,.T.);
#322=FACE_OUTER_BOUND('',#498,.T.);
#323=FACE_OUTER_BOUND('',#499,.T.);
#324=FACE_OUTER_BOUND('',#500,.T.);
#325=FACE_OUTER_BOUND('',#501,.T.);
#326=FACE_OUTER_BOUND('',#502,.T.);
#327=FACE_OUTER_BOUND('',#503,.T.);
#328=FACE_OUTER_BOUND('',#504,.T.);
#329=FACE_OUTER_BOUND('',#505,.T.);
#330=FACE_OUTER_BOUND('',#506,.T.);
#331=FACE_OUTER_BOUND('',#507,.T.);
#332=FACE_OUTER_BOUND('',#508,.T.);
#333=FACE_OUTER_BOUND('',#509,.T.);
#334=FACE_OUTER_BOUND('',#510,.T.);
#335=FACE_OUTER_BOUND('',#511,.T.);
#336=FACE_OUTER_BOUND('',#512,.T.);
#337=FACE_OUTER_BOUND('',#513,.T.);
#338=FACE_OUTER_BOUND('',#514,.T.);
#339=FACE_OUTER_BOUND('',#515,.T.);
#340=FACE_OUTER_BOUND('',#516,.T.);
#341=FACE_OUTER_BOUND('',#517,.T.);
#342=FACE_OUTER_BOUND('',#518,.T.);
#343=FACE_OUTER_BOUND('',#519,.T.);
#344=FACE_OUTER_BOUND('',#520,.T.);
#345=FACE_OUTER_BOUND('',#521,.T.);
#346=FACE_OUTER_BOUND('',#522,.T.);
#347=FACE_OUTER_BOUND('',#523,.T.);
#348=FACE_OUTER_BOUND('',#524,.T.);
#349=EDGE_LOOP('',(#2105,#2106,#2107,#2108));
#350=EDGE_LOOP('',(#2109,#2110,#2111,#2112));
#351=EDGE_LOOP('',(#2113,#2114,#2115,#2116));
#352=EDGE_LOOP('',(#2117,#2118,#2119,#2120));
#353=EDGE_LOOP('',(#2121,#2122,#2123,#2124));
#354=EDGE_LOOP('',(#2125,#2126,#2127,#2128));
#355=EDGE_LOOP('',(#2129,#2130,#2131,#2132,#2133,#2134));
#356=EDGE_LOOP('',(#2135,#2136,#2137,#2138));
#357=EDGE_LOOP('',(#2139,#2140,#2141,#2142));
#358=EDGE_LOOP('',(#2143,#2144,#2145,#2146));
#359=EDGE_LOOP('',(#2147,#2148,#2149,#2150));
#360=EDGE_LOOP('',(#2151,#2152,#2153,#2154));
#361=EDGE_LOOP('',(#2155,#2156,#2157,#2158));
#362=EDGE_LOOP('',(#2159,#2160,#2161,#2162));
#363=EDGE_LOOP('',(#2163,#2164,#2165,#2166));
#364=EDGE_LOOP('',(#2167,#2168,#2169,#2170));
#365=EDGE_LOOP('',(#2171,#2172,#2173,#2174));
#366=EDGE_LOOP('',(#2175,#2176,#2177,#2178));
#367=EDGE_LOOP('',(#2179,#2180,#2181,#2182));
#368=EDGE_LOOP('',(#2183,#2184,#2185,#2186));
#369=EDGE_LOOP('',(#2187,#2188,#2189,#2190));
#370=EDGE_LOOP('',(#2191,#2192,#2193,#2194));
#371=EDGE_LOOP('',(#2195,#2196,#2197,#2198));
#372=EDGE_LOOP('',(#2199,#2200,#2201,#2202));
#373=EDGE_LOOP('',(#2203,#2204,#2205,#2206));
#374=EDGE_LOOP('',(#2207,#2208,#2209,#2210));
#375=EDGE_LOOP('',(#2211,#2212,#2213,#2214));
#376=EDGE_LOOP('',(#2215,#2216,#2217,#2218,#2219,#2220,#2221,#2222,#2223,
#2224,#2225,#2226,#2227,#2228,#2229,#2230,#2231,#2232,#2233,#2234));
#377=EDGE_LOOP('',(#2235,#2236,#2237,#2238));
#378=EDGE_LOOP('',(#2239,#2240,#2241,#2242,#2243,#2244));
#379=EDGE_LOOP('',(#2245,#2246,#2247,#2248));
#380=EDGE_LOOP('',(#2249,#2250,#2251,#2252));
#381=EDGE_LOOP('',(#2253,#2254,#2255,#2256,#2257,#2258));
#382=EDGE_LOOP('',(#2259,#2260,#2261,#2262));
#383=EDGE_LOOP('',(#2263,#2264,#2265,#2266));
#384=EDGE_LOOP('',(#2267,#2268,#2269,#2270,#2271,#2272));
#385=EDGE_LOOP('',(#2273,#2274,#2275,#2276));
#386=EDGE_LOOP('',(#2277,#2278,#2279,#2280));
#387=EDGE_LOOP('',(#2281,#2282,#2283,#2284));
#388=EDGE_LOOP('',(#2285,#2286,#2287,#2288));
#389=EDGE_LOOP('',(#2289,#2290,#2291,#2292));
#390=EDGE_LOOP('',(#2293,#2294,#2295,#2296));
#391=EDGE_LOOP('',(#2297,#2298,#2299,#2300));
#392=EDGE_LOOP('',(#2301,#2302,#2303,#2304));
#393=EDGE_LOOP('',(#2305,#2306,#2307,#2308,#2309,#2310));
#394=EDGE_LOOP('',(#2311,#2312,#2313,#2314));
#395=EDGE_LOOP('',(#2315,#2316,#2317,#2318,#2319));
#396=EDGE_LOOP('',(#2320,#2321,#2322,#2323,#2324,#2325));
#397=EDGE_LOOP('',(#2326,#2327,#2328,#2329,#2330));
#398=EDGE_LOOP('',(#2331,#2332,#2333,#2334));
#399=EDGE_LOOP('',(#2335,#2336,#2337,#2338));
#400=EDGE_LOOP('',(#2339,#2340,#2341,#2342,#2343,#2344));
#401=EDGE_LOOP('',(#2345,#2346,#2347,#2348));
#402=EDGE_LOOP('',(#2349,#2350,#2351,#2352));
#403=EDGE_LOOP('',(#2353,#2354,#2355,#2356));
#404=EDGE_LOOP('',(#2357,#2358,#2359,#2360));
#405=EDGE_LOOP('',(#2361,#2362,#2363,#2364));
#406=EDGE_LOOP('',(#2365,#2366,#2367,#2368,#2369,#2370));
#407=EDGE_LOOP('',(#2371,#2372,#2373,#2374,#2375,#2376,#2377,#2378,#2379,
#2380,#2381,#2382));
#408=EDGE_LOOP('',(#2383,#2384,#2385,#2386));
#409=EDGE_LOOP('',(#2387,#2388,#2389,#2390));
#410=EDGE_LOOP('',(#2391,#2392,#2393,#2394));
#411=EDGE_LOOP('',(#2395,#2396,#2397,#2398,#2399,#2400));
#412=EDGE_LOOP('',(#2401,#2402,#2403,#2404));
#413=EDGE_LOOP('',(#2405,#2406,#2407,#2408));
#414=EDGE_LOOP('',(#2409,#2410,#2411,#2412,#2413,#2414,#2415,#2416,#2417,
#2418,#2419,#2420,#2421,#2422,#2423,#2424,#2425,#2426,#2427,#2428,#2429,
#2430,#2431,#2432));
#415=EDGE_LOOP('',(#2433,#2434,#2435,#2436,#2437,#2438,#2439,#2440,#2441,
#2442,#2443,#2444));
#416=EDGE_LOOP('',(#2445,#2446,#2447,#2448));
#417=EDGE_LOOP('',(#2449,#2450,#2451,#2452,#2453,#2454));
#418=EDGE_LOOP('',(#2455,#2456,#2457,#2458,#2459,#2460,#2461,#2462,#2463,
#2464,#2465,#2466,#2467,#2468,#2469,#2470));
#419=EDGE_LOOP('',(#2471,#2472,#2473,#2474));
#420=EDGE_LOOP('',(#2475,#2476,#2477,#2478));
#421=EDGE_LOOP('',(#2479,#2480,#2481,#2482,#2483,#2484,#2485,#2486));
#422=EDGE_LOOP('',(#2487,#2488,#2489,#2490));
#423=EDGE_LOOP('',(#2491,#2492,#2493,#2494));
#424=EDGE_LOOP('',(#2495,#2496,#2497,#2498));
#425=EDGE_LOOP('',(#2499,#2500,#2501,#2502));
#426=EDGE_LOOP('',(#2503,#2504,#2505,#2506));
#427=EDGE_LOOP('',(#2507,#2508,#2509,#2510));
#428=EDGE_LOOP('',(#2511,#2512,#2513,#2514));
#429=EDGE_LOOP('',(#2515,#2516,#2517,#2518,#2519,#2520,#2521,#2522));
#430=EDGE_LOOP('',(#2523,#2524,#2525,#2526,#2527,#2528));
#431=EDGE_LOOP('',(#2529,#2530,#2531,#2532,#2533,#2534,#2535,#2536,#2537,
#2538,#2539,#2540,#2541,#2542,#2543,#2544,#2545,#2546,#2547,#2548));
#432=EDGE_LOOP('',(#2549,#2550,#2551,#2552));
#433=EDGE_LOOP('',(#2553,#2554,#2555,#2556));
#434=EDGE_LOOP('',(#2557,#2558,#2559,#2560));
#435=EDGE_LOOP('',(#2561,#2562,#2563,#2564));
#436=EDGE_LOOP('',(#2565,#2566,#2567,#2568,#2569,#2570));
#437=EDGE_LOOP('',(#2571,#2572,#2573,#2574));
#438=EDGE_LOOP('',(#2575,#2576,#2577,#2578,#2579));
#439=EDGE_LOOP('',(#2580,#2581,#2582,#2583,#2584,#2585));
#440=EDGE_LOOP('',(#2586,#2587,#2588,#2589,#2590));
#441=EDGE_LOOP('',(#2591,#2592,#2593,#2594,#2595,#2596,#2597,#2598,#2599,
#2600,#2601,#2602,#2603,#2604));
#442=EDGE_LOOP('',(#2605,#2606,#2607,#2608));
#443=EDGE_LOOP('',(#2609,#2610,#2611,#2612));
#444=EDGE_LOOP('',(#2613,#2614,#2615,#2616,#2617,#2618,#2619,#2620,#2621,
#2622,#2623,#2624,#2625,#2626));
#445=EDGE_LOOP('',(#2627,#2628,#2629,#2630));
#446=EDGE_LOOP('',(#2631,#2632,#2633,#2634,#2635,#2636));
#447=EDGE_LOOP('',(#2637,#2638,#2639,#2640));
#448=EDGE_LOOP('',(#2641,#2642,#2643,#2644));
#449=EDGE_LOOP('',(#2645,#2646,#2647,#2648));
#450=EDGE_LOOP('',(#2649,#2650,#2651,#2652));
#451=EDGE_LOOP('',(#2653,#2654,#2655,#2656));
#452=EDGE_LOOP('',(#2657,#2658,#2659,#2660));
#453=EDGE_LOOP('',(#2661,#2662,#2663,#2664));
#454=EDGE_LOOP('',(#2665,#2666,#2667,#2668));
#455=EDGE_LOOP('',(#2669,#2670,#2671,#2672));
#456=EDGE_LOOP('',(#2673,#2674,#2675,#2676));
#457=EDGE_LOOP('',(#2677,#2678,#2679,#2680));
#458=EDGE_LOOP('',(#2681,#2682,#2683,#2684));
#459=EDGE_LOOP('',(#2685,#2686,#2687,#2688));
#460=EDGE_LOOP('',(#2689,#2690,#2691,#2692));
#461=EDGE_LOOP('',(#2693,#2694,#2695,#2696));
#462=EDGE_LOOP('',(#2697,#2698,#2699,#2700));
#463=EDGE_LOOP('',(#2701,#2702,#2703,#2704));
#464=EDGE_LOOP('',(#2705,#2706,#2707,#2708));
#465=EDGE_LOOP('',(#2709,#2710,#2711,#2712));
#466=EDGE_LOOP('',(#2713,#2714,#2715,#2716));
#467=EDGE_LOOP('',(#2717,#2718,#2719,#2720));
#468=EDGE_LOOP('',(#2721,#2722,#2723,#2724));
#469=EDGE_LOOP('',(#2725,#2726,#2727,#2728));
#470=EDGE_LOOP('',(#2729,#2730,#2731,#2732));
#471=EDGE_LOOP('',(#2733,#2734,#2735,#2736));
#472=EDGE_LOOP('',(#2737,#2738,#2739,#2740));
#473=EDGE_LOOP('',(#2741,#2742,#2743,#2744));
#474=EDGE_LOOP('',(#2745,#2746,#2747,#2748));
#475=EDGE_LOOP('',(#2749,#2750,#2751,#2752));
#476=EDGE_LOOP('',(#2753,#2754,#2755,#2756));
#477=EDGE_LOOP('',(#2757,#2758,#2759,#2760));
#478=EDGE_LOOP('',(#2761,#2762,#2763,#2764));
#479=EDGE_LOOP('',(#2765,#2766,#2767,#2768));
#480=EDGE_LOOP('',(#2769,#2770,#2771,#2772));
#481=EDGE_LOOP('',(#2773,#2774,#2775,#2776));
#482=EDGE_LOOP('',(#2777,#2778,#2779,#2780));
#483=EDGE_LOOP('',(#2781,#2782,#2783,#2784));
#484=EDGE_LOOP('',(#2785,#2786,#2787,#2788));
#485=EDGE_LOOP('',(#2789,#2790,#2791,#2792));
#486=EDGE_LOOP('',(#2793,#2794,#2795,#2796));
#487=EDGE_LOOP('',(#2797,#2798,#2799,#2800));
#488=EDGE_LOOP('',(#2801,#2802,#2803,#2804));
#489=EDGE_LOOP('',(#2805,#2806,#2807,#2808));
#490=EDGE_LOOP('',(#2809,#2810,#2811,#2812));
#491=EDGE_LOOP('',(#2813,#2814,#2815,#2816));
#492=EDGE_LOOP('',(#2817,#2818,#2819,#2820));
#493=EDGE_LOOP('',(#2821,#2822,#2823,#2824));
#494=EDGE_LOOP('',(#2825,#2826,#2827,#2828));
#495=EDGE_LOOP('',(#2829,#2830,#2831,#2832));
#496=EDGE_LOOP('',(#2833,#2834,#2835,#2836));
#497=EDGE_LOOP('',(#2837,#2838,#2839,#2840));
#498=EDGE_LOOP('',(#2841,#2842,#2843,#2844));
#499=EDGE_LOOP('',(#2845,#2846,#2847,#2848));
#500=EDGE_LOOP('',(#2849,#2850,#2851,#2852));
#501=EDGE_LOOP('',(#2853,#2854,#2855,#2856,#2857,#2858,#2859,#2860,#2861,
#2862,#2863,#2864,#2865,#2866,#2867,#2868,#2869,#2870,#2871,#2872,#2873,
#2874,#2875,#2876,#2877,#2878,#2879,#2880,#2881,#2882,#2883,#2884,#2885,
#2886,#2887,#2888,#2889,#2890,#2891,#2892,#2893,#2894,#2895,#2896,#2897,
#2898,#2899,#2900,#2901,#2902,#2903,#2904,#2905,#2906,#2907,#2908,#2909,
#2910,#2911,#2912,#2913,#2914,#2915,#2916,#2917,#2918,#2919,#2920,#2921,
#2922));
#502=EDGE_LOOP('',(#2923,#2924,#2925,#2926));
#503=EDGE_LOOP('',(#2927,#2928,#2929,#2930));
#504=EDGE_LOOP('',(#2931,#2932,#2933,#2934));
#505=EDGE_LOOP('',(#2935,#2936,#2937,#2938));
#506=EDGE_LOOP('',(#2939,#2940,#2941,#2942));
#507=EDGE_LOOP('',(#2943,#2944,#2945,#2946));
#508=EDGE_LOOP('',(#2947,#2948,#2949,#2950));
#509=EDGE_LOOP('',(#2951,#2952,#2953,#2954));
#510=EDGE_LOOP('',(#2955,#2956,#2957,#2958));
#511=EDGE_LOOP('',(#2959,#2960,#2961,#2962));
#512=EDGE_LOOP('',(#2963,#2964,#2965,#2966));
#513=EDGE_LOOP('',(#2967,#2968,#2969,#2970));
#514=EDGE_LOOP('',(#2971,#2972,#2973,#2974));
#515=EDGE_LOOP('',(#2975,#2976,#2977,#2978));
#516=EDGE_LOOP('',(#2979,#2980,#2981,#2982));
#517=EDGE_LOOP('',(#2983,#2984,#2985,#2986));
#518=EDGE_LOOP('',(#2987,#2988,#2989,#2990));
#519=EDGE_LOOP('',(#2991,#2992,#2993,#2994));
#520=EDGE_LOOP('',(#2995,#2996,#2997,#2998));
#521=EDGE_LOOP('',(#2999,#3000,#3001,#3002));
#522=EDGE_LOOP('',(#3003,#3004,#3005,#3006));
#523=EDGE_LOOP('',(#3007,#3008,#3009,#3010));
#524=EDGE_LOOP('',(#3011,#3012,#3013,#3014,#3015,#3016,#3017,#3018,#3019,
#3020,#3021,#3022,#3023,#3024,#3025,#3026,#3027,#3028,#3029,#3030,#3031,
#3032,#3033,#3034,#3035,#3036,#3037,#3038,#3039,#3040,#3041,#3042,#3043,
#3044,#3045,#3046,#3047,#3048,#3049,#3050,#3051,#3052,#3053,#3054,#3055,
#3056,#3057,#3058,#3059,#3060,#3061,#3062,#3063,#3064,#3065,#3066,#3067,
#3068,#3069,#3070,#3071,#3072,#3073,#3074,#3075,#3076,#3077,#3078,#3079,
#3080));
#525=LINE('',#4470,#909);
#526=LINE('',#4472,#910);
#527=LINE('',#4474,#911);
#528=LINE('',#4475,#912);
#529=LINE('',#4478,#913);
#530=LINE('',#4480,#914);
#531=LINE('',#4481,#915);
#532=LINE('',#4484,#916);
#533=LINE('',#4486,#917);
#534=LINE('',#4487,#918);
#535=LINE('',#4490,#919);
#536=LINE('',#4492,#920);
#537=LINE('',#4493,#921);
#538=LINE('',#4496,#922);
#539=LINE('',#4498,#923);
#540=LINE('',#4499,#924);
#541=LINE('',#4501,#925);
#542=LINE('',#4502,#926);
#543=LINE('',#4507,#927);
#544=LINE('',#4509,#928);
#545=LINE('',#4511,#929);
#546=LINE('',#4512,#930);
#547=LINE('',#4515,#931);
#548=LINE('',#4517,#932);
#549=LINE('',#4518,#933);
#550=LINE('',#4521,#934);
#551=LINE('',#4523,#935);
#552=LINE('',#4524,#936);
#553=LINE('',#4547,#937);
#554=LINE('',#4570,#938);
#555=LINE('',#4593,#939);
#556=LINE('',#4616,#940);
#557=LINE('',#4639,#941);
#558=LINE('',#4662,#942);
#559=LINE('',#4685,#943);
#560=LINE('',#4688,#944);
#561=LINE('',#4690,#945);
#562=LINE('',#4691,#946);
#563=LINE('',#4714,#947);
#564=LINE('',#4737,#948);
#565=LINE('',#4760,#949);
#566=LINE('',#4783,#950);
#567=LINE('',#4806,#951);
#568=LINE('',#4829,#952);
#569=LINE('',#4852,#953);
#570=LINE('',#4855,#954);
#571=LINE('',#4857,#955);
#572=LINE('',#4858,#956);
#573=LINE('',#4860,#957);
#574=LINE('',#4861,#958);
#575=LINE('',#4866,#959);
#576=LINE('',#4868,#960);
#577=LINE('',#4870,#961);
#578=LINE('',#4871,#962);
#579=LINE('',#4875,#963);
#580=LINE('',#4877,#964);
#581=LINE('',#4879,#965);
#582=LINE('',#4880,#966);
#583=LINE('',#4881,#967);
#584=LINE('',#4884,#968);
#585=LINE('',#4886,#969);
#586=LINE('',#4887,#970);
#587=LINE('',#4890,#971);
#588=LINE('',#4892,#972);
#589=LINE('',#4893,#973);
#590=LINE('',#4895,#974);
#591=LINE('',#4897,#975);
#592=LINE('',#4899,#976);
#593=LINE('',#4900,#977);
#594=LINE('',#4903,#978);
#595=LINE('',#4905,#979);
#596=LINE('',#4906,#980);
#597=LINE('',#4912,#981);
#598=LINE('',#4915,#982);
#599=LINE('',#4918,#983);
#600=LINE('',#4920,#984);
#601=LINE('',#4922,#985);
#602=LINE('',#4924,#986);
#603=LINE('',#4925,#987);
#604=LINE('',#4931,#988);
#605=LINE('',#4934,#989);
#606=LINE('',#4940,#990);
#607=LINE('',#4943,#991);
#608=LINE('',#4949,#992);
#609=LINE('',#4952,#993);
#610=LINE('',#4954,#994);
#611=LINE('',#4955,#995);
#612=LINE('',#4959,#996);
#613=LINE('',#4961,#997);
#614=LINE('',#4963,#998);
#615=LINE('',#4964,#999);
#616=LINE('',#4967,#1000);
#617=LINE('',#4969,#1001);
#618=LINE('',#4970,#1002);
#619=LINE('',#4974,#1003);
#620=LINE('',#4976,#1004);
#621=LINE('',#4977,#1005);
#622=LINE('',#4978,#1006);
#623=LINE('',#4981,#1007);
#624=LINE('',#4982,#1008);
#625=LINE('',#4985,#1009);
#626=LINE('',#4987,#1010);
#627=LINE('',#4989,#1011);
#628=LINE('',#4990,#1012);
#629=LINE('',#4993,#1013);
#630=LINE('',#4994,#1014);
#631=LINE('',#4997,#1015);
#632=LINE('',#4999,#1016);
#633=LINE('',#5001,#1017);
#634=LINE('',#5002,#1018);
#635=LINE('',#5004,#1019);
#636=LINE('',#5005,#1020);
#637=LINE('',#5008,#1021);
#638=LINE('',#5010,#1022);
#639=LINE('',#5011,#1023);
#640=LINE('',#5013,#1024);
#641=LINE('',#5014,#1025);
#642=LINE('',#5018,#1026);
#643=LINE('',#5020,#1027);
#644=LINE('',#5022,#1028);
#645=LINE('',#5023,#1029);
#646=LINE('',#5026,#1030);
#647=LINE('',#5028,#1031);
#648=LINE('',#5030,#1032);
#649=LINE('',#5031,#1033);
#650=LINE('',#5033,#1034);
#651=LINE('',#5034,#1035);
#652=LINE('',#5038,#1036);
#653=LINE('',#5040,#1037);
#654=LINE('',#5042,#1038);
#655=LINE('',#5043,#1039);
#656=LINE('',#5045,#1040);
#657=LINE('',#5046,#1041);
#658=LINE('',#5048,#1042);
#659=LINE('',#5052,#1043);
#660=LINE('',#5054,#1044);
#661=LINE('',#5056,#1045);
#662=LINE('',#5057,#1046);
#663=LINE('',#5061,#1047);
#664=LINE('',#5062,#1048);
#665=LINE('',#5064,#1049);
#666=LINE('',#5066,#1050);
#667=LINE('',#5067,#1051);
#668=LINE('',#5070,#1052);
#669=LINE('',#5072,#1053);
#670=LINE('',#5073,#1054);
#671=LINE('',#5075,#1055);
#672=LINE('',#5076,#1056);
#673=LINE('',#5079,#1057);
#674=LINE('',#5080,#1058);
#675=LINE('',#5082,#1059);
#676=LINE('',#5085,#1060);
#677=LINE('',#5087,#1061);
#678=LINE('',#5088,#1062);
#679=LINE('',#5091,#1063);
#680=LINE('',#5092,#1064);
#681=LINE('',#5093,#1065);
#682=LINE('',#5096,#1066);
#683=LINE('',#5097,#1067);
#684=LINE('',#5099,#1068);
#685=LINE('',#5102,#1069);
#686=LINE('',#5104,#1070);
#687=LINE('',#5106,#1071);
#688=LINE('',#5108,#1072);
#689=LINE('',#5110,#1073);
#690=LINE('',#5112,#1074);
#691=LINE('',#5114,#1075);
#692=LINE('',#5116,#1076);
#693=LINE('',#5118,#1077);
#694=LINE('',#5120,#1078);
#695=LINE('',#5122,#1079);
#696=LINE('',#5124,#1080);
#697=LINE('',#5125,#1081);
#698=LINE('',#5131,#1082);
#699=LINE('',#5134,#1083);
#700=LINE('',#5137,#1084);
#701=LINE('',#5139,#1085);
#702=LINE('',#5141,#1086);
#703=LINE('',#5143,#1087);
#704=LINE('',#5144,#1088);
#705=LINE('',#5147,#1089);
#706=LINE('',#5151,#1090);
#707=LINE('',#5153,#1091);
#708=LINE('',#5155,#1092);
#709=LINE('',#5156,#1093);
#710=LINE('',#5157,#1094);
#711=LINE('',#5159,#1095);
#712=LINE('',#5161,#1096);
#713=LINE('',#5165,#1097);
#714=LINE('',#5169,#1098);
#715=LINE('',#5172,#1099);
#716=LINE('',#5174,#1100);
#717=LINE('',#5179,#1101);
#718=LINE('',#5180,#1102);
#719=LINE('',#5182,#1103);
#720=LINE('',#5187,#1104);
#721=LINE('',#5188,#1105);
#722=LINE('',#5190,#1106);
#723=LINE('',#5192,#1107);
#724=LINE('',#5197,#1108);
#725=LINE('',#5199,#1109);
#726=LINE('',#5201,#1110);
#727=LINE('',#5202,#1111);
#728=LINE('',#5204,#1112);
#729=LINE('',#5205,#1113);
#730=LINE('',#5208,#1114);
#731=LINE('',#5209,#1115);
#732=LINE('',#5210,#1116);
#733=LINE('',#5213,#1117);
#734=LINE('',#5214,#1118);
#735=LINE('',#5217,#1119);
#736=LINE('',#5219,#1120);
#737=LINE('',#5220,#1121);
#738=LINE('',#5223,#1122);
#739=LINE('',#5224,#1123);
#740=LINE('',#5226,#1124);
#741=LINE('',#5227,#1125);
#742=LINE('',#5229,#1126);
#743=LINE('',#5231,#1127);
#744=LINE('',#5234,#1128);
#745=LINE('',#5236,#1129);
#746=LINE('',#5237,#1130);
#747=LINE('',#5240,#1131);
#748=LINE('',#5243,#1132);
#749=LINE('',#5245,#1133);
#750=LINE('',#5247,#1134);
#751=LINE('',#5249,#1135);
#752=LINE('',#5250,#1136);
#753=LINE('',#5252,#1137);
#754=LINE('',#5253,#1138);
#755=LINE('',#5255,#1139);
#756=LINE('',#5256,#1140);
#757=LINE('',#5259,#1141);
#758=LINE('',#5260,#1142);
#759=LINE('',#5268,#1143);
#760=LINE('',#5270,#1144);
#761=LINE('',#5272,#1145);
#762=LINE('',#5273,#1146);
#763=LINE('',#5277,#1147);
#764=LINE('',#5279,#1148);
#765=LINE('',#5281,#1149);
#766=LINE('',#5282,#1150);
#767=LINE('',#5288,#1151);
#768=LINE('',#5291,#1152);
#769=LINE('',#5294,#1153);
#770=LINE('',#5296,#1154);
#771=LINE('',#5297,#1155);
#772=LINE('',#5302,#1156);
#773=LINE('',#5306,#1157);
#774=LINE('',#5308,#1158);
#775=LINE('',#5309,#1159);
#776=LINE('',#5314,#1160);
#777=LINE('',#5318,#1161);
#778=LINE('',#5320,#1162);
#779=LINE('',#5321,#1163);
#780=LINE('',#5327,#1164);
#781=LINE('',#5330,#1165);
#782=LINE('',#5332,#1166);
#783=LINE('',#5333,#1167);
#784=LINE('',#5338,#1168);
#785=LINE('',#5342,#1169);
#786=LINE('',#5344,#1170);
#787=LINE('',#5345,#1171);
#788=LINE('',#5351,#1172);
#789=LINE('',#5354,#1173);
#790=LINE('',#5357,#1174);
#791=LINE('',#5359,#1175);
#792=LINE('',#5360,#1176);
#793=LINE('',#5369,#1177);
#794=LINE('',#5372,#1178);
#795=LINE('',#5374,#1179);
#796=LINE('',#5375,#1180);
#797=LINE('',#5381,#1181);
#798=LINE('',#5384,#1182);
#799=LINE('',#5386,#1183);
#800=LINE('',#5387,#1184);
#801=LINE('',#5393,#1185);
#802=LINE('',#5396,#1186);
#803=LINE('',#5399,#1187);
#804=LINE('',#5401,#1188);
#805=LINE('',#5402,#1189);
#806=LINE('',#5407,#1190);
#807=LINE('',#5411,#1191);
#808=LINE('',#5413,#1192);
#809=LINE('',#5414,#1193);
#810=LINE('',#5416,#1194);
#811=LINE('',#5417,#1195);
#812=LINE('',#5419,#1196);
#813=LINE('',#5420,#1197);
#814=LINE('',#5422,#1198);
#815=LINE('',#5423,#1199);
#816=LINE('',#5429,#1200);
#817=LINE('',#5432,#1201);
#818=LINE('',#5435,#1202);
#819=LINE('',#5437,#1203);
#820=LINE('',#5438,#1204);
#821=LINE('',#5443,#1205);
#822=LINE('',#5446,#1206);
#823=LINE('',#5447,#1207);
#824=LINE('',#5453,#1208);
#825=LINE('',#5456,#1209);
#826=LINE('',#5462,#1210);
#827=LINE('',#5465,#1211);
#828=LINE('',#5467,#1212);
#829=LINE('',#5468,#1213);
#830=LINE('',#5470,#1214);
#831=LINE('',#5471,#1215);
#832=LINE('',#5477,#1216);
#833=LINE('',#5480,#1217);
#834=LINE('',#5483,#1218);
#835=LINE('',#5485,#1219);
#836=LINE('',#5486,#1220);
#837=LINE('',#5491,#1221);
#838=LINE('',#5495,#1222);
#839=LINE('',#5497,#1223);
#840=LINE('',#5498,#1224);
#841=LINE('',#5504,#1225);
#842=LINE('',#5507,#1226);
#843=LINE('',#5509,#1227);
#844=LINE('',#5510,#1228);
#845=LINE('',#5516,#1229);
#846=LINE('',#5519,#1230);
#847=LINE('',#5522,#1231);
#848=LINE('',#5524,#1232);
#849=LINE('',#5525,#1233);
#850=LINE('',#5527,#1234);
#851=LINE('',#5528,#1235);
#852=LINE('',#5530,#1236);
#853=LINE('',#5531,#1237);
#854=LINE('',#5534,#1238);
#855=LINE('',#5536,#1239);
#856=LINE('',#5537,#1240);
#857=LINE('',#5540,#1241);
#858=LINE('',#5542,#1242);
#859=LINE('',#5543,#1243);
#860=LINE('',#5549,#1244);
#861=LINE('',#5552,#1245);
#862=LINE('',#5555,#1246);
#863=LINE('',#5557,#1247);
#864=LINE('',#5558,#1248);
#865=LINE('',#5561,#1249);
#866=LINE('',#5565,#1250);
#867=LINE('',#5569,#1251);
#868=LINE('',#5571,#1252);
#869=LINE('',#5575,#1253);
#870=LINE('',#5579,#1254);
#871=LINE('',#5581,#1255);
#872=LINE('',#5584,#1256);
#873=LINE('',#5588,#1257);
#874=LINE('',#5592,#1258);
#875=LINE('',#5596,#1259);
#876=LINE('',#5600,#1260);
#877=LINE('',#5605,#1261);
#878=LINE('',#5608,#1262);
#879=LINE('',#5609,#1263);
#880=LINE('',#5613,#1264);
#881=LINE('',#5616,#1265);
#882=LINE('',#5617,#1266);
#883=LINE('',#5622,#1267);
#884=LINE('',#5623,#1268);
#885=LINE('',#5625,#1269);
#886=LINE('',#5629,#1270);
#887=LINE('',#5632,#1271);
#888=LINE('',#5633,#1272);
#889=LINE('',#5638,#1273);
#890=LINE('',#5639,#1274);
#891=LINE('',#5642,#1275);
#892=LINE('',#5643,#1276);
#893=LINE('',#5650,#1277);
#894=LINE('',#5651,#1278);
#895=LINE('',#5653,#1279);
#896=LINE('',#5658,#1280);
#897=LINE('',#5659,#1281);
#898=LINE('',#5661,#1282);
#899=LINE('',#5666,#1283);
#900=LINE('',#5667,#1284);
#901=LINE('',#5670,#1285);
#902=LINE('',#5671,#1286);
#903=LINE('',#5675,#1287);
#904=LINE('',#5678,#1288);
#905=LINE('',#5679,#1289);
#906=LINE('',#5681,#1290);
#907=LINE('',#5683,#1291);
#908=LINE('',#5685,#1292);
#909=VECTOR('',#3620,10.);
#910=VECTOR('',#3621,10.);
#911=VECTOR('',#3622,10.);
#912=VECTOR('',#3623,10.);
#913=VECTOR('',#3626,10.);
#914=VECTOR('',#3627,10.);
#915=VECTOR('',#3628,10.);
#916=VECTOR('',#3631,10.);
#917=VECTOR('',#3632,10.);
#918=VECTOR('',#3633,10.);
#919=VECTOR('',#3636,10.);
#920=VECTOR('',#3637,10.);
#921=VECTOR('',#3638,10.);
#922=VECTOR('',#3641,10.);
#923=VECTOR('',#3642,10.);
#924=VECTOR('',#3643,10.);
#925=VECTOR('',#3646,10.);
#926=VECTOR('',#3647,10.);
#927=VECTOR('',#3652,10.);
#928=VECTOR('',#3653,10.);
#929=VECTOR('',#3654,10.);
#930=VECTOR('',#3655,10.);
#931=VECTOR('',#3658,10.);
#932=VECTOR('',#3659,10.);
#933=VECTOR('',#3660,10.);
#934=VECTOR('',#3663,10.);
#935=VECTOR('',#3664,10.);
#936=VECTOR('',#3665,10.);
#937=VECTOR('',#3666,10.);
#938=VECTOR('',#3667,10.);
#939=VECTOR('',#3668,10.);
#940=VECTOR('',#3669,10.);
#941=VECTOR('',#3670,10.);
#942=VECTOR('',#3671,10.);
#943=VECTOR('',#3672,10.);
#944=VECTOR('',#3675,10.);
#945=VECTOR('',#3676,10.);
#946=VECTOR('',#3677,10.);
#947=VECTOR('',#3678,10.);
#948=VECTOR('',#3679,10.);
#949=VECTOR('',#3680,10.);
#950=VECTOR('',#3681,10.);
#951=VECTOR('',#3682,10.);
#952=VECTOR('',#3683,10.);
#953=VECTOR('',#3684,10.);
#954=VECTOR('',#3687,10.);
#955=VECTOR('',#3688,10.);
#956=VECTOR('',#3689,10.);
#957=VECTOR('',#3692,10.);
#958=VECTOR('',#3693,10.);
#959=VECTOR('',#3698,10.);
#960=VECTOR('',#3699,10.);
#961=VECTOR('',#3700,10.);
#962=VECTOR('',#3701,10.);
#963=VECTOR('',#3704,10.);
#964=VECTOR('',#3705,10.);
#965=VECTOR('',#3706,10.);
#966=VECTOR('',#3707,10.);
#967=VECTOR('',#3708,10.);
#968=VECTOR('',#3711,10.);
#969=VECTOR('',#3712,10.);
#970=VECTOR('',#3713,10.);
#971=VECTOR('',#3716,10.);
#972=VECTOR('',#3717,10.);
#973=VECTOR('',#3718,10.);
#974=VECTOR('',#3721,10.);
#975=VECTOR('',#3722,10.);
#976=VECTOR('',#3723,10.);
#977=VECTOR('',#3724,10.);
#978=VECTOR('',#3727,10.);
#979=VECTOR('',#3728,10.);
#980=VECTOR('',#3729,10.);
#981=VECTOR('',#3734,10.);
#982=VECTOR('',#3737,10.);
#983=VECTOR('',#3740,10.);
#984=VECTOR('',#3741,10.);
#985=VECTOR('',#3742,10.);
#986=VECTOR('',#3743,10.);
#987=VECTOR('',#3744,10.);
#988=VECTOR('',#3749,10.);
#989=VECTOR('',#3752,10.);
#990=VECTOR('',#3757,10.);
#991=VECTOR('',#3760,10.);
#992=VECTOR('',#3765,10.);
#993=VECTOR('',#3768,10.);
#994=VECTOR('',#3771,10.);
#995=VECTOR('',#3772,10.);
#996=VECTOR('',#3775,10.);
#997=VECTOR('',#3776,10.);
#998=VECTOR('',#3777,10.);
#999=VECTOR('',#3778,10.);
#1000=VECTOR('',#3781,10.);
#1001=VECTOR('',#3782,10.);
#1002=VECTOR('',#3783,10.);
#1003=VECTOR('',#3786,10.);
#1004=VECTOR('',#3787,10.);
#1005=VECTOR('',#3788,10.);
#1006=VECTOR('',#3789,10.);
#1007=VECTOR('',#3792,10.);
#1008=VECTOR('',#3793,10.);
#1009=VECTOR('',#3796,10.);
#1010=VECTOR('',#3797,10.);
#1011=VECTOR('',#3798,10.);
#1012=VECTOR('',#3799,10.);
#1013=VECTOR('',#3802,10.);
#1014=VECTOR('',#3803,10.);
#1015=VECTOR('',#3806,10.);
#1016=VECTOR('',#3807,10.);
#1017=VECTOR('',#3808,10.);
#1018=VECTOR('',#3809,10.);
#1019=VECTOR('',#3812,10.);
#1020=VECTOR('',#3813,10.);
#1021=VECTOR('',#3816,10.);
#1022=VECTOR('',#3817,10.);
#1023=VECTOR('',#3818,10.);
#1024=VECTOR('',#3821,10.);
#1025=VECTOR('',#3822,10.);
#1026=VECTOR('',#3825,10.);
#1027=VECTOR('',#3826,10.);
#1028=VECTOR('',#3827,10.);
#1029=VECTOR('',#3828,10.);
#1030=VECTOR('',#3831,10.);
#1031=VECTOR('',#3832,10.);
#1032=VECTOR('',#3833,10.);
#1033=VECTOR('',#3834,10.);
#1034=VECTOR('',#3837,10.);
#1035=VECTOR('',#3838,10.);
#1036=VECTOR('',#3841,10.);
#1037=VECTOR('',#3842,10.);
#1038=VECTOR('',#3843,10.);
#1039=VECTOR('',#3844,10.);
#1040=VECTOR('',#3847,10.);
#1041=VECTOR('',#3848,10.);
#1042=VECTOR('',#3851,10.);
#1043=VECTOR('',#3854,10.);
#1044=VECTOR('',#3855,10.);
#1045=VECTOR('',#3856,10.);
#1046=VECTOR('',#3857,10.);
#1047=VECTOR('',#3860,10.);
#1048=VECTOR('',#3861,10.);
#1049=VECTOR('',#3862,10.);
#1050=VECTOR('',#3863,10.);
#1051=VECTOR('',#3864,10.);
#1052=VECTOR('',#3867,10.);
#1053=VECTOR('',#3868,10.);
#1054=VECTOR('',#3869,10.);
#1055=VECTOR('',#3870,10.);
#1056=VECTOR('',#3871,10.);
#1057=VECTOR('',#3874,10.);
#1058=VECTOR('',#3875,10.);
#1059=VECTOR('',#3878,10.);
#1060=VECTOR('',#3881,10.);
#1061=VECTOR('',#3882,10.);
#1062=VECTOR('',#3883,10.);
#1063=VECTOR('',#3886,10.);
#1064=VECTOR('',#3887,10.);
#1065=VECTOR('',#3888,10.);
#1066=VECTOR('',#3891,10.);
#1067=VECTOR('',#3892,10.);
#1068=VECTOR('',#3895,10.);
#1069=VECTOR('',#3898,10.);
#1070=VECTOR('',#3899,10.);
#1071=VECTOR('',#3900,10.);
#1072=VECTOR('',#3901,10.);
#1073=VECTOR('',#3902,10.);
#1074=VECTOR('',#3903,10.);
#1075=VECTOR('',#3904,10.);
#1076=VECTOR('',#3905,10.);
#1077=VECTOR('',#3906,10.);
#1078=VECTOR('',#3907,10.);
#1079=VECTOR('',#3908,10.);
#1080=VECTOR('',#3909,10.);
#1081=VECTOR('',#3910,10.);
#1082=VECTOR('',#3915,10.);
#1083=VECTOR('',#3918,10.);
#1084=VECTOR('',#3921,10.);
#1085=VECTOR('',#3922,10.);
#1086=VECTOR('',#3923,10.);
#1087=VECTOR('',#3924,10.);
#1088=VECTOR('',#3925,10.);
#1089=VECTOR('',#3928,10.);
#1090=VECTOR('',#3931,10.);
#1091=VECTOR('',#3932,10.);
#1092=VECTOR('',#3933,10.);
#1093=VECTOR('',#3934,10.);
#1094=VECTOR('',#3935,10.);
#1095=VECTOR('',#3936,10.);
#1096=VECTOR('',#3937,10.);
#1097=VECTOR('',#3940,10.);
#1098=VECTOR('',#3945,10.);
#1099=VECTOR('',#3948,10.);
#1100=VECTOR('',#3951,10.);
#1101=VECTOR('',#3956,10.);
#1102=VECTOR('',#3957,10.);
#1103=VECTOR('',#3960,10.);
#1104=VECTOR('',#3965,10.);
#1105=VECTOR('',#3966,10.);
#1106=VECTOR('',#3969,10.);
#1107=VECTOR('',#3972,10.);
#1108=VECTOR('',#3977,10.);
#1109=VECTOR('',#3978,10.);
#1110=VECTOR('',#3979,10.);
#1111=VECTOR('',#3980,10.);
#1112=VECTOR('',#3983,10.);
#1113=VECTOR('',#3984,10.);
#1114=VECTOR('',#3987,10.);
#1115=VECTOR('',#3988,10.);
#1116=VECTOR('',#3989,10.);
#1117=VECTOR('',#3992,10.);
#1118=VECTOR('',#3993,10.);
#1119=VECTOR('',#3996,10.);
#1120=VECTOR('',#3997,10.);
#1121=VECTOR('',#3998,10.);
#1122=VECTOR('',#4001,10.);
#1123=VECTOR('',#4002,10.);
#1124=VECTOR('',#4005,10.);
#1125=VECTOR('',#4006,10.);
#1126=VECTOR('',#4009,10.);
#1127=VECTOR('',#4012,10.);
#1128=VECTOR('',#4015,10.);
#1129=VECTOR('',#4016,10.);
#1130=VECTOR('',#4017,10.);
#1131=VECTOR('',#4022,10.);
#1132=VECTOR('',#4025,10.);
#1133=VECTOR('',#4026,10.);
#1134=VECTOR('',#4027,10.);
#1135=VECTOR('',#4028,10.);
#1136=VECTOR('',#4029,10.);
#1137=VECTOR('',#4032,10.);
#1138=VECTOR('',#4033,10.);
#1139=VECTOR('',#4036,10.);
#1140=VECTOR('',#4037,10.);
#1141=VECTOR('',#4042,10.);
#1142=VECTOR('',#4043,10.);
#1143=VECTOR('',#4054,10.);
#1144=VECTOR('',#4055,10.);
#1145=VECTOR('',#4056,10.);
#1146=VECTOR('',#4057,10.);
#1147=VECTOR('',#4060,10.);
#1148=VECTOR('',#4061,10.);
#1149=VECTOR('',#4062,10.);
#1150=VECTOR('',#4063,10.);
#1151=VECTOR('',#4068,10.);
#1152=VECTOR('',#4071,10.);
#1153=VECTOR('',#4074,10.);
#1154=VECTOR('',#4075,10.);
#1155=VECTOR('',#4076,10.);
#1156=VECTOR('',#4081,10.);
#1157=VECTOR('',#4086,10.);
#1158=VECTOR('',#4087,10.);
#1159=VECTOR('',#4088,10.);
#1160=VECTOR('',#4093,10.);
#1161=VECTOR('',#4098,10.);
#1162=VECTOR('',#4099,10.);
#1163=VECTOR('',#4100,10.);
#1164=VECTOR('',#4105,10.);
#1165=VECTOR('',#4108,10.);
#1166=VECTOR('',#4111,10.);
#1167=VECTOR('',#4112,10.);
#1168=VECTOR('',#4117,10.);
#1169=VECTOR('',#4122,10.);
#1170=VECTOR('',#4123,10.);
#1171=VECTOR('',#4124,10.);
#1172=VECTOR('',#4129,10.);
#1173=VECTOR('',#4132,10.);
#1174=VECTOR('',#4135,10.);
#1175=VECTOR('',#4136,10.);
#1176=VECTOR('',#4137,10.);
#1177=VECTOR('',#4148,10.);
#1178=VECTOR('',#4151,10.);
#1179=VECTOR('',#4154,10.);
#1180=VECTOR('',#4155,10.);
#1181=VECTOR('',#4160,10.);
#1182=VECTOR('',#4163,10.);
#1183=VECTOR('',#4166,10.);
#1184=VECTOR('',#4167,10.);
#1185=VECTOR('',#4172,10.);
#1186=VECTOR('',#4175,10.);
#1187=VECTOR('',#4178,10.);
#1188=VECTOR('',#4179,10.);
#1189=VECTOR('',#4180,10.);
#1190=VECTOR('',#4185,10.);
#1191=VECTOR('',#4190,10.);
#1192=VECTOR('',#4191,10.);
#1193=VECTOR('',#4192,10.);
#1194=VECTOR('',#4195,10.);
#1195=VECTOR('',#4196,10.);
#1196=VECTOR('',#4199,10.);
#1197=VECTOR('',#4200,10.);
#1198=VECTOR('',#4203,10.);
#1199=VECTOR('',#4204,10.);
#1200=VECTOR('',#4209,10.);
#1201=VECTOR('',#4212,10.);
#1202=VECTOR('',#4215,10.);
#1203=VECTOR('',#4216,10.);
#1204=VECTOR('',#4217,10.);
#1205=VECTOR('',#4222,10.);
#1206=VECTOR('',#4227,10.);
#1207=VECTOR('',#4228,10.);
#1208=VECTOR('',#4233,10.);
#1209=VECTOR('',#4236,10.);
#1210=VECTOR('',#4241,10.);
#1211=VECTOR('',#4244,10.);
#1212=VECTOR('',#4247,10.);
#1213=VECTOR('',#4248,10.);
#1214=VECTOR('',#4251,10.);
#1215=VECTOR('',#4252,10.);
#1216=VECTOR('',#4257,10.);
#1217=VECTOR('',#4260,10.);
#1218=VECTOR('',#4263,10.);
#1219=VECTOR('',#4264,10.);
#1220=VECTOR('',#4265,10.);
#1221=VECTOR('',#4270,10.);
#1222=VECTOR('',#4275,10.);
#1223=VECTOR('',#4276,10.);
#1224=VECTOR('',#4277,10.);
#1225=VECTOR('',#4282,10.);
#1226=VECTOR('',#4285,10.);
#1227=VECTOR('',#4288,10.);
#1228=VECTOR('',#4289,10.);
#1229=VECTOR('',#4294,10.);
#1230=VECTOR('',#4297,10.);
#1231=VECTOR('',#4300,10.);
#1232=VECTOR('',#4301,10.);
#1233=VECTOR('',#4302,10.);
#1234=VECTOR('',#4305,10.);
#1235=VECTOR('',#4306,10.);
#1236=VECTOR('',#4309,10.);
#1237=VECTOR('',#4310,10.);
#1238=VECTOR('',#4313,10.);
#1239=VECTOR('',#4314,10.);
#1240=VECTOR('',#4315,10.);
#1241=VECTOR('',#4318,10.);
#1242=VECTOR('',#4319,10.);
#1243=VECTOR('',#4320,10.);
#1244=VECTOR('',#4325,10.);
#1245=VECTOR('',#4328,10.);
#1246=VECTOR('',#4331,10.);
#1247=VECTOR('',#4332,10.);
#1248=VECTOR('',#4333,10.);
#1249=VECTOR('',#4336,10.);
#1250=VECTOR('',#4339,10.);
#1251=VECTOR('',#4342,10.);
#1252=VECTOR('',#4343,10.);
#1253=VECTOR('',#4346,10.);
#1254=VECTOR('',#4349,10.);
#1255=VECTOR('',#4350,10.);
#1256=VECTOR('',#4353,10.);
#1257=VECTOR('',#4356,10.);
#1258=VECTOR('',#4359,10.);
#1259=VECTOR('',#4362,10.);
#1260=VECTOR('',#4365,10.);
#1261=VECTOR('',#4372,10.);
#1262=VECTOR('',#4375,10.);
#1263=VECTOR('',#4376,10.);
#1264=VECTOR('',#4381,10.);
#1265=VECTOR('',#4384,10.);
#1266=VECTOR('',#4385,10.);
#1267=VECTOR('',#4390,10.);
#1268=VECTOR('',#4391,10.);
#1269=VECTOR('',#4394,10.);
#1270=VECTOR('',#4399,10.);
#1271=VECTOR('',#4402,10.);
#1272=VECTOR('',#4403,10.);
#1273=VECTOR('',#4408,10.);
#1274=VECTOR('',#4409,10.);
#1275=VECTOR('',#4412,10.);
#1276=VECTOR('',#4413,10.);
#1277=VECTOR('',#4422,10.);
#1278=VECTOR('',#4423,10.);
#1279=VECTOR('',#4426,10.);
#1280=VECTOR('',#4431,10.);
#1281=VECTOR('',#4432,10.);
#1282=VECTOR('',#4435,10.);
#1283=VECTOR('',#4440,10.);
#1284=VECTOR('',#4441,10.);
#1285=VECTOR('',#4444,10.);
#1286=VECTOR('',#4445,10.);
#1287=VECTOR('',#4450,10.);
#1288=VECTOR('',#4453,10.);
#1289=VECTOR('',#4454,10.);
#1290=VECTOR('',#4457,10.);
#1291=VECTOR('',#4460,10.);
#1292=VECTOR('',#4463,10.);
#1293=VERTEX_POINT('',#4468);
#1294=VERTEX_POINT('',#4469);
#1295=VERTEX_POINT('',#4471);
#1296=VERTEX_POINT('',#4473);
#1297=VERTEX_POINT('',#4477);
#1298=VERTEX_POINT('',#4479);
#1299=VERTEX_POINT('',#4483);
#1300=VERTEX_POINT('',#4485);
#1301=VERTEX_POINT('',#4489);
#1302=VERTEX_POINT('',#4491);
#1303=VERTEX_POINT('',#4495);
#1304=VERTEX_POINT('',#4497);
#1305=VERTEX_POINT('',#4505);
#1306=VERTEX_POINT('',#4506);
#1307=VERTEX_POINT('',#4508);
#1308=VERTEX_POINT('',#4510);
#1309=VERTEX_POINT('',#4514);
#1310=VERTEX_POINT('',#4516);
#1311=VERTEX_POINT('',#4520);
#1312=VERTEX_POINT('',#4522);
#1313=VERTEX_POINT('',#4535);
#1314=VERTEX_POINT('',#4541);
#1315=VERTEX_POINT('',#4558);
#1316=VERTEX_POINT('',#4564);
#1317=VERTEX_POINT('',#4581);
#1318=VERTEX_POINT('',#4587);
#1319=VERTEX_POINT('',#4604);
#1320=VERTEX_POINT('',#4610);
#1321=VERTEX_POINT('',#4627);
#1322=VERTEX_POINT('',#4633);
#1323=VERTEX_POINT('',#4650);
#1324=VERTEX_POINT('',#4656);
#1325=VERTEX_POINT('',#4673);
#1326=VERTEX_POINT('',#4679);
#1327=VERTEX_POINT('',#4687);
#1328=VERTEX_POINT('',#4689);
#1329=VERTEX_POINT('',#4702);
#1330=VERTEX_POINT('',#4708);
#1331=VERTEX_POINT('',#4725);
#1332=VERTEX_POINT('',#4731);
#1333=VERTEX_POINT('',#4748);
#1334=VERTEX_POINT('',#4754);
#1335=VERTEX_POINT('',#4771);
#1336=VERTEX_POINT('',#4777);
#1337=VERTEX_POINT('',#4794);
#1338=VERTEX_POINT('',#4800);
#1339=VERTEX_POINT('',#4817);
#1340=VERTEX_POINT('',#4823);
#1341=VERTEX_POINT('',#4840);
#1342=VERTEX_POINT('',#4846);
#1343=VERTEX_POINT('',#4854);
#1344=VERTEX_POINT('',#4856);
#1345=VERTEX_POINT('',#4864);
#1346=VERTEX_POINT('',#4865);
#1347=VERTEX_POINT('',#4867);
#1348=VERTEX_POINT('',#4869);
#1349=VERTEX_POINT('',#4873);
#1350=VERTEX_POINT('',#4874);
#1351=VERTEX_POINT('',#4876);
#1352=VERTEX_POINT('',#4878);
#1353=VERTEX_POINT('',#4883);
#1354=VERTEX_POINT('',#4885);
#1355=VERTEX_POINT('',#4889);
#1356=VERTEX_POINT('',#4891);
#1357=VERTEX_POINT('',#4896);
#1358=VERTEX_POINT('',#4898);
#1359=VERTEX_POINT('',#4902);
#1360=VERTEX_POINT('',#4904);
#1361=VERTEX_POINT('',#4908);
#1362=VERTEX_POINT('',#4909);
#1363=VERTEX_POINT('',#4911);
#1364=VERTEX_POINT('',#4913);
#1365=VERTEX_POINT('',#4917);
#1366=VERTEX_POINT('',#4919);
#1367=VERTEX_POINT('',#4921);
#1368=VERTEX_POINT('',#4923);
#1369=VERTEX_POINT('',#4927);
#1370=VERTEX_POINT('',#4928);
#1371=VERTEX_POINT('',#4930);
#1372=VERTEX_POINT('',#4932);
#1373=VERTEX_POINT('',#4936);
#1374=VERTEX_POINT('',#4937);
#1375=VERTEX_POINT('',#4939);
#1376=VERTEX_POINT('',#4941);
#1377=VERTEX_POINT('',#4945);
#1378=VERTEX_POINT('',#4946);
#1379=VERTEX_POINT('',#4948);
#1380=VERTEX_POINT('',#4950);
#1381=VERTEX_POINT('',#4957);
#1382=VERTEX_POINT('',#4958);
#1383=VERTEX_POINT('',#4960);
#1384=VERTEX_POINT('',#4962);
#1385=VERTEX_POINT('',#4966);
#1386=VERTEX_POINT('',#4968);
#1387=VERTEX_POINT('',#4972);
#1388=VERTEX_POINT('',#4973);
#1389=VERTEX_POINT('',#4975);
#1390=VERTEX_POINT('',#4980);
#1391=VERTEX_POINT('',#4984);
#1392=VERTEX_POINT('',#4986);
#1393=VERTEX_POINT('',#4988);
#1394=VERTEX_POINT('',#4992);
#1395=VERTEX_POINT('',#4996);
#1396=VERTEX_POINT('',#4998);
#1397=VERTEX_POINT('',#5000);
#1398=VERTEX_POINT('',#5007);
#1399=VERTEX_POINT('',#5009);
#1400=VERTEX_POINT('',#5016);
#1401=VERTEX_POINT('',#5017);
#1402=VERTEX_POINT('',#5019);
#1403=VERTEX_POINT('',#5021);
#1404=VERTEX_POINT('',#5025);
#1405=VERTEX_POINT('',#5027);
#1406=VERTEX_POINT('',#5029);
#1407=VERTEX_POINT('',#5036);
#1408=VERTEX_POINT('',#5037);
#1409=VERTEX_POINT('',#5039);
#1410=VERTEX_POINT('',#5041);
#1411=VERTEX_POINT('',#5050);
#1412=VERTEX_POINT('',#5051);
#1413=VERTEX_POINT('',#5053);
#1414=VERTEX_POINT('',#5055);
#1415=VERTEX_POINT('',#5059);
#1416=VERTEX_POINT('',#5060);
#1417=VERTEX_POINT('',#5063);
#1418=VERTEX_POINT('',#5065);
#1419=VERTEX_POINT('',#5069);
#1420=VERTEX_POINT('',#5071);
#1421=VERTEX_POINT('',#5074);
#1422=VERTEX_POINT('',#5078);
#1423=VERTEX_POINT('',#5084);
#1424=VERTEX_POINT('',#5086);
#1425=VERTEX_POINT('',#5090);
#1426=VERTEX_POINT('',#5095);
#1427=VERTEX_POINT('',#5101);
#1428=VERTEX_POINT('',#5103);
#1429=VERTEX_POINT('',#5105);
#1430=VERTEX_POINT('',#5107);
#1431=VERTEX_POINT('',#5109);
#1432=VERTEX_POINT('',#5111);
#1433=VERTEX_POINT('',#5113);
#1434=VERTEX_POINT('',#5115);
#1435=VERTEX_POINT('',#5117);
#1436=VERTEX_POINT('',#5119);
#1437=VERTEX_POINT('',#5121);
#1438=VERTEX_POINT('',#5123);
#1439=VERTEX_POINT('',#5127);
#1440=VERTEX_POINT('',#5128);
#1441=VERTEX_POINT('',#5130);
#1442=VERTEX_POINT('',#5132);
#1443=VERTEX_POINT('',#5136);
#1444=VERTEX_POINT('',#5138);
#1445=VERTEX_POINT('',#5140);
#1446=VERTEX_POINT('',#5142);
#1447=VERTEX_POINT('',#5146);
#1448=VERTEX_POINT('',#5148);
#1449=VERTEX_POINT('',#5150);
#1450=VERTEX_POINT('',#5152);
#1451=VERTEX_POINT('',#5154);
#1452=VERTEX_POINT('',#5158);
#1453=VERTEX_POINT('',#5160);
#1454=VERTEX_POINT('',#5162);
#1455=VERTEX_POINT('',#5164);
#1456=VERTEX_POINT('',#5168);
#1457=VERTEX_POINT('',#5170);
#1458=VERTEX_POINT('',#5176);
#1459=VERTEX_POINT('',#5177);
#1460=VERTEX_POINT('',#5184);
#1461=VERTEX_POINT('',#5185);
#1462=VERTEX_POINT('',#5195);
#1463=VERTEX_POINT('',#5196);
#1464=VERTEX_POINT('',#5198);
#1465=VERTEX_POINT('',#5200);
#1466=VERTEX_POINT('',#5207);
#1467=VERTEX_POINT('',#5212);
#1468=VERTEX_POINT('',#5216);
#1469=VERTEX_POINT('',#5218);
#1470=VERTEX_POINT('',#5222);
#1471=VERTEX_POINT('',#5233);
#1472=VERTEX_POINT('',#5235);
#1473=VERTEX_POINT('',#5242);
#1474=VERTEX_POINT('',#5244);
#1475=VERTEX_POINT('',#5246);
#1476=VERTEX_POINT('',#5248);
#1477=VERTEX_POINT('',#5266);
#1478=VERTEX_POINT('',#5267);
#1479=VERTEX_POINT('',#5269);
#1480=VERTEX_POINT('',#5271);
#1481=VERTEX_POINT('',#5275);
#1482=VERTEX_POINT('',#5276);
#1483=VERTEX_POINT('',#5278);
#1484=VERTEX_POINT('',#5280);
#1485=VERTEX_POINT('',#5284);
#1486=VERTEX_POINT('',#5285);
#1487=VERTEX_POINT('',#5287);
#1488=VERTEX_POINT('',#5289);
#1489=VERTEX_POINT('',#5293);
#1490=VERTEX_POINT('',#5295);
#1491=VERTEX_POINT('',#5299);
#1492=VERTEX_POINT('',#5301);
#1493=VERTEX_POINT('',#5305);
#1494=VERTEX_POINT('',#5307);
#1495=VERTEX_POINT('',#5311);
#1496=VERTEX_POINT('',#5313);
#1497=VERTEX_POINT('',#5317);
#1498=VERTEX_POINT('',#5319);
#1499=VERTEX_POINT('',#5323);
#1500=VERTEX_POINT('',#5324);
#1501=VERTEX_POINT('',#5326);
#1502=VERTEX_POINT('',#5328);
#1503=VERTEX_POINT('',#5335);
#1504=VERTEX_POINT('',#5337);
#1505=VERTEX_POINT('',#5341);
#1506=VERTEX_POINT('',#5343);
#1507=VERTEX_POINT('',#5347);
#1508=VERTEX_POINT('',#5348);
#1509=VERTEX_POINT('',#5350);
#1510=VERTEX_POINT('',#5352);
#1511=VERTEX_POINT('',#5356);
#1512=VERTEX_POINT('',#5358);
#1513=VERTEX_POINT('',#5365);
#1514=VERTEX_POINT('',#5366);
#1515=VERTEX_POINT('',#5368);
#1516=VERTEX_POINT('',#5370);
#1517=VERTEX_POINT('',#5377);
#1518=VERTEX_POINT('',#5378);
#1519=VERTEX_POINT('',#5380);
#1520=VERTEX_POINT('',#5382);
#1521=VERTEX_POINT('',#5389);
#1522=VERTEX_POINT('',#5390);
#1523=VERTEX_POINT('',#5392);
#1524=VERTEX_POINT('',#5394);
#1525=VERTEX_POINT('',#5398);
#1526=VERTEX_POINT('',#5400);
#1527=VERTEX_POINT('',#5404);
#1528=VERTEX_POINT('',#5406);
#1529=VERTEX_POINT('',#5410);
#1530=VERTEX_POINT('',#5412);
#1531=VERTEX_POINT('',#5425);
#1532=VERTEX_POINT('',#5426);
#1533=VERTEX_POINT('',#5428);
#1534=VERTEX_POINT('',#5430);
#1535=VERTEX_POINT('',#5434);
#1536=VERTEX_POINT('',#5436);
#1537=VERTEX_POINT('',#5440);
#1538=VERTEX_POINT('',#5442);
#1539=VERTEX_POINT('',#5449);
#1540=VERTEX_POINT('',#5450);
#1541=VERTEX_POINT('',#5452);
#1542=VERTEX_POINT('',#5454);
#1543=VERTEX_POINT('',#5458);
#1544=VERTEX_POINT('',#5459);
#1545=VERTEX_POINT('',#5461);
#1546=VERTEX_POINT('',#5463);
#1547=VERTEX_POINT('',#5473);
#1548=VERTEX_POINT('',#5474);
#1549=VERTEX_POINT('',#5476);
#1550=VERTEX_POINT('',#5478);
#1551=VERTEX_POINT('',#5482);
#1552=VERTEX_POINT('',#5484);
#1553=VERTEX_POINT('',#5488);
#1554=VERTEX_POINT('',#5490);
#1555=VERTEX_POINT('',#5494);
#1556=VERTEX_POINT('',#5496);
#1557=VERTEX_POINT('',#5500);
#1558=VERTEX_POINT('',#5501);
#1559=VERTEX_POINT('',#5503);
#1560=VERTEX_POINT('',#5505);
#1561=VERTEX_POINT('',#5512);
#1562=VERTEX_POINT('',#5513);
#1563=VERTEX_POINT('',#5515);
#1564=VERTEX_POINT('',#5517);
#1565=VERTEX_POINT('',#5521);
#1566=VERTEX_POINT('',#5523);
#1567=VERTEX_POINT('',#5533);
#1568=VERTEX_POINT('',#5535);
#1569=VERTEX_POINT('',#5539);
#1570=VERTEX_POINT('',#5541);
#1571=VERTEX_POINT('',#5545);
#1572=VERTEX_POINT('',#5546);
#1573=VERTEX_POINT('',#5548);
#1574=VERTEX_POINT('',#5550);
#1575=VERTEX_POINT('',#5554);
#1576=VERTEX_POINT('',#5556);
#1577=VERTEX_POINT('',#5560);
#1578=VERTEX_POINT('',#5562);
#1579=VERTEX_POINT('',#5564);
#1580=VERTEX_POINT('',#5566);
#1581=VERTEX_POINT('',#5568);
#1582=VERTEX_POINT('',#5570);
#1583=VERTEX_POINT('',#5572);
#1584=VERTEX_POINT('',#5574);
#1585=VERTEX_POINT('',#5576);
#1586=VERTEX_POINT('',#5578);
#1587=VERTEX_POINT('',#5580);
#1588=VERTEX_POINT('',#5583);
#1589=VERTEX_POINT('',#5585);
#1590=VERTEX_POINT('',#5587);
#1591=VERTEX_POINT('',#5589);
#1592=VERTEX_POINT('',#5591);
#1593=VERTEX_POINT('',#5593);
#1594=VERTEX_POINT('',#5595);
#1595=VERTEX_POINT('',#5597);
#1596=VERTEX_POINT('',#5599);
#1597=VERTEX_POINT('',#5603);
#1598=VERTEX_POINT('',#5607);
#1599=VERTEX_POINT('',#5611);
#1600=VERTEX_POINT('',#5615);
#1601=VERTEX_POINT('',#5619);
#1602=VERTEX_POINT('',#5620);
#1603=VERTEX_POINT('',#5627);
#1604=VERTEX_POINT('',#5631);
#1605=VERTEX_POINT('',#5635);
#1606=VERTEX_POINT('',#5636);
#1607=VERTEX_POINT('',#5641);
#1608=VERTEX_POINT('',#5647);
#1609=VERTEX_POINT('',#5648);
#1610=VERTEX_POINT('',#5655);
#1611=VERTEX_POINT('',#5656);
#1612=VERTEX_POINT('',#5663);
#1613=VERTEX_POINT('',#5664);
#1614=VERTEX_POINT('',#5669);
#1615=VERTEX_POINT('',#5673);
#1616=VERTEX_POINT('',#5677);
#1617=EDGE_CURVE('',#1293,#1294,#525,.T.);
#1618=EDGE_CURVE('',#1293,#1295,#526,.T.);
#1619=EDGE_CURVE('',#1296,#1295,#527,.T.);
#1620=EDGE_CURVE('',#1294,#1296,#528,.T.);
#1621=EDGE_CURVE('',#1294,#1297,#529,.T.);
#1622=EDGE_CURVE('',#1298,#1296,#530,.T.);
#1623=EDGE_CURVE('',#1297,#1298,#531,.T.);
#1624=EDGE_CURVE('',#1297,#1299,#532,.T.);
#1625=EDGE_CURVE('',#1300,#1298,#533,.T.);
#1626=EDGE_CURVE('',#1299,#1300,#534,.T.);
#1627=EDGE_CURVE('',#1299,#1301,#535,.T.);
#1628=EDGE_CURVE('',#1302,#1300,#536,.T.);
#1629=EDGE_CURVE('',#1301,#1302,#537,.T.);
#1630=EDGE_CURVE('',#1301,#1303,#538,.T.);
#1631=EDGE_CURVE('',#1304,#1302,#539,.T.);
#1632=EDGE_CURVE('',#1303,#1304,#540,.T.);
#1633=EDGE_CURVE('',#1303,#1293,#541,.T.);
#1634=EDGE_CURVE('',#1295,#1304,#542,.T.);
#1635=EDGE_CURVE('',#1305,#1306,#543,.T.);
#1636=EDGE_CURVE('',#1305,#1307,#544,.T.);
#1637=EDGE_CURVE('',#1308,#1307,#545,.T.);
#1638=EDGE_CURVE('',#1306,#1308,#546,.T.);
#1639=EDGE_CURVE('',#1306,#1309,#547,.T.);
#1640=EDGE_CURVE('',#1310,#1308,#548,.T.);
#1641=EDGE_CURVE('',#1309,#1310,#549,.T.);
#1642=EDGE_CURVE('',#1309,#1311,#550,.T.);
#1643=EDGE_CURVE('',#1312,#1310,#551,.T.);
#1644=EDGE_CURVE('',#1311,#1312,#552,.T.);
#1645=EDGE_CURVE('',#1311,#1313,#137,.T.);
#1646=EDGE_CURVE('',#1314,#1312,#138,.T.);
#1647=EDGE_CURVE('',#1313,#1314,#553,.T.);
#1648=EDGE_CURVE('',#1313,#1315,#139,.T.);
#1649=EDGE_CURVE('',#1316,#1314,#140,.T.);
#1650=EDGE_CURVE('',#1315,#1316,#554,.T.);
#1651=EDGE_CURVE('',#1315,#1317,#141,.T.);
#1652=EDGE_CURVE('',#1318,#1316,#142,.T.);
#1653=EDGE_CURVE('',#1317,#1318,#555,.T.);
#1654=EDGE_CURVE('',#1317,#1319,#143,.T.);
#1655=EDGE_CURVE('',#1320,#1318,#144,.T.);
#1656=EDGE_CURVE('',#1319,#1320,#556,.T.);
#1657=EDGE_CURVE('',#1319,#1321,#145,.T.);
#1658=EDGE_CURVE('',#1322,#1320,#146,.T.);
#1659=EDGE_CURVE('',#1321,#1322,#557,.T.);
#1660=EDGE_CURVE('',#1321,#1323,#147,.T.);
#1661=EDGE_CURVE('',#1324,#1322,#148,.T.);
#1662=EDGE_CURVE('',#1323,#1324,#558,.T.);
#1663=EDGE_CURVE('',#1323,#1325,#149,.T.);
#1664=EDGE_CURVE('',#1326,#1324,#150,.T.);
#1665=EDGE_CURVE('',#1325,#1326,#559,.T.);
#1666=EDGE_CURVE('',#1325,#1327,#560,.T.);
#1667=EDGE_CURVE('',#1328,#1326,#561,.T.);
#1668=EDGE_CURVE('',#1327,#1328,#562,.T.);
#1669=EDGE_CURVE('',#1327,#1329,#151,.T.);
#1670=EDGE_CURVE('',#1330,#1328,#152,.T.);
#1671=EDGE_CURVE('',#1329,#1330,#563,.T.);
#1672=EDGE_CURVE('',#1329,#1331,#153,.T.);
#1673=EDGE_CURVE('',#1332,#1330,#154,.T.);
#1674=EDGE_CURVE('',#1331,#1332,#564,.T.);
#1675=EDGE_CURVE('',#1331,#1333,#155,.T.);
#1676=EDGE_CURVE('',#1334,#1332,#156,.T.);
#1677=EDGE_CURVE('',#1333,#1334,#565,.T.);
#1678=EDGE_CURVE('',#1333,#1335,#157,.T.);
#1679=EDGE_CURVE('',#1336,#1334,#158,.T.);
#1680=EDGE_CURVE('',#1335,#1336,#566,.T.);
#1681=EDGE_CURVE('',#1335,#1337,#159,.T.);
#1682=EDGE_CURVE('',#1338,#1336,#160,.T.);
#1683=EDGE_CURVE('',#1337,#1338,#567,.T.);
#1684=EDGE_CURVE('',#1337,#1339,#161,.T.);
#1685=EDGE_CURVE('',#1340,#1338,#162,.T.);
#1686=EDGE_CURVE('',#1339,#1340,#568,.T.);
#1687=EDGE_CURVE('',#1339,#1341,#163,.T.);
#1688=EDGE_CURVE('',#1342,#1340,#164,.T.);
#1689=EDGE_CURVE('',#1341,#1342,#569,.T.);
#1690=EDGE_CURVE('',#1341,#1343,#570,.T.);
#1691=EDGE_CURVE('',#1344,#1342,#571,.T.);
#1692=EDGE_CURVE('',#1343,#1344,#572,.T.);
#1693=EDGE_CURVE('',#1343,#1305,#573,.T.);
#1694=EDGE_CURVE('',#1307,#1344,#574,.T.);
#1695=EDGE_CURVE('',#1345,#1346,#575,.T.);
#1696=EDGE_CURVE('',#1347,#1346,#576,.T.);
#1697=EDGE_CURVE('',#1347,#1348,#577,.T.);
#1698=EDGE_CURVE('',#1348,#1345,#578,.T.);
#1699=EDGE_CURVE('',#1349,#1350,#579,.T.);
#1700=EDGE_CURVE('',#1349,#1351,#580,.T.);
#1701=EDGE_CURVE('',#1351,#1352,#581,.T.);
#1702=EDGE_CURVE('',#1345,#1352,#582,.T.);
#1703=EDGE_CURVE('',#1348,#1350,#583,.T.);
#1704=EDGE_CURVE('',#1352,#1353,#584,.T.);
#1705=EDGE_CURVE('',#1351,#1354,#585,.T.);
#1706=EDGE_CURVE('',#1354,#1353,#586,.T.);
#1707=EDGE_CURVE('',#1350,#1355,#587,.T.);
#1708=EDGE_CURVE('',#1355,#1356,#588,.T.);
#1709=EDGE_CURVE('',#1356,#1349,#589,.T.);
#1710=EDGE_CURVE('',#1355,#1347,#590,.T.);
#1711=EDGE_CURVE('',#1357,#1346,#591,.T.);
#1712=EDGE_CURVE('',#1358,#1357,#592,.T.);
#1713=EDGE_CURVE('',#1358,#1356,#593,.T.);
#1714=EDGE_CURVE('',#1359,#1357,#594,.T.);
#1715=EDGE_CURVE('',#1360,#1359,#595,.T.);
#1716=EDGE_CURVE('',#1360,#1358,#596,.T.);
#1717=EDGE_CURVE('',#1361,#1362,#23,.T.);
#1718=EDGE_CURVE('',#1363,#1361,#597,.T.);
#1719=EDGE_CURVE('',#1364,#1363,#24,.T.);
#1720=EDGE_CURVE('',#1362,#1364,#598,.T.);
#1721=EDGE_CURVE('',#1361,#1365,#599,.T.);
#1722=EDGE_CURVE('',#1365,#1366,#600,.T.);
#1723=EDGE_CURVE('',#1367,#1366,#601,.T.);
#1724=EDGE_CURVE('',#1368,#1367,#602,.T.);
#1725=EDGE_CURVE('',#1368,#1363,#603,.T.);
#1726=EDGE_CURVE('',#1369,#1370,#25,.T.);
#1727=EDGE_CURVE('',#1371,#1369,#604,.T.);
#1728=EDGE_CURVE('',#1372,#1371,#26,.T.);
#1729=EDGE_CURVE('',#1370,#1372,#605,.T.);
#1730=EDGE_CURVE('',#1373,#1374,#27,.T.);
#1731=EDGE_CURVE('',#1375,#1374,#606,.T.);
#1732=EDGE_CURVE('',#1376,#1375,#28,.T.);
#1733=EDGE_CURVE('',#1373,#1376,#607,.T.);
#1734=EDGE_CURVE('',#1377,#1378,#29,.T.);
#1735=EDGE_CURVE('',#1379,#1378,#608,.T.);
#1736=EDGE_CURVE('',#1380,#1379,#30,.T.);
#1737=EDGE_CURVE('',#1377,#1380,#609,.T.);
#1738=EDGE_CURVE('',#1376,#1379,#610,.T.);
#1739=EDGE_CURVE('',#1373,#1378,#611,.T.);
#1740=EDGE_CURVE('',#1381,#1382,#612,.T.);
#1741=EDGE_CURVE('',#1382,#1383,#613,.T.);
#1742=EDGE_CURVE('',#1383,#1384,#614,.T.);
#1743=EDGE_CURVE('',#1384,#1381,#615,.T.);
#1744=EDGE_CURVE('',#1385,#1381,#616,.T.);
#1745=EDGE_CURVE('',#1384,#1386,#617,.T.);
#1746=EDGE_CURVE('',#1386,#1385,#618,.T.);
#1747=EDGE_CURVE('',#1387,#1388,#619,.T.);
#1748=EDGE_CURVE('',#1388,#1389,#620,.T.);
#1749=EDGE_CURVE('',#1367,#1389,#621,.T.);
#1750=EDGE_CURVE('',#1367,#1387,#622,.T.);
#1751=EDGE_CURVE('',#1390,#1387,#623,.T.);
#1752=EDGE_CURVE('',#1366,#1390,#624,.T.);
#1753=EDGE_CURVE('',#1385,#1391,#625,.T.);
#1754=EDGE_CURVE('',#1391,#1392,#626,.T.);
#1755=EDGE_CURVE('',#1393,#1392,#627,.T.);
#1756=EDGE_CURVE('',#1393,#1382,#628,.T.);
#1757=EDGE_CURVE('',#1393,#1394,#629,.T.);
#1758=EDGE_CURVE('',#1383,#1394,#630,.T.);
#1759=EDGE_CURVE('',#1395,#1386,#631,.T.);
#1760=EDGE_CURVE('',#1396,#1384,#632,.T.);
#1761=EDGE_CURVE('',#1396,#1397,#633,.T.);
#1762=EDGE_CURVE('',#1397,#1395,#634,.T.);
#1763=EDGE_CURVE('',#1369,#1396,#635,.T.);
#1764=EDGE_CURVE('',#1394,#1371,#636,.T.);
#1765=EDGE_CURVE('',#1389,#1398,#637,.T.);
#1766=EDGE_CURVE('',#1398,#1399,#638,.T.);
#1767=EDGE_CURVE('',#1399,#1368,#639,.T.);
#1768=EDGE_CURVE('',#1399,#1397,#640,.T.);
#1769=EDGE_CURVE('',#1398,#1395,#641,.T.);
#1770=EDGE_CURVE('',#1400,#1401,#642,.T.);
#1771=EDGE_CURVE('',#1400,#1402,#643,.T.);
#1772=EDGE_CURVE('',#1402,#1403,#644,.T.);
#1773=EDGE_CURVE('',#1403,#1401,#645,.T.);
#1774=EDGE_CURVE('',#1390,#1404,#646,.T.);
#1775=EDGE_CURVE('',#1405,#1404,#647,.T.);
#1776=EDGE_CURVE('',#1406,#1405,#648,.T.);
#1777=EDGE_CURVE('',#1406,#1388,#649,.T.);
#1778=EDGE_CURVE('',#1401,#1405,#650,.T.);
#1779=EDGE_CURVE('',#1403,#1406,#651,.T.);
#1780=EDGE_CURVE('',#1407,#1408,#652,.T.);
#1781=EDGE_CURVE('',#1409,#1407,#653,.T.);
#1782=EDGE_CURVE('',#1409,#1410,#654,.T.);
#1783=EDGE_CURVE('',#1410,#1408,#655,.T.);
#1784=EDGE_CURVE('',#1392,#1407,#656,.T.);
#1785=EDGE_CURVE('',#1391,#1409,#657,.T.);
#1786=EDGE_CURVE('',#1365,#1404,#658,.T.);
#1787=EDGE_CURVE('',#1411,#1412,#659,.T.);
#1788=EDGE_CURVE('',#1413,#1411,#660,.T.);
#1789=EDGE_CURVE('',#1414,#1413,#661,.T.);
#1790=EDGE_CURVE('',#1414,#1412,#662,.T.);
#1791=EDGE_CURVE('',#1415,#1416,#663,.T.);
#1792=EDGE_CURVE('',#1413,#1416,#664,.T.);
#1793=EDGE_CURVE('',#1411,#1417,#665,.T.);
#1794=EDGE_CURVE('',#1418,#1417,#666,.T.);
#1795=EDGE_CURVE('',#1415,#1418,#667,.T.);
#1796=EDGE_CURVE('',#1419,#1412,#668,.T.);
#1797=EDGE_CURVE('',#1420,#1419,#669,.T.);
#1798=EDGE_CURVE('',#1359,#1420,#670,.T.);
#1799=EDGE_CURVE('',#1353,#1421,#671,.T.);
#1800=EDGE_CURVE('',#1417,#1421,#672,.T.);
#1801=EDGE_CURVE('',#1354,#1422,#673,.T.);
#1802=EDGE_CURVE('',#1422,#1421,#674,.T.);
#1803=EDGE_CURVE('',#1418,#1422,#675,.T.);
#1804=EDGE_CURVE('',#1423,#1415,#676,.T.);
#1805=EDGE_CURVE('',#1424,#1423,#677,.T.);
#1806=EDGE_CURVE('',#1416,#1424,#678,.T.);
#1807=EDGE_CURVE('',#1425,#1423,#679,.T.);
#1808=EDGE_CURVE('',#1425,#1419,#680,.T.);
#1809=EDGE_CURVE('',#1424,#1414,#681,.T.);
#1810=EDGE_CURVE('',#1426,#1425,#682,.T.);
#1811=EDGE_CURVE('',#1426,#1420,#683,.T.);
#1812=EDGE_CURVE('',#1360,#1426,#684,.T.);
#1813=EDGE_CURVE('',#1427,#1410,#685,.T.);
#1814=EDGE_CURVE('',#1428,#1402,#686,.T.);
#1815=EDGE_CURVE('',#1428,#1429,#687,.T.);
#1816=EDGE_CURVE('',#1429,#1430,#688,.T.);
#1817=EDGE_CURVE('',#1430,#1431,#689,.T.);
#1818=EDGE_CURVE('',#1431,#1432,#690,.T.);
#1819=EDGE_CURVE('',#1432,#1433,#691,.T.);
#1820=EDGE_CURVE('',#1433,#1434,#692,.T.);
#1821=EDGE_CURVE('',#1434,#1435,#693,.T.);
#1822=EDGE_CURVE('',#1435,#1436,#694,.T.);
#1823=EDGE_CURVE('',#1436,#1437,#695,.T.);
#1824=EDGE_CURVE('',#1437,#1438,#696,.T.);
#1825=EDGE_CURVE('',#1438,#1427,#697,.T.);
#1826=EDGE_CURVE('',#1439,#1440,#31,.T.);
#1827=EDGE_CURVE('',#1440,#1441,#698,.T.);
#1828=EDGE_CURVE('',#1441,#1442,#32,.T.);
#1829=EDGE_CURVE('',#1442,#1439,#699,.T.);
#1830=EDGE_CURVE('',#1443,#1442,#700,.T.);
#1831=EDGE_CURVE('',#1443,#1444,#701,.T.);
#1832=EDGE_CURVE('',#1444,#1445,#702,.T.);
#1833=EDGE_CURVE('',#1446,#1445,#703,.T.);
#1834=EDGE_CURVE('',#1439,#1446,#704,.T.);
#1835=EDGE_CURVE('',#1447,#1370,#705,.T.);
#1836=EDGE_CURVE('',#1448,#1447,#33,.T.);
#1837=EDGE_CURVE('',#1448,#1449,#706,.T.);
#1838=EDGE_CURVE('',#1449,#1450,#707,.T.);
#1839=EDGE_CURVE('',#1451,#1450,#708,.T.);
#1840=EDGE_CURVE('',#1451,#1443,#709,.T.);
#1841=EDGE_CURVE('',#1364,#1441,#710,.T.);
#1842=EDGE_CURVE('',#1380,#1452,#711,.T.);
#1843=EDGE_CURVE('',#1375,#1453,#712,.T.);
#1844=EDGE_CURVE('',#1454,#1453,#34,.T.);
#1845=EDGE_CURVE('',#1454,#1455,#713,.T.);
#1846=EDGE_CURVE('',#1452,#1455,#35,.T.);
#1847=EDGE_CURVE('',#1447,#1456,#714,.T.);
#1848=EDGE_CURVE('',#1456,#1457,#36,.T.);
#1849=EDGE_CURVE('',#1457,#1448,#715,.T.);
#1850=EDGE_CURVE('',#1456,#1372,#716,.T.);
#1851=EDGE_CURVE('',#1458,#1459,#37,.T.);
#1852=EDGE_CURVE('',#1458,#1454,#717,.T.);
#1853=EDGE_CURVE('',#1453,#1459,#718,.T.);
#1854=EDGE_CURVE('',#1374,#1459,#719,.T.);
#1855=EDGE_CURVE('',#1460,#1461,#38,.T.);
#1856=EDGE_CURVE('',#1460,#1452,#720,.T.);
#1857=EDGE_CURVE('',#1455,#1461,#721,.T.);
#1858=EDGE_CURVE('',#1458,#1461,#722,.T.);
#1859=EDGE_CURVE('',#1377,#1460,#723,.T.);
#1860=EDGE_CURVE('',#1462,#1463,#724,.T.);
#1861=EDGE_CURVE('',#1464,#1462,#725,.T.);
#1862=EDGE_CURVE('',#1465,#1464,#726,.T.);
#1863=EDGE_CURVE('',#1463,#1465,#727,.T.);
#1864=EDGE_CURVE('',#1436,#1462,#728,.T.);
#1865=EDGE_CURVE('',#1464,#1435,#729,.T.);
#1866=EDGE_CURVE('',#1466,#1431,#730,.T.);
#1867=EDGE_CURVE('',#1444,#1466,#731,.T.);
#1868=EDGE_CURVE('',#1444,#1432,#732,.T.);
#1869=EDGE_CURVE('',#1467,#1466,#733,.T.);
#1870=EDGE_CURVE('',#1445,#1467,#734,.T.);
#1871=EDGE_CURVE('',#1468,#1463,#735,.T.);
#1872=EDGE_CURVE('',#1468,#1469,#736,.T.);
#1873=EDGE_CURVE('',#1437,#1469,#737,.T.);
#1874=EDGE_CURVE('',#1465,#1470,#738,.T.);
#1875=EDGE_CURVE('',#1468,#1470,#739,.T.);
#1876=EDGE_CURVE('',#1450,#1434,#740,.T.);
#1877=EDGE_CURVE('',#1449,#1464,#741,.T.);
#1878=EDGE_CURVE('',#1470,#1457,#742,.T.);
#1879=EDGE_CURVE('',#1433,#1451,#743,.T.);
#1880=EDGE_CURVE('',#1471,#1408,#744,.T.);
#1881=EDGE_CURVE('',#1472,#1471,#745,.T.);
#1882=EDGE_CURVE('',#1469,#1472,#746,.T.);
#1883=EDGE_CURVE('',#1362,#1440,#747,.T.);
#1884=EDGE_CURVE('',#1446,#1473,#748,.T.);
#1885=EDGE_CURVE('',#1474,#1473,#749,.T.);
#1886=EDGE_CURVE('',#1475,#1474,#750,.T.);
#1887=EDGE_CURVE('',#1476,#1475,#751,.T.);
#1888=EDGE_CURVE('',#1476,#1400,#752,.T.);
#1889=EDGE_CURVE('',#1429,#1475,#753,.T.);
#1890=EDGE_CURVE('',#1476,#1428,#754,.T.);
#1891=EDGE_CURVE('',#1430,#1474,#755,.T.);
#1892=EDGE_CURVE('',#1467,#1473,#756,.T.);
#1893=EDGE_CURVE('',#1427,#1471,#757,.T.);
#1894=EDGE_CURVE('',#1438,#1472,#758,.T.);
#1895=EDGE_CURVE('',#1477,#1478,#759,.T.);
#1896=EDGE_CURVE('',#1477,#1479,#760,.T.);
#1897=EDGE_CURVE('',#1479,#1480,#761,.T.);
#1898=EDGE_CURVE('',#1480,#1478,#762,.T.);
#1899=EDGE_CURVE('',#1481,#1482,#763,.T.);
#1900=EDGE_CURVE('',#1482,#1483,#764,.T.);
#1901=EDGE_CURVE('',#1483,#1484,#765,.T.);
#1902=EDGE_CURVE('',#1484,#1481,#766,.T.);
#1903=EDGE_CURVE('',#1485,#1486,#39,.T.);
#1904=EDGE_CURVE('',#1487,#1485,#767,.T.);
#1905=EDGE_CURVE('',#1488,#1487,#40,.T.);
#1906=EDGE_CURVE('',#1486,#1488,#768,.T.);
#1907=EDGE_CURVE('',#1485,#1489,#769,.T.);
#1908=EDGE_CURVE('',#1489,#1490,#770,.T.);
#1909=EDGE_CURVE('',#1487,#1490,#771,.T.);
#1910=EDGE_CURVE('',#1491,#1489,#41,.T.);
#1911=EDGE_CURVE('',#1492,#1491,#772,.T.);
#1912=EDGE_CURVE('',#1490,#1492,#42,.T.);
#1913=EDGE_CURVE('',#1491,#1493,#773,.T.);
#1914=EDGE_CURVE('',#1493,#1494,#774,.T.);
#1915=EDGE_CURVE('',#1492,#1494,#775,.T.);
#1916=EDGE_CURVE('',#1495,#1493,#43,.T.);
#1917=EDGE_CURVE('',#1496,#1495,#776,.T.);
#1918=EDGE_CURVE('',#1494,#1496,#44,.T.);
#1919=EDGE_CURVE('',#1495,#1497,#777,.T.);
#1920=EDGE_CURVE('',#1497,#1498,#778,.T.);
#1921=EDGE_CURVE('',#1496,#1498,#779,.T.);
#1922=EDGE_CURVE('',#1499,#1500,#45,.T.);
#1923=EDGE_CURVE('',#1501,#1499,#780,.T.);
#1924=EDGE_CURVE('',#1502,#1501,#46,.T.);
#1925=EDGE_CURVE('',#1500,#1502,#781,.T.);
#1926=EDGE_CURVE('',#1488,#1501,#782,.T.);
#1927=EDGE_CURVE('',#1499,#1486,#783,.T.);
#1928=EDGE_CURVE('',#1503,#1479,#47,.T.);
#1929=EDGE_CURVE('',#1504,#1503,#784,.T.);
#1930=EDGE_CURVE('',#1480,#1504,#48,.T.);
#1931=EDGE_CURVE('',#1503,#1505,#785,.T.);
#1932=EDGE_CURVE('',#1506,#1505,#786,.T.);
#1933=EDGE_CURVE('',#1506,#1504,#787,.T.);
#1934=EDGE_CURVE('',#1507,#1508,#49,.T.);
#1935=EDGE_CURVE('',#1509,#1507,#788,.T.);
#1936=EDGE_CURVE('',#1510,#1509,#50,.T.);
#1937=EDGE_CURVE('',#1508,#1510,#789,.T.);
#1938=EDGE_CURVE('',#1511,#1510,#790,.T.);
#1939=EDGE_CURVE('',#1511,#1512,#791,.T.);
#1940=EDGE_CURVE('',#1512,#1508,#792,.T.);
#1941=EDGE_CURVE('',#1498,#1511,#51,.T.);
#1942=EDGE_CURVE('',#1512,#1497,#52,.T.);
#1943=EDGE_CURVE('',#1513,#1514,#53,.T.);
#1944=EDGE_CURVE('',#1515,#1513,#793,.T.);
#1945=EDGE_CURVE('',#1516,#1515,#54,.T.);
#1946=EDGE_CURVE('',#1514,#1516,#794,.T.);
#1947=EDGE_CURVE('',#1513,#1484,#795,.T.);
#1948=EDGE_CURVE('',#1483,#1515,#796,.T.);
#1949=EDGE_CURVE('',#1517,#1518,#55,.T.);
#1950=EDGE_CURVE('',#1519,#1517,#797,.T.);
#1951=EDGE_CURVE('',#1520,#1519,#56,.T.);
#1952=EDGE_CURVE('',#1518,#1520,#798,.T.);
#1953=EDGE_CURVE('',#1519,#1502,#799,.T.);
#1954=EDGE_CURVE('',#1517,#1500,#800,.T.);
#1955=EDGE_CURVE('',#1521,#1522,#57,.T.);
#1956=EDGE_CURVE('',#1523,#1521,#801,.T.);
#1957=EDGE_CURVE('',#1524,#1523,#58,.T.);
#1958=EDGE_CURVE('',#1522,#1524,#802,.T.);
#1959=EDGE_CURVE('',#1521,#1525,#803,.T.);
#1960=EDGE_CURVE('',#1525,#1526,#804,.T.);
#1961=EDGE_CURVE('',#1523,#1526,#805,.T.);
#1962=EDGE_CURVE('',#1527,#1525,#59,.T.);
#1963=EDGE_CURVE('',#1528,#1527,#806,.T.);
#1964=EDGE_CURVE('',#1526,#1528,#60,.T.);
#1965=EDGE_CURVE('',#1529,#1520,#807,.T.);
#1966=EDGE_CURVE('',#1529,#1530,#808,.T.);
#1967=EDGE_CURVE('',#1530,#1518,#809,.T.);
#1968=EDGE_CURVE('',#1527,#1530,#810,.T.);
#1969=EDGE_CURVE('',#1528,#1529,#811,.T.);
#1970=EDGE_CURVE('',#1506,#1524,#812,.T.);
#1971=EDGE_CURVE('',#1505,#1522,#813,.T.);
#1972=EDGE_CURVE('',#1507,#1514,#814,.T.);
#1973=EDGE_CURVE('',#1516,#1509,#815,.T.);
#1974=EDGE_CURVE('',#1531,#1532,#61,.T.);
#1975=EDGE_CURVE('',#1532,#1533,#816,.T.);
#1976=EDGE_CURVE('',#1533,#1534,#62,.T.);
#1977=EDGE_CURVE('',#1534,#1531,#817,.T.);
#1978=EDGE_CURVE('',#1535,#1532,#818,.T.);
#1979=EDGE_CURVE('',#1536,#1535,#819,.T.);
#1980=EDGE_CURVE('',#1536,#1533,#820,.T.);
#1981=EDGE_CURVE('',#1535,#1537,#63,.T.);
#1982=EDGE_CURVE('',#1537,#1538,#821,.T.);
#1983=EDGE_CURVE('',#1538,#1536,#64,.T.);
#1984=EDGE_CURVE('',#1477,#1537,#822,.T.);
#1985=EDGE_CURVE('',#1478,#1538,#823,.T.);
#1986=EDGE_CURVE('',#1539,#1540,#65,.T.);
#1987=EDGE_CURVE('',#1540,#1541,#824,.T.);
#1988=EDGE_CURVE('',#1541,#1542,#66,.T.);
#1989=EDGE_CURVE('',#1542,#1539,#825,.T.);
#1990=EDGE_CURVE('',#1543,#1544,#67,.T.);
#1991=EDGE_CURVE('',#1544,#1545,#826,.T.);
#1992=EDGE_CURVE('',#1545,#1546,#68,.T.);
#1993=EDGE_CURVE('',#1546,#1543,#827,.T.);
#1994=EDGE_CURVE('',#1544,#1482,#828,.T.);
#1995=EDGE_CURVE('',#1545,#1481,#829,.T.);
#1996=EDGE_CURVE('',#1540,#1543,#830,.T.);
#1997=EDGE_CURVE('',#1541,#1546,#831,.T.);
#1998=EDGE_CURVE('',#1547,#1548,#69,.T.);
#1999=EDGE_CURVE('',#1548,#1549,#832,.T.);
#2000=EDGE_CURVE('',#1549,#1550,#70,.T.);
#2001=EDGE_CURVE('',#1550,#1547,#833,.T.);
#2002=EDGE_CURVE('',#1551,#1548,#834,.T.);
#2003=EDGE_CURVE('',#1552,#1551,#835,.T.);
#2004=EDGE_CURVE('',#1552,#1549,#836,.T.);
#2005=EDGE_CURVE('',#1551,#1553,#71,.T.);
#2006=EDGE_CURVE('',#1553,#1554,#837,.T.);
#2007=EDGE_CURVE('',#1554,#1552,#72,.T.);
#2008=EDGE_CURVE('',#1555,#1553,#838,.T.);
#2009=EDGE_CURVE('',#1556,#1555,#839,.T.);
#2010=EDGE_CURVE('',#1556,#1554,#840,.T.);
#2011=EDGE_CURVE('',#1557,#1558,#73,.T.);
#2012=EDGE_CURVE('',#1558,#1559,#841,.T.);
#2013=EDGE_CURVE('',#1559,#1560,#74,.T.);
#2014=EDGE_CURVE('',#1560,#1557,#842,.T.);
#2015=EDGE_CURVE('',#1531,#1560,#843,.T.);
#2016=EDGE_CURVE('',#1534,#1557,#844,.T.);
#2017=EDGE_CURVE('',#1561,#1562,#75,.T.);
#2018=EDGE_CURVE('',#1562,#1563,#845,.T.);
#2019=EDGE_CURVE('',#1563,#1564,#76,.T.);
#2020=EDGE_CURVE('',#1564,#1561,#846,.T.);
#2021=EDGE_CURVE('',#1562,#1565,#847,.T.);
#2022=EDGE_CURVE('',#1566,#1565,#848,.T.);
#2023=EDGE_CURVE('',#1563,#1566,#849,.T.);
#2024=EDGE_CURVE('',#1550,#1539,#850,.T.);
#2025=EDGE_CURVE('',#1547,#1542,#851,.T.);
#2026=EDGE_CURVE('',#1558,#1561,#852,.T.);
#2027=EDGE_CURVE('',#1559,#1564,#853,.T.);
#2028=EDGE_CURVE('',#1567,#1555,#854,.T.);
#2029=EDGE_CURVE('',#1568,#1567,#855,.T.);
#2030=EDGE_CURVE('',#1556,#1568,#856,.T.);
#2031=EDGE_CURVE('',#1569,#1565,#857,.T.);
#2032=EDGE_CURVE('',#1570,#1569,#858,.T.);
#2033=EDGE_CURVE('',#1566,#1570,#859,.T.);
#2034=EDGE_CURVE('',#1571,#1572,#77,.T.);
#2035=EDGE_CURVE('',#1572,#1573,#860,.T.);
#2036=EDGE_CURVE('',#1573,#1574,#78,.T.);
#2037=EDGE_CURVE('',#1574,#1571,#861,.T.);
#2038=EDGE_CURVE('',#1574,#1575,#862,.T.);
#2039=EDGE_CURVE('',#1576,#1575,#863,.T.);
#2040=EDGE_CURVE('',#1571,#1576,#864,.T.);
#2041=EDGE_CURVE('',#1573,#1577,#865,.T.);
#2042=EDGE_CURVE('',#1578,#1577,#79,.T.);
#2043=EDGE_CURVE('',#1579,#1578,#866,.T.);
#2044=EDGE_CURVE('',#1580,#1579,#80,.T.);
#2045=EDGE_CURVE('',#1581,#1580,#867,.T.);
#2046=EDGE_CURVE('',#1582,#1581,#868,.T.);
#2047=EDGE_CURVE('',#1583,#1582,#81,.T.);
#2048=EDGE_CURVE('',#1584,#1583,#869,.T.);
#2049=EDGE_CURVE('',#1585,#1584,#82,.T.);
#2050=EDGE_CURVE('',#1586,#1585,#870,.T.);
#2051=EDGE_CURVE('',#1586,#1587,#871,.T.);
#2052=EDGE_CURVE('',#1569,#1587,#83,.T.);
#2053=EDGE_CURVE('',#1568,#1588,#872,.T.);
#2054=EDGE_CURVE('',#1589,#1588,#84,.T.);
#2055=EDGE_CURVE('',#1589,#1590,#873,.T.);
#2056=EDGE_CURVE('',#1591,#1590,#85,.T.);
#2057=EDGE_CURVE('',#1592,#1591,#874,.T.);
#2058=EDGE_CURVE('',#1593,#1592,#86,.T.);
#2059=EDGE_CURVE('',#1594,#1593,#875,.T.);
#2060=EDGE_CURVE('',#1595,#1594,#87,.T.);
#2061=EDGE_CURVE('',#1596,#1595,#876,.T.);
#2062=EDGE_CURVE('',#1575,#1596,#88,.T.);
#2063=EDGE_CURVE('',#1597,#1576,#89,.T.);
#2064=EDGE_CURVE('',#1596,#1597,#877,.T.);
#2065=EDGE_CURVE('',#1598,#1595,#878,.T.);
#2066=EDGE_CURVE('',#1597,#1598,#879,.T.);
#2067=EDGE_CURVE('',#1599,#1598,#90,.T.);
#2068=EDGE_CURVE('',#1594,#1599,#880,.T.);
#2069=EDGE_CURVE('',#1600,#1593,#881,.T.);
#2070=EDGE_CURVE('',#1599,#1600,#882,.T.);
#2071=EDGE_CURVE('',#1601,#1602,#91,.T.);
#2072=EDGE_CURVE('',#1602,#1578,#883,.T.);
#2073=EDGE_CURVE('',#1577,#1601,#884,.T.);
#2074=EDGE_CURVE('',#1601,#1572,#885,.T.);
#2075=EDGE_CURVE('',#1603,#1570,#92,.T.);
#2076=EDGE_CURVE('',#1587,#1603,#886,.T.);
#2077=EDGE_CURVE('',#1586,#1604,#887,.T.);
#2078=EDGE_CURVE('',#1603,#1604,#888,.T.);
#2079=EDGE_CURVE('',#1605,#1606,#93,.T.);
#2080=EDGE_CURVE('',#1606,#1591,#889,.T.);
#2081=EDGE_CURVE('',#1590,#1605,#890,.T.);
#2082=EDGE_CURVE('',#1607,#1606,#891,.T.);
#2083=EDGE_CURVE('',#1592,#1607,#892,.T.);
#2084=EDGE_CURVE('',#1607,#1600,#94,.T.);
#2085=EDGE_CURVE('',#1608,#1609,#95,.T.);
#2086=EDGE_CURVE('',#1609,#1589,#893,.T.);
#2087=EDGE_CURVE('',#1588,#1608,#894,.T.);
#2088=EDGE_CURVE('',#1608,#1567,#895,.T.);
#2089=EDGE_CURVE('',#1610,#1611,#96,.T.);
#2090=EDGE_CURVE('',#1611,#1580,#896,.T.);
#2091=EDGE_CURVE('',#1579,#1610,#897,.T.);
#2092=EDGE_CURVE('',#1610,#1602,#898,.T.);
#2093=EDGE_CURVE('',#1612,#1613,#97,.T.);
#2094=EDGE_CURVE('',#1613,#1585,#899,.T.);
#2095=EDGE_CURVE('',#1584,#1612,#900,.T.);
#2096=EDGE_CURVE('',#1614,#1583,#901,.T.);
#2097=EDGE_CURVE('',#1612,#1614,#902,.T.);
#2098=EDGE_CURVE('',#1615,#1614,#98,.T.);
#2099=EDGE_CURVE('',#1582,#1615,#903,.T.);
#2100=EDGE_CURVE('',#1616,#1611,#904,.T.);
#2101=EDGE_CURVE('',#1581,#1616,#905,.T.);
#2102=EDGE_CURVE('',#1615,#1616,#906,.T.);
#2103=EDGE_CURVE('',#1604,#1613,#907,.T.);
#2104=EDGE_CURVE('',#1605,#1609,#908,.T.);
#2105=ORIENTED_EDGE('',*,*,#1617,.F.);
#2106=ORIENTED_EDGE('',*,*,#1618,.T.);
#2107=ORIENTED_EDGE('',*,*,#1619,.F.);
#2108=ORIENTED_EDGE('',*,*,#1620,.F.);
#2109=ORIENTED_EDGE('',*,*,#1621,.F.);
#2110=ORIENTED_EDGE('',*,*,#1620,.T.);
#2111=ORIENTED_EDGE('',*,*,#1622,.F.);
#2112=ORIENTED_EDGE('',*,*,#1623,.F.);
#2113=ORIENTED_EDGE('',*,*,#1624,.F.);
#2114=ORIENTED_EDGE('',*,*,#1623,.T.);
#2115=ORIENTED_EDGE('',*,*,#1625,.F.);
#2116=ORIENTED_EDGE('',*,*,#1626,.F.);
#2117=ORIENTED_EDGE('',*,*,#1627,.F.);
#2118=ORIENTED_EDGE('',*,*,#1626,.T.);
#2119=ORIENTED_EDGE('',*,*,#1628,.F.);
#2120=ORIENTED_EDGE('',*,*,#1629,.F.);
#2121=ORIENTED_EDGE('',*,*,#1630,.F.);
#2122=ORIENTED_EDGE('',*,*,#1629,.T.);
#2123=ORIENTED_EDGE('',*,*,#1631,.F.);
#2124=ORIENTED_EDGE('',*,*,#1632,.F.);
#2125=ORIENTED_EDGE('',*,*,#1633,.F.);
#2126=ORIENTED_EDGE('',*,*,#1632,.T.);
#2127=ORIENTED_EDGE('',*,*,#1634,.F.);
#2128=ORIENTED_EDGE('',*,*,#1618,.F.);
#2129=ORIENTED_EDGE('',*,*,#1634,.T.);
#2130=ORIENTED_EDGE('',*,*,#1631,.T.);
#2131=ORIENTED_EDGE('',*,*,#1628,.T.);
#2132=ORIENTED_EDGE('',*,*,#1625,.T.);
#2133=ORIENTED_EDGE('',*,*,#1622,.T.);
#2134=ORIENTED_EDGE('',*,*,#1619,.T.);
#2135=ORIENTED_EDGE('',*,*,#1635,.F.);
#2136=ORIENTED_EDGE('',*,*,#1636,.T.);
#2137=ORIENTED_EDGE('',*,*,#1637,.F.);
#2138=ORIENTED_EDGE('',*,*,#1638,.F.);
#2139=ORIENTED_EDGE('',*,*,#1639,.F.);
#2140=ORIENTED_EDGE('',*,*,#1638,.T.);
#2141=ORIENTED_EDGE('',*,*,#1640,.F.);
#2142=ORIENTED_EDGE('',*,*,#1641,.F.);
#2143=ORIENTED_EDGE('',*,*,#1642,.F.);
#2144=ORIENTED_EDGE('',*,*,#1641,.T.);
#2145=ORIENTED_EDGE('',*,*,#1643,.F.);
#2146=ORIENTED_EDGE('',*,*,#1644,.F.);
#2147=ORIENTED_EDGE('',*,*,#1645,.F.);
#2148=ORIENTED_EDGE('',*,*,#1644,.T.);
#2149=ORIENTED_EDGE('',*,*,#1646,.F.);
#2150=ORIENTED_EDGE('',*,*,#1647,.F.);
#2151=ORIENTED_EDGE('',*,*,#1648,.F.);
#2152=ORIENTED_EDGE('',*,*,#1647,.T.);
#2153=ORIENTED_EDGE('',*,*,#1649,.F.);
#2154=ORIENTED_EDGE('',*,*,#1650,.F.);
#2155=ORIENTED_EDGE('',*,*,#1651,.F.);
#2156=ORIENTED_EDGE('',*,*,#1650,.T.);
#2157=ORIENTED_EDGE('',*,*,#1652,.F.);
#2158=ORIENTED_EDGE('',*,*,#1653,.F.);
#2159=ORIENTED_EDGE('',*,*,#1654,.F.);
#2160=ORIENTED_EDGE('',*,*,#1653,.T.);
#2161=ORIENTED_EDGE('',*,*,#1655,.F.);
#2162=ORIENTED_EDGE('',*,*,#1656,.F.);
#2163=ORIENTED_EDGE('',*,*,#1657,.F.);
#2164=ORIENTED_EDGE('',*,*,#1656,.T.);
#2165=ORIENTED_EDGE('',*,*,#1658,.F.);
#2166=ORIENTED_EDGE('',*,*,#1659,.F.);
#2167=ORIENTED_EDGE('',*,*,#1660,.F.);
#2168=ORIENTED_EDGE('',*,*,#1659,.T.);
#2169=ORIENTED_EDGE('',*,*,#1661,.F.);
#2170=ORIENTED_EDGE('',*,*,#1662,.F.);
#2171=ORIENTED_EDGE('',*,*,#1663,.F.);
#2172=ORIENTED_EDGE('',*,*,#1662,.T.);
#2173=ORIENTED_EDGE('',*,*,#1664,.F.);
#2174=ORIENTED_EDGE('',*,*,#1665,.F.);
#2175=ORIENTED_EDGE('',*,*,#1666,.F.);
#2176=ORIENTED_EDGE('',*,*,#1665,.T.);
#2177=ORIENTED_EDGE('',*,*,#1667,.F.);
#2178=ORIENTED_EDGE('',*,*,#1668,.F.);
#2179=ORIENTED_EDGE('',*,*,#1669,.F.);
#2180=ORIENTED_EDGE('',*,*,#1668,.T.);
#2181=ORIENTED_EDGE('',*,*,#1670,.F.);
#2182=ORIENTED_EDGE('',*,*,#1671,.F.);
#2183=ORIENTED_EDGE('',*,*,#1672,.F.);
#2184=ORIENTED_EDGE('',*,*,#1671,.T.);
#2185=ORIENTED_EDGE('',*,*,#1673,.F.);
#2186=ORIENTED_EDGE('',*,*,#1674,.F.);
#2187=ORIENTED_EDGE('',*,*,#1675,.F.);
#2188=ORIENTED_EDGE('',*,*,#1674,.T.);
#2189=ORIENTED_EDGE('',*,*,#1676,.F.);
#2190=ORIENTED_EDGE('',*,*,#1677,.F.);
#2191=ORIENTED_EDGE('',*,*,#1678,.F.);
#2192=ORIENTED_EDGE('',*,*,#1677,.T.);
#2193=ORIENTED_EDGE('',*,*,#1679,.F.);
#2194=ORIENTED_EDGE('',*,*,#1680,.F.);
#2195=ORIENTED_EDGE('',*,*,#1681,.F.);
#2196=ORIENTED_EDGE('',*,*,#1680,.T.);
#2197=ORIENTED_EDGE('',*,*,#1682,.F.);
#2198=ORIENTED_EDGE('',*,*,#1683,.F.);
#2199=ORIENTED_EDGE('',*,*,#1684,.F.);
#2200=ORIENTED_EDGE('',*,*,#1683,.T.);
#2201=ORIENTED_EDGE('',*,*,#1685,.F.);
#2202=ORIENTED_EDGE('',*,*,#1686,.F.);
#2203=ORIENTED_EDGE('',*,*,#1687,.F.);
#2204=ORIENTED_EDGE('',*,*,#1686,.T.);
#2205=ORIENTED_EDGE('',*,*,#1688,.F.);
#2206=ORIENTED_EDGE('',*,*,#1689,.F.);
#2207=ORIENTED_EDGE('',*,*,#1690,.F.);
#2208=ORIENTED_EDGE('',*,*,#1689,.T.);
#2209=ORIENTED_EDGE('',*,*,#1691,.F.);
#2210=ORIENTED_EDGE('',*,*,#1692,.F.);
#2211=ORIENTED_EDGE('',*,*,#1693,.F.);
#2212=ORIENTED_EDGE('',*,*,#1692,.T.);
#2213=ORIENTED_EDGE('',*,*,#1694,.F.);
#2214=ORIENTED_EDGE('',*,*,#1636,.F.);
#2215=ORIENTED_EDGE('',*,*,#1694,.T.);
#2216=ORIENTED_EDGE('',*,*,#1691,.T.);
#2217=ORIENTED_EDGE('',*,*,#1688,.T.);
#2218=ORIENTED_EDGE('',*,*,#1685,.T.);
#2219=ORIENTED_EDGE('',*,*,#1682,.T.);
#2220=ORIENTED_EDGE('',*,*,#1679,.T.);
#2221=ORIENTED_EDGE('',*,*,#1676,.T.);
#2222=ORIENTED_EDGE('',*,*,#1673,.T.);
#2223=ORIENTED_EDGE('',*,*,#1670,.T.);
#2224=ORIENTED_EDGE('',*,*,#1667,.T.);
#2225=ORIENTED_EDGE('',*,*,#1664,.T.);
#2226=ORIENTED_EDGE('',*,*,#1661,.T.);
#2227=ORIENTED_EDGE('',*,*,#1658,.T.);
#2228=ORIENTED_EDGE('',*,*,#1655,.T.);
#2229=ORIENTED_EDGE('',*,*,#1652,.T.);
#2230=ORIENTED_EDGE('',*,*,#1649,.T.);
#2231=ORIENTED_EDGE('',*,*,#1646,.T.);
#2232=ORIENTED_EDGE('',*,*,#1643,.T.);
#2233=ORIENTED_EDGE('',*,*,#1640,.T.);
#2234=ORIENTED_EDGE('',*,*,#1637,.T.);
#2235=ORIENTED_EDGE('',*,*,#1695,.T.);
#2236=ORIENTED_EDGE('',*,*,#1696,.F.);
#2237=ORIENTED_EDGE('',*,*,#1697,.T.);
#2238=ORIENTED_EDGE('',*,*,#1698,.T.);
#2239=ORIENTED_EDGE('',*,*,#1699,.F.);
#2240=ORIENTED_EDGE('',*,*,#1700,.T.);
#2241=ORIENTED_EDGE('',*,*,#1701,.T.);
#2242=ORIENTED_EDGE('',*,*,#1702,.F.);
#2243=ORIENTED_EDGE('',*,*,#1698,.F.);
#2244=ORIENTED_EDGE('',*,*,#1703,.T.);
#2245=ORIENTED_EDGE('',*,*,#1704,.F.);
#2246=ORIENTED_EDGE('',*,*,#1701,.F.);
#2247=ORIENTED_EDGE('',*,*,#1705,.T.);
#2248=ORIENTED_EDGE('',*,*,#1706,.T.);
#2249=ORIENTED_EDGE('',*,*,#1699,.T.);
#2250=ORIENTED_EDGE('',*,*,#1707,.T.);
#2251=ORIENTED_EDGE('',*,*,#1708,.T.);
#2252=ORIENTED_EDGE('',*,*,#1709,.T.);
#2253=ORIENTED_EDGE('',*,*,#1708,.F.);
#2254=ORIENTED_EDGE('',*,*,#1710,.T.);
#2255=ORIENTED_EDGE('',*,*,#1696,.T.);
#2256=ORIENTED_EDGE('',*,*,#1711,.F.);
#2257=ORIENTED_EDGE('',*,*,#1712,.F.);
#2258=ORIENTED_EDGE('',*,*,#1713,.T.);
#2259=ORIENTED_EDGE('',*,*,#1714,.F.);
#2260=ORIENTED_EDGE('',*,*,#1715,.F.);
#2261=ORIENTED_EDGE('',*,*,#1716,.T.);
#2262=ORIENTED_EDGE('',*,*,#1712,.T.);
#2263=ORIENTED_EDGE('',*,*,#1717,.F.);
#2264=ORIENTED_EDGE('',*,*,#1718,.F.);
#2265=ORIENTED_EDGE('',*,*,#1719,.F.);
#2266=ORIENTED_EDGE('',*,*,#1720,.F.);
#2267=ORIENTED_EDGE('',*,*,#1718,.T.);
#2268=ORIENTED_EDGE('',*,*,#1721,.T.);
#2269=ORIENTED_EDGE('',*,*,#1722,.T.);
#2270=ORIENTED_EDGE('',*,*,#1723,.F.);
#2271=ORIENTED_EDGE('',*,*,#1724,.F.);
#2272=ORIENTED_EDGE('',*,*,#1725,.T.);
#2273=ORIENTED_EDGE('',*,*,#1726,.F.);
#2274=ORIENTED_EDGE('',*,*,#1727,.F.);
#2275=ORIENTED_EDGE('',*,*,#1728,.F.);
#2276=ORIENTED_EDGE('',*,*,#1729,.F.);
#2277=ORIENTED_EDGE('',*,*,#1730,.T.);
#2278=ORIENTED_EDGE('',*,*,#1731,.F.);
#2279=ORIENTED_EDGE('',*,*,#1732,.F.);
#2280=ORIENTED_EDGE('',*,*,#1733,.F.);
#2281=ORIENTED_EDGE('',*,*,#1734,.T.);
#2282=ORIENTED_EDGE('',*,*,#1735,.F.);
#2283=ORIENTED_EDGE('',*,*,#1736,.F.);
#2284=ORIENTED_EDGE('',*,*,#1737,.F.);
#2285=ORIENTED_EDGE('',*,*,#1733,.T.);
#2286=ORIENTED_EDGE('',*,*,#1738,.T.);
#2287=ORIENTED_EDGE('',*,*,#1735,.T.);
#2288=ORIENTED_EDGE('',*,*,#1739,.F.);
#2289=ORIENTED_EDGE('',*,*,#1740,.T.);
#2290=ORIENTED_EDGE('',*,*,#1741,.T.);
#2291=ORIENTED_EDGE('',*,*,#1742,.T.);
#2292=ORIENTED_EDGE('',*,*,#1743,.T.);
#2293=ORIENTED_EDGE('',*,*,#1744,.T.);
#2294=ORIENTED_EDGE('',*,*,#1743,.F.);
#2295=ORIENTED_EDGE('',*,*,#1745,.T.);
#2296=ORIENTED_EDGE('',*,*,#1746,.T.);
#2297=ORIENTED_EDGE('',*,*,#1747,.T.);
#2298=ORIENTED_EDGE('',*,*,#1748,.T.);
#2299=ORIENTED_EDGE('',*,*,#1749,.F.);
#2300=ORIENTED_EDGE('',*,*,#1750,.T.);
#2301=ORIENTED_EDGE('',*,*,#1751,.T.);
#2302=ORIENTED_EDGE('',*,*,#1750,.F.);
#2303=ORIENTED_EDGE('',*,*,#1723,.T.);
#2304=ORIENTED_EDGE('',*,*,#1752,.T.);
#2305=ORIENTED_EDGE('',*,*,#1744,.F.);
#2306=ORIENTED_EDGE('',*,*,#1753,.T.);
#2307=ORIENTED_EDGE('',*,*,#1754,.T.);
#2308=ORIENTED_EDGE('',*,*,#1755,.F.);
#2309=ORIENTED_EDGE('',*,*,#1756,.T.);
#2310=ORIENTED_EDGE('',*,*,#1740,.F.);
#2311=ORIENTED_EDGE('',*,*,#1741,.F.);
#2312=ORIENTED_EDGE('',*,*,#1756,.F.);
#2313=ORIENTED_EDGE('',*,*,#1757,.T.);
#2314=ORIENTED_EDGE('',*,*,#1758,.F.);
#2315=ORIENTED_EDGE('',*,*,#1759,.T.);
#2316=ORIENTED_EDGE('',*,*,#1745,.F.);
#2317=ORIENTED_EDGE('',*,*,#1760,.F.);
#2318=ORIENTED_EDGE('',*,*,#1761,.T.);
#2319=ORIENTED_EDGE('',*,*,#1762,.T.);
#2320=ORIENTED_EDGE('',*,*,#1727,.T.);
#2321=ORIENTED_EDGE('',*,*,#1763,.T.);
#2322=ORIENTED_EDGE('',*,*,#1760,.T.);
#2323=ORIENTED_EDGE('',*,*,#1742,.F.);
#2324=ORIENTED_EDGE('',*,*,#1758,.T.);
#2325=ORIENTED_EDGE('',*,*,#1764,.T.);
#2326=ORIENTED_EDGE('',*,*,#1765,.T.);
#2327=ORIENTED_EDGE('',*,*,#1766,.T.);
#2328=ORIENTED_EDGE('',*,*,#1767,.T.);
#2329=ORIENTED_EDGE('',*,*,#1724,.T.);
#2330=ORIENTED_EDGE('',*,*,#1749,.T.);
#2331=ORIENTED_EDGE('',*,*,#1762,.F.);
#2332=ORIENTED_EDGE('',*,*,#1768,.F.);
#2333=ORIENTED_EDGE('',*,*,#1766,.F.);
#2334=ORIENTED_EDGE('',*,*,#1769,.T.);
#2335=ORIENTED_EDGE('',*,*,#1770,.F.);
#2336=ORIENTED_EDGE('',*,*,#1771,.T.);
#2337=ORIENTED_EDGE('',*,*,#1772,.T.);
#2338=ORIENTED_EDGE('',*,*,#1773,.T.);
#2339=ORIENTED_EDGE('',*,*,#1747,.F.);
#2340=ORIENTED_EDGE('',*,*,#1751,.F.);
#2341=ORIENTED_EDGE('',*,*,#1774,.T.);
#2342=ORIENTED_EDGE('',*,*,#1775,.F.);
#2343=ORIENTED_EDGE('',*,*,#1776,.F.);
#2344=ORIENTED_EDGE('',*,*,#1777,.T.);
#2345=ORIENTED_EDGE('',*,*,#1778,.F.);
#2346=ORIENTED_EDGE('',*,*,#1773,.F.);
#2347=ORIENTED_EDGE('',*,*,#1779,.T.);
#2348=ORIENTED_EDGE('',*,*,#1776,.T.);
#2349=ORIENTED_EDGE('',*,*,#1780,.F.);
#2350=ORIENTED_EDGE('',*,*,#1781,.F.);
#2351=ORIENTED_EDGE('',*,*,#1782,.T.);
#2352=ORIENTED_EDGE('',*,*,#1783,.T.);
#2353=ORIENTED_EDGE('',*,*,#1784,.F.);
#2354=ORIENTED_EDGE('',*,*,#1754,.F.);
#2355=ORIENTED_EDGE('',*,*,#1785,.T.);
#2356=ORIENTED_EDGE('',*,*,#1781,.T.);
#2357=ORIENTED_EDGE('',*,*,#1752,.F.);
#2358=ORIENTED_EDGE('',*,*,#1722,.F.);
#2359=ORIENTED_EDGE('',*,*,#1786,.T.);
#2360=ORIENTED_EDGE('',*,*,#1774,.F.);
#2361=ORIENTED_EDGE('',*,*,#1787,.F.);
#2362=ORIENTED_EDGE('',*,*,#1788,.F.);
#2363=ORIENTED_EDGE('',*,*,#1789,.F.);
#2364=ORIENTED_EDGE('',*,*,#1790,.T.);
#2365=ORIENTED_EDGE('',*,*,#1791,.T.);
#2366=ORIENTED_EDGE('',*,*,#1792,.F.);
#2367=ORIENTED_EDGE('',*,*,#1788,.T.);
#2368=ORIENTED_EDGE('',*,*,#1793,.T.);
#2369=ORIENTED_EDGE('',*,*,#1794,.F.);
#2370=ORIENTED_EDGE('',*,*,#1795,.F.);
#2371=ORIENTED_EDGE('',*,*,#1787,.T.);
#2372=ORIENTED_EDGE('',*,*,#1796,.F.);
#2373=ORIENTED_EDGE('',*,*,#1797,.F.);
#2374=ORIENTED_EDGE('',*,*,#1798,.F.);
#2375=ORIENTED_EDGE('',*,*,#1714,.T.);
#2376=ORIENTED_EDGE('',*,*,#1711,.T.);
#2377=ORIENTED_EDGE('',*,*,#1695,.F.);
#2378=ORIENTED_EDGE('',*,*,#1702,.T.);
#2379=ORIENTED_EDGE('',*,*,#1704,.T.);
#2380=ORIENTED_EDGE('',*,*,#1799,.T.);
#2381=ORIENTED_EDGE('',*,*,#1800,.F.);
#2382=ORIENTED_EDGE('',*,*,#1793,.F.);
#2383=ORIENTED_EDGE('',*,*,#1799,.F.);
#2384=ORIENTED_EDGE('',*,*,#1706,.F.);
#2385=ORIENTED_EDGE('',*,*,#1801,.T.);
#2386=ORIENTED_EDGE('',*,*,#1802,.T.);
#2387=ORIENTED_EDGE('',*,*,#1800,.T.);
#2388=ORIENTED_EDGE('',*,*,#1802,.F.);
#2389=ORIENTED_EDGE('',*,*,#1803,.F.);
#2390=ORIENTED_EDGE('',*,*,#1794,.T.);
#2391=ORIENTED_EDGE('',*,*,#1791,.F.);
#2392=ORIENTED_EDGE('',*,*,#1804,.F.);
#2393=ORIENTED_EDGE('',*,*,#1805,.F.);
#2394=ORIENTED_EDGE('',*,*,#1806,.F.);
#2395=ORIENTED_EDGE('',*,*,#1805,.T.);
#2396=ORIENTED_EDGE('',*,*,#1807,.F.);
#2397=ORIENTED_EDGE('',*,*,#1808,.T.);
#2398=ORIENTED_EDGE('',*,*,#1796,.T.);
#2399=ORIENTED_EDGE('',*,*,#1790,.F.);
#2400=ORIENTED_EDGE('',*,*,#1809,.F.);
#2401=ORIENTED_EDGE('',*,*,#1797,.T.);
#2402=ORIENTED_EDGE('',*,*,#1808,.F.);
#2403=ORIENTED_EDGE('',*,*,#1810,.F.);
#2404=ORIENTED_EDGE('',*,*,#1811,.T.);
#2405=ORIENTED_EDGE('',*,*,#1798,.T.);
#2406=ORIENTED_EDGE('',*,*,#1811,.F.);
#2407=ORIENTED_EDGE('',*,*,#1812,.F.);
#2408=ORIENTED_EDGE('',*,*,#1715,.T.);
#2409=ORIENTED_EDGE('',*,*,#1813,.T.);
#2410=ORIENTED_EDGE('',*,*,#1782,.F.);
#2411=ORIENTED_EDGE('',*,*,#1785,.F.);
#2412=ORIENTED_EDGE('',*,*,#1753,.F.);
#2413=ORIENTED_EDGE('',*,*,#1746,.F.);
#2414=ORIENTED_EDGE('',*,*,#1759,.F.);
#2415=ORIENTED_EDGE('',*,*,#1769,.F.);
#2416=ORIENTED_EDGE('',*,*,#1765,.F.);
#2417=ORIENTED_EDGE('',*,*,#1748,.F.);
#2418=ORIENTED_EDGE('',*,*,#1777,.F.);
#2419=ORIENTED_EDGE('',*,*,#1779,.F.);
#2420=ORIENTED_EDGE('',*,*,#1772,.F.);
#2421=ORIENTED_EDGE('',*,*,#1814,.F.);
#2422=ORIENTED_EDGE('',*,*,#1815,.T.);
#2423=ORIENTED_EDGE('',*,*,#1816,.T.);
#2424=ORIENTED_EDGE('',*,*,#1817,.T.);
#2425=ORIENTED_EDGE('',*,*,#1818,.T.);
#2426=ORIENTED_EDGE('',*,*,#1819,.T.);
#2427=ORIENTED_EDGE('',*,*,#1820,.T.);
#2428=ORIENTED_EDGE('',*,*,#1821,.T.);
#2429=ORIENTED_EDGE('',*,*,#1822,.T.);
#2430=ORIENTED_EDGE('',*,*,#1823,.T.);
#2431=ORIENTED_EDGE('',*,*,#1824,.T.);
#2432=ORIENTED_EDGE('',*,*,#1825,.T.);
#2433=ORIENTED_EDGE('',*,*,#1812,.T.);
#2434=ORIENTED_EDGE('',*,*,#1810,.T.);
#2435=ORIENTED_EDGE('',*,*,#1807,.T.);
#2436=ORIENTED_EDGE('',*,*,#1804,.T.);
#2437=ORIENTED_EDGE('',*,*,#1795,.T.);
#2438=ORIENTED_EDGE('',*,*,#1803,.T.);
#2439=ORIENTED_EDGE('',*,*,#1801,.F.);
#2440=ORIENTED_EDGE('',*,*,#1705,.F.);
#2441=ORIENTED_EDGE('',*,*,#1700,.F.);
#2442=ORIENTED_EDGE('',*,*,#1709,.F.);
#2443=ORIENTED_EDGE('',*,*,#1713,.F.);
#2444=ORIENTED_EDGE('',*,*,#1716,.F.);
#2445=ORIENTED_EDGE('',*,*,#1826,.T.);
#2446=ORIENTED_EDGE('',*,*,#1827,.T.);
#2447=ORIENTED_EDGE('',*,*,#1828,.T.);
#2448=ORIENTED_EDGE('',*,*,#1829,.T.);
#2449=ORIENTED_EDGE('',*,*,#1829,.F.);
#2450=ORIENTED_EDGE('',*,*,#1830,.F.);
#2451=ORIENTED_EDGE('',*,*,#1831,.T.);
#2452=ORIENTED_EDGE('',*,*,#1832,.T.);
#2453=ORIENTED_EDGE('',*,*,#1833,.F.);
#2454=ORIENTED_EDGE('',*,*,#1834,.F.);
#2455=ORIENTED_EDGE('',*,*,#1835,.F.);
#2456=ORIENTED_EDGE('',*,*,#1836,.F.);
#2457=ORIENTED_EDGE('',*,*,#1837,.T.);
#2458=ORIENTED_EDGE('',*,*,#1838,.T.);
#2459=ORIENTED_EDGE('',*,*,#1839,.F.);
#2460=ORIENTED_EDGE('',*,*,#1840,.T.);
#2461=ORIENTED_EDGE('',*,*,#1830,.T.);
#2462=ORIENTED_EDGE('',*,*,#1828,.F.);
#2463=ORIENTED_EDGE('',*,*,#1841,.F.);
#2464=ORIENTED_EDGE('',*,*,#1719,.T.);
#2465=ORIENTED_EDGE('',*,*,#1725,.F.);
#2466=ORIENTED_EDGE('',*,*,#1767,.F.);
#2467=ORIENTED_EDGE('',*,*,#1768,.T.);
#2468=ORIENTED_EDGE('',*,*,#1761,.F.);
#2469=ORIENTED_EDGE('',*,*,#1763,.F.);
#2470=ORIENTED_EDGE('',*,*,#1726,.T.);
#2471=ORIENTED_EDGE('',*,*,#1707,.F.);
#2472=ORIENTED_EDGE('',*,*,#1703,.F.);
#2473=ORIENTED_EDGE('',*,*,#1697,.F.);
#2474=ORIENTED_EDGE('',*,*,#1710,.F.);
#2475=ORIENTED_EDGE('',*,*,#1806,.T.);
#2476=ORIENTED_EDGE('',*,*,#1809,.T.);
#2477=ORIENTED_EDGE('',*,*,#1789,.T.);
#2478=ORIENTED_EDGE('',*,*,#1792,.T.);
#2479=ORIENTED_EDGE('',*,*,#1842,.F.);
#2480=ORIENTED_EDGE('',*,*,#1736,.T.);
#2481=ORIENTED_EDGE('',*,*,#1738,.F.);
#2482=ORIENTED_EDGE('',*,*,#1732,.T.);
#2483=ORIENTED_EDGE('',*,*,#1843,.T.);
#2484=ORIENTED_EDGE('',*,*,#1844,.F.);
#2485=ORIENTED_EDGE('',*,*,#1845,.T.);
#2486=ORIENTED_EDGE('',*,*,#1846,.F.);
#2487=ORIENTED_EDGE('',*,*,#1836,.T.);
#2488=ORIENTED_EDGE('',*,*,#1847,.T.);
#2489=ORIENTED_EDGE('',*,*,#1848,.T.);
#2490=ORIENTED_EDGE('',*,*,#1849,.T.);
#2491=ORIENTED_EDGE('',*,*,#1847,.F.);
#2492=ORIENTED_EDGE('',*,*,#1835,.T.);
#2493=ORIENTED_EDGE('',*,*,#1729,.T.);
#2494=ORIENTED_EDGE('',*,*,#1850,.F.);
#2495=ORIENTED_EDGE('',*,*,#1851,.F.);
#2496=ORIENTED_EDGE('',*,*,#1852,.T.);
#2497=ORIENTED_EDGE('',*,*,#1844,.T.);
#2498=ORIENTED_EDGE('',*,*,#1853,.T.);
#2499=ORIENTED_EDGE('',*,*,#1853,.F.);
#2500=ORIENTED_EDGE('',*,*,#1843,.F.);
#2501=ORIENTED_EDGE('',*,*,#1731,.T.);
#2502=ORIENTED_EDGE('',*,*,#1854,.T.);
#2503=ORIENTED_EDGE('',*,*,#1855,.F.);
#2504=ORIENTED_EDGE('',*,*,#1856,.T.);
#2505=ORIENTED_EDGE('',*,*,#1846,.T.);
#2506=ORIENTED_EDGE('',*,*,#1857,.T.);
#2507=ORIENTED_EDGE('',*,*,#1852,.F.);
#2508=ORIENTED_EDGE('',*,*,#1858,.T.);
#2509=ORIENTED_EDGE('',*,*,#1857,.F.);
#2510=ORIENTED_EDGE('',*,*,#1845,.F.);
#2511=ORIENTED_EDGE('',*,*,#1856,.F.);
#2512=ORIENTED_EDGE('',*,*,#1859,.F.);
#2513=ORIENTED_EDGE('',*,*,#1737,.T.);
#2514=ORIENTED_EDGE('',*,*,#1842,.T.);
#2515=ORIENTED_EDGE('',*,*,#1851,.T.);
#2516=ORIENTED_EDGE('',*,*,#1854,.F.);
#2517=ORIENTED_EDGE('',*,*,#1730,.F.);
#2518=ORIENTED_EDGE('',*,*,#1739,.T.);
#2519=ORIENTED_EDGE('',*,*,#1734,.F.);
#2520=ORIENTED_EDGE('',*,*,#1859,.T.);
#2521=ORIENTED_EDGE('',*,*,#1855,.T.);
#2522=ORIENTED_EDGE('',*,*,#1858,.F.);
#2523=ORIENTED_EDGE('',*,*,#1617,.T.);
#2524=ORIENTED_EDGE('',*,*,#1621,.T.);
#2525=ORIENTED_EDGE('',*,*,#1624,.T.);
#2526=ORIENTED_EDGE('',*,*,#1627,.T.);
#2527=ORIENTED_EDGE('',*,*,#1630,.T.);
#2528=ORIENTED_EDGE('',*,*,#1633,.T.);
#2529=ORIENTED_EDGE('',*,*,#1635,.T.);
#2530=ORIENTED_EDGE('',*,*,#1639,.T.);
#2531=ORIENTED_EDGE('',*,*,#1642,.T.);
#2532=ORIENTED_EDGE('',*,*,#1645,.T.);
#2533=ORIENTED_EDGE('',*,*,#1648,.T.);
#2534=ORIENTED_EDGE('',*,*,#1651,.T.);
#2535=ORIENTED_EDGE('',*,*,#1654,.T.);
#2536=ORIENTED_EDGE('',*,*,#1657,.T.);
#2537=ORIENTED_EDGE('',*,*,#1660,.T.);
#2538=ORIENTED_EDGE('',*,*,#1663,.T.);
#2539=ORIENTED_EDGE('',*,*,#1666,.T.);
#2540=ORIENTED_EDGE('',*,*,#1669,.T.);
#2541=ORIENTED_EDGE('',*,*,#1672,.T.);
#2542=ORIENTED_EDGE('',*,*,#1675,.T.);
#2543=ORIENTED_EDGE('',*,*,#1678,.T.);
#2544=ORIENTED_EDGE('',*,*,#1681,.T.);
#2545=ORIENTED_EDGE('',*,*,#1684,.T.);
#2546=ORIENTED_EDGE('',*,*,#1687,.T.);
#2547=ORIENTED_EDGE('',*,*,#1690,.T.);
#2548=ORIENTED_EDGE('',*,*,#1693,.T.);
#2549=ORIENTED_EDGE('',*,*,#1860,.F.);
#2550=ORIENTED_EDGE('',*,*,#1861,.F.);
#2551=ORIENTED_EDGE('',*,*,#1862,.F.);
#2552=ORIENTED_EDGE('',*,*,#1863,.F.);
#2553=ORIENTED_EDGE('',*,*,#1864,.F.);
#2554=ORIENTED_EDGE('',*,*,#1822,.F.);
#2555=ORIENTED_EDGE('',*,*,#1865,.F.);
#2556=ORIENTED_EDGE('',*,*,#1861,.T.);
#2557=ORIENTED_EDGE('',*,*,#1866,.F.);
#2558=ORIENTED_EDGE('',*,*,#1867,.F.);
#2559=ORIENTED_EDGE('',*,*,#1868,.T.);
#2560=ORIENTED_EDGE('',*,*,#1818,.F.);
#2561=ORIENTED_EDGE('',*,*,#1869,.F.);
#2562=ORIENTED_EDGE('',*,*,#1870,.F.);
#2563=ORIENTED_EDGE('',*,*,#1832,.F.);
#2564=ORIENTED_EDGE('',*,*,#1867,.T.);
#2565=ORIENTED_EDGE('',*,*,#1864,.T.);
#2566=ORIENTED_EDGE('',*,*,#1860,.T.);
#2567=ORIENTED_EDGE('',*,*,#1871,.F.);
#2568=ORIENTED_EDGE('',*,*,#1872,.T.);
#2569=ORIENTED_EDGE('',*,*,#1873,.F.);
#2570=ORIENTED_EDGE('',*,*,#1823,.F.);
#2571=ORIENTED_EDGE('',*,*,#1863,.T.);
#2572=ORIENTED_EDGE('',*,*,#1874,.T.);
#2573=ORIENTED_EDGE('',*,*,#1875,.F.);
#2574=ORIENTED_EDGE('',*,*,#1871,.T.);
#2575=ORIENTED_EDGE('',*,*,#1821,.F.);
#2576=ORIENTED_EDGE('',*,*,#1876,.F.);
#2577=ORIENTED_EDGE('',*,*,#1838,.F.);
#2578=ORIENTED_EDGE('',*,*,#1877,.T.);
#2579=ORIENTED_EDGE('',*,*,#1865,.T.);
#2580=ORIENTED_EDGE('',*,*,#1849,.F.);
#2581=ORIENTED_EDGE('',*,*,#1878,.F.);
#2582=ORIENTED_EDGE('',*,*,#1874,.F.);
#2583=ORIENTED_EDGE('',*,*,#1862,.T.);
#2584=ORIENTED_EDGE('',*,*,#1877,.F.);
#2585=ORIENTED_EDGE('',*,*,#1837,.F.);
#2586=ORIENTED_EDGE('',*,*,#1819,.F.);
#2587=ORIENTED_EDGE('',*,*,#1868,.F.);
#2588=ORIENTED_EDGE('',*,*,#1831,.F.);
#2589=ORIENTED_EDGE('',*,*,#1840,.F.);
#2590=ORIENTED_EDGE('',*,*,#1879,.F.);
#2591=ORIENTED_EDGE('',*,*,#1848,.F.);
#2592=ORIENTED_EDGE('',*,*,#1850,.T.);
#2593=ORIENTED_EDGE('',*,*,#1728,.T.);
#2594=ORIENTED_EDGE('',*,*,#1764,.F.);
#2595=ORIENTED_EDGE('',*,*,#1757,.F.);
#2596=ORIENTED_EDGE('',*,*,#1755,.T.);
#2597=ORIENTED_EDGE('',*,*,#1784,.T.);
#2598=ORIENTED_EDGE('',*,*,#1780,.T.);
#2599=ORIENTED_EDGE('',*,*,#1880,.F.);
#2600=ORIENTED_EDGE('',*,*,#1881,.F.);
#2601=ORIENTED_EDGE('',*,*,#1882,.F.);
#2602=ORIENTED_EDGE('',*,*,#1872,.F.);
#2603=ORIENTED_EDGE('',*,*,#1875,.T.);
#2604=ORIENTED_EDGE('',*,*,#1878,.T.);
#2605=ORIENTED_EDGE('',*,*,#1876,.T.);
#2606=ORIENTED_EDGE('',*,*,#1820,.F.);
#2607=ORIENTED_EDGE('',*,*,#1879,.T.);
#2608=ORIENTED_EDGE('',*,*,#1839,.T.);
#2609=ORIENTED_EDGE('',*,*,#1827,.F.);
#2610=ORIENTED_EDGE('',*,*,#1883,.F.);
#2611=ORIENTED_EDGE('',*,*,#1720,.T.);
#2612=ORIENTED_EDGE('',*,*,#1841,.T.);
#2613=ORIENTED_EDGE('',*,*,#1826,.F.);
#2614=ORIENTED_EDGE('',*,*,#1834,.T.);
#2615=ORIENTED_EDGE('',*,*,#1884,.T.);
#2616=ORIENTED_EDGE('',*,*,#1885,.F.);
#2617=ORIENTED_EDGE('',*,*,#1886,.F.);
#2618=ORIENTED_EDGE('',*,*,#1887,.F.);
#2619=ORIENTED_EDGE('',*,*,#1888,.T.);
#2620=ORIENTED_EDGE('',*,*,#1770,.T.);
#2621=ORIENTED_EDGE('',*,*,#1778,.T.);
#2622=ORIENTED_EDGE('',*,*,#1775,.T.);
#2623=ORIENTED_EDGE('',*,*,#1786,.F.);
#2624=ORIENTED_EDGE('',*,*,#1721,.F.);
#2625=ORIENTED_EDGE('',*,*,#1717,.T.);
#2626=ORIENTED_EDGE('',*,*,#1883,.T.);
#2627=ORIENTED_EDGE('',*,*,#1887,.T.);
#2628=ORIENTED_EDGE('',*,*,#1889,.F.);
#2629=ORIENTED_EDGE('',*,*,#1815,.F.);
#2630=ORIENTED_EDGE('',*,*,#1890,.F.);
#2631=ORIENTED_EDGE('',*,*,#1866,.T.);
#2632=ORIENTED_EDGE('',*,*,#1817,.F.);
#2633=ORIENTED_EDGE('',*,*,#1891,.T.);
#2634=ORIENTED_EDGE('',*,*,#1885,.T.);
#2635=ORIENTED_EDGE('',*,*,#1892,.F.);
#2636=ORIENTED_EDGE('',*,*,#1869,.T.);
#2637=ORIENTED_EDGE('',*,*,#1886,.T.);
#2638=ORIENTED_EDGE('',*,*,#1891,.F.);
#2639=ORIENTED_EDGE('',*,*,#1816,.F.);
#2640=ORIENTED_EDGE('',*,*,#1889,.T.);
#2641=ORIENTED_EDGE('',*,*,#1881,.T.);
#2642=ORIENTED_EDGE('',*,*,#1893,.F.);
#2643=ORIENTED_EDGE('',*,*,#1825,.F.);
#2644=ORIENTED_EDGE('',*,*,#1894,.T.);
#2645=ORIENTED_EDGE('',*,*,#1882,.T.);
#2646=ORIENTED_EDGE('',*,*,#1894,.F.);
#2647=ORIENTED_EDGE('',*,*,#1824,.F.);
#2648=ORIENTED_EDGE('',*,*,#1873,.T.);
#2649=ORIENTED_EDGE('',*,*,#1890,.T.);
#2650=ORIENTED_EDGE('',*,*,#1814,.T.);
#2651=ORIENTED_EDGE('',*,*,#1771,.F.);
#2652=ORIENTED_EDGE('',*,*,#1888,.F.);
#2653=ORIENTED_EDGE('',*,*,#1870,.T.);
#2654=ORIENTED_EDGE('',*,*,#1892,.T.);
#2655=ORIENTED_EDGE('',*,*,#1884,.F.);
#2656=ORIENTED_EDGE('',*,*,#1833,.T.);
#2657=ORIENTED_EDGE('',*,*,#1893,.T.);
#2658=ORIENTED_EDGE('',*,*,#1880,.T.);
#2659=ORIENTED_EDGE('',*,*,#1783,.F.);
#2660=ORIENTED_EDGE('',*,*,#1813,.F.);
#2661=ORIENTED_EDGE('',*,*,#1895,.F.);
#2662=ORIENTED_EDGE('',*,*,#1896,.T.);
#2663=ORIENTED_EDGE('',*,*,#1897,.T.);
#2664=ORIENTED_EDGE('',*,*,#1898,.T.);
#2665=ORIENTED_EDGE('',*,*,#1899,.T.);
#2666=ORIENTED_EDGE('',*,*,#1900,.T.);
#2667=ORIENTED_EDGE('',*,*,#1901,.T.);
#2668=ORIENTED_EDGE('',*,*,#1902,.T.);
#2669=ORIENTED_EDGE('',*,*,#1903,.F.);
#2670=ORIENTED_EDGE('',*,*,#1904,.F.);
#2671=ORIENTED_EDGE('',*,*,#1905,.F.);
#2672=ORIENTED_EDGE('',*,*,#1906,.F.);
#2673=ORIENTED_EDGE('',*,*,#1904,.T.);
#2674=ORIENTED_EDGE('',*,*,#1907,.T.);
#2675=ORIENTED_EDGE('',*,*,#1908,.T.);
#2676=ORIENTED_EDGE('',*,*,#1909,.F.);
#2677=ORIENTED_EDGE('',*,*,#1910,.F.);
#2678=ORIENTED_EDGE('',*,*,#1911,.F.);
#2679=ORIENTED_EDGE('',*,*,#1912,.F.);
#2680=ORIENTED_EDGE('',*,*,#1908,.F.);
#2681=ORIENTED_EDGE('',*,*,#1911,.T.);
#2682=ORIENTED_EDGE('',*,*,#1913,.T.);
#2683=ORIENTED_EDGE('',*,*,#1914,.T.);
#2684=ORIENTED_EDGE('',*,*,#1915,.F.);
#2685=ORIENTED_EDGE('',*,*,#1916,.F.);
#2686=ORIENTED_EDGE('',*,*,#1917,.F.);
#2687=ORIENTED_EDGE('',*,*,#1918,.F.);
#2688=ORIENTED_EDGE('',*,*,#1914,.F.);
#2689=ORIENTED_EDGE('',*,*,#1917,.T.);
#2690=ORIENTED_EDGE('',*,*,#1919,.T.);
#2691=ORIENTED_EDGE('',*,*,#1920,.T.);
#2692=ORIENTED_EDGE('',*,*,#1921,.F.);
#2693=ORIENTED_EDGE('',*,*,#1922,.F.);
#2694=ORIENTED_EDGE('',*,*,#1923,.F.);
#2695=ORIENTED_EDGE('',*,*,#1924,.F.);
#2696=ORIENTED_EDGE('',*,*,#1925,.F.);
#2697=ORIENTED_EDGE('',*,*,#1906,.T.);
#2698=ORIENTED_EDGE('',*,*,#1926,.T.);
#2699=ORIENTED_EDGE('',*,*,#1923,.T.);
#2700=ORIENTED_EDGE('',*,*,#1927,.T.);
#2701=ORIENTED_EDGE('',*,*,#1928,.F.);
#2702=ORIENTED_EDGE('',*,*,#1929,.F.);
#2703=ORIENTED_EDGE('',*,*,#1930,.F.);
#2704=ORIENTED_EDGE('',*,*,#1897,.F.);
#2705=ORIENTED_EDGE('',*,*,#1929,.T.);
#2706=ORIENTED_EDGE('',*,*,#1931,.T.);
#2707=ORIENTED_EDGE('',*,*,#1932,.F.);
#2708=ORIENTED_EDGE('',*,*,#1933,.T.);
#2709=ORIENTED_EDGE('',*,*,#1934,.F.);
#2710=ORIENTED_EDGE('',*,*,#1935,.F.);
#2711=ORIENTED_EDGE('',*,*,#1936,.F.);
#2712=ORIENTED_EDGE('',*,*,#1937,.F.);
#2713=ORIENTED_EDGE('',*,*,#1937,.T.);
#2714=ORIENTED_EDGE('',*,*,#1938,.F.);
#2715=ORIENTED_EDGE('',*,*,#1939,.T.);
#2716=ORIENTED_EDGE('',*,*,#1940,.T.);
#2717=ORIENTED_EDGE('',*,*,#1941,.F.);
#2718=ORIENTED_EDGE('',*,*,#1920,.F.);
#2719=ORIENTED_EDGE('',*,*,#1942,.F.);
#2720=ORIENTED_EDGE('',*,*,#1939,.F.);
#2721=ORIENTED_EDGE('',*,*,#1943,.F.);
#2722=ORIENTED_EDGE('',*,*,#1944,.F.);
#2723=ORIENTED_EDGE('',*,*,#1945,.F.);
#2724=ORIENTED_EDGE('',*,*,#1946,.F.);
#2725=ORIENTED_EDGE('',*,*,#1944,.T.);
#2726=ORIENTED_EDGE('',*,*,#1947,.T.);
#2727=ORIENTED_EDGE('',*,*,#1901,.F.);
#2728=ORIENTED_EDGE('',*,*,#1948,.T.);
#2729=ORIENTED_EDGE('',*,*,#1949,.F.);
#2730=ORIENTED_EDGE('',*,*,#1950,.F.);
#2731=ORIENTED_EDGE('',*,*,#1951,.F.);
#2732=ORIENTED_EDGE('',*,*,#1952,.F.);
#2733=ORIENTED_EDGE('',*,*,#1925,.T.);
#2734=ORIENTED_EDGE('',*,*,#1953,.F.);
#2735=ORIENTED_EDGE('',*,*,#1950,.T.);
#2736=ORIENTED_EDGE('',*,*,#1954,.T.);
#2737=ORIENTED_EDGE('',*,*,#1955,.F.);
#2738=ORIENTED_EDGE('',*,*,#1956,.F.);
#2739=ORIENTED_EDGE('',*,*,#1957,.F.);
#2740=ORIENTED_EDGE('',*,*,#1958,.F.);
#2741=ORIENTED_EDGE('',*,*,#1956,.T.);
#2742=ORIENTED_EDGE('',*,*,#1959,.T.);
#2743=ORIENTED_EDGE('',*,*,#1960,.T.);
#2744=ORIENTED_EDGE('',*,*,#1961,.F.);
#2745=ORIENTED_EDGE('',*,*,#1962,.F.);
#2746=ORIENTED_EDGE('',*,*,#1963,.F.);
#2747=ORIENTED_EDGE('',*,*,#1964,.F.);
#2748=ORIENTED_EDGE('',*,*,#1960,.F.);
#2749=ORIENTED_EDGE('',*,*,#1952,.T.);
#2750=ORIENTED_EDGE('',*,*,#1965,.F.);
#2751=ORIENTED_EDGE('',*,*,#1966,.T.);
#2752=ORIENTED_EDGE('',*,*,#1967,.T.);
#2753=ORIENTED_EDGE('',*,*,#1963,.T.);
#2754=ORIENTED_EDGE('',*,*,#1968,.T.);
#2755=ORIENTED_EDGE('',*,*,#1966,.F.);
#2756=ORIENTED_EDGE('',*,*,#1969,.F.);
#2757=ORIENTED_EDGE('',*,*,#1958,.T.);
#2758=ORIENTED_EDGE('',*,*,#1970,.F.);
#2759=ORIENTED_EDGE('',*,*,#1932,.T.);
#2760=ORIENTED_EDGE('',*,*,#1971,.T.);
#2761=ORIENTED_EDGE('',*,*,#1935,.T.);
#2762=ORIENTED_EDGE('',*,*,#1972,.T.);
#2763=ORIENTED_EDGE('',*,*,#1946,.T.);
#2764=ORIENTED_EDGE('',*,*,#1973,.T.);
#2765=ORIENTED_EDGE('',*,*,#1974,.T.);
#2766=ORIENTED_EDGE('',*,*,#1975,.T.);
#2767=ORIENTED_EDGE('',*,*,#1976,.T.);
#2768=ORIENTED_EDGE('',*,*,#1977,.T.);
#2769=ORIENTED_EDGE('',*,*,#1975,.F.);
#2770=ORIENTED_EDGE('',*,*,#1978,.F.);
#2771=ORIENTED_EDGE('',*,*,#1979,.F.);
#2772=ORIENTED_EDGE('',*,*,#1980,.T.);
#2773=ORIENTED_EDGE('',*,*,#1981,.T.);
#2774=ORIENTED_EDGE('',*,*,#1982,.T.);
#2775=ORIENTED_EDGE('',*,*,#1983,.T.);
#2776=ORIENTED_EDGE('',*,*,#1979,.T.);
#2777=ORIENTED_EDGE('',*,*,#1982,.F.);
#2778=ORIENTED_EDGE('',*,*,#1984,.F.);
#2779=ORIENTED_EDGE('',*,*,#1895,.T.);
#2780=ORIENTED_EDGE('',*,*,#1985,.T.);
#2781=ORIENTED_EDGE('',*,*,#1986,.T.);
#2782=ORIENTED_EDGE('',*,*,#1987,.T.);
#2783=ORIENTED_EDGE('',*,*,#1988,.T.);
#2784=ORIENTED_EDGE('',*,*,#1989,.T.);
#2785=ORIENTED_EDGE('',*,*,#1990,.T.);
#2786=ORIENTED_EDGE('',*,*,#1991,.T.);
#2787=ORIENTED_EDGE('',*,*,#1992,.T.);
#2788=ORIENTED_EDGE('',*,*,#1993,.T.);
#2789=ORIENTED_EDGE('',*,*,#1991,.F.);
#2790=ORIENTED_EDGE('',*,*,#1994,.T.);
#2791=ORIENTED_EDGE('',*,*,#1899,.F.);
#2792=ORIENTED_EDGE('',*,*,#1995,.F.);
#2793=ORIENTED_EDGE('',*,*,#1987,.F.);
#2794=ORIENTED_EDGE('',*,*,#1996,.T.);
#2795=ORIENTED_EDGE('',*,*,#1993,.F.);
#2796=ORIENTED_EDGE('',*,*,#1997,.F.);
#2797=ORIENTED_EDGE('',*,*,#1998,.T.);
#2798=ORIENTED_EDGE('',*,*,#1999,.T.);
#2799=ORIENTED_EDGE('',*,*,#2000,.T.);
#2800=ORIENTED_EDGE('',*,*,#2001,.T.);
#2801=ORIENTED_EDGE('',*,*,#1999,.F.);
#2802=ORIENTED_EDGE('',*,*,#2002,.F.);
#2803=ORIENTED_EDGE('',*,*,#2003,.F.);
#2804=ORIENTED_EDGE('',*,*,#2004,.T.);
#2805=ORIENTED_EDGE('',*,*,#2005,.T.);
#2806=ORIENTED_EDGE('',*,*,#2006,.T.);
#2807=ORIENTED_EDGE('',*,*,#2007,.T.);
#2808=ORIENTED_EDGE('',*,*,#2003,.T.);
#2809=ORIENTED_EDGE('',*,*,#2006,.F.);
#2810=ORIENTED_EDGE('',*,*,#2008,.F.);
#2811=ORIENTED_EDGE('',*,*,#2009,.F.);
#2812=ORIENTED_EDGE('',*,*,#2010,.T.);
#2813=ORIENTED_EDGE('',*,*,#2011,.T.);
#2814=ORIENTED_EDGE('',*,*,#2012,.T.);
#2815=ORIENTED_EDGE('',*,*,#2013,.T.);
#2816=ORIENTED_EDGE('',*,*,#2014,.T.);
#2817=ORIENTED_EDGE('',*,*,#2014,.F.);
#2818=ORIENTED_EDGE('',*,*,#2015,.F.);
#2819=ORIENTED_EDGE('',*,*,#1977,.F.);
#2820=ORIENTED_EDGE('',*,*,#2016,.T.);
#2821=ORIENTED_EDGE('',*,*,#2017,.T.);
#2822=ORIENTED_EDGE('',*,*,#2018,.T.);
#2823=ORIENTED_EDGE('',*,*,#2019,.T.);
#2824=ORIENTED_EDGE('',*,*,#2020,.T.);
#2825=ORIENTED_EDGE('',*,*,#2018,.F.);
#2826=ORIENTED_EDGE('',*,*,#2021,.T.);
#2827=ORIENTED_EDGE('',*,*,#2022,.F.);
#2828=ORIENTED_EDGE('',*,*,#2023,.F.);
#2829=ORIENTED_EDGE('',*,*,#2001,.F.);
#2830=ORIENTED_EDGE('',*,*,#2024,.T.);
#2831=ORIENTED_EDGE('',*,*,#1989,.F.);
#2832=ORIENTED_EDGE('',*,*,#2025,.F.);
#2833=ORIENTED_EDGE('',*,*,#2012,.F.);
#2834=ORIENTED_EDGE('',*,*,#2026,.T.);
#2835=ORIENTED_EDGE('',*,*,#2020,.F.);
#2836=ORIENTED_EDGE('',*,*,#2027,.F.);
#2837=ORIENTED_EDGE('',*,*,#2009,.T.);
#2838=ORIENTED_EDGE('',*,*,#2028,.F.);
#2839=ORIENTED_EDGE('',*,*,#2029,.F.);
#2840=ORIENTED_EDGE('',*,*,#2030,.F.);
#2841=ORIENTED_EDGE('',*,*,#2022,.T.);
#2842=ORIENTED_EDGE('',*,*,#2031,.F.);
#2843=ORIENTED_EDGE('',*,*,#2032,.F.);
#2844=ORIENTED_EDGE('',*,*,#2033,.F.);
#2845=ORIENTED_EDGE('',*,*,#2034,.T.);
#2846=ORIENTED_EDGE('',*,*,#2035,.T.);
#2847=ORIENTED_EDGE('',*,*,#2036,.T.);
#2848=ORIENTED_EDGE('',*,*,#2037,.T.);
#2849=ORIENTED_EDGE('',*,*,#2037,.F.);
#2850=ORIENTED_EDGE('',*,*,#2038,.T.);
#2851=ORIENTED_EDGE('',*,*,#2039,.F.);
#2852=ORIENTED_EDGE('',*,*,#2040,.F.);
#2853=ORIENTED_EDGE('',*,*,#2036,.F.);
#2854=ORIENTED_EDGE('',*,*,#2041,.T.);
#2855=ORIENTED_EDGE('',*,*,#2042,.F.);
#2856=ORIENTED_EDGE('',*,*,#2043,.F.);
#2857=ORIENTED_EDGE('',*,*,#2044,.F.);
#2858=ORIENTED_EDGE('',*,*,#2045,.F.);
#2859=ORIENTED_EDGE('',*,*,#2046,.F.);
#2860=ORIENTED_EDGE('',*,*,#2047,.F.);
#2861=ORIENTED_EDGE('',*,*,#2048,.F.);
#2862=ORIENTED_EDGE('',*,*,#2049,.F.);
#2863=ORIENTED_EDGE('',*,*,#2050,.F.);
#2864=ORIENTED_EDGE('',*,*,#2051,.T.);
#2865=ORIENTED_EDGE('',*,*,#2052,.F.);
#2866=ORIENTED_EDGE('',*,*,#2031,.T.);
#2867=ORIENTED_EDGE('',*,*,#2021,.F.);
#2868=ORIENTED_EDGE('',*,*,#2017,.F.);
#2869=ORIENTED_EDGE('',*,*,#2026,.F.);
#2870=ORIENTED_EDGE('',*,*,#2011,.F.);
#2871=ORIENTED_EDGE('',*,*,#2016,.F.);
#2872=ORIENTED_EDGE('',*,*,#1976,.F.);
#2873=ORIENTED_EDGE('',*,*,#1980,.F.);
#2874=ORIENTED_EDGE('',*,*,#1983,.F.);
#2875=ORIENTED_EDGE('',*,*,#1985,.F.);
#2876=ORIENTED_EDGE('',*,*,#1898,.F.);
#2877=ORIENTED_EDGE('',*,*,#1930,.T.);
#2878=ORIENTED_EDGE('',*,*,#1933,.F.);
#2879=ORIENTED_EDGE('',*,*,#1970,.T.);
#2880=ORIENTED_EDGE('',*,*,#1957,.T.);
#2881=ORIENTED_EDGE('',*,*,#1961,.T.);
#2882=ORIENTED_EDGE('',*,*,#1964,.T.);
#2883=ORIENTED_EDGE('',*,*,#1969,.T.);
#2884=ORIENTED_EDGE('',*,*,#1965,.T.);
#2885=ORIENTED_EDGE('',*,*,#1951,.T.);
#2886=ORIENTED_EDGE('',*,*,#1953,.T.);
#2887=ORIENTED_EDGE('',*,*,#1924,.T.);
#2888=ORIENTED_EDGE('',*,*,#1926,.F.);
#2889=ORIENTED_EDGE('',*,*,#1905,.T.);
#2890=ORIENTED_EDGE('',*,*,#1909,.T.);
#2891=ORIENTED_EDGE('',*,*,#1912,.T.);
#2892=ORIENTED_EDGE('',*,*,#1915,.T.);
#2893=ORIENTED_EDGE('',*,*,#1918,.T.);
#2894=ORIENTED_EDGE('',*,*,#1921,.T.);
#2895=ORIENTED_EDGE('',*,*,#1941,.T.);
#2896=ORIENTED_EDGE('',*,*,#1938,.T.);
#2897=ORIENTED_EDGE('',*,*,#1936,.T.);
#2898=ORIENTED_EDGE('',*,*,#1973,.F.);
#2899=ORIENTED_EDGE('',*,*,#1945,.T.);
#2900=ORIENTED_EDGE('',*,*,#1948,.F.);
#2901=ORIENTED_EDGE('',*,*,#1900,.F.);
#2902=ORIENTED_EDGE('',*,*,#1994,.F.);
#2903=ORIENTED_EDGE('',*,*,#1990,.F.);
#2904=ORIENTED_EDGE('',*,*,#1996,.F.);
#2905=ORIENTED_EDGE('',*,*,#1986,.F.);
#2906=ORIENTED_EDGE('',*,*,#2024,.F.);
#2907=ORIENTED_EDGE('',*,*,#2000,.F.);
#2908=ORIENTED_EDGE('',*,*,#2004,.F.);
#2909=ORIENTED_EDGE('',*,*,#2007,.F.);
#2910=ORIENTED_EDGE('',*,*,#2010,.F.);
#2911=ORIENTED_EDGE('',*,*,#2030,.T.);
#2912=ORIENTED_EDGE('',*,*,#2053,.T.);
#2913=ORIENTED_EDGE('',*,*,#2054,.F.);
#2914=ORIENTED_EDGE('',*,*,#2055,.T.);
#2915=ORIENTED_EDGE('',*,*,#2056,.F.);
#2916=ORIENTED_EDGE('',*,*,#2057,.F.);
#2917=ORIENTED_EDGE('',*,*,#2058,.F.);
#2918=ORIENTED_EDGE('',*,*,#2059,.F.);
#2919=ORIENTED_EDGE('',*,*,#2060,.F.);
#2920=ORIENTED_EDGE('',*,*,#2061,.F.);
#2921=ORIENTED_EDGE('',*,*,#2062,.F.);
#2922=ORIENTED_EDGE('',*,*,#2038,.F.);
#2923=ORIENTED_EDGE('',*,*,#2063,.T.);
#2924=ORIENTED_EDGE('',*,*,#2039,.T.);
#2925=ORIENTED_EDGE('',*,*,#2062,.T.);
#2926=ORIENTED_EDGE('',*,*,#2064,.T.);
#2927=ORIENTED_EDGE('',*,*,#2064,.F.);
#2928=ORIENTED_EDGE('',*,*,#2061,.T.);
#2929=ORIENTED_EDGE('',*,*,#2065,.F.);
#2930=ORIENTED_EDGE('',*,*,#2066,.F.);
#2931=ORIENTED_EDGE('',*,*,#2067,.T.);
#2932=ORIENTED_EDGE('',*,*,#2065,.T.);
#2933=ORIENTED_EDGE('',*,*,#2060,.T.);
#2934=ORIENTED_EDGE('',*,*,#2068,.T.);
#2935=ORIENTED_EDGE('',*,*,#2068,.F.);
#2936=ORIENTED_EDGE('',*,*,#2059,.T.);
#2937=ORIENTED_EDGE('',*,*,#2069,.F.);
#2938=ORIENTED_EDGE('',*,*,#2070,.F.);
#2939=ORIENTED_EDGE('',*,*,#2071,.T.);
#2940=ORIENTED_EDGE('',*,*,#2072,.T.);
#2941=ORIENTED_EDGE('',*,*,#2042,.T.);
#2942=ORIENTED_EDGE('',*,*,#2073,.T.);
#2943=ORIENTED_EDGE('',*,*,#2035,.F.);
#2944=ORIENTED_EDGE('',*,*,#2074,.F.);
#2945=ORIENTED_EDGE('',*,*,#2073,.F.);
#2946=ORIENTED_EDGE('',*,*,#2041,.F.);
#2947=ORIENTED_EDGE('',*,*,#2075,.T.);
#2948=ORIENTED_EDGE('',*,*,#2032,.T.);
#2949=ORIENTED_EDGE('',*,*,#2052,.T.);
#2950=ORIENTED_EDGE('',*,*,#2076,.T.);
#2951=ORIENTED_EDGE('',*,*,#2076,.F.);
#2952=ORIENTED_EDGE('',*,*,#2051,.F.);
#2953=ORIENTED_EDGE('',*,*,#2077,.T.);
#2954=ORIENTED_EDGE('',*,*,#2078,.F.);
#2955=ORIENTED_EDGE('',*,*,#2079,.T.);
#2956=ORIENTED_EDGE('',*,*,#2080,.T.);
#2957=ORIENTED_EDGE('',*,*,#2056,.T.);
#2958=ORIENTED_EDGE('',*,*,#2081,.T.);
#2959=ORIENTED_EDGE('',*,*,#2080,.F.);
#2960=ORIENTED_EDGE('',*,*,#2082,.F.);
#2961=ORIENTED_EDGE('',*,*,#2083,.F.);
#2962=ORIENTED_EDGE('',*,*,#2057,.T.);
#2963=ORIENTED_EDGE('',*,*,#2058,.T.);
#2964=ORIENTED_EDGE('',*,*,#2083,.T.);
#2965=ORIENTED_EDGE('',*,*,#2084,.T.);
#2966=ORIENTED_EDGE('',*,*,#2069,.T.);
#2967=ORIENTED_EDGE('',*,*,#2085,.T.);
#2968=ORIENTED_EDGE('',*,*,#2086,.T.);
#2969=ORIENTED_EDGE('',*,*,#2054,.T.);
#2970=ORIENTED_EDGE('',*,*,#2087,.T.);
#2971=ORIENTED_EDGE('',*,*,#2087,.F.);
#2972=ORIENTED_EDGE('',*,*,#2053,.F.);
#2973=ORIENTED_EDGE('',*,*,#2029,.T.);
#2974=ORIENTED_EDGE('',*,*,#2088,.F.);
#2975=ORIENTED_EDGE('',*,*,#2089,.T.);
#2976=ORIENTED_EDGE('',*,*,#2090,.T.);
#2977=ORIENTED_EDGE('',*,*,#2044,.T.);
#2978=ORIENTED_EDGE('',*,*,#2091,.T.);
#2979=ORIENTED_EDGE('',*,*,#2072,.F.);
#2980=ORIENTED_EDGE('',*,*,#2092,.F.);
#2981=ORIENTED_EDGE('',*,*,#2091,.F.);
#2982=ORIENTED_EDGE('',*,*,#2043,.T.);
#2983=ORIENTED_EDGE('',*,*,#2093,.T.);
#2984=ORIENTED_EDGE('',*,*,#2094,.T.);
#2985=ORIENTED_EDGE('',*,*,#2049,.T.);
#2986=ORIENTED_EDGE('',*,*,#2095,.T.);
#2987=ORIENTED_EDGE('',*,*,#2095,.F.);
#2988=ORIENTED_EDGE('',*,*,#2048,.T.);
#2989=ORIENTED_EDGE('',*,*,#2096,.F.);
#2990=ORIENTED_EDGE('',*,*,#2097,.F.);
#2991=ORIENTED_EDGE('',*,*,#2098,.T.);
#2992=ORIENTED_EDGE('',*,*,#2096,.T.);
#2993=ORIENTED_EDGE('',*,*,#2047,.T.);
#2994=ORIENTED_EDGE('',*,*,#2099,.T.);
#2995=ORIENTED_EDGE('',*,*,#2090,.F.);
#2996=ORIENTED_EDGE('',*,*,#2100,.F.);
#2997=ORIENTED_EDGE('',*,*,#2101,.F.);
#2998=ORIENTED_EDGE('',*,*,#2045,.T.);
#2999=ORIENTED_EDGE('',*,*,#2099,.F.);
#3000=ORIENTED_EDGE('',*,*,#2046,.T.);
#3001=ORIENTED_EDGE('',*,*,#2101,.T.);
#3002=ORIENTED_EDGE('',*,*,#2102,.F.);
#3003=ORIENTED_EDGE('',*,*,#2094,.F.);
#3004=ORIENTED_EDGE('',*,*,#2103,.F.);
#3005=ORIENTED_EDGE('',*,*,#2077,.F.);
#3006=ORIENTED_EDGE('',*,*,#2050,.T.);
#3007=ORIENTED_EDGE('',*,*,#2081,.F.);
#3008=ORIENTED_EDGE('',*,*,#2055,.F.);
#3009=ORIENTED_EDGE('',*,*,#2086,.F.);
#3010=ORIENTED_EDGE('',*,*,#2104,.F.);
#3011=ORIENTED_EDGE('',*,*,#2034,.F.);
#3012=ORIENTED_EDGE('',*,*,#2040,.T.);
#3013=ORIENTED_EDGE('',*,*,#2063,.F.);
#3014=ORIENTED_EDGE('',*,*,#2066,.T.);
#3015=ORIENTED_EDGE('',*,*,#2067,.F.);
#3016=ORIENTED_EDGE('',*,*,#2070,.T.);
#3017=ORIENTED_EDGE('',*,*,#2084,.F.);
#3018=ORIENTED_EDGE('',*,*,#2082,.T.);
#3019=ORIENTED_EDGE('',*,*,#2079,.F.);
#3020=ORIENTED_EDGE('',*,*,#2104,.T.);
#3021=ORIENTED_EDGE('',*,*,#2085,.F.);
#3022=ORIENTED_EDGE('',*,*,#2088,.T.);
#3023=ORIENTED_EDGE('',*,*,#2028,.T.);
#3024=ORIENTED_EDGE('',*,*,#2008,.T.);
#3025=ORIENTED_EDGE('',*,*,#2005,.F.);
#3026=ORIENTED_EDGE('',*,*,#2002,.T.);
#3027=ORIENTED_EDGE('',*,*,#1998,.F.);
#3028=ORIENTED_EDGE('',*,*,#2025,.T.);
#3029=ORIENTED_EDGE('',*,*,#1988,.F.);
#3030=ORIENTED_EDGE('',*,*,#1997,.T.);
#3031=ORIENTED_EDGE('',*,*,#1992,.F.);
#3032=ORIENTED_EDGE('',*,*,#1995,.T.);
#3033=ORIENTED_EDGE('',*,*,#1902,.F.);
#3034=ORIENTED_EDGE('',*,*,#1947,.F.);
#3035=ORIENTED_EDGE('',*,*,#1943,.T.);
#3036=ORIENTED_EDGE('',*,*,#1972,.F.);
#3037=ORIENTED_EDGE('',*,*,#1934,.T.);
#3038=ORIENTED_EDGE('',*,*,#1940,.F.);
#3039=ORIENTED_EDGE('',*,*,#1942,.T.);
#3040=ORIENTED_EDGE('',*,*,#1919,.F.);
#3041=ORIENTED_EDGE('',*,*,#1916,.T.);
#3042=ORIENTED_EDGE('',*,*,#1913,.F.);
#3043=ORIENTED_EDGE('',*,*,#1910,.T.);
#3044=ORIENTED_EDGE('',*,*,#1907,.F.);
#3045=ORIENTED_EDGE('',*,*,#1903,.T.);
#3046=ORIENTED_EDGE('',*,*,#1927,.F.);
#3047=ORIENTED_EDGE('',*,*,#1922,.T.);
#3048=ORIENTED_EDGE('',*,*,#1954,.F.);
#3049=ORIENTED_EDGE('',*,*,#1949,.T.);
#3050=ORIENTED_EDGE('',*,*,#1967,.F.);
#3051=ORIENTED_EDGE('',*,*,#1968,.F.);
#3052=ORIENTED_EDGE('',*,*,#1962,.T.);
#3053=ORIENTED_EDGE('',*,*,#1959,.F.);
#3054=ORIENTED_EDGE('',*,*,#1955,.T.);
#3055=ORIENTED_EDGE('',*,*,#1971,.F.);
#3056=ORIENTED_EDGE('',*,*,#1931,.F.);
#3057=ORIENTED_EDGE('',*,*,#1928,.T.);
#3058=ORIENTED_EDGE('',*,*,#1896,.F.);
#3059=ORIENTED_EDGE('',*,*,#1984,.T.);
#3060=ORIENTED_EDGE('',*,*,#1981,.F.);
#3061=ORIENTED_EDGE('',*,*,#1978,.T.);
#3062=ORIENTED_EDGE('',*,*,#1974,.F.);
#3063=ORIENTED_EDGE('',*,*,#2015,.T.);
#3064=ORIENTED_EDGE('',*,*,#2013,.F.);
#3065=ORIENTED_EDGE('',*,*,#2027,.T.);
#3066=ORIENTED_EDGE('',*,*,#2019,.F.);
#3067=ORIENTED_EDGE('',*,*,#2023,.T.);
#3068=ORIENTED_EDGE('',*,*,#2033,.T.);
#3069=ORIENTED_EDGE('',*,*,#2075,.F.);
#3070=ORIENTED_EDGE('',*,*,#2078,.T.);
#3071=ORIENTED_EDGE('',*,*,#2103,.T.);
#3072=ORIENTED_EDGE('',*,*,#2093,.F.);
#3073=ORIENTED_EDGE('',*,*,#2097,.T.);
#3074=ORIENTED_EDGE('',*,*,#2098,.F.);
#3075=ORIENTED_EDGE('',*,*,#2102,.T.);
#3076=ORIENTED_EDGE('',*,*,#2100,.T.);
#3077=ORIENTED_EDGE('',*,*,#2089,.F.);
#3078=ORIENTED_EDGE('',*,*,#2092,.T.);
#3079=ORIENTED_EDGE('',*,*,#2071,.F.);
#3080=ORIENTED_EDGE('',*,*,#2074,.T.);
#3081=PLANE('',#3384);
#3082=PLANE('',#3385);
#3083=PLANE('',#3386);
#3084=PLANE('',#3387);
#3085=PLANE('',#3388);
#3086=PLANE('',#3389);
#3087=PLANE('',#3390);
#3088=PLANE('',#3391);
#3089=PLANE('',#3392);
#3090=PLANE('',#3393);
#3091=PLANE('',#3394);
#3092=PLANE('',#3395);
#3093=PLANE('',#3396);
#3094=PLANE('',#3397);
#3095=PLANE('',#3398);
#3096=PLANE('',#3399);
#3097=PLANE('',#3400);
#3098=PLANE('',#3401);
#3099=PLANE('',#3402);
#3100=PLANE('',#3403);
#3101=PLANE('',#3407);
#3102=PLANE('',#3417);
#3103=PLANE('',#3418);
#3104=PLANE('',#3419);
#3105=PLANE('',#3420);
#3106=PLANE('',#3421);
#3107=PLANE('',#3422);
#3108=PLANE('',#3423);
#3109=PLANE('',#3424);
#3110=PLANE('',#3425);
#3111=PLANE('',#3426);
#3112=PLANE('',#3427);
#3113=PLANE('',#3428);
#3114=PLANE('',#3429);
#3115=PLANE('',#3430);
#3116=PLANE('',#3431);
#3117=PLANE('',#3432);
#3118=PLANE('',#3433);
#3119=PLANE('',#3434);
#3120=PLANE('',#3435);
#3121=PLANE('',#3436);
#3122=PLANE('',#3437);
#3123=PLANE('',#3438);
#3124=PLANE('',#3439);
#3125=PLANE('',#3440);
#3126=PLANE('',#3441);
#3127=PLANE('',#3442);
#3128=PLANE('',#3443);
#3129=PLANE('',#3447);
#3130=PLANE('',#3448);
#3131=PLANE('',#3454);
#3132=PLANE('',#3457);
#3133=PLANE('',#3460);
#3134=PLANE('',#3461);
#3135=PLANE('',#3462);
#3136=PLANE('',#3463);
#3137=PLANE('',#3464);
#3138=PLANE('',#3465);
#3139=PLANE('',#3466);
#3140=PLANE('',#3467);
#3141=PLANE('',#3468);
#3142=PLANE('',#3469);
#3143=PLANE('',#3470);
#3144=PLANE('',#3471);
#3145=PLANE('',#3472);
#3146=PLANE('',#3473);
#3147=PLANE('',#3474);
#3148=PLANE('',#3475);
#3149=PLANE('',#3476);
#3150=PLANE('',#3477);
#3151=PLANE('',#3478);
#3152=PLANE('',#3479);
#3153=PLANE('',#3480);
#3154=PLANE('',#3481);
#3155=PLANE('',#3482);
#3156=PLANE('',#3483);
#3157=PLANE('',#3484);
#3158=PLANE('',#3485);
#3159=PLANE('',#3489);
#3160=PLANE('',#3493);
#3161=PLANE('',#3497);
#3162=PLANE('',#3501);
#3163=PLANE('',#3505);
#3164=PLANE('',#3509);
#3165=PLANE('',#3516);
#3166=PLANE('',#3520);
#3167=PLANE('',#3524);
#3168=PLANE('',#3528);
#3169=PLANE('',#3529);
#3170=PLANE('',#3530);
#3171=PLANE('',#3531);
#3172=PLANE('',#3535);
#3173=PLANE('',#3539);
#3174=PLANE('',#3546);
#3175=PLANE('',#3547);
#3176=PLANE('',#3551);
#3177=PLANE('',#3555);
#3178=PLANE('',#3559);
#3179=PLANE('',#3563);
#3180=PLANE('',#3564);
#3181=PLANE('',#3565);
#3182=PLANE('',#3566);
#3183=PLANE('',#3567);
#3184=PLANE('',#3571);
#3185=PLANE('',#3572);
#3186=PLANE('',#3585);
#3187=PLANE('',#3588);
#3188=PLANE('',#3591);
#3189=PLANE('',#3594);
#3190=PLANE('',#3597);
#3191=PLANE('',#3602);
#3192=PLANE('',#3605);
#3193=PLANE('',#3608);
#3194=PLANE('',#3611);
#3195=PLANE('',#3612);
#3196=PLANE('',#3613);
#3197=PLANE('',#3614);
#3198=PLANE('',#3615);
#3199=ADVANCED_FACE('',(#179),#3081,.T.);
#3200=ADVANCED_FACE('',(#180),#3082,.T.);
#3201=ADVANCED_FACE('',(#181),#3083,.T.);
#3202=ADVANCED_FACE('',(#182),#3084,.T.);
#3203=ADVANCED_FACE('',(#183),#3085,.T.);
#3204=ADVANCED_FACE('',(#184),#3086,.T.);
#3205=ADVANCED_FACE('',(#185),#3087,.T.);
#3206=ADVANCED_FACE('',(#186),#3088,.T.);
#3207=ADVANCED_FACE('',(#187),#3089,.T.);
#3208=ADVANCED_FACE('',(#188),#3090,.T.);
#3209=ADVANCED_FACE('',(#189),#165,.T.);
#3210=ADVANCED_FACE('',(#190),#166,.T.);
#3211=ADVANCED_FACE('',(#191),#167,.T.);
#3212=ADVANCED_FACE('',(#192),#168,.T.);
#3213=ADVANCED_FACE('',(#193),#169,.T.);
#3214=ADVANCED_FACE('',(#194),#170,.T.);
#3215=ADVANCED_FACE('',(#195),#171,.T.);
#3216=ADVANCED_FACE('',(#196),#3091,.T.);
#3217=ADVANCED_FACE('',(#197),#172,.T.);
#3218=ADVANCED_FACE('',(#198),#173,.T.);
#3219=ADVANCED_FACE('',(#199),#174,.T.);
#3220=ADVANCED_FACE('',(#200),#175,.T.);
#3221=ADVANCED_FACE('',(#201),#176,.T.);
#3222=ADVANCED_FACE('',(#202),#177,.T.);
#3223=ADVANCED_FACE('',(#203),#178,.T.);
#3224=ADVANCED_FACE('',(#204),#3092,.T.);
#3225=ADVANCED_FACE('',(#205),#3093,.T.);
#3226=ADVANCED_FACE('',(#206),#3094,.T.);
#3227=ADVANCED_FACE('',(#207),#3095,.T.);
#3228=ADVANCED_FACE('',(#208),#3096,.T.);
#3229=ADVANCED_FACE('',(#209),#3097,.T.);
#3230=ADVANCED_FACE('',(#210),#3098,.T.);
#3231=ADVANCED_FACE('',(#211),#3099,.T.);
#3232=ADVANCED_FACE('',(#212),#3100,.T.);
#3233=ADVANCED_FACE('',(#213),#99,.T.);
#3234=ADVANCED_FACE('',(#214),#3101,.T.);
#3235=ADVANCED_FACE('',(#215),#100,.T.);
#3236=ADVANCED_FACE('',(#216),#101,.F.);
#3237=ADVANCED_FACE('',(#217),#102,.F.);
#3238=ADVANCED_FACE('',(#218),#3102,.T.);
#3239=ADVANCED_FACE('',(#219),#3103,.T.);
#3240=ADVANCED_FACE('',(#220),#3104,.T.);
#3241=ADVANCED_FACE('',(#221),#3105,.T.);
#3242=ADVANCED_FACE('',(#222),#3106,.T.);
#3243=ADVANCED_FACE('',(#223),#3107,.T.);
#3244=ADVANCED_FACE('',(#224),#3108,.F.);
#3245=ADVANCED_FACE('',(#225),#3109,.T.);
#3246=ADVANCED_FACE('',(#226),#3110,.T.);
#3247=ADVANCED_FACE('',(#227),#3111,.T.);
#3248=ADVANCED_FACE('',(#228),#3112,.F.);
#3249=ADVANCED_FACE('',(#229),#3113,.T.);
#3250=ADVANCED_FACE('',(#230),#3114,.T.);
#3251=ADVANCED_FACE('',(#231),#3115,.T.);
#3252=ADVANCED_FACE('',(#232),#3116,.T.);
#3253=ADVANCED_FACE('',(#233),#3117,.T.);
#3254=ADVANCED_FACE('',(#234),#3118,.F.);
#3255=ADVANCED_FACE('',(#235),#3119,.F.);
#3256=ADVANCED_FACE('',(#236),#3120,.F.);
#3257=ADVANCED_FACE('',(#237),#3121,.T.);
#3258=ADVANCED_FACE('',(#238),#3122,.F.);
#3259=ADVANCED_FACE('',(#239),#3123,.F.);
#3260=ADVANCED_FACE('',(#240),#3124,.F.);
#3261=ADVANCED_FACE('',(#241),#3125,.F.);
#3262=ADVANCED_FACE('',(#242),#3126,.F.);
#3263=ADVANCED_FACE('',(#243),#3127,.F.);
#3264=ADVANCED_FACE('',(#244,#17),#3128,.T.);
#3265=ADVANCED_FACE('',(#245),#103,.T.);
#3266=ADVANCED_FACE('',(#246),#3129,.F.);
#3267=ADVANCED_FACE('',(#247,#18,#19,#20),#3130,.T.);
#3268=ADVANCED_FACE('',(#248),#104,.T.);
#3269=ADVANCED_FACE('',(#249),#3131,.T.);
#3270=ADVANCED_FACE('',(#250),#105,.F.);
#3271=ADVANCED_FACE('',(#251),#3132,.F.);
#3272=ADVANCED_FACE('',(#252),#106,.F.);
#3273=ADVANCED_FACE('',(#253),#3133,.F.);
#3274=ADVANCED_FACE('',(#254),#3134,.F.);
#3275=ADVANCED_FACE('',(#255,#21,#22),#3135,.F.);
#3276=ADVANCED_FACE('',(#256),#3136,.F.);
#3277=ADVANCED_FACE('',(#257),#3137,.F.);
#3278=ADVANCED_FACE('',(#258),#3138,.F.);
#3279=ADVANCED_FACE('',(#259),#3139,.F.);
#3280=ADVANCED_FACE('',(#260),#3140,.F.);
#3281=ADVANCED_FACE('',(#261),#3141,.T.);
#3282=ADVANCED_FACE('',(#262),#3142,.F.);
#3283=ADVANCED_FACE('',(#263),#3143,.F.);
#3284=ADVANCED_FACE('',(#264),#3144,.F.);
#3285=ADVANCED_FACE('',(#265),#3145,.T.);
#3286=ADVANCED_FACE('',(#266),#3146,.T.);
#3287=ADVANCED_FACE('',(#267),#3147,.T.);
#3288=ADVANCED_FACE('',(#268),#3148,.T.);
#3289=ADVANCED_FACE('',(#269),#3149,.F.);
#3290=ADVANCED_FACE('',(#270),#3150,.F.);
#3291=ADVANCED_FACE('',(#271),#3151,.F.);
#3292=ADVANCED_FACE('',(#272),#3152,.F.);
#3293=ADVANCED_FACE('',(#273),#3153,.F.);
#3294=ADVANCED_FACE('',(#274),#3154,.T.);
#3295=ADVANCED_FACE('',(#275),#3155,.T.);
#3296=ADVANCED_FACE('',(#276),#3156,.T.);
#3297=ADVANCED_FACE('',(#277),#3157,.F.);
#3298=ADVANCED_FACE('',(#278),#3158,.F.);
#3299=ADVANCED_FACE('',(#279),#107,.T.);
#3300=ADVANCED_FACE('',(#280),#3159,.F.);
#3301=ADVANCED_FACE('',(#281),#108,.T.);
#3302=ADVANCED_FACE('',(#282),#3160,.F.);
#3303=ADVANCED_FACE('',(#283),#109,.T.);
#3304=ADVANCED_FACE('',(#284),#3161,.F.);
#3305=ADVANCED_FACE('',(#285),#110,.T.);
#3306=ADVANCED_FACE('',(#286),#3162,.F.);
#3307=ADVANCED_FACE('',(#287),#111,.T.);
#3308=ADVANCED_FACE('',(#288),#3163,.F.);
#3309=ADVANCED_FACE('',(#289),#112,.T.);
#3310=ADVANCED_FACE('',(#290),#3164,.F.);
#3311=ADVANCED_FACE('',(#291),#113,.F.);
#3312=ADVANCED_FACE('',(#292),#114,.T.);
#3313=ADVANCED_FACE('',(#293),#3165,.F.);
#3314=ADVANCED_FACE('',(#294),#115,.T.);
#3315=ADVANCED_FACE('',(#295),#3166,.F.);
#3316=ADVANCED_FACE('',(#296),#116,.T.);
#3317=ADVANCED_FACE('',(#297),#3167,.F.);
#3318=ADVANCED_FACE('',(#298),#117,.T.);
#3319=ADVANCED_FACE('',(#299),#3168,.F.);
#3320=ADVANCED_FACE('',(#300),#3169,.F.);
#3321=ADVANCED_FACE('',(#301),#3170,.F.);
#3322=ADVANCED_FACE('',(#302),#3171,.F.);
#3323=ADVANCED_FACE('',(#303),#118,.F.);
#3324=ADVANCED_FACE('',(#304),#3172,.T.);
#3325=ADVANCED_FACE('',(#305),#119,.F.);
#3326=ADVANCED_FACE('',(#306),#3173,.T.);
#3327=ADVANCED_FACE('',(#307),#120,.T.);
#3328=ADVANCED_FACE('',(#308),#121,.T.);
#3329=ADVANCED_FACE('',(#309),#3174,.T.);
#3330=ADVANCED_FACE('',(#310),#3175,.T.);
#3331=ADVANCED_FACE('',(#311),#122,.F.);
#3332=ADVANCED_FACE('',(#312),#3176,.T.);
#3333=ADVANCED_FACE('',(#313),#123,.F.);
#3334=ADVANCED_FACE('',(#314),#3177,.T.);
#3335=ADVANCED_FACE('',(#315),#124,.T.);
#3336=ADVANCED_FACE('',(#316),#3178,.T.);
#3337=ADVANCED_FACE('',(#317),#125,.T.);
#3338=ADVANCED_FACE('',(#318),#3179,.T.);
#3339=ADVANCED_FACE('',(#319),#3180,.T.);
#3340=ADVANCED_FACE('',(#320),#3181,.T.);
#3341=ADVANCED_FACE('',(#321),#3182,.T.);
#3342=ADVANCED_FACE('',(#322),#3183,.T.);
#3343=ADVANCED_FACE('',(#323),#126,.T.);
#3344=ADVANCED_FACE('',(#324),#3184,.T.);
#3345=ADVANCED_FACE('',(#325),#3185,.F.);
#3346=ADVANCED_FACE('',(#326),#127,.T.);
#3347=ADVANCED_FACE('',(#327),#3186,.T.);
#3348=ADVANCED_FACE('',(#328),#128,.T.);
#3349=ADVANCED_FACE('',(#329),#3187,.T.);
#3350=ADVANCED_FACE('',(#330),#129,.T.);
#3351=ADVANCED_FACE('',(#331),#3188,.T.);
#3352=ADVANCED_FACE('',(#332),#130,.T.);
#3353=ADVANCED_FACE('',(#333),#3189,.T.);
#3354=ADVANCED_FACE('',(#334),#131,.T.);
#3355=ADVANCED_FACE('',(#335),#3190,.T.);
#3356=ADVANCED_FACE('',(#336),#132,.F.);
#3357=ADVANCED_FACE('',(#337),#133,.T.);
#3358=ADVANCED_FACE('',(#338),#3191,.T.);
#3359=ADVANCED_FACE('',(#339),#134,.T.);
#3360=ADVANCED_FACE('',(#340),#3192,.T.);
#3361=ADVANCED_FACE('',(#341),#135,.T.);
#3362=ADVANCED_FACE('',(#342),#3193,.T.);
#3363=ADVANCED_FACE('',(#343),#136,.T.);
#3364=ADVANCED_FACE('',(#344),#3194,.T.);
#3365=ADVANCED_FACE('',(#345),#3195,.T.);
#3366=ADVANCED_FACE('',(#346),#3196,.T.);
#3367=ADVANCED_FACE('',(#347),#3197,.T.);
#3368=ADVANCED_FACE('',(#348),#3198,.T.);
#3369=CLOSED_SHELL('',(#3199,#3200,#3201,#3202,#3203,#3204,#3205,#3206,
#3207,#3208,#3209,#3210,#3211,#3212,#3213,#3214,#3215,#3216,#3217,#3218,
#3219,#3220,#3221,#3222,#3223,#3224,#3225,#3226,#3227,#3228,#3229,#3230,
#3231,#3232,#3233,#3234,#3235,#3236,#3237,#3238,#3239,#3240,#3241,#3242,
#3243,#3244,#3245,#3246,#3247,#3248,#3249,#3250,#3251,#3252,#3253,#3254,
#3255,#3256,#3257,#3258,#3259,#3260,#3261,#3262,#3263,#3264,#3265,#3266,
#3267,#3268,#3269,#3270,#3271,#3272,#3273,#3274,#3275,#3276,#3277,#3278,
#3279,#3280,#3281,#3282,#3283,#3284,#3285,#3286,#3287,#3288,#3289,#3290,
#3291,#3292,#3293,#3294,#3295,#3296));
#3370=CLOSED_SHELL('',(#3297,#3298,#3299,#3300,#3301,#3302,#3303,#3304,
#3305,#3306,#3307,#3308,#3309,#3310,#3311,#3312,#3313,#3314,#3315,#3316,
#3317,#3318,#3319,#3320,#3321,#3322,#3323,#3324,#3325,#3326,#3327,#3328,
#3329,#3330,#3331,#3332,#3333,#3334,#3335,#3336,#3337,#3338,#3339,#3340,
#3341,#3342,#3343,#3344,#3345,#3346,#3347,#3348,#3349,#3350,#3351,#3352,
#3353,#3354,#3355,#3356,#3357,#3358,#3359,#3360,#3361,#3362,#3363,#3364,
#3365,#3366,#3367,#3368));
#3371=DERIVED_UNIT_ELEMENT(#3373,1.);
#3372=DERIVED_UNIT_ELEMENT(#5692,-3.);
#3373=(
MASS_UNIT()
NAMED_UNIT(*)
SI_UNIT(.KILO.,.GRAM.)
);
#3374=DERIVED_UNIT((#3371,#3372));
#3375=MEASURE_REPRESENTATION_ITEM('density measure',
POSITIVE_RATIO_MEASURE(7850.),#3374);
#3376=PROPERTY_DEFINITION_REPRESENTATION(#3381,#3378);
#3377=PROPERTY_DEFINITION_REPRESENTATION(#3382,#3379);
#3378=REPRESENTATION('material name',(#3380),#5689);
#3379=REPRESENTATION('density',(#3375),#5689);
#3380=DESCRIPTIVE_REPRESENTATION_ITEM('Steel','Steel');
#3381=PROPERTY_DEFINITION('material property','material name',#5699);
#3382=PROPERTY_DEFINITION('material property','density of part',#5699);
#3383=AXIS2_PLACEMENT_3D('placement',#4466,#3616,#3617);
#3384=AXIS2_PLACEMENT_3D('',#4467,#3618,#3619);
#3385=AXIS2_PLACEMENT_3D('',#4476,#3624,#3625);
#3386=AXIS2_PLACEMENT_3D('',#4482,#3629,#3630);
#3387=AXIS2_PLACEMENT_3D('',#4488,#3634,#3635);
#3388=AXIS2_PLACEMENT_3D('',#4494,#3639,#3640);
#3389=AXIS2_PLACEMENT_3D('',#4500,#3644,#3645);
#3390=AXIS2_PLACEMENT_3D('',#4503,#3648,#3649);
#3391=AXIS2_PLACEMENT_3D('',#4504,#3650,#3651);
#3392=AXIS2_PLACEMENT_3D('',#4513,#3656,#3657);
#3393=AXIS2_PLACEMENT_3D('',#4519,#3661,#3662);
#3394=AXIS2_PLACEMENT_3D('',#4686,#3673,#3674);
#3395=AXIS2_PLACEMENT_3D('',#4853,#3685,#3686);
#3396=AXIS2_PLACEMENT_3D('',#4859,#3690,#3691);
#3397=AXIS2_PLACEMENT_3D('',#4862,#3694,#3695);
#3398=AXIS2_PLACEMENT_3D('',#4863,#3696,#3697);
#3399=AXIS2_PLACEMENT_3D('',#4872,#3702,#3703);
#3400=AXIS2_PLACEMENT_3D('',#4882,#3709,#3710);
#3401=AXIS2_PLACEMENT_3D('',#4888,#3714,#3715);
#3402=AXIS2_PLACEMENT_3D('',#4894,#3719,#3720);
#3403=AXIS2_PLACEMENT_3D('',#4901,#3725,#3726);
#3404=AXIS2_PLACEMENT_3D('',#4907,#3730,#3731);
#3405=AXIS2_PLACEMENT_3D('',#4910,#3732,#3733);
#3406=AXIS2_PLACEMENT_3D('',#4914,#3735,#3736);
#3407=AXIS2_PLACEMENT_3D('',#4916,#3738,#3739);
#3408=AXIS2_PLACEMENT_3D('',#4926,#3745,#3746);
#3409=AXIS2_PLACEMENT_3D('',#4929,#3747,#3748);
#3410=AXIS2_PLACEMENT_3D('',#4933,#3750,#3751);
#3411=AXIS2_PLACEMENT_3D('',#4935,#3753,#3754);
#3412=AXIS2_PLACEMENT_3D('',#4938,#3755,#3756);
#3413=AXIS2_PLACEMENT_3D('',#4942,#3758,#3759);
#3414=AXIS2_PLACEMENT_3D('',#4944,#3761,#3762);
#3415=AXIS2_PLACEMENT_3D('',#4947,#3763,#3764);
#3416=AXIS2_PLACEMENT_3D('',#4951,#3766,#3767);
#3417=AXIS2_PLACEMENT_3D('',#4953,#3769,#3770);
#3418=AXIS2_PLACEMENT_3D('',#4956,#3773,#3774);
#3419=AXIS2_PLACEMENT_3D('',#4965,#3779,#3780);
#3420=AXIS2_PLACEMENT_3D('',#4971,#3784,#3785);
#3421=AXIS2_PLACEMENT_3D('',#4979,#3790,#3791);
#3422=AXIS2_PLACEMENT_3D('',#4983,#3794,#3795);
#3423=AXIS2_PLACEMENT_3D('',#4991,#3800,#3801);
#3424=AXIS2_PLACEMENT_3D('',#4995,#3804,#3805);
#3425=AXIS2_PLACEMENT_3D('',#5003,#3810,#3811);
#3426=AXIS2_PLACEMENT_3D('',#5006,#3814,#3815);
#3427=AXIS2_PLACEMENT_3D('',#5012,#3819,#3820);
#3428=AXIS2_PLACEMENT_3D('',#5015,#3823,#3824);
#3429=AXIS2_PLACEMENT_3D('',#5024,#3829,#3830);
#3430=AXIS2_PLACEMENT_3D('',#5032,#3835,#3836);
#3431=AXIS2_PLACEMENT_3D('',#5035,#3839,#3840);
#3432=AXIS2_PLACEMENT_3D('',#5044,#3845,#3846);
#3433=AXIS2_PLACEMENT_3D('',#5047,#3849,#3850);
#3434=AXIS2_PLACEMENT_3D('',#5049,#3852,#3853);
#3435=AXIS2_PLACEMENT_3D('',#5058,#3858,#3859);
#3436=AXIS2_PLACEMENT_3D('',#5068,#3865,#3866);
#3437=AXIS2_PLACEMENT_3D('',#5077,#3872,#3873);
#3438=AXIS2_PLACEMENT_3D('',#5081,#3876,#3877);
#3439=AXIS2_PLACEMENT_3D('',#5083,#3879,#3880);
#3440=AXIS2_PLACEMENT_3D('',#5089,#3884,#3885);
#3441=AXIS2_PLACEMENT_3D('',#5094,#3889,#3890);
#3442=AXIS2_PLACEMENT_3D('',#5098,#3893,#3894);
#3443=AXIS2_PLACEMENT_3D('',#5100,#3896,#3897);
#3444=AXIS2_PLACEMENT_3D('',#5126,#3911,#3912);
#3445=AXIS2_PLACEMENT_3D('',#5129,#3913,#3914);
#3446=AXIS2_PLACEMENT_3D('',#5133,#3916,#3917);
#3447=AXIS2_PLACEMENT_3D('',#5135,#3919,#3920);
#3448=AXIS2_PLACEMENT_3D('',#5145,#3926,#3927);
#3449=AXIS2_PLACEMENT_3D('',#5149,#3929,#3930);
#3450=AXIS2_PLACEMENT_3D('',#5163,#3938,#3939);
#3451=AXIS2_PLACEMENT_3D('',#5166,#3941,#3942);
#3452=AXIS2_PLACEMENT_3D('',#5167,#3943,#3944);
#3453=AXIS2_PLACEMENT_3D('',#5171,#3946,#3947);
#3454=AXIS2_PLACEMENT_3D('',#5173,#3949,#3950);
#3455=AXIS2_PLACEMENT_3D('',#5175,#3952,#3953);
#3456=AXIS2_PLACEMENT_3D('',#5178,#3954,#3955);
#3457=AXIS2_PLACEMENT_3D('',#5181,#3958,#3959);
#3458=AXIS2_PLACEMENT_3D('',#5183,#3961,#3962);
#3459=AXIS2_PLACEMENT_3D('',#5186,#3963,#3964);
#3460=AXIS2_PLACEMENT_3D('',#5189,#3967,#3968);
#3461=AXIS2_PLACEMENT_3D('',#5191,#3970,#3971);
#3462=AXIS2_PLACEMENT_3D('',#5193,#3973,#3974);
#3463=AXIS2_PLACEMENT_3D('',#5194,#3975,#3976);
#3464=AXIS2_PLACEMENT_3D('',#5203,#3981,#3982);
#3465=AXIS2_PLACEMENT_3D('',#5206,#3985,#3986);
#3466=AXIS2_PLACEMENT_3D('',#5211,#3990,#3991);
#3467=AXIS2_PLACEMENT_3D('',#5215,#3994,#3995);
#3468=AXIS2_PLACEMENT_3D('',#5221,#3999,#4000);
#3469=AXIS2_PLACEMENT_3D('',#5225,#4003,#4004);
#3470=AXIS2_PLACEMENT_3D('',#5228,#4007,#4008);
#3471=AXIS2_PLACEMENT_3D('',#5230,#4010,#4011);
#3472=AXIS2_PLACEMENT_3D('',#5232,#4013,#4014);
#3473=AXIS2_PLACEMENT_3D('',#5238,#4018,#4019);
#3474=AXIS2_PLACEMENT_3D('',#5239,#4020,#4021);
#3475=AXIS2_PLACEMENT_3D('',#5241,#4023,#4024);
#3476=AXIS2_PLACEMENT_3D('',#5251,#4030,#4031);
#3477=AXIS2_PLACEMENT_3D('',#5254,#4034,#4035);
#3478=AXIS2_PLACEMENT_3D('',#5257,#4038,#4039);
#3479=AXIS2_PLACEMENT_3D('',#5258,#4040,#4041);
#3480=AXIS2_PLACEMENT_3D('',#5261,#4044,#4045);
#3481=AXIS2_PLACEMENT_3D('',#5262,#4046,#4047);
#3482=AXIS2_PLACEMENT_3D('',#5263,#4048,#4049);
#3483=AXIS2_PLACEMENT_3D('',#5264,#4050,#4051);
#3484=AXIS2_PLACEMENT_3D('',#5265,#4052,#4053);
#3485=AXIS2_PLACEMENT_3D('',#5274,#4058,#4059);
#3486=AXIS2_PLACEMENT_3D('',#5283,#4064,#4065);
#3487=AXIS2_PLACEMENT_3D('',#5286,#4066,#4067);
#3488=AXIS2_PLACEMENT_3D('',#5290,#4069,#4070);
#3489=AXIS2_PLACEMENT_3D('',#5292,#4072,#4073);
#3490=AXIS2_PLACEMENT_3D('',#5298,#4077,#4078);
#3491=AXIS2_PLACEMENT_3D('',#5300,#4079,#4080);
#3492=AXIS2_PLACEMENT_3D('',#5303,#4082,#4083);
#3493=AXIS2_PLACEMENT_3D('',#5304,#4084,#4085);
#3494=AXIS2_PLACEMENT_3D('',#5310,#4089,#4090);
#3495=AXIS2_PLACEMENT_3D('',#5312,#4091,#4092);
#3496=AXIS2_PLACEMENT_3D('',#5315,#4094,#4095);
#3497=AXIS2_PLACEMENT_3D('',#5316,#4096,#4097);
#3498=AXIS2_PLACEMENT_3D('',#5322,#4101,#4102);
#3499=AXIS2_PLACEMENT_3D('',#5325,#4103,#4104);
#3500=AXIS2_PLACEMENT_3D('',#5329,#4106,#4107);
#3501=AXIS2_PLACEMENT_3D('',#5331,#4109,#4110);
#3502=AXIS2_PLACEMENT_3D('',#5334,#4113,#4114);
#3503=AXIS2_PLACEMENT_3D('',#5336,#4115,#4116);
#3504=AXIS2_PLACEMENT_3D('',#5339,#4118,#4119);
#3505=AXIS2_PLACEMENT_3D('',#5340,#4120,#4121);
#3506=AXIS2_PLACEMENT_3D('',#5346,#4125,#4126);
#3507=AXIS2_PLACEMENT_3D('',#5349,#4127,#4128);
#3508=AXIS2_PLACEMENT_3D('',#5353,#4130,#4131);
#3509=AXIS2_PLACEMENT_3D('',#5355,#4133,#4134);
#3510=AXIS2_PLACEMENT_3D('',#5361,#4138,#4139);
#3511=AXIS2_PLACEMENT_3D('',#5362,#4140,#4141);
#3512=AXIS2_PLACEMENT_3D('',#5363,#4142,#4143);
#3513=AXIS2_PLACEMENT_3D('',#5364,#4144,#4145);
#3514=AXIS2_PLACEMENT_3D('',#5367,#4146,#4147);
#3515=AXIS2_PLACEMENT_3D('',#5371,#4149,#4150);
#3516=AXIS2_PLACEMENT_3D('',#5373,#4152,#4153);
#3517=AXIS2_PLACEMENT_3D('',#5376,#4156,#4157);
#3518=AXIS2_PLACEMENT_3D('',#5379,#4158,#4159);
#3519=AXIS2_PLACEMENT_3D('',#5383,#4161,#4162);
#3520=AXIS2_PLACEMENT_3D('',#5385,#4164,#4165);
#3521=AXIS2_PLACEMENT_3D('',#5388,#4168,#4169);
#3522=AXIS2_PLACEMENT_3D('',#5391,#4170,#4171);
#3523=AXIS2_PLACEMENT_3D('',#5395,#4173,#4174);
#3524=AXIS2_PLACEMENT_3D('',#5397,#4176,#4177);
#3525=AXIS2_PLACEMENT_3D('',#5403,#4181,#4182);
#3526=AXIS2_PLACEMENT_3D('',#5405,#4183,#4184);
#3527=AXIS2_PLACEMENT_3D('',#5408,#4186,#4187);
#3528=AXIS2_PLACEMENT_3D('',#5409,#4188,#4189);
#3529=AXIS2_PLACEMENT_3D('',#5415,#4193,#4194);
#3530=AXIS2_PLACEMENT_3D('',#5418,#4197,#4198);
#3531=AXIS2_PLACEMENT_3D('',#5421,#4201,#4202);
#3532=AXIS2_PLACEMENT_3D('',#5424,#4205,#4206);
#3533=AXIS2_PLACEMENT_3D('',#5427,#4207,#4208);
#3534=AXIS2_PLACEMENT_3D('',#5431,#4210,#4211);
#3535=AXIS2_PLACEMENT_3D('',#5433,#4213,#4214);
#3536=AXIS2_PLACEMENT_3D('',#5439,#4218,#4219);
#3537=AXIS2_PLACEMENT_3D('',#5441,#4220,#4221);
#3538=AXIS2_PLACEMENT_3D('',#5444,#4223,#4224);
#3539=AXIS2_PLACEMENT_3D('',#5445,#4225,#4226);
#3540=AXIS2_PLACEMENT_3D('',#5448,#4229,#4230);
#3541=AXIS2_PLACEMENT_3D('',#5451,#4231,#4232);
#3542=AXIS2_PLACEMENT_3D('',#5455,#4234,#4235);
#3543=AXIS2_PLACEMENT_3D('',#5457,#4237,#4238);
#3544=AXIS2_PLACEMENT_3D('',#5460,#4239,#4240);
#3545=AXIS2_PLACEMENT_3D('',#5464,#4242,#4243);
#3546=AXIS2_PLACEMENT_3D('',#5466,#4245,#4246);
#3547=AXIS2_PLACEMENT_3D('',#5469,#4249,#4250);
#3548=AXIS2_PLACEMENT_3D('',#5472,#4253,#4254);
#3549=AXIS2_PLACEMENT_3D('',#5475,#4255,#4256);
#3550=AXIS2_PLACEMENT_3D('',#5479,#4258,#4259);
#3551=AXIS2_PLACEMENT_3D('',#5481,#4261,#4262);
#3552=AXIS2_PLACEMENT_3D('',#5487,#4266,#4267);
#3553=AXIS2_PLACEMENT_3D('',#5489,#4268,#4269);
#3554=AXIS2_PLACEMENT_3D('',#5492,#4271,#4272);
#3555=AXIS2_PLACEMENT_3D('',#5493,#4273,#4274);
#3556=AXIS2_PLACEMENT_3D('',#5499,#4278,#4279);
#3557=AXIS2_PLACEMENT_3D('',#5502,#4280,#4281);
#3558=AXIS2_PLACEMENT_3D('',#5506,#4283,#4284);
#3559=AXIS2_PLACEMENT_3D('',#5508,#4286,#4287);
#3560=AXIS2_PLACEMENT_3D('',#5511,#4290,#4291);
#3561=AXIS2_PLACEMENT_3D('',#5514,#4292,#4293);
#3562=AXIS2_PLACEMENT_3D('',#5518,#4295,#4296);
#3563=AXIS2_PLACEMENT_3D('',#5520,#4298,#4299);
#3564=AXIS2_PLACEMENT_3D('',#5526,#4303,#4304);
#3565=AXIS2_PLACEMENT_3D('',#5529,#4307,#4308);
#3566=AXIS2_PLACEMENT_3D('',#5532,#4311,#4312);
#3567=AXIS2_PLACEMENT_3D('',#5538,#4316,#4317);
#3568=AXIS2_PLACEMENT_3D('',#5544,#4321,#4322);
#3569=AXIS2_PLACEMENT_3D('',#5547,#4323,#4324);
#3570=AXIS2_PLACEMENT_3D('',#5551,#4326,#4327);
#3571=AXIS2_PLACEMENT_3D('',#5553,#4329,#4330);
#3572=AXIS2_PLACEMENT_3D('',#5559,#4334,#4335);
#3573=AXIS2_PLACEMENT_3D('',#5563,#4337,#4338);
#3574=AXIS2_PLACEMENT_3D('',#5567,#4340,#4341);
#3575=AXIS2_PLACEMENT_3D('',#5573,#4344,#4345);
#3576=AXIS2_PLACEMENT_3D('',#5577,#4347,#4348);
#3577=AXIS2_PLACEMENT_3D('',#5582,#4351,#4352);
#3578=AXIS2_PLACEMENT_3D('',#5586,#4354,#4355);
#3579=AXIS2_PLACEMENT_3D('',#5590,#4357,#4358);
#3580=AXIS2_PLACEMENT_3D('',#5594,#4360,#4361);
#3581=AXIS2_PLACEMENT_3D('',#5598,#4363,#4364);
#3582=AXIS2_PLACEMENT_3D('',#5601,#4366,#4367);
#3583=AXIS2_PLACEMENT_3D('',#5602,#4368,#4369);
#3584=AXIS2_PLACEMENT_3D('',#5604,#4370,#4371);
#3585=AXIS2_PLACEMENT_3D('',#5606,#4373,#4374);
#3586=AXIS2_PLACEMENT_3D('',#5610,#4377,#4378);
#3587=AXIS2_PLACEMENT_3D('',#5612,#4379,#4380);
#3588=AXIS2_PLACEMENT_3D('',#5614,#4382,#4383);
#3589=AXIS2_PLACEMENT_3D('',#5618,#4386,#4387);
#3590=AXIS2_PLACEMENT_3D('',#5621,#4388,#4389);
#3591=AXIS2_PLACEMENT_3D('',#5624,#4392,#4393);
#3592=AXIS2_PLACEMENT_3D('',#5626,#4395,#4396);
#3593=AXIS2_PLACEMENT_3D('',#5628,#4397,#4398);
#3594=AXIS2_PLACEMENT_3D('',#5630,#4400,#4401);
#3595=AXIS2_PLACEMENT_3D('',#5634,#4404,#4405);
#3596=AXIS2_PLACEMENT_3D('',#5637,#4406,#4407);
#3597=AXIS2_PLACEMENT_3D('',#5640,#4410,#4411);
#3598=AXIS2_PLACEMENT_3D('',#5644,#4414,#4415);
#3599=AXIS2_PLACEMENT_3D('',#5645,#4416,#4417);
#3600=AXIS2_PLACEMENT_3D('',#5646,#4418,#4419);
#3601=AXIS2_PLACEMENT_3D('',#5649,#4420,#4421);
#3602=AXIS2_PLACEMENT_3D('',#5652,#4424,#4425);
#3603=AXIS2_PLACEMENT_3D('',#5654,#4427,#4428);
#3604=AXIS2_PLACEMENT_3D('',#5657,#4429,#4430);
#3605=AXIS2_PLACEMENT_3D('',#5660,#4433,#4434);
#3606=AXIS2_PLACEMENT_3D('',#5662,#4436,#4437);
#3607=AXIS2_PLACEMENT_3D('',#5665,#4438,#4439);
#3608=AXIS2_PLACEMENT_3D('',#5668,#4442,#4443);
#3609=AXIS2_PLACEMENT_3D('',#5672,#4446,#4447);
#3610=AXIS2_PLACEMENT_3D('',#5674,#4448,#4449);
#3611=AXIS2_PLACEMENT_3D('',#5676,#4451,#4452);
#3612=AXIS2_PLACEMENT_3D('',#5680,#4455,#4456);
#3613=AXIS2_PLACEMENT_3D('',#5682,#4458,#4459);
#3614=AXIS2_PLACEMENT_3D('',#5684,#4461,#4462);
#3615=AXIS2_PLACEMENT_3D('',#5686,#4464,#4465);
#3616=DIRECTION('axis',(0.,0.,1.));
#3617=DIRECTION('refdir',(1.,0.,0.));
#3618=DIRECTION('center_axis',(0.,1.,0.));
#3619=DIRECTION('ref_axis',(-1.,0.,0.));
#3620=DIRECTION('',(1.,0.,0.));
#3621=DIRECTION('',(0.,0.,1.));
#3622=DIRECTION('',(-1.,0.,0.));
#3623=DIRECTION('',(0.,0.,1.));
#3624=DIRECTION('center_axis',(1.,0.,0.));
#3625=DIRECTION('ref_axis',(0.,1.,0.));
#3626=DIRECTION('',(0.,-1.,0.));
#3627=DIRECTION('',(0.,1.,0.));
#3628=DIRECTION('',(0.,0.,1.));
#3629=DIRECTION('center_axis',(0.,-1.,0.));
#3630=DIRECTION('ref_axis',(1.,0.,0.));
#3631=DIRECTION('',(-1.,0.,0.));
#3632=DIRECTION('',(1.,0.,0.));
#3633=DIRECTION('',(0.,0.,1.));
#3634=DIRECTION('center_axis',(-1.,0.,0.));
#3635=DIRECTION('ref_axis',(0.,-1.,0.));
#3636=DIRECTION('',(0.,1.,0.));
#3637=DIRECTION('',(0.,-1.,0.));
#3638=DIRECTION('',(0.,0.,1.));
#3639=DIRECTION('center_axis',(0.,-1.,0.));
#3640=DIRECTION('ref_axis',(1.,0.,0.));
#3641=DIRECTION('',(-1.,0.,0.));
#3642=DIRECTION('',(1.,0.,0.));
#3643=DIRECTION('',(0.,0.,1.));
#3644=DIRECTION('center_axis',(-0.852075991103796,0.52341809806739,0.));
#3645=DIRECTION('ref_axis',(-0.52341809806739,-0.852075991103796,0.));
#3646=DIRECTION('',(0.52341809806739,0.852075991103796,0.));
#3647=DIRECTION('',(-0.52341809806739,-0.852075991103796,0.));
#3648=DIRECTION('center_axis',(0.,0.,1.));
#3649=DIRECTION('ref_axis',(1.,0.,0.));
#3650=DIRECTION('center_axis',(1.,0.,0.));
#3651=DIRECTION('ref_axis',(0.,1.,0.));
#3652=DIRECTION('',(0.,-1.,0.));
#3653=DIRECTION('',(0.,0.,1.));
#3654=DIRECTION('',(0.,1.,0.));
#3655=DIRECTION('',(0.,0.,1.));
#3656=DIRECTION('center_axis',(0.,-1.,0.));
#3657=DIRECTION('ref_axis',(1.,0.,0.));
#3658=DIRECTION('',(-1.,0.,0.));
#3659=DIRECTION('',(1.,0.,0.));
#3660=DIRECTION('',(0.,0.,1.));
#3661=DIRECTION('center_axis',(0.983547122347355,-0.180651759255863,0.));
#3662=DIRECTION('ref_axis',(0.180651759255863,0.983547122347355,0.));
#3663=DIRECTION('',(-0.180651759255863,-0.983547122347355,0.));
#3664=DIRECTION('',(0.180651759255863,0.983547122347355,0.));
#3665=DIRECTION('',(0.,0.,1.));
#3666=DIRECTION('',(0.,0.,1.));
#3667=DIRECTION('',(0.,0.,1.));
#3668=DIRECTION('',(0.,0.,1.));
#3669=DIRECTION('',(0.,0.,1.));
#3670=DIRECTION('',(0.,0.,1.));
#3671=DIRECTION('',(0.,0.,1.));
#3672=DIRECTION('',(0.,0.,1.));
#3673=DIRECTION('center_axis',(0.,1.,0.));
#3674=DIRECTION('ref_axis',(-1.,0.,0.));
#3675=DIRECTION('',(1.,0.,0.));
#3676=DIRECTION('',(-1.,0.,0.));
#3677=DIRECTION('',(0.,0.,1.));
#3678=DIRECTION('',(0.,0.,1.));
#3679=DIRECTION('',(0.,0.,1.));
#3680=DIRECTION('',(0.,0.,1.));
#3681=DIRECTION('',(0.,0.,1.));
#3682=DIRECTION('',(0.,0.,1.));
#3683=DIRECTION('',(0.,0.,1.));
#3684=DIRECTION('',(0.,0.,1.));
#3685=DIRECTION('center_axis',(-0.982746968024284,0.184955121148557,0.));
#3686=DIRECTION('ref_axis',(-0.184955121148557,-0.982746968024284,0.));
#3687=DIRECTION('',(0.184955121148557,0.982746968024284,0.));
#3688=DIRECTION('',(-0.184955121148557,-0.982746968024284,0.));
#3689=DIRECTION('',(0.,0.,1.));
#3690=DIRECTION('center_axis',(0.,1.,0.));
#3691=DIRECTION('ref_axis',(-1.,0.,0.));
#3692=DIRECTION('',(1.,0.,0.));
#3693=DIRECTION('',(-1.,0.,0.));
#3694=DIRECTION('center_axis',(0.,0.,1.));
#3695=DIRECTION('ref_axis',(-1.,0.,0.));
#3696=DIRECTION('center_axis',(1.,5.69345140833414E-16,0.));
#3697=DIRECTION('ref_axis',(5.69345140833414E-16,-1.,0.));
#3698=DIRECTION('',(-5.69345140833414E-16,1.,0.));
#3699=DIRECTION('',(0.,0.,-1.));
#3700=DIRECTION('',(5.69345140833414E-16,-1.,0.));
#3701=DIRECTION('',(0.,0.,-1.));
#3702=DIRECTION('center_axis',(-7.7751195795063E-16,1.,0.));
#3703=DIRECTION('ref_axis',(-1.,-7.7751195795063E-16,0.));
#3704=DIRECTION('',(0.,0.,1.));
#3705=DIRECTION('',(-1.,-7.7751195795063E-16,0.));
#3706=DIRECTION('',(0.,0.,1.));
#3707=DIRECTION('',(-1.,-7.7751195795063E-16,0.));
#3708=DIRECTION('',(1.,7.42817488431094E-16,0.));
#3709=DIRECTION('center_axis',(-1.,-5.69345140833414E-16,0.));
#3710=DIRECTION('ref_axis',(5.69345140833414E-16,-1.,0.));
#3711=DIRECTION('',(5.69345140833414E-16,-1.,0.));
#3712=DIRECTION('',(5.69345140833414E-16,-1.,0.));
#3713=DIRECTION('',(0.,0.,1.));
#3714=DIRECTION('center_axis',(-1.,-5.69345140833414E-16,0.));
#3715=DIRECTION('ref_axis',(5.69345140833414E-16,-1.,0.));
#3716=DIRECTION('',(-5.69345140833414E-16,1.,0.));
#3717=DIRECTION('',(0.,0.,-1.));
#3718=DIRECTION('',(5.69345140833414E-16,-1.,0.));
#3719=DIRECTION('center_axis',(6.38734079872486E-16,-1.,0.));
#3720=DIRECTION('ref_axis',(1.,6.38734079872486E-16,0.));
#3721=DIRECTION('',(-1.,-6.38734079872486E-16,0.));
#3722=DIRECTION('',(1.,6.38734079872486E-16,0.));
#3723=DIRECTION('',(0.,0.,1.));
#3724=DIRECTION('',(1.,6.38734079872486E-16,0.));
#3725=DIRECTION('center_axis',(-1.,-5.69345140833414E-16,0.));
#3726=DIRECTION('ref_axis',(5.69345140833414E-16,-1.,0.));
#3727=DIRECTION('',(5.69345140833414E-16,-1.,0.));
#3728=DIRECTION('',(0.,0.,1.));
#3729=DIRECTION('',(5.69345140833414E-16,-1.,0.));
#3730=DIRECTION('center_axis',(0.,0.,1.));
#3731=DIRECTION('ref_axis',(0.707106781186552,-0.707106781186543,0.));
#3732=DIRECTION('center_axis',(0.,0.,-1.));
#3733=DIRECTION('ref_axis',(0.707106781186552,-0.707106781186543,0.));
#3734=DIRECTION('',(0.,0.,-1.));
#3735=DIRECTION('center_axis',(0.,0.,1.));
#3736=DIRECTION('ref_axis',(0.707106781186552,-0.707106781186543,0.));
#3737=DIRECTION('',(0.,0.,1.));
#3738=DIRECTION('center_axis',(1.,1.32576082794069E-14,0.));
#3739=DIRECTION('ref_axis',(1.32576082794069E-14,-1.,0.));
#3740=DIRECTION('',(-1.32576082794069E-14,1.,0.));
#3741=DIRECTION('',(0.,0.,-1.));
#3742=DIRECTION('',(8.52182633608043E-15,-0.642787609686539,0.766044443118978));
#3743=DIRECTION('',(0.,0.,-1.));
#3744=DIRECTION('',(1.32576082794069E-14,-1.,0.));
#3745=DIRECTION('center_axis',(0.,0.,-1.));
#3746=DIRECTION('ref_axis',(0.707106781186547,0.707106781186548,0.));
#3747=DIRECTION('center_axis',(0.,0.,1.));
#3748=DIRECTION('ref_axis',(0.707106781186547,0.707106781186548,0.));
#3749=DIRECTION('',(0.,0.,1.));
#3750=DIRECTION('center_axis',(0.,0.,-1.));
#3751=DIRECTION('ref_axis',(0.707106781186547,0.707106781186548,0.));
#3752=DIRECTION('',(0.,0.,-1.));
#3753=DIRECTION('center_axis',(0.,0.,1.));
#3754=DIRECTION('ref_axis',(0.707106781186548,-0.707106781186547,0.));
#3755=DIRECTION('center_axis',(0.,0.,-1.));
#3756=DIRECTION('ref_axis',(0.707106781186548,-0.707106781186547,0.));
#3757=DIRECTION('',(0.,0.,-1.));
#3758=DIRECTION('center_axis',(0.,0.,-1.));
#3759=DIRECTION('ref_axis',(0.707106781186548,-0.707106781186547,0.));
#3760=DIRECTION('',(0.,0.,1.));
#3761=DIRECTION('center_axis',(0.,0.,1.));
#3762=DIRECTION('ref_axis',(0.707106781186547,0.707106781186548,0.));
#3763=DIRECTION('center_axis',(0.,0.,-1.));
#3764=DIRECTION('ref_axis',(0.707106781186547,0.707106781186548,0.));
#3765=DIRECTION('',(0.,0.,-1.));
#3766=DIRECTION('center_axis',(0.,0.,-1.));
#3767=DIRECTION('ref_axis',(0.707106781186547,0.707106781186548,0.));
#3768=DIRECTION('',(0.,0.,1.));
#3769=DIRECTION('center_axis',(-1.,-7.54382311604273E-16,0.));
#3770=DIRECTION('ref_axis',(-7.54382311604273E-16,1.,0.));
#3771=DIRECTION('',(-7.54382311604273E-16,1.,0.));
#3772=DIRECTION('',(-7.54382311604273E-16,1.,0.));
#3773=DIRECTION('center_axis',(-2.42852731662095E-16,0.766044443119163,
-0.642787609686319));
#3774=DIRECTION('ref_axis',(9.75914672434375E-16,-0.642787609686319,-0.766044443119163));
#3775=DIRECTION('',(-3.6596800216283E-16,0.642787609686319,0.766044443119163));
#3776=DIRECTION('',(1.,5.94577482302164E-16,3.3077806954465E-16));
#3777=DIRECTION('',(-6.53514289576505E-16,-0.642787609686319,-0.766044443119163));
#3778=DIRECTION('',(-1.,-3.17021726145878E-16,0.));
#3779=DIRECTION('center_axis',(-3.17021726145878E-16,1.,0.));
#3780=DIRECTION('ref_axis',(0.,0.,-1.));
#3781=DIRECTION('',(0.,0.,1.));
#3782=DIRECTION('',(0.,0.,-1.));
#3783=DIRECTION('',(-1.,-3.17021726145878E-16,0.));
#3784=DIRECTION('center_axis',(3.17021726145878E-16,-1.,1.5770213417971E-17));
#3785=DIRECTION('ref_axis',(-4.30079460774585E-32,1.5770213417971E-17,1.));
#3786=DIRECTION('',(8.97869437942767E-33,-1.5770213417971E-17,-1.));
#3787=DIRECTION('',(1.,3.17021726145878E-16,0.));
#3788=DIRECTION('',(0.,0.,-1.));
#3789=DIRECTION('',(-1.,-3.17021726145878E-16,0.));
#3790=DIRECTION('center_axis',(2.42852731662036E-16,-0.766044443118978,
-0.642787609686539));
#3791=DIRECTION('ref_axis',(1.82984001081478E-16,-0.642787609686539,0.766044443118978));
#3792=DIRECTION('',(-3.65968002162956E-16,0.642787609686539,-0.766044443118978));
#3793=DIRECTION('',(-1.,-5.69345140833414E-16,3.00707335949509E-16));
#3794=DIRECTION('center_axis',(-1.,-5.69345140833414E-16,0.));
#3795=DIRECTION('ref_axis',(5.69345140833414E-16,-1.,0.));
#3796=DIRECTION('',(5.69345140833414E-16,-1.,0.));
#3797=DIRECTION('',(0.,0.,1.));
#3798=DIRECTION('',(5.69345140833414E-16,-1.,0.));
#3799=DIRECTION('',(0.,0.,-1.));
#3800=DIRECTION('center_axis',(5.94577482302164E-16,-1.,0.));
#3801=DIRECTION('ref_axis',(-1.,-5.94577482302164E-16,0.));
#3802=DIRECTION('',(1.,5.94577482302164E-16,0.));
#3803=DIRECTION('',(0.,0.,1.));
#3804=DIRECTION('center_axis',(0.707106781186673,0.707106781186422,0.));
#3805=DIRECTION('ref_axis',(0.707106781186422,-0.707106781186673,0.));
#3806=DIRECTION('',(-0.707106781186422,0.707106781186673,0.));
#3807=DIRECTION('',(0.,0.,-1.));
#3808=DIRECTION('',(0.707106781186422,-0.707106781186673,0.));
#3809=DIRECTION('',(0.,0.,-1.));
#3810=DIRECTION('center_axis',(1.,-1.01668775148827E-15,0.));
#3811=DIRECTION('ref_axis',(-1.01668775148827E-15,-1.,0.));
#3812=DIRECTION('',(-1.01668775148827E-15,-1.,0.));
#3813=DIRECTION('',(1.01668775148827E-15,1.,0.));
#3814=DIRECTION('center_axis',(0.707106781186565,-0.70710678118653,0.));
#3815=DIRECTION('ref_axis',(-0.70710678118653,-0.707106781186565,0.));
#3816=DIRECTION('',(0.70710678118653,0.707106781186565,0.));
#3817=DIRECTION('',(0.,0.,1.));
#3818=DIRECTION('',(-0.70710678118653,-0.707106781186565,0.));
#3819=DIRECTION('center_axis',(-1.,-2.84672570416707E-16,0.));
#3820=DIRECTION('ref_axis',(-2.84672570416707E-16,1.,0.));
#3821=DIRECTION('',(-2.84672570416707E-16,1.,0.));
#3822=DIRECTION('',(-5.69345140833414E-16,1.,0.));
#3823=DIRECTION('center_axis',(1.,1.67956816545857E-15,0.));
#3824=DIRECTION('ref_axis',(-1.67956816545857E-15,1.,0.));
#3825=DIRECTION('',(-1.67956816545857E-15,1.,0.));
#3826=DIRECTION('',(0.,0.,-1.));
#3827=DIRECTION('',(-1.67956816545857E-15,1.,0.));
#3828=DIRECTION('',(0.,0.,1.));
#3829=DIRECTION('center_axis',(-1.,-5.69345140833414E-16,0.));
#3830=DIRECTION('ref_axis',(5.69345140833414E-16,-1.,0.));
#3831=DIRECTION('',(0.,0.,1.));
#3832=DIRECTION('',(5.69345140833414E-16,-1.,0.));
#3833=DIRECTION('',(0.,0.,1.));
#3834=DIRECTION('',(5.69345140833414E-16,-1.,0.));
#3835=DIRECTION('center_axis',(5.69345140833414E-16,-1.,0.));
#3836=DIRECTION('ref_axis',(1.,5.69345140833414E-16,0.));
#3837=DIRECTION('',(1.,5.69345140833414E-16,0.));
#3838=DIRECTION('',(1.,5.69345140833414E-16,0.));
#3839=DIRECTION('center_axis',(1.,-5.40877883791744E-16,0.));
#3840=DIRECTION('ref_axis',(5.40877883791744E-16,1.,0.));
#3841=DIRECTION('',(5.40877883791744E-16,1.,0.));
#3842=DIRECTION('',(0.,0.,1.));
#3843=DIRECTION('',(5.40877883791744E-16,1.,0.));
#3844=DIRECTION('',(0.,0.,1.));
#3845=DIRECTION('center_axis',(-4.06077048976773E-16,1.,0.));
#3846=DIRECTION('ref_axis',(-1.,-4.06077048976773E-16,0.));
#3847=DIRECTION('',(-1.,-4.06077048976773E-16,0.));
#3848=DIRECTION('',(-1.,-4.06077048976773E-16,0.));
#3849=DIRECTION('center_axis',(-5.69345140833414E-16,1.,0.));
#3850=DIRECTION('ref_axis',(1.,5.69345140833414E-16,0.));
#3851=DIRECTION('',(-1.,-5.69345140833414E-16,0.));
#3852=DIRECTION('center_axis',(1.,0.,0.));
#3853=DIRECTION('ref_axis',(0.,-1.,0.));
#3854=DIRECTION('',(0.,1.,0.));
#3855=DIRECTION('',(0.,0.,-1.));
#3856=DIRECTION('',(0.,-1.,0.));
#3857=DIRECTION('',(0.,0.,-1.));
#3858=DIRECTION('center_axis',(-2.08166817117217E-16,-1.,0.));
#3859=DIRECTION('ref_axis',(1.,-2.08166817117217E-16,0.));
#3860=DIRECTION('',(0.,0.,1.));
#3861=DIRECTION('',(-1.,1.73472347597681E-16,0.));
#3862=DIRECTION('',(1.,-2.08166817117217E-16,0.));
#3863=DIRECTION('',(0.,0.,1.));
#3864=DIRECTION('',(1.,-2.08166817117217E-16,0.));
#3865=DIRECTION('center_axis',(0.,0.,-1.));
#3866=DIRECTION('ref_axis',(-1.,0.,0.));
#3867=DIRECTION('',(-1.,6.93889390390723E-17,0.));
#3868=DIRECTION('',(0.,-1.,0.));
#3869=DIRECTION('',(-1.,0.,0.));
#3870=DIRECTION('',(-1.,-5.41589565217785E-16,0.));
#3871=DIRECTION('',(0.,-1.,0.));
#3872=DIRECTION('center_axis',(2.77555756156289E-17,-1.,0.));
#3873=DIRECTION('ref_axis',(1.,2.77555756156289E-17,0.));
#3874=DIRECTION('',(-1.,-5.41589565217785E-16,0.));
#3875=DIRECTION('',(0.,0.,1.));
#3876=DIRECTION('center_axis',(-1.,0.,0.));
#3877=DIRECTION('ref_axis',(0.,-1.,0.));
#3878=DIRECTION('',(0.,-1.,0.));
#3879=DIRECTION('center_axis',(-1.,0.,0.));
#3880=DIRECTION('ref_axis',(0.,-1.,0.));
#3881=DIRECTION('',(0.,-1.,0.));
#3882=DIRECTION('',(0.,0.,-1.));
#3883=DIRECTION('',(0.,1.,0.));
#3884=DIRECTION('center_axis',(6.93889390390723E-17,1.,0.));
#3885=DIRECTION('ref_axis',(-1.,6.93889390390723E-17,0.));
#3886=DIRECTION('',(-1.,6.93889390390723E-17,0.));
#3887=DIRECTION('',(0.,0.,1.));
#3888=DIRECTION('',(1.,-6.93889390390723E-17,0.));
#3889=DIRECTION('center_axis',(-1.,0.,0.));
#3890=DIRECTION('ref_axis',(0.,-1.,0.));
#3891=DIRECTION('',(0.,-1.,0.));
#3892=DIRECTION('',(0.,0.,1.));
#3893=DIRECTION('center_axis',(0.,1.,0.));
#3894=DIRECTION('ref_axis',(-1.,0.,0.));
#3895=DIRECTION('',(-1.,0.,0.));
#3896=DIRECTION('center_axis',(0.,0.,-1.));
#3897=DIRECTION('ref_axis',(-1.,0.,0.));
#3898=DIRECTION('',(1.,-2.52323414687502E-17,0.));
#3899=DIRECTION('',(1.,5.69345140833414E-16,0.));
#3900=DIRECTION('',(1.11022302462516E-15,1.,0.));
#3901=DIRECTION('',(-1.,0.,0.));
#3902=DIRECTION('',(0.,-1.,0.));
#3903=DIRECTION('',(-1.,-2.52323414687536E-16,0.));
#3904=DIRECTION('',(-0.707106781186531,0.707106781186564,0.));
#3905=DIRECTION('',(0.,1.,0.));
#3906=DIRECTION('',(0.707106781186422,0.707106781186673,0.));
#3907=DIRECTION('',(1.,2.52323414687536E-16,0.));
#3908=DIRECTION('',(0.,-1.,0.));
#3909=DIRECTION('',(1.,1.63268091856641E-16,0.));
#3910=DIRECTION('',(-1.11022302462516E-15,1.,0.));
#3911=DIRECTION('center_axis',(0.,0.,-1.));
#3912=DIRECTION('ref_axis',(-0.707106781186551,-0.707106781186544,0.));
#3913=DIRECTION('center_axis',(0.,0.,1.));
#3914=DIRECTION('ref_axis',(-0.707106781186551,-0.707106781186544,0.));
#3915=DIRECTION('',(0.,0.,1.));
#3916=DIRECTION('center_axis',(0.,0.,-1.));
#3917=DIRECTION('ref_axis',(-0.707106781186551,-0.707106781186544,0.));
#3918=DIRECTION('',(0.,0.,-1.));
#3919=DIRECTION('center_axis',(1.,-1.26882631385735E-14,0.));
#3920=DIRECTION('ref_axis',(-1.26882631385735E-14,-1.,0.));
#3921=DIRECTION('',(-1.26882631385735E-14,-1.,0.));
#3922=DIRECTION('',(0.,0.,-1.));
#3923=DIRECTION('',(-8.15585833391748E-15,-0.642787609686539,0.766044443118978));
#3924=DIRECTION('',(0.,0.,-1.));
#3925=DIRECTION('',(1.26882631385735E-14,1.,0.));
#3926=DIRECTION('center_axis',(0.,0.,1.));
#3927=DIRECTION('ref_axis',(1.,0.,0.));
#3928=DIRECTION('',(1.,0.,0.));
#3929=DIRECTION('center_axis',(0.,0.,-1.));
#3930=DIRECTION('ref_axis',(-0.707106781186548,0.707106781186548,0.));
#3931=DIRECTION('',(1.58603289232169E-15,-1.,0.));
#3932=DIRECTION('',(-0.707106781186422,-0.707106781186673,0.));
#3933=DIRECTION('',(-2.84672570416707E-16,1.,0.));
#3934=DIRECTION('',(0.707106781186531,-0.707106781186564,0.));
#3935=DIRECTION('',(-1.,0.,0.));
#3936=DIRECTION('',(-1.,-6.13401610064571E-16,0.));
#3937=DIRECTION('',(-1.,0.,0.));
#3938=DIRECTION('center_axis',(0.,0.,1.));
#3939=DIRECTION('ref_axis',(-0.707106781186548,-0.707106781186548,0.));
#3940=DIRECTION('',(1.85037170770859E-16,1.,0.));
#3941=DIRECTION('center_axis',(0.,0.,1.));
#3942=DIRECTION('ref_axis',(-0.707106781186547,0.707106781186548,0.));
#3943=DIRECTION('center_axis',(0.,0.,1.));
#3944=DIRECTION('ref_axis',(-0.707106781186548,0.707106781186548,0.));
#3945=DIRECTION('',(0.,0.,-1.));
#3946=DIRECTION('center_axis',(0.,0.,1.));
#3947=DIRECTION('ref_axis',(-0.707106781186548,0.707106781186548,0.));
#3948=DIRECTION('',(0.,0.,1.));
#3949=DIRECTION('center_axis',(0.,1.,0.));
#3950=DIRECTION('ref_axis',(1.,0.,0.));
#3951=DIRECTION('',(1.,0.,0.));
#3952=DIRECTION('center_axis',(0.,0.,-1.));
#3953=DIRECTION('ref_axis',(-0.707106781186548,-0.707106781186548,0.));
#3954=DIRECTION('center_axis',(0.,0.,1.));
#3955=DIRECTION('ref_axis',(-0.707106781186548,-0.707106781186548,0.));
#3956=DIRECTION('',(0.,0.,1.));
#3957=DIRECTION('',(0.,0.,-1.));
#3958=DIRECTION('center_axis',(0.,-1.,0.));
#3959=DIRECTION('ref_axis',(-1.,0.,0.));
#3960=DIRECTION('',(-1.,0.,0.));
#3961=DIRECTION('center_axis',(0.,0.,-1.));
#3962=DIRECTION('ref_axis',(-0.707106781186547,0.707106781186548,0.));
#3963=DIRECTION('center_axis',(0.,0.,1.));
#3964=DIRECTION('ref_axis',(-0.707106781186547,0.707106781186548,0.));
#3965=DIRECTION('',(0.,0.,1.));
#3966=DIRECTION('',(0.,0.,-1.));
#3967=DIRECTION('center_axis',(-1.,1.85037170770859E-16,0.));
#3968=DIRECTION('ref_axis',(1.85037170770859E-16,1.,0.));
#3969=DIRECTION('',(1.85037170770859E-16,1.,0.));
#3970=DIRECTION('center_axis',(4.4056469231157E-17,1.,0.));
#3971=DIRECTION('ref_axis',(1.,-4.4056469231157E-17,0.));
#3972=DIRECTION('',(-1.,-6.13401610064571E-16,0.));
#3973=DIRECTION('center_axis',(0.,0.,-1.));
#3974=DIRECTION('ref_axis',(-1.,0.,0.));
#3975=DIRECTION('center_axis',(1.93290949690239E-16,-0.766044443119163,
0.642787609686319));
#3976=DIRECTION('ref_axis',(-6.09946670271544E-16,-0.642787609686319,-0.766044443119163));
#3977=DIRECTION('',(0.,0.642787609686319,0.766044443119163));
#3978=DIRECTION('',(1.,2.52323414687536E-16,0.));
#3979=DIRECTION('',(1.01948229173933E-15,-0.642787609686319,-0.766044443119163));
#3980=DIRECTION('',(-1.,2.52323414687502E-17,3.3077806954465E-16));
#3981=DIRECTION('center_axis',(2.52323414687536E-16,-1.,0.));
#3982=DIRECTION('ref_axis',(0.,0.,-1.));
#3983=DIRECTION('',(0.,0.,1.));
#3984=DIRECTION('',(0.,0.,-1.));
#3985=DIRECTION('center_axis',(-2.52323414687536E-16,1.,-1.5770213417971E-17));
#3986=DIRECTION('ref_axis',(3.40292516980309E-32,1.5770213417971E-17,1.));
#3987=DIRECTION('',(0.,-1.5770213417971E-17,-1.));
#3988=DIRECTION('',(1.,2.52323414687536E-16,0.));
#3989=DIRECTION('',(0.,0.,-1.));
#3990=DIRECTION('center_axis',(-1.93290949690192E-16,0.766044443118978,
0.642787609686539));
#3991=DIRECTION('ref_axis',(1.82984001081478E-16,-0.642787609686539,0.766044443118978));
#3992=DIRECTION('',(0.,0.642787609686539,-0.766044443118978));
#3993=DIRECTION('',(1.,0.,3.00707335949509E-16));
#3994=DIRECTION('center_axis',(-1.,0.,0.));
#3995=DIRECTION('ref_axis',(0.,-1.,0.));
#3996=DIRECTION('',(0.,0.,-1.));
#3997=DIRECTION('',(0.,-1.,0.));
#3998=DIRECTION('',(0.,0.,1.));
#3999=DIRECTION('center_axis',(2.52323414687502E-17,1.,0.));
#4000=DIRECTION('ref_axis',(1.,-2.52323414687502E-17,0.));
#4001=DIRECTION('',(0.,0.,1.));
#4002=DIRECTION('',(-1.,2.52323414687502E-17,0.));
#4003=DIRECTION('center_axis',(0.707106781186673,-0.707106781186422,0.));
#4004=DIRECTION('ref_axis',(-0.707106781186422,-0.707106781186673,0.));
#4005=DIRECTION('',(0.,0.,-1.));
#4006=DIRECTION('',(0.,0.,-1.));
#4007=DIRECTION('center_axis',(1.,1.58603289232169E-15,0.));
#4008=DIRECTION('ref_axis',(1.58603289232169E-15,-1.,0.));
#4009=DIRECTION('',(-1.58603289232169E-15,1.,0.));
#4010=DIRECTION('center_axis',(0.707106781186564,0.707106781186531,0.));
#4011=DIRECTION('ref_axis',(0.707106781186531,-0.707106781186564,0.));
#4012=DIRECTION('',(0.,0.,1.));
#4013=DIRECTION('center_axis',(0.,0.,-1.));
#4014=DIRECTION('ref_axis',(-1.,0.,0.));
#4015=DIRECTION('',(1.,5.94577482302164E-16,0.));
#4016=DIRECTION('',(-1.11022302462516E-15,1.,0.));
#4017=DIRECTION('',(1.,1.63268091856641E-16,0.));
#4018=DIRECTION('center_axis',(-1.,-2.84672570416707E-16,0.));
#4019=DIRECTION('ref_axis',(-2.84672570416707E-16,1.,0.));
#4020=DIRECTION('center_axis',(0.,-1.,0.));
#4021=DIRECTION('ref_axis',(-1.,0.,0.));
#4022=DIRECTION('',(-1.,0.,0.));
#4023=DIRECTION('center_axis',(0.,0.,-1.));
#4024=DIRECTION('ref_axis',(-1.,0.,0.));
#4025=DIRECTION('',(1.,0.,0.));
#4026=DIRECTION('',(0.,-1.,0.));
#4027=DIRECTION('',(-1.,0.,0.));
#4028=DIRECTION('',(1.11022302462516E-15,1.,0.));
#4029=DIRECTION('',(1.,0.,0.));
#4030=DIRECTION('center_axis',(1.,-1.11022302462516E-15,0.));
#4031=DIRECTION('ref_axis',(1.11022302462516E-15,1.,0.));
#4032=DIRECTION('',(0.,0.,1.));
#4033=DIRECTION('',(0.,0.,-1.));
#4034=DIRECTION('center_axis',(-1.,0.,0.));
#4035=DIRECTION('ref_axis',(0.,-1.,0.));
#4036=DIRECTION('',(0.,0.,1.));
#4037=DIRECTION('',(0.,0.,1.));
#4038=DIRECTION('center_axis',(0.,1.,0.));
#4039=DIRECTION('ref_axis',(-1.,0.,0.));
#4040=DIRECTION('center_axis',(1.,1.11022302462516E-15,0.));
#4041=DIRECTION('ref_axis',(-1.11022302462516E-15,1.,0.));
#4042=DIRECTION('',(0.,0.,1.));
#4043=DIRECTION('',(0.,0.,1.));
#4044=DIRECTION('center_axis',(1.63268091856641E-16,-1.,0.));
#4045=DIRECTION('ref_axis',(1.,1.63268091856641E-16,0.));
#4046=DIRECTION('center_axis',(0.,-1.,0.));
#4047=DIRECTION('ref_axis',(-1.,0.,0.));
#4048=DIRECTION('center_axis',(0.,-1.,0.));
#4049=DIRECTION('ref_axis',(-1.,0.,0.));
#4050=DIRECTION('center_axis',(2.52323414687502E-17,1.,0.));
#4051=DIRECTION('ref_axis',(1.,-2.52323414687502E-17,0.));
#4052=DIRECTION('center_axis',(1.,5.69345140833414E-16,0.));
#4053=DIRECTION('ref_axis',(0.,0.,1.));
#4054=DIRECTION('',(-8.17756488897798E-16,1.,-1.2335811384724E-15));
#4055=DIRECTION('',(0.,0.,1.));
#4056=DIRECTION('',(-5.69345140833414E-16,1.,0.));
#4057=DIRECTION('',(0.,0.,-1.));
#4058=DIRECTION('center_axis',(1.,5.69345140833414E-16,0.));
#4059=DIRECTION('ref_axis',(0.,0.,1.));
#4060=DIRECTION('',(-8.17756488897798E-16,1.,-1.2335811384724E-15));
#4061=DIRECTION('',(0.,0.,-1.));
#4062=DIRECTION('',(5.69345140833414E-16,-1.,0.));
#4063=DIRECTION('',(0.,0.,1.));
#4064=DIRECTION('center_axis',(-5.69345140833414E-16,1.,0.));
#4065=DIRECTION('ref_axis',(0.609621763128645,3.47085188583592E-16,-0.792692440937797));
#4066=DIRECTION('center_axis',(5.69345140833414E-16,-1.,0.));
#4067=DIRECTION('ref_axis',(0.609621763128645,3.47085188583592E-16,-0.792692440937797));
#4068=DIRECTION('',(5.69345140833414E-16,-1.,0.));
#4069=DIRECTION('center_axis',(-6.38734079872486E-16,1.,0.));
#4070=DIRECTION('ref_axis',(0.609621763128645,3.47085188583592E-16,-0.792692440937797));
#4071=DIRECTION('',(-5.69345140833414E-16,1.,0.));
#4072=DIRECTION('center_axis',(0.,0.,1.));
#4073=DIRECTION('ref_axis',(-1.,-6.38734079872486E-16,0.));
#4074=DIRECTION('',(-1.,-6.38734079872486E-16,0.));
#4075=DIRECTION('',(-5.69345140833414E-16,1.,0.));
#4076=DIRECTION('',(-1.,-6.38734079872486E-16,0.));
#4077=DIRECTION('center_axis',(-5.69345140833414E-16,1.,0.));
#4078=DIRECTION('ref_axis',(-0.609621763128645,-3.47085188583592E-16,-0.792692440937797));
#4079=DIRECTION('center_axis',(5.69345140833414E-16,-1.,0.));
#4080=DIRECTION('ref_axis',(-0.609621763128645,-3.47085188583592E-16,-0.792692440937797));
#4081=DIRECTION('',(5.69345140833414E-16,-1.,0.));
#4082=DIRECTION('center_axis',(-6.38734079872486E-16,1.,0.));
#4083=DIRECTION('ref_axis',(-0.609621763128645,-3.47085188583592E-16,-0.792692440937797));
#4084=DIRECTION('center_axis',(0.966485126926496,5.50263610703366E-16,0.256722611839851));
#4085=DIRECTION('ref_axis',(-0.256722611839851,-1.63977481255988E-16,0.966485126926496));
#4086=DIRECTION('',(-0.256722611839851,-1.63977481255988E-16,0.966485126926496));
#4087=DIRECTION('',(-5.69345140833414E-16,1.,0.));
#4088=DIRECTION('',(-0.256722611839851,-1.63977481255988E-16,0.966485126926496));
#4089=DIRECTION('center_axis',(-5.69345140833414E-16,1.,0.));
#4090=DIRECTION('ref_axis',(-0.991585883049596,-5.64554604233297E-16,-0.129450517715274));
#4091=DIRECTION('center_axis',(5.69345140833414E-16,-1.,0.));
#4092=DIRECTION('ref_axis',(-0.991585883049596,-5.64554604233297E-16,-0.129450517715274));
#4093=DIRECTION('',(5.69345140833414E-16,-1.,0.));
#4094=DIRECTION('center_axis',(-6.38734079872486E-16,1.,0.));
#4095=DIRECTION('ref_axis',(-0.991585883049596,-5.64554604233297E-16,-0.129450517715274));
#4096=DIRECTION('center_axis',(1.,5.69345140833414E-16,7.50150692314295E-17));
#4097=DIRECTION('ref_axis',(-7.50150692314295E-17,-4.79146812221079E-32,
1.));
#4098=DIRECTION('',(-7.50150692314295E-17,-4.79146812221079E-32,1.));
#4099=DIRECTION('',(-5.69345140833414E-16,1.,0.));
#4100=DIRECTION('',(-7.50150692314295E-17,-4.79146812221079E-32,1.));
#4101=DIRECTION('center_axis',(-5.69345140833414E-16,1.,0.));
#4102=DIRECTION('ref_axis',(0.991585883049596,5.64554604233297E-16,-0.129450517715274));
#4103=DIRECTION('center_axis',(5.69345140833414E-16,-1.,0.));
#4104=DIRECTION('ref_axis',(0.991585883049596,5.64554604233297E-16,-0.129450517715274));
#4105=DIRECTION('',(5.69345140833414E-16,-1.,0.));
#4106=DIRECTION('center_axis',(-6.38734079872486E-16,1.,0.));
#4107=DIRECTION('ref_axis',(0.991585883049596,5.64554604233297E-16,-0.129450517715274));
#4108=DIRECTION('',(-5.69345140833414E-16,1.,0.));
#4109=DIRECTION('center_axis',(-0.966485126926496,-5.50263610703365E-16,
0.256722611839851));
#4110=DIRECTION('ref_axis',(-0.256722611839851,-1.63977481255989E-16,-0.966485126926496));
#4111=DIRECTION('',(0.256722611839851,1.63977481255988E-16,0.966485126926496));
#4112=DIRECTION('',(-0.256722611839851,-1.63977481255988E-16,-0.966485126926496));
#4113=DIRECTION('center_axis',(-5.69345140833414E-16,1.,0.));
#4114=DIRECTION('ref_axis',(-0.707106781186548,-4.02587809918917E-16,0.707106781186548));
#4115=DIRECTION('center_axis',(5.69345140833414E-16,-1.,0.));
#4116=DIRECTION('ref_axis',(-0.707106781186548,-4.02587809918917E-16,0.707106781186548));
#4117=DIRECTION('',(5.69345140833414E-16,-1.,0.));
#4118=DIRECTION('center_axis',(-6.38734079872486E-16,1.,0.));
#4119=DIRECTION('ref_axis',(-0.707106781186548,-4.02587809918917E-16,0.707106781186548));
#4120=DIRECTION('center_axis',(0.,0.,-1.));
#4121=DIRECTION('ref_axis',(1.,6.38734079872486E-16,0.));
#4122=DIRECTION('',(1.,6.38734079872486E-16,0.));
#4123=DIRECTION('',(5.69345140833414E-16,-1.,0.));
#4124=DIRECTION('',(-1.,-6.38734079872486E-16,0.));
#4125=DIRECTION('center_axis',(-5.69345140833414E-16,1.,0.));
#4126=DIRECTION('ref_axis',(-0.707106781186548,-4.02587809918917E-16,-0.707106781186548));
#4127=DIRECTION('center_axis',(5.69345140833414E-16,-1.,0.));
#4128=DIRECTION('ref_axis',(-0.707106781186548,-4.02587809918917E-16,-0.707106781186548));
#4129=DIRECTION('',(5.69345140833414E-16,-1.,0.));
#4130=DIRECTION('center_axis',(-6.38734079872486E-16,1.,0.));
#4131=DIRECTION('ref_axis',(-0.707106781186548,-4.02587809918917E-16,-0.707106781186548));
#4132=DIRECTION('',(-5.69345140833414E-16,1.,0.));
#4133=DIRECTION('center_axis',(0.,0.,1.));
#4134=DIRECTION('ref_axis',(-1.,-6.38734079872486E-16,0.));
#4135=DIRECTION('',(-1.,-6.38734079872486E-16,0.));
#4136=DIRECTION('',(5.69345140833414E-16,-1.,0.));
#4137=DIRECTION('',(-1.,-6.38734079872486E-16,0.));
#4138=DIRECTION('center_axis',(-5.69345140833414E-16,1.,0.));
#4139=DIRECTION('ref_axis',(0.707106781186548,4.02587809918917E-16,0.707106781186548));
#4140=DIRECTION('center_axis',(6.38734079872486E-16,-1.,0.));
#4141=DIRECTION('ref_axis',(0.707106781186548,4.02587809918917E-16,0.707106781186548));
#4142=DIRECTION('center_axis',(-5.69345140833414E-16,1.,0.));
#4143=DIRECTION('ref_axis',(0.707106781186548,4.02587809918917E-16,0.707106781186548));
#4144=DIRECTION('center_axis',(-5.69345140833414E-16,1.,0.));
#4145=DIRECTION('ref_axis',(-0.707106781186555,-4.02587809918921E-16,0.70710678118654));
#4146=DIRECTION('center_axis',(5.69345140833414E-16,-1.,0.));
#4147=DIRECTION('ref_axis',(-0.707106781186555,-4.02587809918921E-16,0.70710678118654));
#4148=DIRECTION('',(5.69345140833414E-16,-1.,0.));
#4149=DIRECTION('center_axis',(-6.38734079872486E-16,1.,0.));
#4150=DIRECTION('ref_axis',(-0.707106781186555,-4.02587809918921E-16,0.70710678118654));
#4151=DIRECTION('',(-5.69345140833414E-16,1.,0.));
#4152=DIRECTION('center_axis',(0.,0.,-1.));
#4153=DIRECTION('ref_axis',(1.,6.38734079872486E-16,0.));
#4154=DIRECTION('',(1.,6.38734079872486E-16,0.));
#4155=DIRECTION('',(-1.,-6.38734079872486E-16,0.));
#4156=DIRECTION('center_axis',(-5.69345140833414E-16,1.,0.));
#4157=DIRECTION('ref_axis',(0.707106781186548,4.02587809918917E-16,0.707106781186548));
#4158=DIRECTION('center_axis',(5.69345140833414E-16,-1.,0.));
#4159=DIRECTION('ref_axis',(0.707106781186548,4.02587809918917E-16,0.707106781186548));
#4160=DIRECTION('',(5.69345140833414E-16,-1.,0.));
#4161=DIRECTION('center_axis',(-6.38734079872486E-16,1.,0.));
#4162=DIRECTION('ref_axis',(0.707106781186548,4.02587809918917E-16,0.707106781186548));
#4163=DIRECTION('',(-5.69345140833414E-16,1.,0.));
#4164=DIRECTION('center_axis',(-1.,-5.69345140833414E-16,1.50030138462859E-16));
#4165=DIRECTION('ref_axis',(-1.50030138462859E-16,-9.58293624442159E-32,
-1.));
#4166=DIRECTION('',(-1.50030138462859E-16,-9.58293624442159E-32,-1.));
#4167=DIRECTION('',(-1.50030138462859E-16,-9.58293624442159E-32,-1.));
#4168=DIRECTION('center_axis',(-5.69345140833414E-16,1.,0.));
#4169=DIRECTION('ref_axis',(-0.707106781186548,-4.02587809918917E-16,0.707106781186547));
#4170=DIRECTION('center_axis',(5.69345140833414E-16,-1.,0.));
#4171=DIRECTION('ref_axis',(-0.707106781186548,-4.02587809918917E-16,0.707106781186547));
#4172=DIRECTION('',(5.69345140833414E-16,-1.,0.));
#4173=DIRECTION('center_axis',(-6.38734079872486E-16,1.,0.));
#4174=DIRECTION('ref_axis',(-0.707106781186548,-4.02587809918917E-16,0.707106781186547));
#4175=DIRECTION('',(-5.69345140833414E-16,1.,0.));
#4176=DIRECTION('center_axis',(0.,0.,-1.));
#4177=DIRECTION('ref_axis',(1.,6.38734079872486E-16,0.));
#4178=DIRECTION('',(1.,6.38734079872486E-16,0.));
#4179=DIRECTION('',(-5.69345140833414E-16,1.,0.));
#4180=DIRECTION('',(1.,6.38734079872486E-16,0.));
#4181=DIRECTION('center_axis',(-5.69345140833414E-16,1.,0.));
#4182=DIRECTION('ref_axis',(0.707106781186548,4.02587809918917E-16,0.707106781186547));
#4183=DIRECTION('center_axis',(5.69345140833414E-16,-1.,0.));
#4184=DIRECTION('ref_axis',(0.707106781186548,4.02587809918917E-16,0.707106781186547));
#4185=DIRECTION('',(5.69345140833414E-16,-1.,0.));
#4186=DIRECTION('center_axis',(-6.38734079872486E-16,1.,0.));
#4187=DIRECTION('ref_axis',(0.707106781186548,4.02587809918917E-16,0.707106781186547));
#4188=DIRECTION('center_axis',(0.,0.,-1.));
#4189=DIRECTION('ref_axis',(1.,6.38734079872486E-16,0.));
#4190=DIRECTION('',(1.,6.38734079872486E-16,0.));
#4191=DIRECTION('',(5.69345140833414E-16,-1.,0.));
#4192=DIRECTION('',(1.,6.38734079872486E-16,0.));
#4193=DIRECTION('center_axis',(-1.,-5.69345140833414E-16,0.));
#4194=DIRECTION('ref_axis',(0.,0.,-1.));
#4195=DIRECTION('',(0.,0.,-1.));
#4196=DIRECTION('',(0.,0.,-1.));
#4197=DIRECTION('center_axis',(1.,5.69345140833414E-16,0.));
#4198=DIRECTION('ref_axis',(0.,0.,1.));
#4199=DIRECTION('',(0.,0.,1.));
#4200=DIRECTION('',(0.,0.,1.));
#4201=DIRECTION('center_axis',(1.,5.69345140833414E-16,1.00929359859161E-14));
#4202=DIRECTION('ref_axis',(-1.00929359859161E-14,-6.44670218017605E-30,
1.));
#4203=DIRECTION('',(-1.00929359859161E-14,-6.44670218017605E-30,1.));
#4204=DIRECTION('',(1.00929359859161E-14,6.44670218017605E-30,-1.));
#4205=DIRECTION('center_axis',(-8.17756488897798E-16,1.,-1.2335811384724E-15));
#4206=DIRECTION('ref_axis',(-1.,-8.17756488897798E-16,1.22464679914736E-16));
#4207=DIRECTION('center_axis',(8.17756488897798E-16,-1.,1.2335811384724E-15));
#4208=DIRECTION('ref_axis',(-1.,-8.17756488897798E-16,1.22464679914736E-16));
#4209=DIRECTION('',(-8.17756488897798E-16,1.,-1.2335811384724E-15));
#4210=DIRECTION('center_axis',(-8.8714542793687E-16,1.,-1.2335811384724E-15));
#4211=DIRECTION('ref_axis',(-1.,-8.17756488897798E-16,1.22464679914736E-16));
#4212=DIRECTION('',(8.17756488897798E-16,-1.,1.2335811384724E-15));
#4213=DIRECTION('center_axis',(0.707106781186548,1.45051474681659E-15,0.707106781186547));
#4214=DIRECTION('ref_axis',(0.707106781186547,-2.94032429498719E-16,-0.707106781186548));
#4215=DIRECTION('',(-0.707106781186547,2.94032429498719E-16,0.707106781186548));
#4216=DIRECTION('',(8.17756488897798E-16,-1.,1.2335811384724E-15));
#4217=DIRECTION('',(-0.707106781186547,2.44967040164851E-16,0.707106781186548));
#4218=DIRECTION('center_axis',(-8.17756488897798E-16,1.,-1.2335811384724E-15));
#4219=DIRECTION('ref_axis',(-0.0806000274845134,-1.2954789088495E-15,-0.996746525235727));
#4220=DIRECTION('center_axis',(8.17756488897798E-16,-1.,1.2335811384724E-15));
#4221=DIRECTION('ref_axis',(-0.0806000274845134,-1.2954789088495E-15,-0.996746525235727));
#4222=DIRECTION('',(-8.17756488897798E-16,1.,-1.2335811384724E-15));
#4223=DIRECTION('center_axis',(-8.8714542793687E-16,1.,-1.2335811384724E-15));
#4224=DIRECTION('ref_axis',(-0.0806000274845134,-1.2954789088495E-15,-0.996746525235727));
#4225=DIRECTION('center_axis',(-0.584304731948827,5.2327446537112E-16,0.811534337056794));
#4226=DIRECTION('ref_axis',(0.811534337056794,1.38442476654381E-15,0.584304731948827));
#4227=DIRECTION('',(-0.811534337056794,-1.38442476654381E-15,-0.584304731948827));
#4228=DIRECTION('',(-0.811534337056794,-1.44073627318596E-15,-0.584304731948827));
#4229=DIRECTION('center_axis',(-8.17756488897798E-16,1.,-1.2335811384724E-15));
#4230=DIRECTION('ref_axis',(-1.,-8.17756488897798E-16,1.22464679914736E-16));
#4231=DIRECTION('center_axis',(8.8714542793687E-16,-1.,1.2335811384724E-15));
#4232=DIRECTION('ref_axis',(-1.,-8.17756488897798E-16,1.22464679914736E-16));
#4233=DIRECTION('',(8.17756488897798E-16,-1.,1.2335811384724E-15));
#4234=DIRECTION('center_axis',(-8.17756488897798E-16,1.,-1.2335811384724E-15));
#4235=DIRECTION('ref_axis',(-1.,-8.17756488897798E-16,1.22464679914736E-16));
#4236=DIRECTION('',(-8.17756488897798E-16,1.,-1.2335811384724E-15));
#4237=DIRECTION('center_axis',(-8.17756488897798E-16,1.,-1.2335811384724E-15));
#4238=DIRECTION('ref_axis',(-0.19096692212636,-1.36704333369335E-15,-0.981596472412969));
#4239=DIRECTION('center_axis',(8.8714542793687E-16,-1.,1.2335811384724E-15));
#4240=DIRECTION('ref_axis',(-0.19096692212636,-1.36704333369335E-15,-0.981596472412969));
#4241=DIRECTION('',(8.17756488897798E-16,-1.,1.2335811384724E-15));
#4242=DIRECTION('center_axis',(-8.17756488897798E-16,1.,-1.2335811384724E-15));
#4243=DIRECTION('ref_axis',(-0.19096692212636,-1.36704333369335E-15,-0.981596472412969));
#4244=DIRECTION('',(-8.17756488897798E-16,1.,-1.2335811384724E-15));
#4245=DIRECTION('center_axis',(0.390434917175477,-8.16391772094238E-16,
-0.920630531456664));
#4246=DIRECTION('ref_axis',(-0.920630531456663,-1.23448474060482E-15,-0.390434917175477));
#4247=DIRECTION('',(0.920630531456663,1.29836631642957E-15,0.390434917175477));
#4248=DIRECTION('',(0.920630531456663,1.23448474060482E-15,0.390434917175477));
#4249=DIRECTION('center_axis',(-0.707106781186547,-1.45051474681659E-15,
-0.707106781186548));
#4250=DIRECTION('ref_axis',(-0.707106781186548,2.94032429498719E-16,0.707106781186547));
#4251=DIRECTION('',(0.707106781186548,-2.44967040164851E-16,-0.707106781186547));
#4252=DIRECTION('',(0.707106781186548,-2.94032429498719E-16,-0.707106781186547));
#4253=DIRECTION('center_axis',(0.,1.,0.));
#4254=DIRECTION('ref_axis',(1.,0.,0.));
#4255=DIRECTION('center_axis',(0.,-1.,0.));
#4256=DIRECTION('ref_axis',(1.,0.,0.));
#4257=DIRECTION('',(0.,1.,0.));
#4258=DIRECTION('center_axis',(6.93889390390723E-17,1.,0.));
#4259=DIRECTION('ref_axis',(1.,0.,0.));
#4260=DIRECTION('',(0.,-1.,0.));
#4261=DIRECTION('center_axis',(-0.707106781186548,0.,-0.707106781186548));
#4262=DIRECTION('ref_axis',(-0.707106781186548,0.,0.707106781186548));
#4263=DIRECTION('',(0.707106781186548,0.,-0.707106781186548));
#4264=DIRECTION('',(0.,-1.,0.));
#4265=DIRECTION('',(0.707106781186548,-4.9065389333868E-17,-0.707106781186548));
#4266=DIRECTION('center_axis',(0.,1.,0.));
#4267=DIRECTION('ref_axis',(0.0806000274845133,0.,0.996746525235727));
#4268=DIRECTION('center_axis',(0.,-1.,0.));
#4269=DIRECTION('ref_axis',(0.0806000274845133,0.,0.996746525235727));
#4270=DIRECTION('',(0.,1.,0.));
#4271=DIRECTION('center_axis',(6.93889390390723E-17,1.,0.));
#4272=DIRECTION('ref_axis',(0.0806000274845133,0.,0.996746525235727));
#4273=DIRECTION('center_axis',(0.584304731948827,0.,-0.811534337056794));
#4274=DIRECTION('ref_axis',(-0.811534337056794,0.,-0.584304731948827));
#4275=DIRECTION('',(0.811534337056794,0.,0.584304731948827));
#4276=DIRECTION('',(0.,-1.,0.));
#4277=DIRECTION('',(0.811534337056794,-5.63115066421478E-17,0.584304731948827));
#4278=DIRECTION('center_axis',(0.,1.,0.));
#4279=DIRECTION('ref_axis',(1.,0.,0.));
#4280=DIRECTION('center_axis',(-6.93889390390723E-17,-1.,0.));
#4281=DIRECTION('ref_axis',(1.,0.,0.));
#4282=DIRECTION('',(0.,-1.,0.));
#4283=DIRECTION('center_axis',(0.,1.,0.));
#4284=DIRECTION('ref_axis',(1.,0.,0.));
#4285=DIRECTION('',(0.,1.,0.));
#4286=DIRECTION('center_axis',(0.707106781186547,0.,-0.707106781186548));
#4287=DIRECTION('ref_axis',(-0.707106781186548,0.,-0.707106781186547));
#4288=DIRECTION('',(0.707106781186548,0.,0.707106781186547));
#4289=DIRECTION('',(0.707106781186548,1.49958013615046E-15,0.707106781186547));
#4290=DIRECTION('center_axis',(0.,1.,0.));
#4291=DIRECTION('ref_axis',(0.19096692212636,0.,0.981596472412969));
#4292=DIRECTION('center_axis',(-6.93889390390723E-17,-1.,0.));
#4293=DIRECTION('ref_axis',(0.19096692212636,0.,0.981596472412969));
#4294=DIRECTION('',(0.,-1.,0.));
#4295=DIRECTION('center_axis',(0.,1.,0.));
#4296=DIRECTION('ref_axis',(0.19096692212636,0.,0.981596472412969));
#4297=DIRECTION('',(0.,1.,0.));
#4298=DIRECTION('center_axis',(-0.390434917175477,0.,0.920630531456664));
#4299=DIRECTION('ref_axis',(0.920630531456663,0.,0.390434917175477));
#4300=DIRECTION('',(-0.920630531456663,6.38815758247551E-17,-0.390434917175477));
#4301=DIRECTION('',(0.,1.,0.));
#4302=DIRECTION('',(-0.920630531456663,0.,-0.390434917175477));
#4303=DIRECTION('center_axis',(-0.707106781186547,0.,0.707106781186548));
#4304=DIRECTION('ref_axis',(0.707106781186548,0.,0.707106781186547));
#4305=DIRECTION('',(-0.707106781186548,4.9065389333868E-17,-0.707106781186547));
#4306=DIRECTION('',(-0.707106781186548,0.,-0.707106781186547));
#4307=DIRECTION('center_axis',(0.707106781186547,0.,0.707106781186548));
#4308=DIRECTION('ref_axis',(0.707106781186548,0.,-0.707106781186547));
#4309=DIRECTION('',(-0.707106781186548,4.9065389333868E-17,0.707106781186547));
#4310=DIRECTION('',(-0.707106781186548,0.,0.707106781186547));
#4311=DIRECTION('center_axis',(1.,0.,0.));
#4312=DIRECTION('ref_axis',(0.,0.,1.));
#4313=DIRECTION('',(0.,0.,1.));
#4314=DIRECTION('',(0.,-1.,0.));
#4315=DIRECTION('',(0.,0.,-1.));
#4316=DIRECTION('center_axis',(1.,0.,0.));
#4317=DIRECTION('ref_axis',(0.,0.,1.));
#4318=DIRECTION('',(0.,0.,-1.));
#4319=DIRECTION('',(0.,1.,0.));
#4320=DIRECTION('',(0.,0.,1.));
#4321=DIRECTION('center_axis',(0.,-1.,0.));
#4322=DIRECTION('ref_axis',(-0.609621763128645,0.,-0.792692440937797));
#4323=DIRECTION('center_axis',(0.,1.,0.));
#4324=DIRECTION('ref_axis',(-0.609621763128645,0.,-0.792692440937797));
#4325=DIRECTION('',(0.,1.,0.));
#4326=DIRECTION('center_axis',(-6.93889390390723E-17,-1.,0.));
#4327=DIRECTION('ref_axis',(-0.609621763128645,0.,-0.792692440937797));
#4328=DIRECTION('',(0.,-1.,0.));
#4329=DIRECTION('center_axis',(0.,0.,-1.));
#4330=DIRECTION('ref_axis',(1.,-6.93889390390723E-17,0.));
#4331=DIRECTION('',(1.,-6.93889390390723E-17,0.));
#4332=DIRECTION('',(0.,1.,0.));
#4333=DIRECTION('',(1.,-6.93889390390723E-17,0.));
#4334=DIRECTION('center_axis',(-6.93889390390723E-17,-1.,0.));
#4335=DIRECTION('ref_axis',(1.,-6.93889390390723E-17,0.));
#4336=DIRECTION('',(-0.256722611839851,1.78137096629068E-17,0.966485126926496));
#4337=DIRECTION('center_axis',(-6.93889390390723E-17,-1.,0.));
#4338=DIRECTION('ref_axis',(-0.991585883049596,0.,-0.129450517715274));
#4339=DIRECTION('',(1.50030138462859E-16,-1.04104321318229E-32,-1.));
#4340=DIRECTION('center_axis',(-6.93889390390723E-17,-1.,0.));
#4341=DIRECTION('ref_axis',(-0.707106781186548,0.,0.707106781186548));
#4342=DIRECTION('',(-1.,6.93889390390723E-17,0.));
#4343=DIRECTION('',(0.,0.,-1.));
#4344=DIRECTION('center_axis',(-6.93889390390723E-17,-1.,0.));
#4345=DIRECTION('ref_axis',(-0.707106781186548,0.,0.707106781186547));
#4346=DIRECTION('',(-1.,6.93889390390723E-17,0.));
#4347=DIRECTION('center_axis',(-6.93889390390723E-17,-1.,0.));
#4348=DIRECTION('ref_axis',(0.707106781186548,0.,0.707106781186547));
#4349=DIRECTION('',(0.,0.,1.));
#4350=DIRECTION('',(1.,-6.93889390390723E-17,0.));
#4351=DIRECTION('center_axis',(-6.93889390390723E-17,-1.,0.));
#4352=DIRECTION('ref_axis',(0.707106781186548,0.,0.707106781186548));
#4353=DIRECTION('',(1.,-6.93889390390723E-17,0.));
#4354=DIRECTION('center_axis',(-6.93889390390723E-17,-1.,0.));
#4355=DIRECTION('ref_axis',(0.707106781186555,0.,0.70710678118654));
#4356=DIRECTION('',(-1.00929359859161E-14,7.00338119851994E-31,-1.));
#4357=DIRECTION('center_axis',(-6.93889390390723E-17,-1.,0.));
#4358=DIRECTION('ref_axis',(0.707106781186548,0.,-0.707106781186548));
#4359=DIRECTION('',(1.,-6.93889390390723E-17,0.));
#4360=DIRECTION('center_axis',(6.93889390390723E-17,1.,0.));
#4361=DIRECTION('ref_axis',(-0.707106781186548,0.,0.707106781186548));
#4362=DIRECTION('',(7.50150692314295E-17,-5.20521606591145E-33,1.));
#4363=DIRECTION('center_axis',(-6.93889390390723E-17,-1.,0.));
#4364=DIRECTION('ref_axis',(0.991585883049596,0.,-0.129450517715274));
#4365=DIRECTION('',(0.256722611839851,-1.78137096629068E-17,0.966485126926496));
#4366=DIRECTION('center_axis',(-6.93889390390723E-17,-1.,0.));
#4367=DIRECTION('ref_axis',(0.609621763128645,0.,-0.792692440937797));
#4368=DIRECTION('center_axis',(0.,-1.,0.));
#4369=DIRECTION('ref_axis',(0.609621763128645,0.,-0.792692440937797));
#4370=DIRECTION('center_axis',(0.,1.,0.));
#4371=DIRECTION('ref_axis',(0.609621763128645,0.,-0.792692440937797));
#4372=DIRECTION('',(0.,-1.,0.));
#4373=DIRECTION('center_axis',(0.966485126926496,0.,-0.256722611839851));
#4374=DIRECTION('ref_axis',(0.256722611839851,-1.78137096629068E-17,0.966485126926496));
#4375=DIRECTION('',(0.,1.,0.));
#4376=DIRECTION('',(0.256722611839851,-1.78137096629068E-17,0.966485126926496));
#4377=DIRECTION('center_axis',(0.,-1.,0.));
#4378=DIRECTION('ref_axis',(0.991585883049596,0.,-0.129450517715274));
#4379=DIRECTION('center_axis',(0.,1.,0.));
#4380=DIRECTION('ref_axis',(0.991585883049596,0.,-0.129450517715274));
#4381=DIRECTION('',(0.,-1.,0.));
#4382=DIRECTION('center_axis',(1.,0.,-7.50150692314295E-17));
#4383=DIRECTION('ref_axis',(7.50150692314295E-17,-5.20521606591145E-33,
1.));
#4384=DIRECTION('',(0.,1.,0.));
#4385=DIRECTION('',(7.50150692314295E-17,-5.20521606591145E-33,1.));
#4386=DIRECTION('center_axis',(0.,-1.,0.));
#4387=DIRECTION('ref_axis',(-0.991585883049596,0.,-0.129450517715274));
#4388=DIRECTION('center_axis',(0.,1.,0.));
#4389=DIRECTION('ref_axis',(-0.991585883049596,0.,-0.129450517715274));
#4390=DIRECTION('',(0.,1.,0.));
#4391=DIRECTION('',(0.,-1.,0.));
#4392=DIRECTION('center_axis',(-0.966485126926496,0.,-0.256722611839851));
#4393=DIRECTION('ref_axis',(0.256722611839851,-1.78137096629068E-17,-0.966485126926496));
#4394=DIRECTION('',(0.256722611839851,-1.78137096629068E-17,-0.966485126926496));
#4395=DIRECTION('center_axis',(0.,-1.,0.));
#4396=DIRECTION('ref_axis',(0.707106781186548,0.,0.707106781186548));
#4397=DIRECTION('center_axis',(0.,1.,0.));
#4398=DIRECTION('ref_axis',(0.707106781186548,0.,0.707106781186548));
#4399=DIRECTION('',(0.,-1.,0.));
#4400=DIRECTION('center_axis',(0.,0.,1.));
#4401=DIRECTION('ref_axis',(-1.,6.93889390390723E-17,0.));
#4402=DIRECTION('',(0.,-1.,0.));
#4403=DIRECTION('',(-1.,6.93889390390723E-17,0.));
#4404=DIRECTION('center_axis',(0.,-1.,0.));
#4405=DIRECTION('ref_axis',(0.707106781186548,0.,-0.707106781186548));
#4406=DIRECTION('center_axis',(0.,1.,0.));
#4407=DIRECTION('ref_axis',(0.707106781186548,0.,-0.707106781186548));
#4408=DIRECTION('',(0.,1.,0.));
#4409=DIRECTION('',(0.,-1.,0.));
#4410=DIRECTION('center_axis',(0.,0.,-1.));
#4411=DIRECTION('ref_axis',(1.,-6.93889390390723E-17,0.));
#4412=DIRECTION('',(1.,-6.93889390390723E-17,0.));
#4413=DIRECTION('',(0.,-1.,0.));
#4414=DIRECTION('center_axis',(0.,-1.,0.));
#4415=DIRECTION('ref_axis',(-0.707106781186548,0.,0.707106781186548));
#4416=DIRECTION('center_axis',(0.,-1.,0.));
#4417=DIRECTION('ref_axis',(-0.707106781186548,0.,0.707106781186548));
#4418=DIRECTION('center_axis',(0.,-1.,0.));
#4419=DIRECTION('ref_axis',(0.707106781186555,0.,0.70710678118654));
#4420=DIRECTION('center_axis',(0.,1.,0.));
#4421=DIRECTION('ref_axis',(0.707106781186555,0.,0.70710678118654));
#4422=DIRECTION('',(0.,1.,0.));
#4423=DIRECTION('',(0.,-1.,0.));
#4424=DIRECTION('center_axis',(0.,0.,1.));
#4425=DIRECTION('ref_axis',(-1.,6.93889390390723E-17,0.));
#4426=DIRECTION('',(-1.,6.93889390390723E-17,0.));
#4427=DIRECTION('center_axis',(0.,-1.,0.));
#4428=DIRECTION('ref_axis',(-0.707106781186548,0.,0.707106781186548));
#4429=DIRECTION('center_axis',(0.,1.,0.));
#4430=DIRECTION('ref_axis',(-0.707106781186548,0.,0.707106781186548));
#4431=DIRECTION('',(0.,1.,0.));
#4432=DIRECTION('',(0.,-1.,0.));
#4433=DIRECTION('center_axis',(-1.,0.,-1.50030138462859E-16));
#4434=DIRECTION('ref_axis',(1.50030138462859E-16,-1.04104321318229E-32,
-1.));
#4435=DIRECTION('',(1.50030138462859E-16,-1.04104321318229E-32,-1.));
#4436=DIRECTION('center_axis',(0.,-1.,0.));
#4437=DIRECTION('ref_axis',(0.707106781186548,0.,0.707106781186547));
#4438=DIRECTION('center_axis',(0.,1.,0.));
#4439=DIRECTION('ref_axis',(0.707106781186548,0.,0.707106781186547));
#4440=DIRECTION('',(0.,1.,0.));
#4441=DIRECTION('',(0.,-1.,0.));
#4442=DIRECTION('center_axis',(0.,0.,1.));
#4443=DIRECTION('ref_axis',(-1.,6.93889390390723E-17,0.));
#4444=DIRECTION('',(0.,1.,0.));
#4445=DIRECTION('',(-1.,6.93889390390723E-17,0.));
#4446=DIRECTION('center_axis',(0.,-1.,0.));
#4447=DIRECTION('ref_axis',(-0.707106781186548,0.,0.707106781186547));
#4448=DIRECTION('center_axis',(0.,1.,0.));
#4449=DIRECTION('ref_axis',(-0.707106781186548,0.,0.707106781186547));
#4450=DIRECTION('',(0.,-1.,0.));
#4451=DIRECTION('center_axis',(0.,0.,1.));
#4452=DIRECTION('ref_axis',(-1.,6.93889390390723E-17,0.));
#4453=DIRECTION('',(-1.,6.93889390390723E-17,0.));
#4454=DIRECTION('',(0.,-1.,0.));
#4455=DIRECTION('center_axis',(-1.,0.,0.));
#4456=DIRECTION('ref_axis',(0.,0.,-1.));
#4457=DIRECTION('',(0.,0.,-1.));
#4458=DIRECTION('center_axis',(1.,0.,0.));
#4459=DIRECTION('ref_axis',(0.,0.,1.));
#4460=DIRECTION('',(0.,0.,1.));
#4461=DIRECTION('center_axis',(1.,0.,-1.00929359859161E-14));
#4462=DIRECTION('ref_axis',(1.00929359859161E-14,-7.00338119851994E-31,
1.));
#4463=DIRECTION('',(1.00929359859161E-14,-7.00338119851994E-31,1.));
#4464=DIRECTION('center_axis',(0.,-1.,0.));
#4465=DIRECTION('ref_axis',(0.,0.,-1.));
#4466=CARTESIAN_POINT('',(0.,0.,0.));
#4467=CARTESIAN_POINT('Origin',(-0.667469950020314,0.974699050188065,-0.3));
#4468=CARTESIAN_POINT('',(-1.00722909122706,0.974699050188065,-0.3));
#4469=CARTESIAN_POINT('',(-0.667469950020314,0.974699050188065,-0.3));
#4470=CARTESIAN_POINT('',(-1.12123497500997,0.974699050188065,-0.3));
#4471=CARTESIAN_POINT('',(-1.00722909122706,0.974699050188065,-0.25));
#4472=CARTESIAN_POINT('',(-1.00722909122706,0.974699050188065,-0.3));
#4473=CARTESIAN_POINT('',(-0.667469950020314,0.974699050188065,-0.25));
#4474=CARTESIAN_POINT('',(-1.00722909122706,0.974699050188065,-0.25));
#4475=CARTESIAN_POINT('',(-0.667469950020314,0.974699050188065,-0.3));
#4476=CARTESIAN_POINT('Origin',(-0.667469950020314,-0.755421578884125,-0.3));
#4477=CARTESIAN_POINT('',(-0.667469950020314,-0.755421578884125,-0.3));
#4478=CARTESIAN_POINT('',(-0.667469950020314,-0.377710789442062,-0.3));
#4479=CARTESIAN_POINT('',(-0.667469950020314,-0.755421578884125,-0.25));
#4480=CARTESIAN_POINT('',(-0.667469950020314,0.974699050188065,-0.25));
#4481=CARTESIAN_POINT('',(-0.667469950020314,-0.755421578884125,-0.3));
#4482=CARTESIAN_POINT('Origin',(-0.838554354012013,-0.755421578884125,-0.3));
#4483=CARTESIAN_POINT('',(-0.838554354012013,-0.755421578884125,-0.3));
#4484=CARTESIAN_POINT('',(-1.20677717700582,-0.755421578884125,-0.3));
#4485=CARTESIAN_POINT('',(-0.838554354012013,-0.755421578884125,-0.25));
#4486=CARTESIAN_POINT('',(-0.667469950020314,-0.755421578884125,-0.25));
#4487=CARTESIAN_POINT('',(-0.838554354012013,-0.755421578884125,-0.3));
#4488=CARTESIAN_POINT('Origin',(-0.838554354012013,0.806024312973023,-0.3));
#4489=CARTESIAN_POINT('',(-0.838554354012013,0.806024312973023,-0.3));
#4490=CARTESIAN_POINT('',(-0.838554354012013,0.403012156486511,-0.3));
#4491=CARTESIAN_POINT('',(-0.838554354012013,0.806024312973023,-0.25));
#4492=CARTESIAN_POINT('',(-0.838554354012013,-0.755421578884125,-0.25));
#4493=CARTESIAN_POINT('',(-0.838554354012013,0.806024312973023,-0.3));
#4494=CARTESIAN_POINT('Origin',(-1.11084357053042,0.806024312973023,-0.3));
#4495=CARTESIAN_POINT('',(-1.11084357053042,0.806024312973023,-0.3));
#4496=CARTESIAN_POINT('',(-1.34292178526502,0.806024312973023,-0.3));
#4497=CARTESIAN_POINT('',(-1.11084357053042,0.806024312973023,-0.25));
#4498=CARTESIAN_POINT('',(-0.838554354012013,0.806024312973023,-0.25));
#4499=CARTESIAN_POINT('',(-1.11084357053042,0.806024312973023,-0.3));
#4500=CARTESIAN_POINT('Origin',(-1.00722909122706,0.974699050188065,-0.3));
#4501=CARTESIAN_POINT('',(-1.3023581838941,0.494256331324601,-0.3));
#4502=CARTESIAN_POINT('',(-1.11084357053042,0.806024312973023,-0.25));
#4503=CARTESIAN_POINT('Origin',(-1.50501728579666E-7,0.0879520326852801,
-0.25));
#4504=CARTESIAN_POINT('Origin',(1.06746956557035,0.810843646526337,-0.3));
#4505=CARTESIAN_POINT('',(1.06746956557035,0.974699050188065,-0.3));
#4506=CARTESIAN_POINT('',(1.06746956557035,0.810843646526337,-0.3));
#4507=CARTESIAN_POINT('',(1.06746956557035,0.405421823263168,-0.3));
#4508=CARTESIAN_POINT('',(1.06746956557035,0.974699050188065,-0.25));
#4509=CARTESIAN_POINT('',(1.06746956557035,0.974699050188065,-0.3));
#4510=CARTESIAN_POINT('',(1.06746956557035,0.810843646526337,-0.25));
#4511=CARTESIAN_POINT('',(1.06746956557035,0.974699050188065,-0.25));
#4512=CARTESIAN_POINT('',(1.06746956557035,0.810843646526337,-0.3));
#4513=CARTESIAN_POINT('Origin',(0.450602321326732,0.810843646526337,-0.3));
#4514=CARTESIAN_POINT('',(0.450602321326732,0.810843646526337,-0.3));
#4515=CARTESIAN_POINT('',(-0.56219883933645,0.810843646526337,-0.3));
#4516=CARTESIAN_POINT('',(0.450602321326732,0.810843646526337,-0.25));
#4517=CARTESIAN_POINT('',(1.06746956557035,0.810843646526337,-0.25));
#4518=CARTESIAN_POINT('',(0.450602321326732,0.810843646526337,-0.3));
#4519=CARTESIAN_POINT('Origin',(0.363855211436748,0.338554471731186,-0.3));
#4520=CARTESIAN_POINT('',(0.363855211436748,0.338554471731186,-0.3));
#4521=CARTESIAN_POINT('',(0.30214078750811,0.00255417861271728,-0.3));
#4522=CARTESIAN_POINT('',(0.363855211436748,0.338554471731186,-0.25));
#4523=CARTESIAN_POINT('',(0.450602321326732,0.810843646526337,-0.25));
#4524=CARTESIAN_POINT('',(0.363855211436748,0.338554471731186,-0.3));
#4525=CARTESIAN_POINT('Ctrl Pts',(0.580722837150096,0.37228935956955,-0.3));
#4526=CARTESIAN_POINT('Ctrl Pts',(0.580722837150096,0.37228935956955,-0.25));
#4527=CARTESIAN_POINT('Ctrl Pts',(0.545604360085836,0.370651294276093,-0.3));
#4528=CARTESIAN_POINT('Ctrl Pts',(0.545604360085836,0.370651294276093,-0.25));
#4529=CARTESIAN_POINT('Ctrl Pts',(0.472124174726231,0.367223886499439,-0.3));
#4530=CARTESIAN_POINT('Ctrl Pts',(0.472124174726231,0.367223886499439,-0.25));
#4531=CARTESIAN_POINT('Ctrl Pts',(0.400991406572753,0.348388065301508,-0.3));
#4532=CARTESIAN_POINT('Ctrl Pts',(0.400991406572753,0.348388065301508,-0.25));
#4533=CARTESIAN_POINT('Ctrl Pts',(0.363855211436748,0.338554471731186,-0.3));
#4534=CARTESIAN_POINT('Ctrl Pts',(0.363855211436748,0.338554471731186,-0.25));
#4535=CARTESIAN_POINT('',(0.580722837150096,0.37228935956955,-0.3));
#4536=CARTESIAN_POINT('Ctrl Pts',(0.363855211436748,0.338554471731186,-0.3));
#4537=CARTESIAN_POINT('Ctrl Pts',(0.400991406572753,0.348388065301508,-0.3));
#4538=CARTESIAN_POINT('Ctrl Pts',(0.472124174726231,0.367223886499439,-0.3));
#4539=CARTESIAN_POINT('Ctrl Pts',(0.545604360085836,0.370651294276093,-0.3));
#4540=CARTESIAN_POINT('Ctrl Pts',(0.580722837150096,0.37228935956955,-0.3));
#4541=CARTESIAN_POINT('',(0.580722837150096,0.37228935956955,-0.25));
#4542=CARTESIAN_POINT('Ctrl Pts',(0.580722837150096,0.37228935956955,-0.25));
#4543=CARTESIAN_POINT('Ctrl Pts',(0.545604360085836,0.370651294276093,-0.25));
#4544=CARTESIAN_POINT('Ctrl Pts',(0.472124174726231,0.367223886499439,-0.25));
#4545=CARTESIAN_POINT('Ctrl Pts',(0.400991406572753,0.348388065301508,-0.25));
#4546=CARTESIAN_POINT('Ctrl Pts',(0.363855211436748,0.338554471731186,-0.25));
#4547=CARTESIAN_POINT('',(0.580722837150096,0.37228935956955,-0.3));
#4548=CARTESIAN_POINT('Ctrl Pts',(0.959036199748516,0.210843622684479,-0.3));
#4549=CARTESIAN_POINT('Ctrl Pts',(0.959036199748516,0.210843622684479,-0.25));
#4550=CARTESIAN_POINT('Ctrl Pts',(0.905090087779914,0.257931449012335,-0.3));
#4551=CARTESIAN_POINT('Ctrl Pts',(0.905090087779914,0.257931449012335,-0.25));
#4552=CARTESIAN_POINT('Ctrl Pts',(0.796525010588129,0.352694413636228,-0.3));
#4553=CARTESIAN_POINT('Ctrl Pts',(0.796525010588129,0.352694413636228,-0.25));
#4554=CARTESIAN_POINT('Ctrl Pts',(0.652953499117189,0.365730779118646,-0.3));
#4555=CARTESIAN_POINT('Ctrl Pts',(0.652953499117189,0.365730779118646,-0.25));
#4556=CARTESIAN_POINT('Ctrl Pts',(0.580722837150096,0.37228935956955,-0.3));
#4557=CARTESIAN_POINT('Ctrl Pts',(0.580722837150096,0.37228935956955,-0.25));
#4558=CARTESIAN_POINT('',(0.959036199748516,0.210843622684479,-0.3));
#4559=CARTESIAN_POINT('Ctrl Pts',(0.580722837150096,0.37228935956955,-0.3));
#4560=CARTESIAN_POINT('Ctrl Pts',(0.652953499117189,0.365730779118646,-0.3));
#4561=CARTESIAN_POINT('Ctrl Pts',(0.796525010588129,0.352694413636228,-0.3));
#4562=CARTESIAN_POINT('Ctrl Pts',(0.905090087779914,0.257931449012335,-0.3));
#4563=CARTESIAN_POINT('Ctrl Pts',(0.959036199748516,0.210843622684479,-0.3));
#4564=CARTESIAN_POINT('',(0.959036199748516,0.210843622684479,-0.25));
#4565=CARTESIAN_POINT('Ctrl Pts',(0.959036199748516,0.210843622684479,-0.25));
#4566=CARTESIAN_POINT('Ctrl Pts',(0.905090087779914,0.257931449012335,-0.25));
#4567=CARTESIAN_POINT('Ctrl Pts',(0.796525010588129,0.352694413636228,-0.25));
#4568=CARTESIAN_POINT('Ctrl Pts',(0.652953499117189,0.365730779118646,-0.25));
#4569=CARTESIAN_POINT('Ctrl Pts',(0.580722837150096,0.37228935956955,-0.25));
#4570=CARTESIAN_POINT('',(0.959036199748516,0.210843622684479,-0.3));
#4571=CARTESIAN_POINT('Ctrl Pts',(1.11084326952696,-0.198794960975647,-0.3));
#4572=CARTESIAN_POINT('Ctrl Pts',(1.11084326952696,-0.198794960975647,-0.25));
#4573=CARTESIAN_POINT('Ctrl Pts',(1.10549247790377,-0.120125590331563,-0.3));
#4574=CARTESIAN_POINT('Ctrl Pts',(1.10549247790377,-0.120125590331563,-0.25));
#4575=CARTESIAN_POINT('Ctrl Pts',(1.09516717582504,0.0316809223202885,-0.3));
#4576=CARTESIAN_POINT('Ctrl Pts',(1.09516717582504,0.0316809223202885,-0.25));
#4577=CARTESIAN_POINT('Ctrl Pts',(1.00329719721488,0.152591488927433,-0.3));
#4578=CARTESIAN_POINT('Ctrl Pts',(1.00329719721488,0.152591488927433,-0.25));
#4579=CARTESIAN_POINT('Ctrl Pts',(0.959036199748516,0.210843622684479,-0.3));
#4580=CARTESIAN_POINT('Ctrl Pts',(0.959036199748516,0.210843622684479,-0.25));
#4581=CARTESIAN_POINT('',(1.11084326952696,-0.198794960975647,-0.3));
#4582=CARTESIAN_POINT('Ctrl Pts',(0.959036199748516,0.210843622684479,-0.3));
#4583=CARTESIAN_POINT('Ctrl Pts',(1.00329719721488,0.152591488927433,-0.3));
#4584=CARTESIAN_POINT('Ctrl Pts',(1.09516717582504,0.0316809223202885,-0.3));
#4585=CARTESIAN_POINT('Ctrl Pts',(1.10549247790377,-0.120125590331563,-0.3));
#4586=CARTESIAN_POINT('Ctrl Pts',(1.11084326952696,-0.198794960975647,-0.3));
#4587=CARTESIAN_POINT('',(1.11084326952696,-0.198794960975647,-0.25));
#4588=CARTESIAN_POINT('Ctrl Pts',(1.11084326952696,-0.198794960975647,-0.25));
#4589=CARTESIAN_POINT('Ctrl Pts',(1.10549247790377,-0.120125590331563,-0.25));
#4590=CARTESIAN_POINT('Ctrl Pts',(1.09516717582504,0.0316809223202885,-0.25));
#4591=CARTESIAN_POINT('Ctrl Pts',(1.00329719721488,0.152591488927433,-0.25));
#4592=CARTESIAN_POINT('Ctrl Pts',(0.959036199748516,0.210843622684479,-0.25));
#4593=CARTESIAN_POINT('',(1.11084326952696,-0.198794960975647,-0.3));
#4594=CARTESIAN_POINT('Ctrl Pts',(0.944578497111797,-0.62530106306076,-0.3));
#4595=CARTESIAN_POINT('Ctrl Pts',(0.944578497111797,-0.62530106306076,-0.25));
#4596=CARTESIAN_POINT('Ctrl Pts',(0.993070956110975,-0.563157091058276,
-0.3));
#4597=CARTESIAN_POINT('Ctrl Pts',(0.993070956110975,-0.563157091058276,
-0.25));
#4598=CARTESIAN_POINT('Ctrl Pts',(1.0910035124854,-0.437654731164185,-0.3));
#4599=CARTESIAN_POINT('Ctrl Pts',(1.0910035124854,-0.437654731164185,-0.25));
#4600=CARTESIAN_POINT('Ctrl Pts',(1.10418749252167,-0.27892685788245,-0.3));
#4601=CARTESIAN_POINT('Ctrl Pts',(1.10418749252167,-0.27892685788245,-0.25));
#4602=CARTESIAN_POINT('Ctrl Pts',(1.11084326952696,-0.198794960975647,-0.3));
#4603=CARTESIAN_POINT('Ctrl Pts',(1.11084326952696,-0.198794960975647,-0.25));
#4604=CARTESIAN_POINT('',(0.944578497111797,-0.62530106306076,-0.3));
#4605=CARTESIAN_POINT('Ctrl Pts',(1.11084326952696,-0.198794960975647,-0.3));
#4606=CARTESIAN_POINT('Ctrl Pts',(1.10418749252167,-0.27892685788245,-0.3));
#4607=CARTESIAN_POINT('Ctrl Pts',(1.0910035124854,-0.437654731164185,-0.3));
#4608=CARTESIAN_POINT('Ctrl Pts',(0.993070956110975,-0.563157091058276,
-0.3));
#4609=CARTESIAN_POINT('Ctrl Pts',(0.944578497111797,-0.62530106306076,-0.3));
#4610=CARTESIAN_POINT('',(0.944578497111797,-0.62530106306076,-0.25));
#4611=CARTESIAN_POINT('Ctrl Pts',(0.944578497111797,-0.62530106306076,-0.25));
#4612=CARTESIAN_POINT('Ctrl Pts',(0.993070956110975,-0.563157091058276,
-0.25));
#4613=CARTESIAN_POINT('Ctrl Pts',(1.0910035124854,-0.437654731164185,-0.25));
#4614=CARTESIAN_POINT('Ctrl Pts',(1.10418749252167,-0.27892685788245,-0.25));
#4615=CARTESIAN_POINT('Ctrl Pts',(1.11084326952696,-0.198794960975647,-0.25));
#4616=CARTESIAN_POINT('',(0.944578497111797,-0.62530106306076,-0.3));
#4617=CARTESIAN_POINT('Ctrl Pts',(0.508433429896831,-0.798794984817505,
-0.3));
#4618=CARTESIAN_POINT('Ctrl Pts',(0.508433429896831,-0.798794984817505,
-0.25));
#4619=CARTESIAN_POINT('Ctrl Pts',(0.593567895067018,-0.792707342446521,
-0.3));
#4620=CARTESIAN_POINT('Ctrl Pts',(0.593567895067018,-0.792707342446521,
-0.25));
#4621=CARTESIAN_POINT('Ctrl Pts',(0.757714190081117,-0.780969864110688,
-0.3));
#4622=CARTESIAN_POINT('Ctrl Pts',(0.757714190081117,-0.780969864110688,
-0.25));
#4623=CARTESIAN_POINT('Ctrl Pts',(0.883858787089235,-0.675884101681184,
-0.3));
#4624=CARTESIAN_POINT('Ctrl Pts',(0.883858787089235,-0.675884101681184,
-0.25));
#4625=CARTESIAN_POINT('Ctrl Pts',(0.944578497111797,-0.62530106306076,-0.3));
#4626=CARTESIAN_POINT('Ctrl Pts',(0.944578497111797,-0.62530106306076,-0.25));
#4627=CARTESIAN_POINT('',(0.508433429896831,-0.798794984817505,-0.3));
#4628=CARTESIAN_POINT('Ctrl Pts',(0.944578497111797,-0.62530106306076,-0.3));
#4629=CARTESIAN_POINT('Ctrl Pts',(0.883858787089235,-0.675884101681184,
-0.3));
#4630=CARTESIAN_POINT('Ctrl Pts',(0.757714190081117,-0.780969864110688,
-0.3));
#4631=CARTESIAN_POINT('Ctrl Pts',(0.593567895067018,-0.792707342446521,
-0.3));
#4632=CARTESIAN_POINT('Ctrl Pts',(0.508433429896831,-0.798794984817505,
-0.3));
#4633=CARTESIAN_POINT('',(0.508433429896831,-0.798794984817505,-0.25));
#4634=CARTESIAN_POINT('Ctrl Pts',(0.508433429896831,-0.798794984817505,
-0.25));
#4635=CARTESIAN_POINT('Ctrl Pts',(0.593567895067018,-0.792707342446521,
-0.25));
#4636=CARTESIAN_POINT('Ctrl Pts',(0.757714190081117,-0.780969864110688,
-0.25));
#4637=CARTESIAN_POINT('Ctrl Pts',(0.883858787089235,-0.675884101681184,
-0.25));
#4638=CARTESIAN_POINT('Ctrl Pts',(0.944578497111797,-0.62530106306076,-0.25));
#4639=CARTESIAN_POINT('',(0.508433429896831,-0.798794984817505,-0.3));
#4640=CARTESIAN_POINT('Ctrl Pts',(0.154216735064983,-0.6759033203125,-0.3));
#4641=CARTESIAN_POINT('Ctrl Pts',(0.154216735064983,-0.6759033203125,-0.25));
#4642=CARTESIAN_POINT('Ctrl Pts',(0.206435615665233,-0.711742099081432,
-0.3));
#4643=CARTESIAN_POINT('Ctrl Pts',(0.206435615665233,-0.711742099081432,
-0.25));
#4644=CARTESIAN_POINT('Ctrl Pts',(0.313165343508734,-0.784992675506719,
-0.3));
#4645=CARTESIAN_POINT('Ctrl Pts',(0.313165343508734,-0.784992675506719,
-0.25));
#4646=CARTESIAN_POINT('Ctrl Pts',(0.442418849988166,-0.794128817049004,
-0.3));
#4647=CARTESIAN_POINT('Ctrl Pts',(0.442418849988166,-0.794128817049004,
-0.25));
#4648=CARTESIAN_POINT('Ctrl Pts',(0.508433429896831,-0.798794984817505,
-0.3));
#4649=CARTESIAN_POINT('Ctrl Pts',(0.508433429896831,-0.798794984817505,
-0.25));
#4650=CARTESIAN_POINT('',(0.154216735064983,-0.6759033203125,-0.3));
#4651=CARTESIAN_POINT('Ctrl Pts',(0.508433429896831,-0.798794984817505,
-0.3));
#4652=CARTESIAN_POINT('Ctrl Pts',(0.442418849988166,-0.794128817049004,
-0.3));
#4653=CARTESIAN_POINT('Ctrl Pts',(0.313165343508734,-0.784992675506719,
-0.3));
#4654=CARTESIAN_POINT('Ctrl Pts',(0.206435615665233,-0.711742099081432,
-0.3));
#4655=CARTESIAN_POINT('Ctrl Pts',(0.154216735064983,-0.6759033203125,-0.3));
#4656=CARTESIAN_POINT('',(0.154216735064983,-0.6759033203125,-0.25));
#4657=CARTESIAN_POINT('Ctrl Pts',(0.154216735064983,-0.6759033203125,-0.25));
#4658=CARTESIAN_POINT('Ctrl Pts',(0.206435615665233,-0.711742099081432,
-0.25));
#4659=CARTESIAN_POINT('Ctrl Pts',(0.313165343508734,-0.784992675506719,
-0.25));
#4660=CARTESIAN_POINT('Ctrl Pts',(0.442418849988166,-0.794128817049004,
-0.25));
#4661=CARTESIAN_POINT('Ctrl Pts',(0.508433429896831,-0.798794984817505,
-0.25));
#4662=CARTESIAN_POINT('',(0.154216735064983,-0.6759033203125,-0.3));
#4663=CARTESIAN_POINT('Ctrl Pts',(-0.0192771866917615,-0.33614432811737,
-0.3));
#4664=CARTESIAN_POINT('Ctrl Pts',(-0.0192771866917615,-0.33614432811737,
-0.25));
#4665=CARTESIAN_POINT('Ctrl Pts',(-0.00568274926493612,-0.403148285852095,
-0.3));
#4666=CARTESIAN_POINT('Ctrl Pts',(-0.00568274926493612,-0.403148285852095,
-0.25));
#4667=CARTESIAN_POINT('Ctrl Pts',(0.0206139700617139,-0.53275896520598,
-0.3));
#4668=CARTESIAN_POINT('Ctrl Pts',(0.0206139700617139,-0.53275896520598,
-0.25));
#4669=CARTESIAN_POINT('Ctrl Pts',(0.110701262096526,-0.62928007628703,-0.3));
#4670=CARTESIAN_POINT('Ctrl Pts',(0.110701262096526,-0.62928007628703,-0.25));
#4671=CARTESIAN_POINT('Ctrl Pts',(0.154216735064983,-0.6759033203125,-0.3));
#4672=CARTESIAN_POINT('Ctrl Pts',(0.154216735064983,-0.6759033203125,-0.25));
#4673=CARTESIAN_POINT('',(-0.0192771866917615,-0.33614432811737,-0.3));
#4674=CARTESIAN_POINT('Ctrl Pts',(0.154216735064983,-0.6759033203125,-0.3));
#4675=CARTESIAN_POINT('Ctrl Pts',(0.110701262096526,-0.62928007628703,-0.3));
#4676=CARTESIAN_POINT('Ctrl Pts',(0.0206139700617139,-0.53275896520598,
-0.3));
#4677=CARTESIAN_POINT('Ctrl Pts',(-0.00568274926493612,-0.403148285852095,
-0.3));
#4678=CARTESIAN_POINT('Ctrl Pts',(-0.0192771866917615,-0.33614432811737,
-0.3));
#4679=CARTESIAN_POINT('',(-0.0192771866917615,-0.33614432811737,-0.25));
#4680=CARTESIAN_POINT('Ctrl Pts',(-0.0192771866917615,-0.33614432811737,
-0.25));
#4681=CARTESIAN_POINT('Ctrl Pts',(-0.00568274926493612,-0.403148285852095,
-0.25));
#4682=CARTESIAN_POINT('Ctrl Pts',(0.0206139700617139,-0.53275896520598,
-0.25));
#4683=CARTESIAN_POINT('Ctrl Pts',(0.110701262096526,-0.62928007628703,-0.25));
#4684=CARTESIAN_POINT('Ctrl Pts',(0.154216735064983,-0.6759033203125,-0.25));
#4685=CARTESIAN_POINT('',(-0.0192771866917615,-0.33614432811737,-0.3));
#4686=CARTESIAN_POINT('Origin',(0.156626550853252,-0.33614432811737,-0.3));
#4687=CARTESIAN_POINT('',(0.156626550853252,-0.33614432811737,-0.3));
#4688=CARTESIAN_POINT('',(-0.70918672457319,-0.33614432811737,-0.3));
#4689=CARTESIAN_POINT('',(0.156626550853252,-0.33614432811737,-0.25));
#4690=CARTESIAN_POINT('',(-0.0192771866917615,-0.33614432811737,-0.25));
#4691=CARTESIAN_POINT('',(0.156626550853252,-0.33614432811737,-0.3));
#4692=CARTESIAN_POINT('Ctrl Pts',(0.286747066676616,-0.557831138372421,
-0.3));
#4693=CARTESIAN_POINT('Ctrl Pts',(0.286747066676616,-0.557831138372421,
-0.25));
#4694=CARTESIAN_POINT('Ctrl Pts',(0.256421646704557,-0.528309386619442,
-0.3));
#4695=CARTESIAN_POINT('Ctrl Pts',(0.256421646704557,-0.528309386619442,
-0.25));
#4696=CARTESIAN_POINT('Ctrl Pts',(0.192894002577072,-0.466465318470966,
-0.3));
#4697=CARTESIAN_POINT('Ctrl Pts',(0.192894002577072,-0.466465318470966,
-0.25));
#4698=CARTESIAN_POINT('Ctrl Pts',(0.16907524000228,-0.380876599655485,-0.3));
#4699=CARTESIAN_POINT('Ctrl Pts',(0.16907524000228,-0.380876599655485,-0.25));
#4700=CARTESIAN_POINT('Ctrl Pts',(0.156626550853252,-0.33614432811737,-0.3));
#4701=CARTESIAN_POINT('Ctrl Pts',(0.156626550853252,-0.33614432811737,-0.25));
#4702=CARTESIAN_POINT('',(0.286747066676616,-0.557831138372421,-0.3));
#4703=CARTESIAN_POINT('Ctrl Pts',(0.156626550853252,-0.33614432811737,-0.3));
#4704=CARTESIAN_POINT('Ctrl Pts',(0.16907524000228,-0.380876599655485,-0.3));
#4705=CARTESIAN_POINT('Ctrl Pts',(0.192894002577072,-0.466465318470966,
-0.3));
#4706=CARTESIAN_POINT('Ctrl Pts',(0.256421646704557,-0.528309386619442,
-0.3));
#4707=CARTESIAN_POINT('Ctrl Pts',(0.286747066676616,-0.557831138372421,
-0.3));
#4708=CARTESIAN_POINT('',(0.286747066676616,-0.557831138372421,-0.25));
#4709=CARTESIAN_POINT('Ctrl Pts',(0.286747066676616,-0.557831138372421,
-0.25));
#4710=CARTESIAN_POINT('Ctrl Pts',(0.256421646704557,-0.528309386619442,
-0.25));
#4711=CARTESIAN_POINT('Ctrl Pts',(0.192894002577072,-0.466465318470966,
-0.25));
#4712=CARTESIAN_POINT('Ctrl Pts',(0.16907524000228,-0.380876599655485,-0.25));
#4713=CARTESIAN_POINT('Ctrl Pts',(0.156626550853252,-0.33614432811737,-0.25));
#4714=CARTESIAN_POINT('',(0.286747066676616,-0.557831138372421,-0.3));
#4715=CARTESIAN_POINT('Ctrl Pts',(0.515662579238414,-0.634939581155777,
-0.3));
#4716=CARTESIAN_POINT('Ctrl Pts',(0.515662579238414,-0.634939581155777,
-0.25));
#4717=CARTESIAN_POINT('Ctrl Pts',(0.47376597070877,-0.631859832716134,-0.3));
#4718=CARTESIAN_POINT('Ctrl Pts',(0.47376597070877,-0.631859832716134,-0.25));
#4719=CARTESIAN_POINT('Ctrl Pts',(0.390818537174478,-0.625762507945352,
-0.3));
#4720=CARTESIAN_POINT('Ctrl Pts',(0.390818537174478,-0.625762507945352,
-0.25));
#4721=CARTESIAN_POINT('Ctrl Pts',(0.321200935414156,-0.580320476509285,
-0.3));
#4722=CARTESIAN_POINT('Ctrl Pts',(0.321200935414156,-0.580320476509285,
-0.25));
#4723=CARTESIAN_POINT('Ctrl Pts',(0.286747066676616,-0.557831138372421,
-0.3));
#4724=CARTESIAN_POINT('Ctrl Pts',(0.286747066676616,-0.557831138372421,
-0.25));
#4725=CARTESIAN_POINT('',(0.515662579238414,-0.634939581155777,-0.3));
#4726=CARTESIAN_POINT('Ctrl Pts',(0.286747066676616,-0.557831138372421,
-0.3));
#4727=CARTESIAN_POINT('Ctrl Pts',(0.321200935414156,-0.580320476509285,
-0.3));
#4728=CARTESIAN_POINT('Ctrl Pts',(0.390818537174478,-0.625762507945352,
-0.3));
#4729=CARTESIAN_POINT('Ctrl Pts',(0.47376597070877,-0.631859832716134,-0.3));
#4730=CARTESIAN_POINT('Ctrl Pts',(0.515662579238414,-0.634939581155777,
-0.3));
#4731=CARTESIAN_POINT('',(0.515662579238414,-0.634939581155777,-0.25));
#4732=CARTESIAN_POINT('Ctrl Pts',(0.515662579238414,-0.634939581155777,
-0.25));
#4733=CARTESIAN_POINT('Ctrl Pts',(0.47376597070877,-0.631859832716134,-0.25));
#4734=CARTESIAN_POINT('Ctrl Pts',(0.390818537174478,-0.625762507945352,
-0.25));
#4735=CARTESIAN_POINT('Ctrl Pts',(0.321200935414156,-0.580320476509285,
-0.25));
#4736=CARTESIAN_POINT('Ctrl Pts',(0.286747066676616,-0.557831138372421,
-0.25));
#4737=CARTESIAN_POINT('',(0.515662579238414,-0.634939581155777,-0.3));
#4738=CARTESIAN_POINT('Ctrl Pts',(0.809638349711894,-0.50722873210907,-0.3));
#4739=CARTESIAN_POINT('Ctrl Pts',(0.809638349711894,-0.50722873210907,-0.25));
#4740=CARTESIAN_POINT('Ctrl Pts',(0.766956337029076,-0.544476678696787,
-0.3));
#4741=CARTESIAN_POINT('Ctrl Pts',(0.766956337029076,-0.544476678696787,
-0.25));
#4742=CARTESIAN_POINT('Ctrl Pts',(0.682435481955396,-0.618236749917606,
-0.3));
#4743=CARTESIAN_POINT('Ctrl Pts',(0.682435481955396,-0.618236749917606,
-0.25));
#4744=CARTESIAN_POINT('Ctrl Pts',(0.570882600588974,-0.629409122174969,
-0.3));
#4745=CARTESIAN_POINT('Ctrl Pts',(0.570882600588974,-0.629409122174969,
-0.25));
#4746=CARTESIAN_POINT('Ctrl Pts',(0.515662579238414,-0.634939581155777,
-0.3));
#4747=CARTESIAN_POINT('Ctrl Pts',(0.515662579238414,-0.634939581155777,
-0.25));
#4748=CARTESIAN_POINT('',(0.809638349711894,-0.50722873210907,-0.3));
#4749=CARTESIAN_POINT('Ctrl Pts',(0.515662579238414,-0.634939581155777,
-0.3));
#4750=CARTESIAN_POINT('Ctrl Pts',(0.570882600588974,-0.629409122174969,
-0.3));
#4751=CARTESIAN_POINT('Ctrl Pts',(0.682435481955396,-0.618236749917606,
-0.3));
#4752=CARTESIAN_POINT('Ctrl Pts',(0.766956337029076,-0.544476678696787,
-0.3));
#4753=CARTESIAN_POINT('Ctrl Pts',(0.809638349711894,-0.50722873210907,-0.3));
#4754=CARTESIAN_POINT('',(0.809638349711894,-0.50722873210907,-0.25));
#4755=CARTESIAN_POINT('Ctrl Pts',(0.809638349711894,-0.50722873210907,-0.25));
#4756=CARTESIAN_POINT('Ctrl Pts',(0.766956337029076,-0.544476678696787,
-0.25));
#4757=CARTESIAN_POINT('Ctrl Pts',(0.682435481955396,-0.618236749917606,
-0.25));
#4758=CARTESIAN_POINT('Ctrl Pts',(0.570882600588974,-0.629409122174969,
-0.25));
#4759=CARTESIAN_POINT('Ctrl Pts',(0.515662579238414,-0.634939581155777,
-0.25));
#4760=CARTESIAN_POINT('',(0.809638349711894,-0.50722873210907,-0.3));
#4761=CARTESIAN_POINT('Ctrl Pts',(0.934939830005168,-0.189156293869018,
-0.3));
#4762=CARTESIAN_POINT('Ctrl Pts',(0.934939830005168,-0.189156293869018,
-0.25));
#4763=CARTESIAN_POINT('Ctrl Pts',(0.930091021498899,-0.249615488075306,
-0.3));
#4764=CARTESIAN_POINT('Ctrl Pts',(0.930091021498899,-0.249615488075306,
-0.25));
#4765=CARTESIAN_POINT('Ctrl Pts',(0.920558889082705,-0.368470469501276,
-0.3));
#4766=CARTESIAN_POINT('Ctrl Pts',(0.920558889082705,-0.368470469501276,
-0.25));
#4767=CARTESIAN_POINT('Ctrl Pts',(0.846181447746856,-0.461514414252337,
-0.3));
#4768=CARTESIAN_POINT('Ctrl Pts',(0.846181447746856,-0.461514414252337,
-0.25));
#4769=CARTESIAN_POINT('Ctrl Pts',(0.809638349711894,-0.50722873210907,-0.3));
#4770=CARTESIAN_POINT('Ctrl Pts',(0.809638349711894,-0.50722873210907,-0.25));
#4771=CARTESIAN_POINT('',(0.934939830005168,-0.189156293869018,-0.3));
#4772=CARTESIAN_POINT('Ctrl Pts',(0.809638349711894,-0.50722873210907,-0.3));
#4773=CARTESIAN_POINT('Ctrl Pts',(0.846181447746856,-0.461514414252337,
-0.3));
#4774=CARTESIAN_POINT('Ctrl Pts',(0.920558889082705,-0.368470469501276,
-0.3));
#4775=CARTESIAN_POINT('Ctrl Pts',(0.930091021498899,-0.249615488075306,
-0.3));
#4776=CARTESIAN_POINT('Ctrl Pts',(0.934939830005168,-0.189156293869018,
-0.3));
#4777=CARTESIAN_POINT('',(0.934939830005168,-0.189156293869018,-0.25));
#4778=CARTESIAN_POINT('Ctrl Pts',(0.934939830005168,-0.189156293869018,
-0.25));
#4779=CARTESIAN_POINT('Ctrl Pts',(0.930091021498899,-0.249615488075306,
-0.25));
#4780=CARTESIAN_POINT('Ctrl Pts',(0.920558889082705,-0.368470469501276,
-0.25));
#4781=CARTESIAN_POINT('Ctrl Pts',(0.846181447746856,-0.461514414252337,
-0.25));
#4782=CARTESIAN_POINT('Ctrl Pts',(0.809638349711894,-0.50722873210907,-0.25));
#4783=CARTESIAN_POINT('',(0.934939830005168,-0.189156293869018,-0.3));
#4784=CARTESIAN_POINT('Ctrl Pts',(0.826505868136882,0.0951809585094454,
-0.3));
#4785=CARTESIAN_POINT('Ctrl Pts',(0.826505868136882,0.0951809585094454,
-0.25));
#4786=CARTESIAN_POINT('Ctrl Pts',(0.858123802393208,0.0547650316671477,
-0.3));
#4787=CARTESIAN_POINT('Ctrl Pts',(0.858123802393208,0.0547650316671477,
-0.25));
#4788=CARTESIAN_POINT('Ctrl Pts',(0.923409633297129,-0.0286872060489679,
-0.3));
#4789=CARTESIAN_POINT('Ctrl Pts',(0.923409633297129,-0.0286872060489679,
-0.25));
#4790=CARTESIAN_POINT('Ctrl Pts',(0.931016809814842,-0.134558485402969,
-0.3));
#4791=CARTESIAN_POINT('Ctrl Pts',(0.931016809814842,-0.134558485402969,
-0.25));
#4792=CARTESIAN_POINT('Ctrl Pts',(0.934939830005168,-0.189156293869018,
-0.3));
#4793=CARTESIAN_POINT('Ctrl Pts',(0.934939830005168,-0.189156293869018,
-0.25));
#4794=CARTESIAN_POINT('',(0.826505868136882,0.0951809585094454,-0.3));
#4795=CARTESIAN_POINT('Ctrl Pts',(0.934939830005168,-0.189156293869018,
-0.3));
#4796=CARTESIAN_POINT('Ctrl Pts',(0.931016809814842,-0.134558485402969,
-0.3));
#4797=CARTESIAN_POINT('Ctrl Pts',(0.923409633297129,-0.0286872060489679,
-0.3));
#4798=CARTESIAN_POINT('Ctrl Pts',(0.858123802393208,0.0547650316671477,
-0.3));
#4799=CARTESIAN_POINT('Ctrl Pts',(0.826505868136882,0.0951809585094454,
-0.3));
#4800=CARTESIAN_POINT('',(0.826505868136882,0.0951809585094454,-0.25));
#4801=CARTESIAN_POINT('Ctrl Pts',(0.826505868136882,0.0951809585094454,
-0.25));
#4802=CARTESIAN_POINT('Ctrl Pts',(0.858123802393208,0.0547650316671477,
-0.25));
#4803=CARTESIAN_POINT('Ctrl Pts',(0.923409633297129,-0.0286872060489679,
-0.25));
#4804=CARTESIAN_POINT('Ctrl Pts',(0.931016809814842,-0.134558485402969,
-0.25));
#4805=CARTESIAN_POINT('Ctrl Pts',(0.934939830005168,-0.189156293869018,
-0.25));
#4806=CARTESIAN_POINT('',(0.826505868136882,0.0951809585094454,-0.3));
#4807=CARTESIAN_POINT('Ctrl Pts',(0.542168466746807,0.208433955907822,-0.3));
#4808=CARTESIAN_POINT('Ctrl Pts',(0.542168466746807,0.208433955907822,-0.25));
#4809=CARTESIAN_POINT('Ctrl Pts',(0.597359537483375,0.20435875698218,-0.3));
#4810=CARTESIAN_POINT('Ctrl Pts',(0.597359537483375,0.20435875698218,-0.25));
#4811=CARTESIAN_POINT('Ctrl Pts',(0.704270605261174,0.196464656310952,-0.3));
#4812=CARTESIAN_POINT('Ctrl Pts',(0.704270605261174,0.196464656310952,-0.25));
#4813=CARTESIAN_POINT('Ctrl Pts',(0.786652341077237,0.128203447241995,-0.3));
#4814=CARTESIAN_POINT('Ctrl Pts',(0.786652341077237,0.128203447241995,-0.25));
#4815=CARTESIAN_POINT('Ctrl Pts',(0.826505868136882,0.0951809585094454,
-0.3));
#4816=CARTESIAN_POINT('Ctrl Pts',(0.826505868136882,0.0951809585094454,
-0.25));
#4817=CARTESIAN_POINT('',(0.542168466746807,0.208433955907822,-0.3));
#4818=CARTESIAN_POINT('Ctrl Pts',(0.826505868136882,0.0951809585094454,
-0.3));
#4819=CARTESIAN_POINT('Ctrl Pts',(0.786652341077237,0.128203447241995,-0.3));
#4820=CARTESIAN_POINT('Ctrl Pts',(0.704270605261174,0.196464656310952,-0.3));
#4821=CARTESIAN_POINT('Ctrl Pts',(0.597359537483375,0.20435875698218,-0.3));
#4822=CARTESIAN_POINT('Ctrl Pts',(0.542168466746807,0.208433955907822,-0.3));
#4823=CARTESIAN_POINT('',(0.542168466746807,0.208433955907822,-0.25));
#4824=CARTESIAN_POINT('Ctrl Pts',(0.542168466746807,0.208433955907822,-0.25));
#4825=CARTESIAN_POINT('Ctrl Pts',(0.597359537483375,0.20435875698218,-0.25));
#4826=CARTESIAN_POINT('Ctrl Pts',(0.704270605261174,0.196464656310952,-0.25));
#4827=CARTESIAN_POINT('Ctrl Pts',(0.786652341077237,0.128203447241995,-0.25));
#4828=CARTESIAN_POINT('Ctrl Pts',(0.826505868136882,0.0951809585094454,
-0.25));
#4829=CARTESIAN_POINT('',(0.542168466746807,0.208433955907822,-0.3));
#4830=CARTESIAN_POINT('Ctrl Pts',(0.156626550853252,0.116867661476135,-0.3));
#4831=CARTESIAN_POINT('Ctrl Pts',(0.156626550853252,0.116867661476135,-0.25));
#4832=CARTESIAN_POINT('Ctrl Pts',(0.223230441591265,0.143530269484488,-0.3));
#4833=CARTESIAN_POINT('Ctrl Pts',(0.223230441591265,0.143530269484488,-0.25));
#4834=CARTESIAN_POINT('Ctrl Pts',(0.347343925889943,0.193214892165513,-0.3));
#4835=CARTESIAN_POINT('Ctrl Pts',(0.347343925889943,0.193214892165513,-0.25));
#4836=CARTESIAN_POINT('Ctrl Pts',(0.480478728348043,0.203614952835581,-0.3));
#4837=CARTESIAN_POINT('Ctrl Pts',(0.480478728348043,0.203614952835581,-0.25));
#4838=CARTESIAN_POINT('Ctrl Pts',(0.542168466746807,0.208433955907822,-0.3));
#4839=CARTESIAN_POINT('Ctrl Pts',(0.542168466746807,0.208433955907822,-0.25));
#4840=CARTESIAN_POINT('',(0.156626550853252,0.116867661476135,-0.3));
#4841=CARTESIAN_POINT('Ctrl Pts',(0.542168466746807,0.208433955907822,-0.3));
#4842=CARTESIAN_POINT('Ctrl Pts',(0.480478728348043,0.203614952835581,-0.3));
#4843=CARTESIAN_POINT('Ctrl Pts',(0.347343925889943,0.193214892165513,-0.3));
#4844=CARTESIAN_POINT('Ctrl Pts',(0.223230441591265,0.143530269484488,-0.3));
#4845=CARTESIAN_POINT('Ctrl Pts',(0.156626550853252,0.116867661476135,-0.3));
#4846=CARTESIAN_POINT('',(0.156626550853252,0.116867661476135,-0.25));
#4847=CARTESIAN_POINT('Ctrl Pts',(0.156626550853252,0.116867661476135,-0.25));
#4848=CARTESIAN_POINT('Ctrl Pts',(0.223230441591265,0.143530269484488,-0.25));
#4849=CARTESIAN_POINT('Ctrl Pts',(0.347343925889943,0.193214892165513,-0.25));
#4850=CARTESIAN_POINT('Ctrl Pts',(0.480478728348043,0.203614952835581,-0.25));
#4851=CARTESIAN_POINT('Ctrl Pts',(0.542168466746807,0.208433955907822,-0.25));
#4852=CARTESIAN_POINT('',(0.156626550853252,0.116867661476135,-0.3));
#4853=CARTESIAN_POINT('Origin',(0.318072287738323,0.974699050188065,-0.3));
#4854=CARTESIAN_POINT('',(0.318072287738323,0.974699050188065,-0.3));
#4855=CARTESIAN_POINT('',(0.197110163431813,0.331974695383539,-0.3));
#4856=CARTESIAN_POINT('',(0.318072287738323,0.974699050188065,-0.25));
#4857=CARTESIAN_POINT('',(0.156626550853252,0.116867661476135,-0.25));
#4858=CARTESIAN_POINT('',(0.318072287738323,0.974699050188065,-0.3));
#4859=CARTESIAN_POINT('Origin',(1.06746956557035,0.974699050188065,-0.3));
#4860=CARTESIAN_POINT('',(-0.253765217214639,0.974699050188065,-0.3));
#4861=CARTESIAN_POINT('',(0.318072287738323,0.974699050188065,-0.25));
#4862=CARTESIAN_POINT('Origin',(-1.50501728579666E-7,0.0879520326852801,
-0.25));
#4863=CARTESIAN_POINT('Origin',(3.60000000000147,0.450000000000001,0.));
#4864=CARTESIAN_POINT('',(3.60000000000147,-0.449999999999999,-1.));
#4865=CARTESIAN_POINT('',(3.60000000000147,0.450000000000001,-1.));
#4866=CARTESIAN_POINT('',(3.60000000000147,0.225000000000002,-1.));
#4867=CARTESIAN_POINT('',(3.60000000000147,0.450000000000001,0.));
#4868=CARTESIAN_POINT('',(3.60000000000147,0.450000000000001,0.));
#4869=CARTESIAN_POINT('',(3.60000000000147,-0.449999999999999,0.));
#4870=CARTESIAN_POINT('',(3.60000000000147,0.22500000000004,0.));
#4871=CARTESIAN_POINT('',(3.60000000000147,-0.449999999999999,0.));
#4872=CARTESIAN_POINT('Origin',(4.50000000000148,-0.449999999999998,-8.8));
#4873=CARTESIAN_POINT('',(4.50000000000148,-0.449999999999998,-8.8));
#4874=CARTESIAN_POINT('',(4.50000000000148,-0.449999999999998,0.));
#4875=CARTESIAN_POINT('',(4.50000000000148,-0.449999999999998,-8.8));
#4876=CARTESIAN_POINT('',(2.50000000000147,-0.45,-8.8));
#4877=CARTESIAN_POINT('',(2.25000000000148,-0.45,-8.8));
#4878=CARTESIAN_POINT('',(2.50000000000147,-0.45,-1.));
#4879=CARTESIAN_POINT('',(2.50000000000147,-0.45,-8.8));
#4880=CARTESIAN_POINT('',(3.37500000000129,-0.449999999999999,-1.));
#4881=CARTESIAN_POINT('',(1.80000000000111,-0.45,0.));
#4882=CARTESIAN_POINT('Origin',(2.50000000000147,-0.45,-8.8));
#4883=CARTESIAN_POINT('',(2.50000000000148,-1.15,-1.));
#4884=CARTESIAN_POINT('',(2.50000000000147,-0.224999999999999,-1.));
#4885=CARTESIAN_POINT('',(2.50000000000148,-1.15,-8.8));
#4886=CARTESIAN_POINT('',(2.50000000000147,-0.224999999999999,-8.8));
#4887=CARTESIAN_POINT('',(2.50000000000148,-1.15,-8.8));
#4888=CARTESIAN_POINT('Origin',(4.50000000000148,0.450000000000002,-8.8));
#4889=CARTESIAN_POINT('',(4.50000000000148,0.450000000000002,0.));
#4890=CARTESIAN_POINT('',(4.50000000000148,-0.22499999999996,0.));
#4891=CARTESIAN_POINT('',(4.50000000000148,0.450000000000002,-8.8));
#4892=CARTESIAN_POINT('',(4.50000000000148,0.450000000000002,0.));
#4893=CARTESIAN_POINT('',(4.50000000000148,0.225000000000002,-8.8));
#4894=CARTESIAN_POINT('Origin',(2.50000000000147,0.450000000000001,-8.8));
#4895=CARTESIAN_POINT('',(2.25000000000111,0.45,0.));
#4896=CARTESIAN_POINT('',(2.50000000000147,0.450000000000001,-1.));
#4897=CARTESIAN_POINT('',(2.37500000000129,0.450000000000001,-1.));
#4898=CARTESIAN_POINT('',(2.50000000000147,0.450000000000001,-8.8));
#4899=CARTESIAN_POINT('',(2.50000000000147,0.450000000000001,-8.8));
#4900=CARTESIAN_POINT('',(1.25000000000147,0.45,-8.8));
#4901=CARTESIAN_POINT('Origin',(2.50000000000147,1.15,-8.8));
#4902=CARTESIAN_POINT('',(2.50000000000147,1.15,-1.));
#4903=CARTESIAN_POINT('',(2.50000000000147,0.575000000000001,-1.));
#4904=CARTESIAN_POINT('',(2.50000000000147,1.15,-8.8));
#4905=CARTESIAN_POINT('',(2.50000000000147,1.15,-8.8));
#4906=CARTESIAN_POINT('',(2.50000000000147,0.575000000000001,-8.8));
#4907=CARTESIAN_POINT('Origin',(5.25000000000074,-1.74999999999992,0.));
#4908=CARTESIAN_POINT('',(5.45000000000074,-1.74999999999992,-1.));
#4909=CARTESIAN_POINT('',(5.25000000000074,-1.94999999999992,-1.));
#4910=CARTESIAN_POINT('Origin',(5.25000000000074,-1.74999999999992,-1.));
#4911=CARTESIAN_POINT('',(5.45000000000074,-1.74999999999992,0.));
#4912=CARTESIAN_POINT('',(5.45000000000074,-1.74999999999992,0.));
#4913=CARTESIAN_POINT('',(5.25000000000074,-1.94999999999992,0.));
#4914=CARTESIAN_POINT('Origin',(5.25000000000074,-1.74999999999992,0.));
#4915=CARTESIAN_POINT('',(5.25000000000074,-1.94999999999992,0.));
#4916=CARTESIAN_POINT('Origin',(5.45000000000073,-1.24999999999994,0.));
#4917=CARTESIAN_POINT('',(5.45000000000074,-1.7,-1.));
#4918=CARTESIAN_POINT('',(5.45000000000072,-0.624999999999894,-1.));
#4919=CARTESIAN_POINT('',(5.45000000000074,-1.7,-6.96371088333253));
#4920=CARTESIAN_POINT('',(5.45000000000074,-1.7,-0.5));
#4921=CARTESIAN_POINT('',(5.45000000000073,-1.24999999999994,-7.5));
#4922=CARTESIAN_POINT('',(5.45000000000075,-3.09651453689783,-5.2994096668745));
#4923=CARTESIAN_POINT('',(5.45000000000073,-1.24999999999994,0.));
#4924=CARTESIAN_POINT('',(5.45000000000073,-1.24999999999994,0.));
#4925=CARTESIAN_POINT('',(5.45000000000072,-0.624999999999894,0.));
#4926=CARTESIAN_POINT('Origin',(5.25000000000074,1.75000000000008,0.));
#4927=CARTESIAN_POINT('',(5.45000000000074,1.75000000000008,0.));
#4928=CARTESIAN_POINT('',(5.25000000000074,1.95000000000008,0.));
#4929=CARTESIAN_POINT('Origin',(5.25000000000074,1.75000000000008,0.));
#4930=CARTESIAN_POINT('',(5.45000000000074,1.75000000000008,-1.));
#4931=CARTESIAN_POINT('',(5.45000000000074,1.75000000000008,0.));
#4932=CARTESIAN_POINT('',(5.25000000000074,1.95000000000008,-1.));
#4933=CARTESIAN_POINT('Origin',(5.25000000000074,1.75000000000008,-1.));
#4934=CARTESIAN_POINT('',(5.25000000000074,1.95000000000008,0.));
#4935=CARTESIAN_POINT('Origin',(2.15000000000148,-0.499999999999999,0.));
#4936=CARTESIAN_POINT('',(3.15000000000148,-0.499999999999998,-0.3));
#4937=CARTESIAN_POINT('',(2.15000000000148,-1.5,-0.3));
#4938=CARTESIAN_POINT('Origin',(2.15000000000148,-0.499999999999999,-0.3));
#4939=CARTESIAN_POINT('',(2.15000000000148,-1.5,0.));
#4940=CARTESIAN_POINT('',(2.15000000000148,-1.5,0.));
#4941=CARTESIAN_POINT('',(3.15000000000148,-0.499999999999998,0.));
#4942=CARTESIAN_POINT('Origin',(2.15000000000148,-0.499999999999999,0.));
#4943=CARTESIAN_POINT('',(3.15000000000148,-0.499999999999998,0.));
#4944=CARTESIAN_POINT('Origin',(2.15000000000147,0.500000000000001,0.));
#4945=CARTESIAN_POINT('',(2.15000000000147,1.5,-0.3));
#4946=CARTESIAN_POINT('',(3.15000000000147,0.500000000000002,-0.3));
#4947=CARTESIAN_POINT('Origin',(2.15000000000147,0.500000000000001,-0.3));
#4948=CARTESIAN_POINT('',(3.15000000000147,0.500000000000002,0.));
#4949=CARTESIAN_POINT('',(3.15000000000147,0.500000000000002,0.));
#4950=CARTESIAN_POINT('',(2.15000000000147,1.5,0.));
#4951=CARTESIAN_POINT('Origin',(2.15000000000147,0.500000000000001,0.));
#4952=CARTESIAN_POINT('',(2.15000000000147,1.5,0.));
#4953=CARTESIAN_POINT('Origin',(3.15000000000148,-1.5,0.));
#4954=CARTESIAN_POINT('',(3.15000000000148,-0.74999999999996,0.));
#4955=CARTESIAN_POINT('',(3.15000000000148,-1.5,-0.3));
#4956=CARTESIAN_POINT('Origin',(5.50000000000074,1.7,-6.9637108833324));
#4957=CARTESIAN_POINT('',(4.80000000000221,1.25000000000009,-7.5));
#4958=CARTESIAN_POINT('',(4.80000000000221,1.7,-6.9637108833324));
#4959=CARTESIAN_POINT('',(4.80000000000221,1.2479020602835,-7.5025002271943));
#4960=CARTESIAN_POINT('',(5.45000000000074,1.7,-6.9637108833324));
#4961=CARTESIAN_POINT('',(5.50000000000148,1.7,-6.9637108833324));
#4962=CARTESIAN_POINT('',(5.45000000000074,1.25000000000009,-7.5));
#4963=CARTESIAN_POINT('',(5.45000000000074,3.46612610580594,-4.85892375176253));
#4964=CARTESIAN_POINT('',(5.50000000000074,1.25000000000009,-7.5));
#4965=CARTESIAN_POINT('Origin',(5.50000000000074,1.25000000000009,-7.5));
#4966=CARTESIAN_POINT('',(4.80000000000221,1.25000000000009,-8.8));
#4967=CARTESIAN_POINT('',(4.80000000000221,1.25000000000009,-8.15));
#4968=CARTESIAN_POINT('',(5.45000000000074,1.25000000000009,-8.8));
#4969=CARTESIAN_POINT('',(5.45000000000074,1.25000000000009,0.));
#4970=CARTESIAN_POINT('',(2.75000000000111,1.25000000000009,-8.8));
#4971=CARTESIAN_POINT('Origin',(5.50000000000074,-1.24999999999994,-8.8));
#4972=CARTESIAN_POINT('',(4.80000000000221,-1.24999999999994,-7.5));
#4973=CARTESIAN_POINT('',(4.80000000000221,-1.24999999999994,-8.8));
#4974=CARTESIAN_POINT('',(4.80000000000221,-1.24999999999994,-8.8));
#4975=CARTESIAN_POINT('',(5.45000000000073,-1.24999999999994,-8.8));
#4976=CARTESIAN_POINT('',(2.75000000000111,-1.24999999999994,-8.8));
#4977=CARTESIAN_POINT('',(5.45000000000073,-1.24999999999994,0.));
#4978=CARTESIAN_POINT('',(5.50000000000074,-1.24999999999994,-7.5));
#4979=CARTESIAN_POINT('Origin',(5.50000000000074,-1.24999999999994,-7.5));
#4980=CARTESIAN_POINT('',(4.80000000000221,-1.7,-6.96371088333253));
#4981=CARTESIAN_POINT('',(4.80000000000221,-0.919608082491818,-7.89374575465439));
#4982=CARTESIAN_POINT('',(7.3688446620759E-13,-1.7,-6.96371088333253));
#4983=CARTESIAN_POINT('Origin',(4.80000000000221,1.7,-8.8));
#4984=CARTESIAN_POINT('',(4.80000000000221,1.2,-8.8));
#4985=CARTESIAN_POINT('',(4.80000000000221,0.850000000000003,-8.8));
#4986=CARTESIAN_POINT('',(4.80000000000221,1.2,-1.));
#4987=CARTESIAN_POINT('',(4.80000000000221,1.2,-8.8));
#4988=CARTESIAN_POINT('',(4.80000000000221,1.7,-1.));
#4989=CARTESIAN_POINT('',(4.80000000000221,0.850000000000003,-1.));
#4990=CARTESIAN_POINT('',(4.80000000000221,1.7,-4.9));
#4991=CARTESIAN_POINT('Origin',(5.50000000000221,1.7,-1.));
#4992=CARTESIAN_POINT('',(5.45000000000074,1.7,-1.));
#4993=CARTESIAN_POINT('',(2.75000000000147,1.7,-1.));
#4994=CARTESIAN_POINT('',(5.45000000000074,1.7,-0.5));
#4995=CARTESIAN_POINT('Origin',(5.45000000000074,1.25000000000009,0.));
#4996=CARTESIAN_POINT('',(5.50000000000074,1.20000000000008,-8.8));
#4997=CARTESIAN_POINT('',(4.40000000000143,2.29999999999978,-8.8));
#4998=CARTESIAN_POINT('',(5.45000000000074,1.25000000000009,0.));
#4999=CARTESIAN_POINT('',(5.45000000000074,1.25000000000009,0.));
#5000=CARTESIAN_POINT('',(5.50000000000074,1.20000000000008,0.));
#5001=CARTESIAN_POINT('',(4.40000000000122,2.29999999999998,0.));
#5002=CARTESIAN_POINT('',(5.50000000000074,1.20000000000007,0.));
#5003=CARTESIAN_POINT('Origin',(5.45000000000074,1.95000000000008,0.));
#5004=CARTESIAN_POINT('',(5.45000000000073,0.975000000000075,0.));
#5005=CARTESIAN_POINT('',(5.45000000000073,0.975000000000075,-1.));
#5006=CARTESIAN_POINT('Origin',(5.50000000000074,-1.19999999999992,0.));
#5007=CARTESIAN_POINT('',(5.50000000000074,-1.19999999999992,-8.8));
#5008=CARTESIAN_POINT('',(4.42500000000097,-2.27499999999974,-8.8));
#5009=CARTESIAN_POINT('',(5.50000000000074,-1.19999999999992,0.));
#5010=CARTESIAN_POINT('',(5.50000000000074,-1.19999999999992,0.));
#5011=CARTESIAN_POINT('',(4.4250000000008,-2.27499999999991,0.));
#5012=CARTESIAN_POINT('Origin',(5.50000000000074,-1.94999999999992,0.));
#5013=CARTESIAN_POINT('',(5.50000000000074,-1.94999999999992,0.));
#5014=CARTESIAN_POINT('',(5.50000000000221,1.7,-8.8));
#5015=CARTESIAN_POINT('Origin',(3.10000000000221,-1.7,-8.8));
#5016=CARTESIAN_POINT('',(3.10000000000221,-1.7,-1.));
#5017=CARTESIAN_POINT('',(3.10000000000221,-1.2,-1.));
#5018=CARTESIAN_POINT('',(3.10000000000221,-0.849999999999999,-1.));
#5019=CARTESIAN_POINT('',(3.10000000000221,-1.7,-8.8));
#5020=CARTESIAN_POINT('',(3.10000000000221,-1.7,-4.9));
#5021=CARTESIAN_POINT('',(3.10000000000221,-1.2,-8.8));
#5022=CARTESIAN_POINT('',(3.10000000000221,-0.849999999999997,-8.8));
#5023=CARTESIAN_POINT('',(3.10000000000221,-1.2,-8.8));
#5024=CARTESIAN_POINT('Origin',(4.80000000000221,-1.2,-8.8));
#5025=CARTESIAN_POINT('',(4.80000000000221,-1.7,-1.));
#5026=CARTESIAN_POINT('',(4.80000000000221,-1.7,-4.9));
#5027=CARTESIAN_POINT('',(4.80000000000221,-1.2,-1.));
#5028=CARTESIAN_POINT('',(4.80000000000221,-0.599999999999997,-1.));
#5029=CARTESIAN_POINT('',(4.80000000000221,-1.2,-8.8));
#5030=CARTESIAN_POINT('',(4.80000000000221,-1.2,-8.8));
#5031=CARTESIAN_POINT('',(4.80000000000221,-0.599999999999997,-8.8));
#5032=CARTESIAN_POINT('Origin',(3.10000000000221,-1.2,-8.8));
#5033=CARTESIAN_POINT('',(3.52500000000221,-1.2,-1.));
#5034=CARTESIAN_POINT('',(1.55000000000184,-1.2,-8.8));
#5035=CARTESIAN_POINT('Origin',(3.10000000000221,1.2,-8.8));
#5036=CARTESIAN_POINT('',(3.10000000000221,1.2,-1.));
#5037=CARTESIAN_POINT('',(3.10000000000221,1.7,-1.));
#5038=CARTESIAN_POINT('',(3.10000000000221,0.600000000000003,-1.));
#5039=CARTESIAN_POINT('',(3.10000000000221,1.2,-8.8));
#5040=CARTESIAN_POINT('',(3.10000000000221,1.2,-8.8));
#5041=CARTESIAN_POINT('',(3.10000000000221,1.7,-8.8));
#5042=CARTESIAN_POINT('',(3.10000000000221,0.6,-8.8));
#5043=CARTESIAN_POINT('',(3.10000000000221,1.7,-4.9));
#5044=CARTESIAN_POINT('Origin',(4.80000000000221,1.2,-8.8));
#5045=CARTESIAN_POINT('',(4.37500000000221,1.2,-1.));
#5046=CARTESIAN_POINT('',(2.40000000000184,1.2,-8.8));
#5047=CARTESIAN_POINT('Origin',(-5.49999999999926,-1.7,-1.));
#5048=CARTESIAN_POINT('',(-2.74999999999926,-1.7,-1.));
#5049=CARTESIAN_POINT('Origin',(-3.6,0.449999999999999,0.));
#5050=CARTESIAN_POINT('',(-3.6,-0.450000000000001,-1.));
#5051=CARTESIAN_POINT('',(-3.6,0.449999999999999,-1.));
#5052=CARTESIAN_POINT('',(-3.6,0.225,-1.));
#5053=CARTESIAN_POINT('',(-3.6,-0.450000000000001,0.));
#5054=CARTESIAN_POINT('',(-3.6,-0.450000000000001,0.));
#5055=CARTESIAN_POINT('',(-3.6,0.449999999999999,0.));
#5056=CARTESIAN_POINT('',(-3.6,0.225000000000038,0.));
#5057=CARTESIAN_POINT('',(-3.6,0.449999999999999,0.));
#5058=CARTESIAN_POINT('Origin',(-4.5,-0.450000000000001,-8.8));
#5059=CARTESIAN_POINT('',(-4.5,-0.450000000000001,-8.8));
#5060=CARTESIAN_POINT('',(-4.5,-0.450000000000001,0.));
#5061=CARTESIAN_POINT('',(-4.5,-0.450000000000001,-8.8));
#5062=CARTESIAN_POINT('',(-1.79999999999963,-0.450000000000001,0.));
#5063=CARTESIAN_POINT('',(-2.5,-0.450000000000001,-1.));
#5064=CARTESIAN_POINT('',(-3.37499999999982,-0.450000000000001,-1.));
#5065=CARTESIAN_POINT('',(-2.5,-0.450000000000001,-8.8));
#5066=CARTESIAN_POINT('',(-2.5,-0.450000000000001,-8.8));
#5067=CARTESIAN_POINT('',(-2.25,-0.450000000000001,-8.8));
#5068=CARTESIAN_POINT('Origin',(-2.24999999999963,-1.38777878078145E-16,
-1.));
#5069=CARTESIAN_POINT('',(-2.5,0.449999999999999,-1.));
#5070=CARTESIAN_POINT('',(-2.37499999999982,0.449999999999999,-1.));
#5071=CARTESIAN_POINT('',(-2.5,1.15,-1.));
#5072=CARTESIAN_POINT('',(-2.5,0.575,-1.));
#5073=CARTESIAN_POINT('',(-1.12499999999945,1.15,-1.));
#5074=CARTESIAN_POINT('',(-2.5,-1.15,-1.));
#5075=CARTESIAN_POINT('',(2.37500000000129,-1.15,-1.));
#5076=CARTESIAN_POINT('',(-2.5,-0.225000000000001,-1.));
#5077=CARTESIAN_POINT('Origin',(-2.5,-1.15,-8.8));
#5078=CARTESIAN_POINT('',(-2.5,-1.15,-8.8));
#5079=CARTESIAN_POINT('',(1.25000000000148,-1.15,-8.8));
#5080=CARTESIAN_POINT('',(-2.5,-1.15,-8.8));
#5081=CARTESIAN_POINT('Origin',(-2.5,-0.450000000000001,-8.8));
#5082=CARTESIAN_POINT('',(-2.5,-0.225000000000001,-8.8));
#5083=CARTESIAN_POINT('Origin',(-4.5,0.449999999999999,-8.8));
#5084=CARTESIAN_POINT('',(-4.5,0.449999999999999,-8.8));
#5085=CARTESIAN_POINT('',(-4.5,0.225,-8.8));
#5086=CARTESIAN_POINT('',(-4.5,0.449999999999999,0.));
#5087=CARTESIAN_POINT('',(-4.5,0.449999999999999,0.));
#5088=CARTESIAN_POINT('',(-4.5,-0.224999999999962,0.));
#5089=CARTESIAN_POINT('Origin',(-2.5,0.449999999999999,-8.8));
#5090=CARTESIAN_POINT('',(-2.5,0.449999999999999,-8.8));
#5091=CARTESIAN_POINT('',(-1.25,0.449999999999999,-8.8));
#5092=CARTESIAN_POINT('',(-2.5,0.449999999999999,-8.8));
#5093=CARTESIAN_POINT('',(-2.24999999999963,0.449999999999999,0.));
#5094=CARTESIAN_POINT('Origin',(-2.5,1.15,-8.8));
#5095=CARTESIAN_POINT('',(-2.5,1.15,-8.8));
#5096=CARTESIAN_POINT('',(-2.5,0.575,-8.8));
#5097=CARTESIAN_POINT('',(-2.5,1.15,-8.8));
#5098=CARTESIAN_POINT('Origin',(7.37188088351104E-13,1.15,-8.8));
#5099=CARTESIAN_POINT('',(3.68594044175552E-13,1.15,-8.8));
#5100=CARTESIAN_POINT('Origin',(0.,0.,-8.8));
#5101=CARTESIAN_POINT('',(-3.10000000000074,1.7,-8.8));
#5102=CARTESIAN_POINT('',(5.50000000000074,1.7,-8.8));
#5103=CARTESIAN_POINT('',(-3.10000000000074,-1.7,-8.8));
#5104=CARTESIAN_POINT('',(5.50000000000221,-1.7,-8.8));
#5105=CARTESIAN_POINT('',(-3.10000000000074,-1.2,-8.8));
#5106=CARTESIAN_POINT('',(-3.10000000000074,-0.849999999999998,-8.8));
#5107=CARTESIAN_POINT('',(-4.80000000000074,-1.2,-8.8));
#5108=CARTESIAN_POINT('',(-1.55000000000037,-1.2,-8.8));
#5109=CARTESIAN_POINT('',(-4.80000000000074,-1.24999999999994,-8.8));
#5110=CARTESIAN_POINT('',(-4.80000000000074,-0.6,-8.8));
#5111=CARTESIAN_POINT('',(-5.44999999999925,-1.24999999999994,-8.8));
#5112=CARTESIAN_POINT('',(-2.74999999999963,-1.24999999999994,-8.8));
#5113=CARTESIAN_POINT('',(-5.49999999999926,-1.19999999999993,-8.8));
#5114=CARTESIAN_POINT('',(-4.42499999999949,-2.27499999999975,-8.8));
#5115=CARTESIAN_POINT('',(-5.49999999999926,1.20000000000007,-8.8));
#5116=CARTESIAN_POINT('',(-5.50000000000074,1.7,-8.8));
#5117=CARTESIAN_POINT('',(-5.44999999999926,1.25000000000009,-8.8));
#5118=CARTESIAN_POINT('',(-4.39999999999995,2.29999999999977,-8.8));
#5119=CARTESIAN_POINT('',(-4.80000000000074,1.25000000000009,-8.8));
#5120=CARTESIAN_POINT('',(-2.74999999999963,1.25000000000009,-8.8));
#5121=CARTESIAN_POINT('',(-4.80000000000074,1.2,-8.8));
#5122=CARTESIAN_POINT('',(-4.80000000000074,0.85,-8.8));
#5123=CARTESIAN_POINT('',(-3.10000000000074,1.2,-8.8));
#5124=CARTESIAN_POINT('',(-2.40000000000037,1.2,-8.8));
#5125=CARTESIAN_POINT('',(-3.10000000000074,0.599999999999999,-8.8));
#5126=CARTESIAN_POINT('Origin',(-5.24999999999926,-1.74999999999992,0.));
#5127=CARTESIAN_POINT('',(-5.44999999999926,-1.74999999999992,-1.));
#5128=CARTESIAN_POINT('',(-5.24999999999926,-1.94999999999992,-1.));
#5129=CARTESIAN_POINT('Origin',(-5.24999999999926,-1.74999999999992,-1.));
#5130=CARTESIAN_POINT('',(-5.24999999999926,-1.94999999999992,0.));
#5131=CARTESIAN_POINT('',(-5.24999999999926,-1.94999999999992,0.));
#5132=CARTESIAN_POINT('',(-5.44999999999926,-1.74999999999992,0.));
#5133=CARTESIAN_POINT('Origin',(-5.24999999999926,-1.74999999999992,0.));
#5134=CARTESIAN_POINT('',(-5.44999999999926,-1.74999999999992,0.));
#5135=CARTESIAN_POINT('Origin',(-5.44999999999925,-1.24999999999994,0.));
#5136=CARTESIAN_POINT('',(-5.44999999999925,-1.24999999999994,0.));
#5137=CARTESIAN_POINT('',(-5.44999999999925,-0.624999999999897,0.));
#5138=CARTESIAN_POINT('',(-5.44999999999925,-1.24999999999994,-7.5));
#5139=CARTESIAN_POINT('',(-5.44999999999925,-1.24999999999994,0.));
#5140=CARTESIAN_POINT('',(-5.44999999999926,-1.7,-6.96371088333253));
#5141=CARTESIAN_POINT('',(-5.44999999999928,-3.09651453689783,-5.2994096668745));
#5142=CARTESIAN_POINT('',(-5.44999999999926,-1.7,-1.));
#5143=CARTESIAN_POINT('',(-5.44999999999926,-1.7,-0.5));
#5144=CARTESIAN_POINT('',(-5.44999999999925,-0.624999999999897,-1.));
#5145=CARTESIAN_POINT('Origin',(7.37188088351104E-13,7.60502771868232E-14,
0.));
#5146=CARTESIAN_POINT('',(-5.24999999999926,1.95000000000008,0.));
#5147=CARTESIAN_POINT('',(-5.49999999999926,1.95000000000008,0.));
#5148=CARTESIAN_POINT('',(-5.44999999999926,1.75000000000008,0.));
#5149=CARTESIAN_POINT('Origin',(-5.24999999999926,1.75000000000008,0.));
#5150=CARTESIAN_POINT('',(-5.44999999999926,1.25000000000009,0.));
#5151=CARTESIAN_POINT('',(-5.44999999999926,0.975000000000072,0.));
#5152=CARTESIAN_POINT('',(-5.49999999999926,1.20000000000007,0.));
#5153=CARTESIAN_POINT('',(-4.39999999999975,2.29999999999998,0.));
#5154=CARTESIAN_POINT('',(-5.49999999999926,-1.19999999999993,0.));
#5155=CARTESIAN_POINT('',(-5.49999999999926,-1.94999999999992,0.));
#5156=CARTESIAN_POINT('',(-4.42499999999933,-2.27499999999991,0.));
#5157=CARTESIAN_POINT('',(5.50000000000074,-1.94999999999992,0.));
#5158=CARTESIAN_POINT('',(-2.15,1.5,0.));
#5159=CARTESIAN_POINT('',(1.57500000000111,1.5,0.));
#5160=CARTESIAN_POINT('',(-2.15,-1.5,0.));
#5161=CARTESIAN_POINT('',(7.37188088351104E-13,-1.5,0.));
#5162=CARTESIAN_POINT('',(-3.15,-0.5,0.));
#5163=CARTESIAN_POINT('Origin',(-2.15,-0.5,0.));
#5164=CARTESIAN_POINT('',(-3.15,0.5,0.));
#5165=CARTESIAN_POINT('',(-3.15,-0.749999999999962,0.));
#5166=CARTESIAN_POINT('Origin',(-2.15,0.5,0.));
#5167=CARTESIAN_POINT('Origin',(-5.24999999999926,1.75000000000008,0.));
#5168=CARTESIAN_POINT('',(-5.24999999999926,1.95000000000008,-1.));
#5169=CARTESIAN_POINT('',(-5.24999999999926,1.95000000000008,0.));
#5170=CARTESIAN_POINT('',(-5.44999999999926,1.75000000000008,-1.));
#5171=CARTESIAN_POINT('Origin',(-5.24999999999926,1.75000000000008,-1.));
#5172=CARTESIAN_POINT('',(-5.44999999999926,1.75000000000008,0.));
#5173=CARTESIAN_POINT('Origin',(-5.49999999999926,1.95000000000008,0.));
#5174=CARTESIAN_POINT('',(-5.49999999999926,1.95000000000008,-1.));
#5175=CARTESIAN_POINT('Origin',(-2.15,-0.5,0.));
#5176=CARTESIAN_POINT('',(-3.15,-0.5,-0.3));
#5177=CARTESIAN_POINT('',(-2.15,-1.5,-0.3));
#5178=CARTESIAN_POINT('Origin',(-2.15,-0.5,-0.3));
#5179=CARTESIAN_POINT('',(-3.15,-0.5,0.));
#5180=CARTESIAN_POINT('',(-2.15,-1.5,0.));
#5181=CARTESIAN_POINT('Origin',(7.37188088351104E-13,-1.5,0.));
#5182=CARTESIAN_POINT('',(3.15,-1.5,-0.3));
#5183=CARTESIAN_POINT('Origin',(-2.15,0.5,0.));
#5184=CARTESIAN_POINT('',(-2.15,1.5,-0.3));
#5185=CARTESIAN_POINT('',(-3.15,0.5,-0.3));
#5186=CARTESIAN_POINT('Origin',(-2.15,0.5,-0.3));
#5187=CARTESIAN_POINT('',(-2.15,1.5,0.));
#5188=CARTESIAN_POINT('',(-3.15,0.5,0.));
#5189=CARTESIAN_POINT('Origin',(-3.15,-1.5,0.));
#5190=CARTESIAN_POINT('',(-3.15,-1.5,-0.3));
#5191=CARTESIAN_POINT('Origin',(-3.15,1.5,0.));
#5192=CARTESIAN_POINT('',(3.15000000000147,1.5,-0.3));
#5193=CARTESIAN_POINT('Origin',(-1.57499999999963,0.,-0.3));
#5194=CARTESIAN_POINT('Origin',(-5.49999999999926,1.7,-6.9637108833324));
#5195=CARTESIAN_POINT('',(-4.80000000000074,1.25000000000009,-7.5));
#5196=CARTESIAN_POINT('',(-4.80000000000074,1.7,-6.9637108833324));
#5197=CARTESIAN_POINT('',(-4.80000000000074,1.2479020602835,-7.5025002271943));
#5198=CARTESIAN_POINT('',(-5.44999999999926,1.25000000000009,-7.5));
#5199=CARTESIAN_POINT('',(-5.49999999999926,1.25000000000009,-7.5));
#5200=CARTESIAN_POINT('',(-5.44999999999926,1.7,-6.9637108833324));
#5201=CARTESIAN_POINT('',(-5.44999999999926,3.46612610580593,-4.85892375176253));
#5202=CARTESIAN_POINT('',(-5.5,1.7,-6.9637108833324));
#5203=CARTESIAN_POINT('Origin',(-5.49999999999926,1.25000000000009,-7.5));
#5204=CARTESIAN_POINT('',(-4.80000000000074,1.25000000000009,-8.15));
#5205=CARTESIAN_POINT('',(-5.44999999999926,1.25000000000009,0.));
#5206=CARTESIAN_POINT('Origin',(-5.49999999999926,-1.24999999999994,-8.8));
#5207=CARTESIAN_POINT('',(-4.80000000000074,-1.24999999999994,-7.5));
#5208=CARTESIAN_POINT('',(-4.80000000000074,-1.24999999999994,-8.8));
#5209=CARTESIAN_POINT('',(-5.49999999999926,-1.24999999999994,-7.5));
#5210=CARTESIAN_POINT('',(-5.44999999999925,-1.24999999999994,0.));
#5211=CARTESIAN_POINT('Origin',(-5.49999999999926,-1.24999999999994,-7.5));
#5212=CARTESIAN_POINT('',(-4.80000000000074,-1.7,-6.96371088333253));
#5213=CARTESIAN_POINT('',(-4.80000000000074,-0.919608082491821,-7.89374575465439));
#5214=CARTESIAN_POINT('',(7.39114344145993E-13,-1.7,-6.96371088333253));
#5215=CARTESIAN_POINT('Origin',(-4.80000000000074,1.7,-8.8));
#5216=CARTESIAN_POINT('',(-4.80000000000074,1.7,-1.));
#5217=CARTESIAN_POINT('',(-4.80000000000074,1.7,-4.9));
#5218=CARTESIAN_POINT('',(-4.80000000000074,1.2,-1.));
#5219=CARTESIAN_POINT('',(-4.80000000000074,0.85,-1.));
#5220=CARTESIAN_POINT('',(-4.80000000000074,1.2,-8.8));
#5221=CARTESIAN_POINT('Origin',(-5.50000000000074,1.7,-1.));
#5222=CARTESIAN_POINT('',(-5.44999999999926,1.7,-1.));
#5223=CARTESIAN_POINT('',(-5.44999999999926,1.7,-0.5));
#5224=CARTESIAN_POINT('',(-2.75,1.7,-1.));
#5225=CARTESIAN_POINT('Origin',(-5.44999999999926,1.25000000000009,0.));
#5226=CARTESIAN_POINT('',(-5.49999999999926,1.20000000000007,0.));
#5227=CARTESIAN_POINT('',(-5.44999999999926,1.25000000000009,0.));
#5228=CARTESIAN_POINT('Origin',(-5.44999999999926,1.95000000000008,0.));
#5229=CARTESIAN_POINT('',(-5.44999999999926,0.975000000000072,-1.));
#5230=CARTESIAN_POINT('Origin',(-5.49999999999926,-1.19999999999993,0.));
#5231=CARTESIAN_POINT('',(-5.49999999999926,-1.19999999999993,0.));
#5232=CARTESIAN_POINT('Origin',(7.37188088351104E-13,7.60502771868232E-14,
-1.));
#5233=CARTESIAN_POINT('',(-3.10000000000074,1.7,-1.));
#5234=CARTESIAN_POINT('',(2.75000000000147,1.7,-1.));
#5235=CARTESIAN_POINT('',(-3.10000000000074,1.2,-1.));
#5236=CARTESIAN_POINT('',(-3.10000000000074,0.600000000000001,-1.));
#5237=CARTESIAN_POINT('',(-4.37500000000074,1.2,-1.));
#5238=CARTESIAN_POINT('Origin',(-5.49999999999926,-1.94999999999992,0.));
#5239=CARTESIAN_POINT('Origin',(5.50000000000074,-1.94999999999992,0.));
#5240=CARTESIAN_POINT('',(5.50000000000074,-1.94999999999992,-1.));
#5241=CARTESIAN_POINT('Origin',(7.37188088351104E-13,7.60502771868232E-14,
-1.));
#5242=CARTESIAN_POINT('',(-4.80000000000074,-1.7,-1.));
#5243=CARTESIAN_POINT('',(2.75000000000074,-1.7,-1.));
#5244=CARTESIAN_POINT('',(-4.80000000000074,-1.2,-1.));
#5245=CARTESIAN_POINT('',(-4.80000000000074,-0.6,-1.));
#5246=CARTESIAN_POINT('',(-3.10000000000074,-1.2,-1.));
#5247=CARTESIAN_POINT('',(-3.52500000000074,-1.2,-1.));
#5248=CARTESIAN_POINT('',(-3.10000000000074,-1.7,-1.));
#5249=CARTESIAN_POINT('',(-3.10000000000074,-0.850000000000001,-1.));
#5250=CARTESIAN_POINT('',(2.75000000000074,-1.7,-1.));
#5251=CARTESIAN_POINT('Origin',(-3.10000000000074,-1.7,-8.8));
#5252=CARTESIAN_POINT('',(-3.10000000000074,-1.2,-8.8));
#5253=CARTESIAN_POINT('',(-3.10000000000074,-1.7,-4.9));
#5254=CARTESIAN_POINT('Origin',(-4.80000000000074,-1.2,-8.8));
#5255=CARTESIAN_POINT('',(-4.80000000000074,-1.2,-8.8));
#5256=CARTESIAN_POINT('',(-4.80000000000074,-1.7,-4.9));
#5257=CARTESIAN_POINT('Origin',(-3.10000000000074,-1.2,-8.8));
#5258=CARTESIAN_POINT('Origin',(-3.10000000000074,1.2,-8.8));
#5259=CARTESIAN_POINT('',(-3.10000000000074,1.7,-4.9));
#5260=CARTESIAN_POINT('',(-3.10000000000074,1.2,-8.8));
#5261=CARTESIAN_POINT('Origin',(-4.80000000000074,1.2,-8.8));
#5262=CARTESIAN_POINT('Origin',(5.50000000000074,-1.7,-1.));
#5263=CARTESIAN_POINT('Origin',(5.50000000000074,-1.7,-1.));
#5264=CARTESIAN_POINT('Origin',(-5.50000000000074,1.7,-1.));
#5265=CARTESIAN_POINT('Origin',(2.30000000000147,0.45,-7.69999993443495));
#5266=CARTESIAN_POINT('',(2.30000000000148,-0.449999999999999,-4.39999996721748));
#5267=CARTESIAN_POINT('',(2.30000000000148,0.450000000000001,-4.39999996721748));
#5268=CARTESIAN_POINT('',(2.30000000000148,-0.449999999999999,-4.39999996721748));
#5269=CARTESIAN_POINT('',(2.30000000000147,-0.45,-1.1));
#5270=CARTESIAN_POINT('',(2.30000000000147,-0.45,-1.));
#5271=CARTESIAN_POINT('',(2.30000000000147,0.45,-1.1));
#5272=CARTESIAN_POINT('',(2.30000000000147,0.45,-1.1));
#5273=CARTESIAN_POINT('',(2.30000000000147,0.45,-1.));
#5274=CARTESIAN_POINT('Origin',(2.30000000000147,0.45,-7.69999993443495));
#5275=CARTESIAN_POINT('',(2.29999994859247,-0.45,-5.60000000596053));
#5276=CARTESIAN_POINT('',(2.29999994859247,0.45,-5.60000000596053));
#5277=CARTESIAN_POINT('',(2.29999994859247,-0.45,-5.60000000596053));
#5278=CARTESIAN_POINT('',(2.30000000000147,0.45,-7.69999993443495));
#5279=CARTESIAN_POINT('',(2.30000000000147,0.45,-1.));
#5280=CARTESIAN_POINT('',(2.30000000000147,-0.45,-7.69999993443495));
#5281=CARTESIAN_POINT('',(2.30000000000147,0.45,-7.69999993443495));
#5282=CARTESIAN_POINT('',(2.30000000000147,-0.45,-1.));
#5283=CARTESIAN_POINT('Origin',(4.29237917172215,0.450000000000002,-15.8));
#5284=CARTESIAN_POINT('',(4.29237917172215,-0.449999999999998,-16.2));
#5285=CARTESIAN_POINT('',(4.67897322249275,-0.449999999999998,-15.9026890447359));
#5286=CARTESIAN_POINT('Origin',(4.29237917172215,-0.449999999999998,-15.8));
#5287=CARTESIAN_POINT('',(4.29237917172215,0.450000000000002,-16.2));
#5288=CARTESIAN_POINT('',(4.29237917172215,0.450000000000002,-16.2));
#5289=CARTESIAN_POINT('',(4.67897322249275,0.450000000000002,-15.9026890447359));
#5290=CARTESIAN_POINT('Origin',(4.29237917172215,0.450000000000002,-15.8));
#5291=CARTESIAN_POINT('',(4.67897322249275,0.450000000000002,-15.9026890447359));
#5292=CARTESIAN_POINT('Origin',(4.60000000000074,0.450000000000002,-16.2));
#5293=CARTESIAN_POINT('',(3.70762082827932,-0.449999999999999,-16.2));
#5294=CARTESIAN_POINT('',(5.45000000000074,-0.449999999999998,-16.2));
#5295=CARTESIAN_POINT('',(3.70762082827932,0.450000000000001,-16.2));
#5296=CARTESIAN_POINT('',(3.70762082827932,0.450000000000001,-16.2));
#5297=CARTESIAN_POINT('',(5.45000000000074,0.450000000000003,-16.2));
#5298=CARTESIAN_POINT('Origin',(3.70762082827932,0.450000000000001,-15.8));
#5299=CARTESIAN_POINT('',(3.32102677750872,-0.449999999999999,-15.9026890447359));
#5300=CARTESIAN_POINT('Origin',(3.70762082827932,-0.449999999999999,-15.8));
#5301=CARTESIAN_POINT('',(3.32102677750872,0.450000000000001,-15.9026890447359));
#5302=CARTESIAN_POINT('',(3.32102677750872,0.450000000000001,-15.9026890447359));
#5303=CARTESIAN_POINT('Origin',(3.70762082827932,0.450000000000001,-15.8));
#5304=CARTESIAN_POINT('Origin',(3.40000000000074,0.450000000000001,-16.2));
#5305=CARTESIAN_POINT('',(2.56340594923014,-0.45,-13.0504694559225));
#5306=CARTESIAN_POINT('',(3.40000000000074,-0.449999999999999,-16.2));
#5307=CARTESIAN_POINT('',(2.56340594923014,0.450000000000001,-13.0504694559225));
#5308=CARTESIAN_POINT('',(2.56340594923014,0.450000000000001,-13.0504694559225));
#5309=CARTESIAN_POINT('',(3.40000000000074,0.450000000000001,-16.2));
#5310=CARTESIAN_POINT('Origin',(2.95000000000074,0.450000000000001,-12.9477804111865));
#5311=CARTESIAN_POINT('',(2.55000000000074,-0.449999999999999,-12.9477804111865));
#5312=CARTESIAN_POINT('Origin',(2.95000000000074,-0.449999999999999,-12.9477804111865));
#5313=CARTESIAN_POINT('',(2.55000000000074,0.450000000000001,-12.9477804111865));
#5314=CARTESIAN_POINT('',(2.55000000000074,0.450000000000001,-12.9477804111865));
#5315=CARTESIAN_POINT('Origin',(2.95000000000074,0.450000000000001,-12.9477804111865));
#5316=CARTESIAN_POINT('Origin',(2.55000000000074,0.450000000000001,-13.));
#5317=CARTESIAN_POINT('',(2.55000000000073,-0.449999999999999,-8.9));
#5318=CARTESIAN_POINT('',(2.55000000000074,-0.449999999999999,-16.2));
#5319=CARTESIAN_POINT('',(2.55000000000073,0.450000000000001,-8.9));
#5320=CARTESIAN_POINT('',(2.55000000000073,0.450000000000001,-8.9));
#5321=CARTESIAN_POINT('',(2.55000000000074,0.450000000000001,-16.2));
#5322=CARTESIAN_POINT('Origin',(5.05000000000074,0.450000000000002,-12.9477804111865));
#5323=CARTESIAN_POINT('',(5.43659405077134,-0.449999999999998,-13.0504694559225));
#5324=CARTESIAN_POINT('',(5.45000000000074,-0.449999999999998,-12.9477804111865));
#5325=CARTESIAN_POINT('Origin',(5.05000000000074,-0.449999999999998,-12.9477804111865));
#5326=CARTESIAN_POINT('',(5.43659405077134,0.450000000000003,-13.0504694559225));
#5327=CARTESIAN_POINT('',(5.43659405077134,0.450000000000003,-13.0504694559225));
#5328=CARTESIAN_POINT('',(5.45000000000074,0.450000000000003,-12.9477804111865));
#5329=CARTESIAN_POINT('Origin',(5.05000000000074,0.450000000000002,-12.9477804111865));
#5330=CARTESIAN_POINT('',(5.45000000000074,0.450000000000003,-12.9477804111865));
#5331=CARTESIAN_POINT('Origin',(5.45000000000074,0.450000000000003,-13.));
#5332=CARTESIAN_POINT('',(4.60000000000074,0.450000000000002,-16.2));
#5333=CARTESIAN_POINT('',(4.60000000000074,-0.449999999999998,-16.2));
#5334=CARTESIAN_POINT('Origin',(2.40000000000147,0.450000000000001,-1.1));
#5335=CARTESIAN_POINT('',(2.40000000000147,-0.45,-1.));
#5336=CARTESIAN_POINT('Origin',(2.40000000000147,-0.449999999999999,-1.1));
#5337=CARTESIAN_POINT('',(2.40000000000147,0.450000000000001,-1.));
#5338=CARTESIAN_POINT('',(2.40000000000147,0.450000000000001,-1.));
#5339=CARTESIAN_POINT('Origin',(2.40000000000147,0.450000000000001,-1.1));
#5340=CARTESIAN_POINT('Origin',(2.30000000000147,0.45,-1.));
#5341=CARTESIAN_POINT('',(3.60000000000147,-0.449999999999999,-1.));
#5342=CARTESIAN_POINT('',(2.50000000000147,-0.45,-1.));
#5343=CARTESIAN_POINT('',(3.60000000000147,0.450000000000001,-1.));
#5344=CARTESIAN_POINT('',(3.60000000000147,0.450000000000001,-1.));
#5345=CARTESIAN_POINT('',(2.50000000000147,0.450000000000001,-1.));
#5346=CARTESIAN_POINT('Origin',(1.40000000000148,0.45,-8.7));
#5347=CARTESIAN_POINT('',(1.30000000000148,-0.45,-8.7));
#5348=CARTESIAN_POINT('',(1.40000000000148,-0.45,-8.8));
#5349=CARTESIAN_POINT('Origin',(1.40000000000148,-0.45,-8.7));
#5350=CARTESIAN_POINT('',(1.30000000000148,0.45,-8.7));
#5351=CARTESIAN_POINT('',(1.30000000000148,0.45,-8.7));
#5352=CARTESIAN_POINT('',(1.40000000000148,0.45,-8.8));
#5353=CARTESIAN_POINT('Origin',(1.40000000000148,0.45,-8.7));
#5354=CARTESIAN_POINT('',(1.40000000000148,0.45,-8.8));
#5355=CARTESIAN_POINT('Origin',(2.55000000000073,0.450000000000001,-8.8));
#5356=CARTESIAN_POINT('',(2.45000000000073,0.450000000000001,-8.8));
#5357=CARTESIAN_POINT('',(4.50000000000147,0.450000000000002,-8.8));
#5358=CARTESIAN_POINT('',(2.45000000000073,-0.45,-8.8));
#5359=CARTESIAN_POINT('',(2.45000000000073,0.450000000000001,-8.8));
#5360=CARTESIAN_POINT('',(4.50000000000147,-0.449999999999998,-8.8));
#5361=CARTESIAN_POINT('Origin',(2.45000000000073,0.450000000000001,-8.9));
#5362=CARTESIAN_POINT('Origin',(2.45000000000073,0.450000000000001,-8.9));
#5363=CARTESIAN_POINT('Origin',(2.45000000000073,-0.449999999999999,-8.9));
#5364=CARTESIAN_POINT('Origin',(1.40000000000148,0.45,-7.79999993443495));
#5365=CARTESIAN_POINT('',(1.40000000000148,-0.45,-7.69999993443495));
#5366=CARTESIAN_POINT('',(1.30000000000148,-0.45,-7.79999993443495));
#5367=CARTESIAN_POINT('Origin',(1.40000000000148,-0.45,-7.79999993443495));
#5368=CARTESIAN_POINT('',(1.40000000000148,0.45,-7.69999993443495));
#5369=CARTESIAN_POINT('',(1.40000000000148,0.45,-7.69999993443495));
#5370=CARTESIAN_POINT('',(1.30000000000148,0.45,-7.79999993443495));
#5371=CARTESIAN_POINT('Origin',(1.40000000000148,0.45,-7.79999993443495));
#5372=CARTESIAN_POINT('',(1.30000000000148,0.45,-7.79999993443495));
#5373=CARTESIAN_POINT('Origin',(1.30000000000147,0.45,-7.69999993443495));
#5374=CARTESIAN_POINT('',(2.30000000000147,-0.45,-7.69999993443495));
#5375=CARTESIAN_POINT('',(2.30000000000147,0.45,-7.69999993443495));
#5376=CARTESIAN_POINT('Origin',(5.35000000000074,0.450000000000002,-8.9));
#5377=CARTESIAN_POINT('',(5.45000000000074,-0.449999999999998,-8.9));
#5378=CARTESIAN_POINT('',(5.35000000000074,-0.449999999999998,-8.8));
#5379=CARTESIAN_POINT('Origin',(5.35000000000074,-0.449999999999998,-8.9));
#5380=CARTESIAN_POINT('',(5.45000000000074,0.450000000000003,-8.9));
#5381=CARTESIAN_POINT('',(5.45000000000074,0.450000000000002,-8.9));
#5382=CARTESIAN_POINT('',(5.35000000000074,0.450000000000002,-8.8));
#5383=CARTESIAN_POINT('Origin',(5.35000000000074,0.450000000000002,-8.9));
#5384=CARTESIAN_POINT('',(5.35000000000074,0.450000000000002,-8.8));
#5385=CARTESIAN_POINT('Origin',(5.45000000000074,0.450000000000003,-8.8));
#5386=CARTESIAN_POINT('',(5.45000000000074,0.450000000000003,-8.8));
#5387=CARTESIAN_POINT('',(5.45000000000074,-0.449999999999998,-8.8));
#5388=CARTESIAN_POINT('Origin',(4.00000000000147,0.450000000000002,-0.4));
#5389=CARTESIAN_POINT('',(4.00000000000147,-0.449999999999999,0.));
#5390=CARTESIAN_POINT('',(3.60000000000147,-0.449999999999999,-0.4));
#5391=CARTESIAN_POINT('Origin',(4.00000000000147,-0.449999999999998,-0.4));
#5392=CARTESIAN_POINT('',(4.00000000000147,0.450000000000002,0.));
#5393=CARTESIAN_POINT('',(4.00000000000147,0.450000000000002,0.));
#5394=CARTESIAN_POINT('',(3.60000000000147,0.450000000000001,-0.4));
#5395=CARTESIAN_POINT('Origin',(4.00000000000147,0.450000000000002,-0.4));
#5396=CARTESIAN_POINT('',(3.60000000000147,0.450000000000001,-0.4));
#5397=CARTESIAN_POINT('Origin',(3.60000000000147,0.450000000000001,0.));
#5398=CARTESIAN_POINT('',(4.10000000000147,-0.449999999999998,0.));
#5399=CARTESIAN_POINT('',(3.60000000000147,-0.449999999999999,0.));
#5400=CARTESIAN_POINT('',(4.10000000000147,0.450000000000002,0.));
#5401=CARTESIAN_POINT('',(4.10000000000147,0.450000000000002,0.));
#5402=CARTESIAN_POINT('',(3.60000000000147,0.450000000000001,0.));
#5403=CARTESIAN_POINT('Origin',(4.10000000000147,0.450000000000002,-0.4));
#5404=CARTESIAN_POINT('',(4.50000000000147,-0.449999999999998,-0.4));
#5405=CARTESIAN_POINT('Origin',(4.10000000000147,-0.449999999999998,-0.4));
#5406=CARTESIAN_POINT('',(4.50000000000147,0.450000000000002,-0.4));
#5407=CARTESIAN_POINT('',(4.50000000000147,0.450000000000002,-0.4));
#5408=CARTESIAN_POINT('Origin',(4.10000000000147,0.450000000000002,-0.4));
#5409=CARTESIAN_POINT('Origin',(4.50000000000147,0.450000000000002,-8.8));
#5410=CARTESIAN_POINT('',(4.50000000000147,0.450000000000002,-8.8));
#5411=CARTESIAN_POINT('',(4.50000000000147,0.450000000000002,-8.8));
#5412=CARTESIAN_POINT('',(4.50000000000147,-0.449999999999998,-8.8));
#5413=CARTESIAN_POINT('',(4.50000000000147,0.450000000000002,-8.8));
#5414=CARTESIAN_POINT('',(4.50000000000147,-0.449999999999998,-8.8));
#5415=CARTESIAN_POINT('Origin',(4.50000000000147,0.450000000000002,0.));
#5416=CARTESIAN_POINT('',(4.50000000000147,-0.449999999999998,0.));
#5417=CARTESIAN_POINT('',(4.50000000000147,0.450000000000002,0.));
#5418=CARTESIAN_POINT('Origin',(3.60000000000147,0.450000000000001,-1.));
#5419=CARTESIAN_POINT('',(3.60000000000147,0.450000000000001,-1.));
#5420=CARTESIAN_POINT('',(3.60000000000147,-0.449999999999999,-1.));
#5421=CARTESIAN_POINT('Origin',(1.30000000000148,0.45,-8.8));
#5422=CARTESIAN_POINT('',(1.30000000000147,-0.45,-7.69999993443495));
#5423=CARTESIAN_POINT('',(1.30000000000147,0.45,-7.69999993443495));
#5424=CARTESIAN_POINT('Origin',(-0.398959246421156,-0.450000000000003,-5.57677667294457));
#5425=CARTESIAN_POINT('',(-0.61109128077712,-0.450000000000002,-5.36464463858861));
#5426=CARTESIAN_POINT('',(-0.61109128077712,-0.450000000000003,-5.78890870730054));
#5427=CARTESIAN_POINT('Origin',(-0.398959246421156,-0.450000000000003,-5.57677667294457));
#5428=CARTESIAN_POINT('',(-0.611091280777121,0.449999999999997,-5.78890870730054));
#5429=CARTESIAN_POINT('',(-0.61109128077712,-0.450000000000003,-5.78890870730054));
#5430=CARTESIAN_POINT('',(-0.61109128077712,0.449999999999997,-5.36464463858861));
#5431=CARTESIAN_POINT('Origin',(-0.398959246421156,0.449999999999997,-5.57677667294457));
#5432=CARTESIAN_POINT('',(-0.61109128077712,-0.450000000000002,-5.36464463858861));
#5433=CARTESIAN_POINT('Origin',(-0.823223315133084,-0.450000000000003,-5.57677667294457));
#5434=CARTESIAN_POINT('',(-0.380391365273915,-0.450000000000003,-6.01960862280374));
#5435=CARTESIAN_POINT('',(-0.199999995528173,-0.450000000000003,-6.19999999254948));
#5436=CARTESIAN_POINT('',(-0.380391365273916,0.449999999999997,-6.01960862280374));
#5437=CARTESIAN_POINT('',(-0.380391365273915,-0.450000000000003,-6.01960862280374));
#5438=CARTESIAN_POINT('',(-0.545780595086191,0.449999999999997,-5.85421939299147));
#5439=CARTESIAN_POINT('Origin',(-0.168259330917951,-0.450000000000003,-5.80747658844778));
#5440=CARTESIAN_POINT('',(0.00703208866669745,-0.450000000000003,-6.05093688956481));
#5441=CARTESIAN_POINT('Origin',(-0.168259330917951,-0.450000000000003,-5.80747658844778));
#5442=CARTESIAN_POINT('',(0.00703208866669668,0.449999999999997,-6.05093688956481));
#5443=CARTESIAN_POINT('',(0.00703208866669734,-0.450000000000003,-6.05093688956481));
#5444=CARTESIAN_POINT('Origin',(-0.168259330917951,0.449999999999997,-5.80747658844778));
#5445=CARTESIAN_POINT('Origin',(-0.199999995528174,-0.450000000000003,-6.19999999254948));
#5446=CARTESIAN_POINT('',(2.30000000000148,-0.449999999999999,-4.39999996721748));
#5447=CARTESIAN_POINT('',(0.163646820939894,0.449999999999997,-5.93817428053953));
#5448=CARTESIAN_POINT('Origin',(-0.398959246421155,-0.450000000000003,-5.57677667294457));
#5449=CARTESIAN_POINT('',(-0.964644671370394,0.449999999999998,-5.01109124799533));
#5450=CARTESIAN_POINT('',(-0.964644671370394,0.449999999999996,-6.14246209789381));
#5451=CARTESIAN_POINT('Origin',(-0.398959246421156,0.449999999999997,-5.57677667294457));
#5452=CARTESIAN_POINT('',(-0.964644671370393,-0.450000000000004,-6.14246209789381));
#5453=CARTESIAN_POINT('',(-0.964644671370393,-0.450000000000004,-6.14246209789381));
#5454=CARTESIAN_POINT('',(-0.964644671370393,-0.450000000000002,-5.01109124799533));
#5455=CARTESIAN_POINT('Origin',(-0.398959246421155,-0.450000000000003,-5.57677667294457));
#5456=CARTESIAN_POINT('',(-0.964644671370393,-0.450000000000002,-5.01109124799533));
#5457=CARTESIAN_POINT('Origin',(-0.189093278655107,-0.450000000000003,-5.78664264071062));
#5458=CARTESIAN_POINT('',(-0.754778703604346,0.449999999999996,-6.35232806565986));
#5459=CARTESIAN_POINT('',(0.123254655085273,0.449999999999997,-6.52314706587595));
#5460=CARTESIAN_POINT('Origin',(-0.189093278655108,0.449999999999997,-5.78664264071062));
#5461=CARTESIAN_POINT('',(0.123254655085274,-0.450000000000003,-6.52314706587595));
#5462=CARTESIAN_POINT('',(0.123254655085274,-0.450000000000003,-6.52314706587595));
#5463=CARTESIAN_POINT('',(-0.754778703604346,-0.450000000000004,-6.35232806565986));
#5464=CARTESIAN_POINT('Origin',(-0.189093278655107,-0.450000000000003,-5.78664264071062));
#5465=CARTESIAN_POINT('',(-0.754778703604346,-0.450000000000004,-6.35232806565986));
#5466=CARTESIAN_POINT('Origin',(2.29999994859247,-0.45,-5.60000000596053));
#5467=CARTESIAN_POINT('',(1.51022906487164,0.449999999999999,-5.93493798491855));
#5468=CARTESIAN_POINT('',(-0.373351468868762,-0.450000000000004,-6.73375530039544));
#5469=CARTESIAN_POINT('Origin',(-0.373351468868762,-0.450000000000004,-6.73375530039544));
#5470=CARTESIAN_POINT('',(-0.497621367250667,0.449999999999996,-6.60948540201354));
#5471=CARTESIAN_POINT('',(-1.53033009631963,-0.450000000000003,-5.57677667294457));
#5472=CARTESIAN_POINT('Origin',(0.398959246422634,-0.450000000000001,-3.22322326149038));
#5473=CARTESIAN_POINT('',(0.611091280778598,-0.450000000000001,-3.43535529584635));
#5474=CARTESIAN_POINT('',(0.611091280778598,-0.450000000000001,-3.01109122713442));
#5475=CARTESIAN_POINT('Origin',(0.398959246422634,-0.450000000000001,-3.22322326149038));
#5476=CARTESIAN_POINT('',(0.611091280778599,0.449999999999999,-3.01109122713442));
#5477=CARTESIAN_POINT('',(0.611091280778598,-0.450000000000001,-3.01109122713442));
#5478=CARTESIAN_POINT('',(0.611091280778598,0.449999999999999,-3.43535529584635));
#5479=CARTESIAN_POINT('Origin',(0.398959246422634,0.449999999999999,-3.22322326149038));
#5480=CARTESIAN_POINT('',(0.611091280778598,-0.450000000000001,-3.43535529584635));
#5481=CARTESIAN_POINT('Origin',(0.823223315134562,-0.450000000000001,-3.22322326149038));
#5482=CARTESIAN_POINT('',(0.380391365275393,-0.450000000000001,-2.78039131163121));
#5483=CARTESIAN_POINT('',(0.199999995529652,-0.450000000000001,-2.59999994188547));
#5484=CARTESIAN_POINT('',(0.380391365275393,0.449999999999999,-2.78039131163121));
#5485=CARTESIAN_POINT('',(0.380391365275393,-0.450000000000001,-2.78039131163121));
#5486=CARTESIAN_POINT('',(0.545780595087669,0.449999999999999,-2.94578054144349));
#5487=CARTESIAN_POINT('Origin',(0.168259330919429,-0.450000000000001,-2.99252334598718));
#5488=CARTESIAN_POINT('',(-0.0070320886652192,-0.450000000000001,-2.74906304487014));
#5489=CARTESIAN_POINT('Origin',(0.168259330919429,-0.450000000000001,-2.99252334598718));
#5490=CARTESIAN_POINT('',(-0.00703208866521917,0.449999999999999,-2.74906304487014));
#5491=CARTESIAN_POINT('',(-0.0070320886652191,-0.450000000000001,-2.74906304487014));
#5492=CARTESIAN_POINT('Origin',(0.168259330919429,0.449999999999999,-2.99252334598718));
#5493=CARTESIAN_POINT('Origin',(0.199999995529652,-0.450000000000001,-2.59999994188547));
#5494=CARTESIAN_POINT('',(-2.3,-0.450000000000001,-4.39999996721748));
#5495=CARTESIAN_POINT('',(-2.3,-0.450000000000001,-4.39999996721748));
#5496=CARTESIAN_POINT('',(-2.3,0.449999999999999,-4.39999996721748));
#5497=CARTESIAN_POINT('',(-2.3,-7.97972798949331E-16,-4.39999996721748));
#5498=CARTESIAN_POINT('',(-0.163646820938417,0.449999999999999,-2.86182565389542));
#5499=CARTESIAN_POINT('Origin',(0.398959246422633,-0.450000000000001,-3.22322326149038));
#5500=CARTESIAN_POINT('',(0.964644671371871,0.449999999999999,-3.78890868643962));
#5501=CARTESIAN_POINT('',(0.964644671371871,0.449999999999999,-2.65753783654114));
#5502=CARTESIAN_POINT('Origin',(0.398959246422633,0.449999999999999,-3.22322326149038));
#5503=CARTESIAN_POINT('',(0.964644671371871,-0.450000000000001,-2.65753783654114));
#5504=CARTESIAN_POINT('',(0.964644671371871,-0.450000000000001,-2.65753783654114));
#5505=CARTESIAN_POINT('',(0.964644671371871,-0.450000000000001,-3.78890868643962));
#5506=CARTESIAN_POINT('Origin',(0.398959246422633,-0.450000000000001,-3.22322326149038));
#5507=CARTESIAN_POINT('',(0.964644671371871,-0.450000000000001,-3.78890868643962));
#5508=CARTESIAN_POINT('Origin',(1.53033009632111,-0.450000000000001,-3.22322326149038));
#5509=CARTESIAN_POINT('',(-0.993858658206276,-0.450000000000001,-5.74741201601776));
#5510=CARTESIAN_POINT('',(0.0033631035222552,0.449999999999999,-4.75019025428923));
#5511=CARTESIAN_POINT('Origin',(0.189093278656586,-0.450000000000001,-3.01335729372433));
#5512=CARTESIAN_POINT('',(0.754778703605824,0.449999999999999,-2.4476718687751));
#5513=CARTESIAN_POINT('',(-0.123254655083796,0.449999999999999,-2.276852868559));
#5514=CARTESIAN_POINT('Origin',(0.189093278656586,0.449999999999999,-3.01335729372433));
#5515=CARTESIAN_POINT('',(-0.123254655083796,-0.450000000000001,-2.276852868559));
#5516=CARTESIAN_POINT('',(-0.123254655083796,-0.450000000000001,-2.276852868559));
#5517=CARTESIAN_POINT('',(0.754778703605824,-0.450000000000001,-2.4476718687751));
#5518=CARTESIAN_POINT('Origin',(0.189093278656586,-0.450000000000001,-3.01335729372433));
#5519=CARTESIAN_POINT('',(0.754778703605824,-0.450000000000001,-2.4476718687751));
#5520=CARTESIAN_POINT('Origin',(-2.29999994859099,-0.450000000000001,-3.19999992847443));
#5521=CARTESIAN_POINT('',(-2.29999994859099,0.449999999999999,-3.19999992847443));
#5522=CARTESIAN_POINT('',(-1.51022906487017,0.449999999999999,-2.8650619495164));
#5523=CARTESIAN_POINT('',(-2.29999994859099,-0.450000000000001,-3.19999992847443));
#5524=CARTESIAN_POINT('',(-2.3,-7.97972798949331E-16,-3.19999995027673));
#5525=CARTESIAN_POINT('',(0.37335146887024,-0.450000000000001,-2.06624463403951));
#5526=CARTESIAN_POINT('Origin',(-0.176776695295898,-0.450000000000001,-4.22322327192084));
#5527=CARTESIAN_POINT('',(-0.00336310352077754,0.449999999999999,-4.04980968014572));
#5528=CARTESIAN_POINT('',(0.823223315134562,-0.450000000000001,-3.22322326149038));
#5529=CARTESIAN_POINT('Origin',(0.37335146887024,-0.450000000000001,-2.06624463403951));
#5530=CARTESIAN_POINT('',(0.497621367252144,0.449999999999999,-2.19051453242142));
#5531=CARTESIAN_POINT('',(1.53033009632111,-0.450000000000001,-3.22322326149038));
#5532=CARTESIAN_POINT('Origin',(-2.3,0.449999999999999,-7.69999993443495));
#5533=CARTESIAN_POINT('',(-2.3,-0.450000000000001,-7.69999993443495));
#5534=CARTESIAN_POINT('',(-2.3,-0.450000000000001,-1.));
#5535=CARTESIAN_POINT('',(-2.3,0.449999999999999,-7.69999993443495));
#5536=CARTESIAN_POINT('',(-2.3,0.449999999999999,-7.69999993443495));
#5537=CARTESIAN_POINT('',(-2.3,0.449999999999999,-1.));
#5538=CARTESIAN_POINT('Origin',(-2.3,0.449999999999999,-7.69999993443495));
#5539=CARTESIAN_POINT('',(-2.3,0.449999999999999,-1.1));
#5540=CARTESIAN_POINT('',(-2.3,0.449999999999999,-1.));
#5541=CARTESIAN_POINT('',(-2.3,-0.450000000000001,-1.1));
#5542=CARTESIAN_POINT('',(-2.3,0.449999999999999,-1.1));
#5543=CARTESIAN_POINT('',(-2.3,-0.450000000000001,-1.));
#5544=CARTESIAN_POINT('Origin',(-4.29237917172068,0.449999999999999,-15.8));
#5545=CARTESIAN_POINT('',(-4.29237917172068,-0.450000000000001,-16.2));
#5546=CARTESIAN_POINT('',(-4.67897322249128,-0.450000000000001,-15.9026890447359));
#5547=CARTESIAN_POINT('Origin',(-4.29237917172068,-0.450000000000001,-15.8));
#5548=CARTESIAN_POINT('',(-4.67897322249128,0.449999999999999,-15.9026890447359));
#5549=CARTESIAN_POINT('',(-4.67897322249128,0.449999999999999,-15.9026890447359));
#5550=CARTESIAN_POINT('',(-4.29237917172068,0.449999999999999,-16.2));
#5551=CARTESIAN_POINT('Origin',(-4.29237917172068,0.449999999999999,-15.8));
#5552=CARTESIAN_POINT('',(-4.29237917172068,0.449999999999999,-16.2));
#5553=CARTESIAN_POINT('Origin',(-4.59999999999926,0.449999999999999,-16.2));
#5554=CARTESIAN_POINT('',(-3.70762082827784,0.449999999999999,-16.2));
#5555=CARTESIAN_POINT('',(-5.44999999999926,0.449999999999999,-16.2));
#5556=CARTESIAN_POINT('',(-3.70762082827784,-0.450000000000001,-16.2));
#5557=CARTESIAN_POINT('',(-3.70762082827784,0.449999999999999,-16.2));
#5558=CARTESIAN_POINT('',(-5.44999999999926,-0.450000000000001,-16.2));
#5559=CARTESIAN_POINT('Origin',(-3.37499999999963,0.449999999999999,-8.1));
#5560=CARTESIAN_POINT('',(-5.43659405076986,0.449999999999999,-13.0504694559225));
#5561=CARTESIAN_POINT('',(-4.59999999999926,0.449999999999999,-16.2));
#5562=CARTESIAN_POINT('',(-5.44999999999926,0.449999999999999,-12.9477804111865));
#5563=CARTESIAN_POINT('Origin',(-5.04999999999926,0.449999999999999,-12.9477804111865));
#5564=CARTESIAN_POINT('',(-5.44999999999926,0.449999999999999,-8.9));
#5565=CARTESIAN_POINT('',(-5.44999999999926,0.449999999999999,-8.8));
#5566=CARTESIAN_POINT('',(-5.34999999999926,0.449999999999999,-8.8));
#5567=CARTESIAN_POINT('Origin',(-5.34999999999926,0.449999999999999,-8.9));
#5568=CARTESIAN_POINT('',(-4.5,0.449999999999999,-8.8));
#5569=CARTESIAN_POINT('',(-4.5,0.449999999999999,-8.8));
#5570=CARTESIAN_POINT('',(-4.5,0.449999999999999,-0.4));
#5571=CARTESIAN_POINT('',(-4.5,0.449999999999999,0.));
#5572=CARTESIAN_POINT('',(-4.1,0.449999999999999,0.));
#5573=CARTESIAN_POINT('Origin',(-4.1,0.449999999999999,-0.4));
#5574=CARTESIAN_POINT('',(-4.,0.449999999999999,0.));
#5575=CARTESIAN_POINT('',(-3.6,0.449999999999999,0.));
#5576=CARTESIAN_POINT('',(-3.6,0.449999999999999,-0.4));
#5577=CARTESIAN_POINT('Origin',(-4.,0.449999999999999,-0.4));
#5578=CARTESIAN_POINT('',(-3.6,0.449999999999999,-1.));
#5579=CARTESIAN_POINT('',(-3.6,0.449999999999999,-1.));
#5580=CARTESIAN_POINT('',(-2.4,0.449999999999999,-1.));
#5581=CARTESIAN_POINT('',(-2.5,0.449999999999999,-1.));
#5582=CARTESIAN_POINT('Origin',(-2.4,0.449999999999999,-1.1));
#5583=CARTESIAN_POINT('',(-1.4,0.449999999999999,-7.69999993443495));
#5584=CARTESIAN_POINT('',(-2.3,0.449999999999999,-7.69999993443495));
#5585=CARTESIAN_POINT('',(-1.3,0.449999999999999,-7.79999993443495));
#5586=CARTESIAN_POINT('Origin',(-1.4,0.449999999999999,-7.79999993443495));
#5587=CARTESIAN_POINT('',(-1.30000000000001,0.449999999999999,-8.7));
#5588=CARTESIAN_POINT('',(-1.3,0.449999999999999,-7.69999993443495));
#5589=CARTESIAN_POINT('',(-1.40000000000001,0.449999999999999,-8.8));
#5590=CARTESIAN_POINT('Origin',(-1.40000000000001,0.449999999999999,-8.7));
#5591=CARTESIAN_POINT('',(-2.44999999999926,0.449999999999999,-8.8));
#5592=CARTESIAN_POINT('',(-4.5,0.449999999999999,-8.8));
#5593=CARTESIAN_POINT('',(-2.54999999999926,0.449999999999999,-8.9));
#5594=CARTESIAN_POINT('Origin',(-2.44999999999926,0.449999999999999,-8.9));
#5595=CARTESIAN_POINT('',(-2.54999999999926,0.449999999999999,-12.9477804111865));
#5596=CARTESIAN_POINT('',(-2.54999999999926,0.449999999999999,-16.2));
#5597=CARTESIAN_POINT('',(-2.56340594922866,0.449999999999999,-13.0504694559225));
#5598=CARTESIAN_POINT('Origin',(-2.94999999999926,0.449999999999999,-12.9477804111865));
#5599=CARTESIAN_POINT('',(-3.32102677750725,0.449999999999999,-15.9026890447359));
#5600=CARTESIAN_POINT('',(-3.39999999999926,0.449999999999999,-16.2));
#5601=CARTESIAN_POINT('Origin',(-3.70762082827784,0.449999999999999,-15.8));
#5602=CARTESIAN_POINT('Origin',(-3.70762082827784,0.449999999999999,-15.8));
#5603=CARTESIAN_POINT('',(-3.32102677750725,-0.450000000000001,-15.9026890447359));
#5604=CARTESIAN_POINT('Origin',(-3.70762082827784,-0.450000000000001,-15.8));
#5605=CARTESIAN_POINT('',(-3.32102677750725,0.449999999999999,-15.9026890447359));
#5606=CARTESIAN_POINT('Origin',(-3.39999999999926,0.449999999999999,-16.2));
#5607=CARTESIAN_POINT('',(-2.56340594922866,-0.450000000000001,-13.0504694559225));
#5608=CARTESIAN_POINT('',(-2.56340594922866,0.449999999999999,-13.0504694559225));
#5609=CARTESIAN_POINT('',(-3.39999999999926,-0.450000000000001,-16.2));
#5610=CARTESIAN_POINT('Origin',(-2.94999999999926,0.449999999999999,-12.9477804111865));
#5611=CARTESIAN_POINT('',(-2.54999999999926,-0.450000000000001,-12.9477804111865));
#5612=CARTESIAN_POINT('Origin',(-2.94999999999926,-0.450000000000001,-12.9477804111865));
#5613=CARTESIAN_POINT('',(-2.54999999999926,0.449999999999999,-12.9477804111865));
#5614=CARTESIAN_POINT('Origin',(-2.54999999999926,0.449999999999999,-13.));
#5615=CARTESIAN_POINT('',(-2.54999999999926,-0.450000000000001,-8.9));
#5616=CARTESIAN_POINT('',(-2.54999999999926,0.449999999999999,-8.9));
#5617=CARTESIAN_POINT('',(-2.54999999999926,-0.450000000000001,-16.2));
#5618=CARTESIAN_POINT('Origin',(-5.04999999999926,0.449999999999999,-12.9477804111865));
#5619=CARTESIAN_POINT('',(-5.43659405076986,-0.450000000000001,-13.0504694559225));
#5620=CARTESIAN_POINT('',(-5.44999999999926,-0.450000000000001,-12.9477804111865));
#5621=CARTESIAN_POINT('Origin',(-5.04999999999926,-0.450000000000001,-12.9477804111865));
#5622=CARTESIAN_POINT('',(-5.44999999999926,0.449999999999999,-12.9477804111865));
#5623=CARTESIAN_POINT('',(-5.43659405076986,0.449999999999999,-13.0504694559225));
#5624=CARTESIAN_POINT('Origin',(-5.44999999999926,0.449999999999999,-13.));
#5625=CARTESIAN_POINT('',(-4.59999999999926,-0.450000000000001,-16.2));
#5626=CARTESIAN_POINT('Origin',(-2.4,0.449999999999999,-1.1));
#5627=CARTESIAN_POINT('',(-2.4,-0.450000000000001,-1.));
#5628=CARTESIAN_POINT('Origin',(-2.4,-0.450000000000001,-1.1));
#5629=CARTESIAN_POINT('',(-2.4,0.449999999999999,-1.));
#5630=CARTESIAN_POINT('Origin',(-2.3,0.449999999999999,-1.));
#5631=CARTESIAN_POINT('',(-3.6,-0.450000000000001,-1.));
#5632=CARTESIAN_POINT('',(-3.6,0.449999999999999,-1.));
#5633=CARTESIAN_POINT('',(-2.5,-0.450000000000001,-1.));
#5634=CARTESIAN_POINT('Origin',(-1.40000000000001,0.449999999999999,-8.7));
#5635=CARTESIAN_POINT('',(-1.30000000000001,-0.450000000000001,-8.7));
#5636=CARTESIAN_POINT('',(-1.40000000000001,-0.450000000000001,-8.8));
#5637=CARTESIAN_POINT('Origin',(-1.40000000000001,-0.450000000000001,-8.7));
#5638=CARTESIAN_POINT('',(-1.40000000000001,0.449999999999999,-8.8));
#5639=CARTESIAN_POINT('',(-1.30000000000001,0.449999999999999,-8.7));
#5640=CARTESIAN_POINT('Origin',(-2.54999999999926,0.449999999999999,-8.8));
#5641=CARTESIAN_POINT('',(-2.44999999999926,-0.450000000000001,-8.8));
#5642=CARTESIAN_POINT('',(-4.5,-0.450000000000001,-8.8));
#5643=CARTESIAN_POINT('',(-2.44999999999926,0.449999999999999,-8.8));
#5644=CARTESIAN_POINT('Origin',(-2.44999999999926,0.449999999999999,-8.9));
#5645=CARTESIAN_POINT('Origin',(-2.44999999999926,-0.450000000000001,-8.9));
#5646=CARTESIAN_POINT('Origin',(-1.4,0.449999999999999,-7.79999993443495));
#5647=CARTESIAN_POINT('',(-1.4,-0.450000000000001,-7.69999993443495));
#5648=CARTESIAN_POINT('',(-1.3,-0.450000000000001,-7.79999993443495));
#5649=CARTESIAN_POINT('Origin',(-1.4,-0.450000000000001,-7.79999993443495));
#5650=CARTESIAN_POINT('',(-1.3,0.449999999999999,-7.79999993443495));
#5651=CARTESIAN_POINT('',(-1.4,0.449999999999999,-7.69999993443495));
#5652=CARTESIAN_POINT('Origin',(-1.3,0.449999999999999,-7.69999993443495));
#5653=CARTESIAN_POINT('',(-2.3,-0.450000000000001,-7.69999993443495));
#5654=CARTESIAN_POINT('Origin',(-5.34999999999926,0.449999999999999,-8.9));
#5655=CARTESIAN_POINT('',(-5.44999999999926,-0.450000000000001,-8.9));
#5656=CARTESIAN_POINT('',(-5.34999999999926,-0.450000000000001,-8.8));
#5657=CARTESIAN_POINT('Origin',(-5.34999999999926,-0.450000000000001,-8.9));
#5658=CARTESIAN_POINT('',(-5.34999999999926,0.449999999999999,-8.8));
#5659=CARTESIAN_POINT('',(-5.44999999999926,0.449999999999999,-8.9));
#5660=CARTESIAN_POINT('Origin',(-5.44999999999926,0.449999999999999,-8.8));
#5661=CARTESIAN_POINT('',(-5.44999999999926,-0.450000000000001,-8.8));
#5662=CARTESIAN_POINT('Origin',(-4.,0.449999999999999,-0.4));
#5663=CARTESIAN_POINT('',(-4.,-0.450000000000001,0.));
#5664=CARTESIAN_POINT('',(-3.6,-0.450000000000001,-0.4));
#5665=CARTESIAN_POINT('Origin',(-4.,-0.450000000000001,-0.4));
#5666=CARTESIAN_POINT('',(-3.6,0.449999999999999,-0.4));
#5667=CARTESIAN_POINT('',(-4.,0.449999999999999,0.));
#5668=CARTESIAN_POINT('Origin',(-3.6,0.449999999999999,0.));
#5669=CARTESIAN_POINT('',(-4.1,-0.450000000000001,0.));
#5670=CARTESIAN_POINT('',(-4.1,0.449999999999999,0.));
#5671=CARTESIAN_POINT('',(-3.6,-0.450000000000001,0.));
#5672=CARTESIAN_POINT('Origin',(-4.1,0.449999999999999,-0.4));
#5673=CARTESIAN_POINT('',(-4.5,-0.450000000000001,-0.4));
#5674=CARTESIAN_POINT('Origin',(-4.1,-0.450000000000001,-0.4));
#5675=CARTESIAN_POINT('',(-4.5,0.449999999999999,-0.4));
#5676=CARTESIAN_POINT('Origin',(-4.5,0.449999999999999,-8.8));
#5677=CARTESIAN_POINT('',(-4.5,-0.450000000000001,-8.8));
#5678=CARTESIAN_POINT('',(-4.5,-0.450000000000001,-8.8));
#5679=CARTESIAN_POINT('',(-4.5,0.449999999999999,-8.8));
#5680=CARTESIAN_POINT('Origin',(-4.5,0.449999999999999,0.));
#5681=CARTESIAN_POINT('',(-4.5,-0.450000000000001,0.));
#5682=CARTESIAN_POINT('Origin',(-3.6,0.449999999999999,-1.));
#5683=CARTESIAN_POINT('',(-3.6,-0.450000000000001,-1.));
#5684=CARTESIAN_POINT('Origin',(-1.30000000000001,0.449999999999999,-8.8));
#5685=CARTESIAN_POINT('',(-1.3,-0.450000000000001,-7.69999993443495));
#5686=CARTESIAN_POINT('Origin',(-3.37499999999963,-0.450000000000001,-8.1));
#5687=UNCERTAINTY_MEASURE_WITH_UNIT(LENGTH_MEASURE(0.01),#5691,
'DISTANCE_ACCURACY_VALUE',
'Maximum model space distance between geometric entities at asserted c
onnectivities');
#5688=UNCERTAINTY_MEASURE_WITH_UNIT(LENGTH_MEASURE(0.01),#5691,
'DISTANCE_ACCURACY_VALUE',
'Maximum model space distance between geometric entities at asserted c
onnectivities');
#5689=(
GEOMETRIC_REPRESENTATION_CONTEXT(3)
GLOBAL_UNCERTAINTY_ASSIGNED_CONTEXT((#5687))
GLOBAL_UNIT_ASSIGNED_CONTEXT((#5691,#5693,#5694))
REPRESENTATION_CONTEXT('','3D')
);
#5690=(
GEOMETRIC_REPRESENTATION_CONTEXT(3)
GLOBAL_UNCERTAINTY_ASSIGNED_CONTEXT((#5688))
GLOBAL_UNIT_ASSIGNED_CONTEXT((#5691,#5693,#5694))
REPRESENTATION_CONTEXT('','3D')
);
#5691=(
LENGTH_UNIT()
NAMED_UNIT(*)
SI_UNIT(.MILLI.,.METRE.)
);
#5692=(
LENGTH_UNIT()
NAMED_UNIT(*)
SI_UNIT($,.METRE.)
);
#5693=(
NAMED_UNIT(*)
PLANE_ANGLE_UNIT()
SI_UNIT($,.RADIAN.)
);
#5694=(
NAMED_UNIT(*)
SI_UNIT($,.STERADIAN.)
SOLID_ANGLE_UNIT()
);
#5695=SHAPE_DEFINITION_REPRESENTATION(#5696,#5697);
#5696=PRODUCT_DEFINITION_SHAPE('',$,#5699);
#5697=SHAPE_REPRESENTATION('',(#3383),#5689);
#5698=PRODUCT_DEFINITION_CONTEXT('part definition',#5703,'design');
#5699=PRODUCT_DEFINITION('Pojistka - mini 15A','Pojistka - mini 15A v1',
#5700,#5698);
#5700=PRODUCT_DEFINITION_FORMATION('',$,#5705);
#5701=PRODUCT_RELATED_PRODUCT_CATEGORY('Pojistka - mini 15A v1',
'Pojistka - mini 15A v1',(#5705));
#5702=APPLICATION_PROTOCOL_DEFINITION('international standard',
'automotive_design',2009,#5703);
#5703=APPLICATION_CONTEXT(
'Core Data for Automotive Mechanical Design Process');
#5704=PRODUCT_CONTEXT('part definition',#5703,'mechanical');
#5705=PRODUCT('Pojistka - mini 15A','Pojistka - mini 15A v1',$,(#5704));
#5706=PRESENTATION_STYLE_ASSIGNMENT((#5709));
#5707=PRESENTATION_STYLE_ASSIGNMENT((#5710));
#5708=PRESENTATION_STYLE_ASSIGNMENT((#5711));
#5709=SURFACE_STYLE_USAGE(.BOTH.,#5712);
#5710=SURFACE_STYLE_USAGE(.BOTH.,#5713);
#5711=SURFACE_STYLE_USAGE(.BOTH.,#5714);
#5712=SURFACE_SIDE_STYLE('',(#5715));
#5713=SURFACE_SIDE_STYLE('',(#5716));
#5714=SURFACE_SIDE_STYLE('',(#5717));
#5715=SURFACE_STYLE_FILL_AREA(#5718);
#5716=SURFACE_STYLE_FILL_AREA(#5719);
#5717=SURFACE_STYLE_FILL_AREA(#5720);
#5718=FILL_AREA_STYLE('Steel - Satin',(#5721));
#5719=FILL_AREA_STYLE('Phenolic (Blue)',(#5722));
#5720=FILL_AREA_STYLE('Aluminum - Satin',(#5723));
#5721=FILL_AREA_STYLE_COLOUR('Steel - Satin',#5724);
#5722=FILL_AREA_STYLE_COLOUR('Phenolic (Blue)',#5725);
#5723=FILL_AREA_STYLE_COLOUR('Aluminum - Satin',#5726);
#5724=COLOUR_RGB('Steel - Satin',0.627450980392157,0.627450980392157,0.627450980392157);
#5725=COLOUR_RGB('Phenolic (Blue)',0.584313725490196,0.925490196078431,
1.);
#5726=COLOUR_RGB('Aluminum - Satin',0.96078431372549,0.96078431372549,0.964705882352941);
ENDSEC;
END-ISO-10303-21;
