ISO-10303-21;
HEADER;
/* Generated by software containing ST-Developer
 * from STEP Tools, Inc. (www.steptools.com) 
 */

FILE_DESCRIPTION(
/* description */ (''),
/* implementation_level */ '2;1');

FILE_NAME(
/* name */ 
'/Users/danielskolnik/Downloads/Grab - fuse /Fuse - mini 25A.step',
/* time_stamp */ '2021-11-11T15:16:30+01:00',
/* author */ (''),
/* organization */ (''),
/* preprocessor_version */ 'ST-DEVELOPER v18.1',
/* originating_system */ 'Autodesk Translation Framework v10.10.0.1391',

/* authorisation */ '');

FILE_SCHEMA (('AUTOMOTIVE_DESIGN { 1 0 10303 214 3 1 1 }'));
ENDSEC;

DATA;
#10=MECHANICAL_DESIGN_GEOMETRIC_PRESENTATION_REPRESENTATION('',(#13,#14),
#6206);
#11=SHAPE_REPRESENTATION_RELATIONSHIP('SRR','None',#6213,#12);
#12=ADVANCED_BREP_SHAPE_REPRESENTATION('',(#15,#16),#6205);
#13=STYLED_ITEM('',(#6223),#15);
#14=STYLED_ITEM('',(#6224),#16);
#15=MANIFOLD_SOLID_BREP('Body2',#3597);
#16=MANIFOLD_SOLID_BREP('Body3',#3598);
#17=FACE_BOUND('',#475,.T.);
#18=FACE_BOUND('',#479,.T.);
#19=FACE_BOUND('',#480,.T.);
#20=FACE_BOUND('',#481,.T.);
#21=FACE_BOUND('',#490,.T.);
#22=FACE_BOUND('',#491,.T.);
#23=CIRCLE('',#3633,0.2);
#24=CIRCLE('',#3634,0.2);
#25=CIRCLE('',#3637,0.2);
#26=CIRCLE('',#3638,0.2);
#27=CIRCLE('',#3640,1.);
#28=CIRCLE('',#3641,1.);
#29=CIRCLE('',#3643,1.);
#30=CIRCLE('',#3644,1.);
#31=CIRCLE('',#3673,0.2);
#32=CIRCLE('',#3674,0.2);
#33=CIRCLE('',#3677,0.2);
#34=CIRCLE('',#3678,1.);
#35=CIRCLE('',#3679,1.);
#36=CIRCLE('',#3681,0.2);
#37=CIRCLE('',#3684,1.);
#38=CIRCLE('',#3687,1.);
#39=CIRCLE('',#3715,0.4);
#40=CIRCLE('',#3716,0.4);
#41=CIRCLE('',#3719,0.4);
#42=CIRCLE('',#3720,0.4);
#43=CIRCLE('',#3723,0.4);
#44=CIRCLE('',#3724,0.4);
#45=CIRCLE('',#3727,0.4);
#46=CIRCLE('',#3728,0.4);
#47=CIRCLE('',#3731,0.1);
#48=CIRCLE('',#3732,0.1);
#49=CIRCLE('',#3735,0.1);
#50=CIRCLE('',#3736,0.1);
#51=CIRCLE('',#3739,0.1);
#52=CIRCLE('',#3740,0.1);
#53=CIRCLE('',#3742,0.1);
#54=CIRCLE('',#3743,0.1);
#55=CIRCLE('',#3746,0.1);
#56=CIRCLE('',#3747,0.1);
#57=CIRCLE('',#3750,0.4);
#58=CIRCLE('',#3751,0.4);
#59=CIRCLE('',#3754,0.4);
#60=CIRCLE('',#3755,0.4);
#61=CIRCLE('',#3761,0.3);
#62=CIRCLE('',#3762,0.3);
#63=CIRCLE('',#3765,0.3);
#64=CIRCLE('',#3766,0.3);
#65=CIRCLE('',#3769,0.8);
#66=CIRCLE('',#3770,0.8);
#67=CIRCLE('',#3772,0.8);
#68=CIRCLE('',#3773,0.8);
#69=CIRCLE('',#3777,0.3);
#70=CIRCLE('',#3778,0.3);
#71=CIRCLE('',#3781,0.3);
#72=CIRCLE('',#3782,0.3);
#73=CIRCLE('',#3785,0.8);
#74=CIRCLE('',#3786,0.8);
#75=CIRCLE('',#3789,0.8);
#76=CIRCLE('',#3790,0.8);
#77=CIRCLE('',#3797,0.4);
#78=CIRCLE('',#3798,0.4);
#79=CIRCLE('',#3801,0.4);
#80=CIRCLE('',#3802,0.1);
#81=CIRCLE('',#3803,0.4);
#82=CIRCLE('',#3804,0.4);
#83=CIRCLE('',#3805,0.1);
#84=CIRCLE('',#3806,0.1);
#85=CIRCLE('',#3807,0.1);
#86=CIRCLE('',#3808,0.1);
#87=CIRCLE('',#3809,0.4);
#88=CIRCLE('',#3810,0.4);
#89=CIRCLE('',#3812,0.4);
#90=CIRCLE('',#3815,0.4);
#91=CIRCLE('',#3818,0.4);
#92=CIRCLE('',#3821,0.1);
#93=CIRCLE('',#3824,0.1);
#94=CIRCLE('',#3827,0.1);
#95=CIRCLE('',#3829,0.1);
#96=CIRCLE('',#3832,0.1);
#97=CIRCLE('',#3835,0.4);
#98=CIRCLE('',#3838,0.4);
#99=CYLINDRICAL_SURFACE('',#3632,0.2);
#100=CYLINDRICAL_SURFACE('',#3636,0.2);
#101=CYLINDRICAL_SURFACE('',#3639,1.);
#102=CYLINDRICAL_SURFACE('',#3642,1.);
#103=CYLINDRICAL_SURFACE('',#3672,0.2);
#104=CYLINDRICAL_SURFACE('',#3680,0.2);
#105=CYLINDRICAL_SURFACE('',#3683,1.);
#106=CYLINDRICAL_SURFACE('',#3686,1.);
#107=CYLINDRICAL_SURFACE('',#3714,0.4);
#108=CYLINDRICAL_SURFACE('',#3718,0.4);
#109=CYLINDRICAL_SURFACE('',#3722,0.4);
#110=CYLINDRICAL_SURFACE('',#3726,0.4);
#111=CYLINDRICAL_SURFACE('',#3730,0.1);
#112=CYLINDRICAL_SURFACE('',#3734,0.1);
#113=CYLINDRICAL_SURFACE('',#3738,0.1);
#114=CYLINDRICAL_SURFACE('',#3741,0.1);
#115=CYLINDRICAL_SURFACE('',#3745,0.1);
#116=CYLINDRICAL_SURFACE('',#3749,0.4);
#117=CYLINDRICAL_SURFACE('',#3753,0.4);
#118=CYLINDRICAL_SURFACE('',#3760,0.3);
#119=CYLINDRICAL_SURFACE('',#3764,0.3);
#120=CYLINDRICAL_SURFACE('',#3768,0.8);
#121=CYLINDRICAL_SURFACE('',#3771,0.8);
#122=CYLINDRICAL_SURFACE('',#3776,0.3);
#123=CYLINDRICAL_SURFACE('',#3780,0.3);
#124=CYLINDRICAL_SURFACE('',#3784,0.8);
#125=CYLINDRICAL_SURFACE('',#3788,0.8);
#126=CYLINDRICAL_SURFACE('',#3796,0.4);
#127=CYLINDRICAL_SURFACE('',#3811,0.4);
#128=CYLINDRICAL_SURFACE('',#3814,0.4);
#129=CYLINDRICAL_SURFACE('',#3817,0.4);
#130=CYLINDRICAL_SURFACE('',#3820,0.1);
#131=CYLINDRICAL_SURFACE('',#3823,0.1);
#132=CYLINDRICAL_SURFACE('',#3826,0.1);
#133=CYLINDRICAL_SURFACE('',#3828,0.1);
#134=CYLINDRICAL_SURFACE('',#3831,0.1);
#135=CYLINDRICAL_SURFACE('',#3834,0.4);
#136=CYLINDRICAL_SURFACE('',#3837,0.4);
#137=B_SPLINE_CURVE_WITH_KNOTS('',3,(#4727,#4728,#4729,#4730,#4731),
 .UNSPECIFIED.,.F.,.F.,(4,1,4),(0.,0.0243737767527902,0.0467964436202267),
 .UNSPECIFIED.);
#138=B_SPLINE_CURVE_WITH_KNOTS('',3,(#4733,#4734,#4735,#4736,#4737),
 .UNSPECIFIED.,.F.,.F.,(4,1,4),(-0.0467964436202267,-0.0243737767527902,
0.),.UNSPECIFIED.);
#139=B_SPLINE_CURVE_WITH_KNOTS('',3,(#4750,#4751,#4752,#4753,#4754),
 .UNSPECIFIED.,.F.,.F.,(4,1,4),(0.,0.0217536645361853,0.0435759461790977),
 .UNSPECIFIED.);
#140=B_SPLINE_CURVE_WITH_KNOTS('',3,(#4756,#4757,#4758,#4759,#4760),
 .UNSPECIFIED.,.F.,.F.,(4,1,4),(-0.0435759461790977,-0.0217536645361853,
0.),.UNSPECIFIED.);
#141=B_SPLINE_CURVE_WITH_KNOTS('',3,(#4773,#4774,#4775,#4776,#4777),
 .UNSPECIFIED.,.F.,.F.,(4,1,4),(0.,0.0216603786742359,0.0423114366241267),
 .UNSPECIFIED.);
#142=B_SPLINE_CURVE_WITH_KNOTS('',3,(#4779,#4780,#4781,#4782,#4783),
 .UNSPECIFIED.,.F.,.F.,(4,1,4),(-0.0423114366241267,-0.0216603786742359,
0.),.UNSPECIFIED.);
#143=B_SPLINE_CURVE_WITH_KNOTS('',3,(#4796,#4797,#4798,#4799,#4800),
 .UNSPECIFIED.,.F.,.F.,(4,1,4),(0.,0.0202538823643326,0.0406220956629554),
 .UNSPECIFIED.);
#144=B_SPLINE_CURVE_WITH_KNOTS('',3,(#4802,#4803,#4804,#4805,#4806),
 .UNSPECIFIED.,.F.,.F.,(4,1,4),(-0.0406220956629554,-0.0202538823643326,
0.),.UNSPECIFIED.);
#145=B_SPLINE_CURVE_WITH_KNOTS('',3,(#4819,#4820,#4821,#4822,#4823),
 .UNSPECIFIED.,.F.,.F.,(4,1,4),(0.,0.015692737380352,0.0314372058691311),
 .UNSPECIFIED.);
#146=B_SPLINE_CURVE_WITH_KNOTS('',3,(#4825,#4826,#4827,#4828,#4829),
 .UNSPECIFIED.,.F.,.F.,(4,1,4),(-0.0314372058691311,-0.015692737380352,
0.),.UNSPECIFIED.);
#147=B_SPLINE_CURVE_WITH_KNOTS('',3,(#4842,#4843,#4844,#4845,#4846),
 .UNSPECIFIED.,.F.,.F.,(4,1,4),(0.,0.018403595741451,0.041553837359732),
 .UNSPECIFIED.);
#148=B_SPLINE_CURVE_WITH_KNOTS('',3,(#4848,#4849,#4850,#4851,#4852),
 .UNSPECIFIED.,.F.,.F.,(4,1,4),(-0.041553837359732,-0.018403595741451,0.),
 .UNSPECIFIED.);
#149=B_SPLINE_CURVE_WITH_KNOTS('',3,(#4895,#4896,#4897,#4898,#4899),
 .UNSPECIFIED.,.F.,.F.,(4,1,4),(0.,0.0224473312147513,0.0386782235348671),
 .UNSPECIFIED.);
#150=B_SPLINE_CURVE_WITH_KNOTS('',3,(#4901,#4902,#4903,#4904,#4905),
 .UNSPECIFIED.,.F.,.F.,(4,1,4),(-0.0386782235348671,-0.0224473312147513,
0.),.UNSPECIFIED.);
#151=B_SPLINE_CURVE_WITH_KNOTS('',3,(#4918,#4919,#4920,#4921,#4922),
 .UNSPECIFIED.,.F.,.F.,(4,1,4),(0.,0.0129059242128653,0.026230214503518),
 .UNSPECIFIED.);
#152=B_SPLINE_CURVE_WITH_KNOTS('',3,(#4924,#4925,#4926,#4927,#4928),
 .UNSPECIFIED.,.F.,.F.,(4,1,4),(-0.026230214503518,-0.0129059242128653,
0.),.UNSPECIFIED.);
#153=B_SPLINE_CURVE_WITH_KNOTS('',3,(#4941,#4942,#4943,#4944,#4945),
 .UNSPECIFIED.,.F.,.F.,(4,1,4),(0.,0.0134217047942567,0.0275679605785157),
 .UNSPECIFIED.);
#154=B_SPLINE_CURVE_WITH_KNOTS('',3,(#4947,#4948,#4949,#4950,#4951),
 .UNSPECIFIED.,.F.,.F.,(4,1,4),(-0.0275679605785157,-0.0134217047942567,
0.),.UNSPECIFIED.);
#155=B_SPLINE_CURVE_WITH_KNOTS('',3,(#4964,#4965,#4966,#4967,#4968),
 .UNSPECIFIED.,.F.,.F.,(4,1,4),(0.,0.0145868928569038,0.0298192979406871),
 .UNSPECIFIED.);
#156=B_SPLINE_CURVE_WITH_KNOTS('',3,(#4970,#4971,#4972,#4973,#4974),
 .UNSPECIFIED.,.F.,.F.,(4,1,4),(-0.0298192979406871,-0.0145868928569038,
0.),.UNSPECIFIED.);
#157=B_SPLINE_CURVE_WITH_KNOTS('',3,(#4987,#4988,#4989,#4990,#4991),
 .UNSPECIFIED.,.F.,.F.,(4,1,4),(0.,0.015076125567062,0.0298133862170076),
 .UNSPECIFIED.);
#158=B_SPLINE_CURVE_WITH_KNOTS('',3,(#4993,#4994,#4995,#4996,#4997),
 .UNSPECIFIED.,.F.,.F.,(4,1,4),(-0.0298133862170076,-0.015076125567062,
0.),.UNSPECIFIED.);
#159=B_SPLINE_CURVE_WITH_KNOTS('',3,(#5009,#5010,#5011,#5012,#5013),
 .UNSPECIFIED.,.F.,.F.,(4,1,4),(0.,0.0156257590793844,0.0339408010510983),
 .UNSPECIFIED.);
#160=B_SPLINE_CURVE_WITH_KNOTS('',3,(#5014,#5015,#5016,#5017,#5018),
 .UNSPECIFIED.,.F.,.F.,(4,1,4),(-0.0339408010510983,-0.0156257590793844,
0.),.UNSPECIFIED.);
#161=B_SPLINE_CURVE_WITH_KNOTS('',3,(#5052,#5053,#5054,#5055,#5056),
 .UNSPECIFIED.,.F.,.F.,(4,1,4),(0.,0.0114869440049336,0.0220027124082778),
 .UNSPECIFIED.);
#162=B_SPLINE_CURVE_WITH_KNOTS('',3,(#5058,#5059,#5060,#5061,#5062),
 .UNSPECIFIED.,.F.,.F.,(4,1,4),(-0.0220027124082778,-0.0114869440049336,
0.),.UNSPECIFIED.);
#163=B_SPLINE_CURVE_WITH_KNOTS('',3,(#5075,#5076,#5077,#5078,#5079),
 .UNSPECIFIED.,.F.,.F.,(4,1,4),(0.,0.0211714145672732,0.0420820708100128),
 .UNSPECIFIED.);
#164=B_SPLINE_CURVE_WITH_KNOTS('',3,(#5081,#5082,#5083,#5084,#5085),
 .UNSPECIFIED.,.F.,.F.,(4,1,4),(-0.0420820708100128,-0.0211714145672732,
0.),.UNSPECIFIED.);
#165=B_SPLINE_CURVE_WITH_KNOTS('',3,(#5098,#5099,#5100,#5101,#5102),
 .UNSPECIFIED.,.F.,.F.,(4,1,4),(0.,0.0214617750513583,0.0445469633452554),
 .UNSPECIFIED.);
#166=B_SPLINE_CURVE_WITH_KNOTS('',3,(#5104,#5105,#5106,#5107,#5108),
 .UNSPECIFIED.,.F.,.F.,(4,1,4),(-0.0445469633452554,-0.0214617750513583,
0.),.UNSPECIFIED.);
#167=B_SPLINE_CURVE_WITH_KNOTS('',3,(#5121,#5122,#5123,#5124,#5125),
 .UNSPECIFIED.,.F.,.F.,(4,1,4),(0.,0.0235623098635105,0.0466730287056455),
 .UNSPECIFIED.);
#168=B_SPLINE_CURVE_WITH_KNOTS('',3,(#5127,#5128,#5129,#5130,#5131),
 .UNSPECIFIED.,.F.,.F.,(4,1,4),(-0.0466730287056455,-0.0235623098635105,
0.),.UNSPECIFIED.);
#169=B_SPLINE_CURVE_WITH_KNOTS('',3,(#5144,#5145,#5146,#5147,#5148),
 .UNSPECIFIED.,.F.,.F.,(4,1,4),(0.,0.0231081402130659,0.048006903389039),
 .UNSPECIFIED.);
#170=B_SPLINE_CURVE_WITH_KNOTS('',3,(#5150,#5151,#5152,#5153,#5154),
 .UNSPECIFIED.,.F.,.F.,(4,1,4),(-0.048006903389039,-0.0231081402130659,
0.),.UNSPECIFIED.);
#171=B_SPLINE_CURVE_WITH_KNOTS('',3,(#5167,#5168,#5169,#5170,#5171),
 .UNSPECIFIED.,.F.,.F.,(4,1,4),(0.,0.0194608772243525,0.0381035011340444),
 .UNSPECIFIED.);
#172=B_SPLINE_CURVE_WITH_KNOTS('',3,(#5173,#5174,#5175,#5176,#5177),
 .UNSPECIFIED.,.F.,.F.,(4,1,4),(-0.0381035011340444,-0.0194608772243525,
0.),.UNSPECIFIED.);
#173=B_SPLINE_CURVE_WITH_KNOTS('',3,(#5190,#5191,#5192,#5193,#5194),
 .UNSPECIFIED.,.F.,.F.,(4,1,4),(0.,0.0187512118474087,0.0388194069714522),
 .UNSPECIFIED.);
#174=B_SPLINE_CURVE_WITH_KNOTS('',3,(#5196,#5197,#5198,#5199,#5200),
 .UNSPECIFIED.,.F.,.F.,(4,1,4),(-0.0388194069714522,-0.0187512118474087,
0.),.UNSPECIFIED.);
#175=B_SPLINE_CURVE_WITH_KNOTS('',3,(#5219,#5220,#5221,#5222,#5223),
 .UNSPECIFIED.,.F.,.F.,(4,1,4),(0.,0.0136501391306694,0.0261175338015027),
 .UNSPECIFIED.);
#176=B_SPLINE_CURVE_WITH_KNOTS('',3,(#5225,#5226,#5227,#5228,#5229),
 .UNSPECIFIED.,.F.,.F.,(4,1,4),(-0.0261175338015027,-0.0136501391306694,
0.),.UNSPECIFIED.);
#177=B_SPLINE_CURVE_WITH_KNOTS('',3,(#5242,#5243,#5244,#5245,#5246),
 .UNSPECIFIED.,.F.,.F.,(4,1,4),(0.,0.0121299924339289,0.0245099030548311),
 .UNSPECIFIED.);
#178=B_SPLINE_CURVE_WITH_KNOTS('',3,(#5248,#5249,#5250,#5251,#5252),
 .UNSPECIFIED.,.F.,.F.,(4,1,4),(-0.0245099030548311,-0.0121299924339289,
0.),.UNSPECIFIED.);
#179=B_SPLINE_CURVE_WITH_KNOTS('',3,(#5265,#5266,#5267,#5268,#5269),
 .UNSPECIFIED.,.F.,.F.,(4,1,4),(0.,0.0162209418417855,0.0327688055645086),
 .UNSPECIFIED.);
#180=B_SPLINE_CURVE_WITH_KNOTS('',3,(#5271,#5272,#5273,#5274,#5275),
 .UNSPECIFIED.,.F.,.F.,(4,1,4),(-0.0327688055645086,-0.0162209418417855,
0.),.UNSPECIFIED.);
#181=B_SPLINE_CURVE_WITH_KNOTS('',3,(#5288,#5289,#5290,#5291,#5292),
 .UNSPECIFIED.,.F.,.F.,(4,1,4),(0.,0.0171427748409974,0.0348912819770783),
 .UNSPECIFIED.);
#182=B_SPLINE_CURVE_WITH_KNOTS('',3,(#5294,#5295,#5296,#5297,#5298),
 .UNSPECIFIED.,.F.,.F.,(4,1,4),(-0.0348912819770783,-0.0171427748409974,
0.),.UNSPECIFIED.);
#183=B_SPLINE_CURVE_WITH_KNOTS('',3,(#5311,#5312,#5313,#5314,#5315),
 .UNSPECIFIED.,.F.,.F.,(4,1,4),(0.,0.0160142268065971,0.0310533672985232),
 .UNSPECIFIED.);
#184=B_SPLINE_CURVE_WITH_KNOTS('',3,(#5317,#5318,#5319,#5320,#5321),
 .UNSPECIFIED.,.F.,.F.,(4,1,4),(-0.0310533672985232,-0.0160142268065971,
0.),.UNSPECIFIED.);
#185=B_SPLINE_CURVE_WITH_KNOTS('',3,(#5334,#5335,#5336,#5337,#5338),
 .UNSPECIFIED.,.F.,.F.,(4,1,4),(0.,0.0151377745267514,0.0312914317869016),
 .UNSPECIFIED.);
#186=B_SPLINE_CURVE_WITH_KNOTS('',3,(#5340,#5341,#5342,#5343,#5344),
 .UNSPECIFIED.,.F.,.F.,(4,1,4),(-0.0312914317869016,-0.0151377745267514,
0.),.UNSPECIFIED.);
#187=B_SPLINE_CURVE_WITH_KNOTS('',3,(#5357,#5358,#5359,#5360,#5361),
 .UNSPECIFIED.,.F.,.F.,(4,1,4),(0.,0.018455777131187,0.0398300299784372),
 .UNSPECIFIED.);
#188=B_SPLINE_CURVE_WITH_KNOTS('',3,(#5363,#5364,#5365,#5366,#5367),
 .UNSPECIFIED.,.F.,.F.,(4,1,4),(-0.0398300299784372,-0.018455777131187,
0.),.UNSPECIFIED.);
#189=B_SPLINE_SURFACE_WITH_KNOTS('',3,1,((#4716,#4717),(#4718,#4719),(#4720,
#4721),(#4722,#4723),(#4724,#4725)),.UNSPECIFIED.,.F.,.F.,.F.,(4,1,4),(2,
2),(-0.0467964436202267,-0.0243737767527902,0.),(0.,0.005),
 .UNSPECIFIED.);
#190=B_SPLINE_SURFACE_WITH_KNOTS('',3,1,((#4739,#4740),(#4741,#4742),(#4743,
#4744),(#4745,#4746),(#4747,#4748)),.UNSPECIFIED.,.F.,.F.,.F.,(4,1,4),(2,
2),(-0.0435759461790977,-0.0217536645361853,0.),(0.,0.005),
 .UNSPECIFIED.);
#191=B_SPLINE_SURFACE_WITH_KNOTS('',3,1,((#4762,#4763),(#4764,#4765),(#4766,
#4767),(#4768,#4769),(#4770,#4771)),.UNSPECIFIED.,.F.,.F.,.F.,(4,1,4),(2,
2),(-0.0423114366241267,-0.0216603786742359,0.),(0.,0.005),
 .UNSPECIFIED.);
#192=B_SPLINE_SURFACE_WITH_KNOTS('',3,1,((#4785,#4786),(#4787,#4788),(#4789,
#4790),(#4791,#4792),(#4793,#4794)),.UNSPECIFIED.,.F.,.F.,.F.,(4,1,4),(2,
2),(-0.0406220956629554,-0.0202538823643326,0.),(0.,0.005),
 .UNSPECIFIED.);
#193=B_SPLINE_SURFACE_WITH_KNOTS('',3,1,((#4808,#4809),(#4810,#4811),(#4812,
#4813),(#4814,#4815),(#4816,#4817)),.UNSPECIFIED.,.F.,.F.,.F.,(4,1,4),(2,
2),(-0.0314372058691311,-0.015692737380352,0.),(0.,0.005),.UNSPECIFIED.);
#194=B_SPLINE_SURFACE_WITH_KNOTS('',3,1,((#4831,#4832),(#4833,#4834),(#4835,
#4836),(#4837,#4838),(#4839,#4840)),.UNSPECIFIED.,.F.,.F.,.F.,(4,1,4),(2,
2),(-0.041553837359732,-0.018403595741451,0.),(0.,0.005),.UNSPECIFIED.);
#195=B_SPLINE_SURFACE_WITH_KNOTS('',3,1,((#4884,#4885),(#4886,#4887),(#4888,
#4889),(#4890,#4891),(#4892,#4893)),.UNSPECIFIED.,.F.,.F.,.F.,(4,1,4),(2,
2),(-0.0386782235348671,-0.0224473312147513,0.),(0.,0.005),
 .UNSPECIFIED.);
#196=B_SPLINE_SURFACE_WITH_KNOTS('',3,1,((#4907,#4908),(#4909,#4910),(#4911,
#4912),(#4913,#4914),(#4915,#4916)),.UNSPECIFIED.,.F.,.F.,.F.,(4,1,4),(2,
2),(-0.026230214503518,-0.0129059242128653,0.),(0.,0.005),.UNSPECIFIED.);
#197=B_SPLINE_SURFACE_WITH_KNOTS('',3,1,((#4930,#4931),(#4932,#4933),(#4934,
#4935),(#4936,#4937),(#4938,#4939)),.UNSPECIFIED.,.F.,.F.,.F.,(4,1,4),(2,
2),(-0.0275679605785157,-0.0134217047942567,0.),(0.,0.005),
 .UNSPECIFIED.);
#198=B_SPLINE_SURFACE_WITH_KNOTS('',3,1,((#4953,#4954),(#4955,#4956),(#4957,
#4958),(#4959,#4960),(#4961,#4962)),.UNSPECIFIED.,.F.,.F.,.F.,(4,1,4),(2,
2),(-0.0298192979406871,-0.0145868928569038,0.),(0.,0.005),
 .UNSPECIFIED.);
#199=B_SPLINE_SURFACE_WITH_KNOTS('',3,1,((#4976,#4977),(#4978,#4979),(#4980,
#4981),(#4982,#4983),(#4984,#4985)),.UNSPECIFIED.,.F.,.F.,.F.,(4,1,4),(2,
2),(-0.0298133862170076,-0.015076125567062,0.),(0.,0.005),.UNSPECIFIED.);
#200=B_SPLINE_SURFACE_WITH_KNOTS('',3,1,((#4999,#5000),(#5001,#5002),(#5003,
#5004),(#5005,#5006),(#5007,#5008)),.UNSPECIFIED.,.F.,.F.,.F.,(4,1,4),(2,
2),(-0.0339408010510983,-0.0156257590793844,0.),(0.,0.005),
 .UNSPECIFIED.);
#201=B_SPLINE_SURFACE_WITH_KNOTS('',3,1,((#5041,#5042),(#5043,#5044),(#5045,
#5046),(#5047,#5048),(#5049,#5050)),.UNSPECIFIED.,.F.,.F.,.F.,(4,1,4),(2,
2),(-0.0220027124082778,-0.0114869440049336,0.),(0.,0.005),
 .UNSPECIFIED.);
#202=B_SPLINE_SURFACE_WITH_KNOTS('',3,1,((#5064,#5065),(#5066,#5067),(#5068,
#5069),(#5070,#5071),(#5072,#5073)),.UNSPECIFIED.,.F.,.F.,.F.,(4,1,4),(2,
2),(-0.0420820708100128,-0.0211714145672732,0.),(0.,0.005),
 .UNSPECIFIED.);
#203=B_SPLINE_SURFACE_WITH_KNOTS('',3,1,((#5087,#5088),(#5089,#5090),(#5091,
#5092),(#5093,#5094),(#5095,#5096)),.UNSPECIFIED.,.F.,.F.,.F.,(4,1,4),(2,
2),(-0.0445469633452554,-0.0214617750513583,0.),(0.,0.005),
 .UNSPECIFIED.);
#204=B_SPLINE_SURFACE_WITH_KNOTS('',3,1,((#5110,#5111),(#5112,#5113),(#5114,
#5115),(#5116,#5117),(#5118,#5119)),.UNSPECIFIED.,.F.,.F.,.F.,(4,1,4),(2,
2),(-0.0466730287056455,-0.0235623098635105,0.),(0.,0.005),
 .UNSPECIFIED.);
#205=B_SPLINE_SURFACE_WITH_KNOTS('',3,1,((#5133,#5134),(#5135,#5136),(#5137,
#5138),(#5139,#5140),(#5141,#5142)),.UNSPECIFIED.,.F.,.F.,.F.,(4,1,4),(2,
2),(-0.048006903389039,-0.0231081402130659,0.),(0.,0.005),.UNSPECIFIED.);
#206=B_SPLINE_SURFACE_WITH_KNOTS('',3,1,((#5156,#5157),(#5158,#5159),(#5160,
#5161),(#5162,#5163),(#5164,#5165)),.UNSPECIFIED.,.F.,.F.,.F.,(4,1,4),(2,
2),(-0.0381035011340444,-0.0194608772243525,0.),(0.,0.005),
 .UNSPECIFIED.);
#207=B_SPLINE_SURFACE_WITH_KNOTS('',3,1,((#5179,#5180),(#5181,#5182),(#5183,
#5184),(#5185,#5186),(#5187,#5188)),.UNSPECIFIED.,.F.,.F.,.F.,(4,1,4),(2,
2),(-0.0388194069714522,-0.0187512118474087,0.),(0.,0.005),
 .UNSPECIFIED.);
#208=B_SPLINE_SURFACE_WITH_KNOTS('',3,1,((#5208,#5209),(#5210,#5211),(#5212,
#5213),(#5214,#5215),(#5216,#5217)),.UNSPECIFIED.,.F.,.F.,.F.,(4,1,4),(2,
2),(-0.0261175338015027,-0.0136501391306694,0.),(0.,0.005),
 .UNSPECIFIED.);
#209=B_SPLINE_SURFACE_WITH_KNOTS('',3,1,((#5231,#5232),(#5233,#5234),(#5235,
#5236),(#5237,#5238),(#5239,#5240)),.UNSPECIFIED.,.F.,.F.,.F.,(4,1,4),(2,
2),(-0.0245099030548311,-0.0121299924339289,0.),(0.,0.005),
 .UNSPECIFIED.);
#210=B_SPLINE_SURFACE_WITH_KNOTS('',3,1,((#5254,#5255),(#5256,#5257),(#5258,
#5259),(#5260,#5261),(#5262,#5263)),.UNSPECIFIED.,.F.,.F.,.F.,(4,1,4),(2,
2),(-0.0327688055645086,-0.0162209418417855,0.),(0.,0.005),
 .UNSPECIFIED.);
#211=B_SPLINE_SURFACE_WITH_KNOTS('',3,1,((#5277,#5278),(#5279,#5280),(#5281,
#5282),(#5283,#5284),(#5285,#5286)),.UNSPECIFIED.,.F.,.F.,.F.,(4,1,4),(2,
2),(-0.0348912819770783,-0.0171427748409974,0.),(0.,0.005),
 .UNSPECIFIED.);
#212=B_SPLINE_SURFACE_WITH_KNOTS('',3,1,((#5300,#5301),(#5302,#5303),(#5304,
#5305),(#5306,#5307),(#5308,#5309)),.UNSPECIFIED.,.F.,.F.,.F.,(4,1,4),(2,
2),(-0.0310533672985232,-0.0160142268065971,0.),(0.,0.005),
 .UNSPECIFIED.);
#213=B_SPLINE_SURFACE_WITH_KNOTS('',3,1,((#5323,#5324),(#5325,#5326),(#5327,
#5328),(#5329,#5330),(#5331,#5332)),.UNSPECIFIED.,.F.,.F.,.F.,(4,1,4),(2,
2),(-0.0312914317869016,-0.0151377745267514,0.),(0.,0.005),
 .UNSPECIFIED.);
#214=B_SPLINE_SURFACE_WITH_KNOTS('',3,1,((#5346,#5347),(#5348,#5349),(#5350,
#5351),(#5352,#5353),(#5354,#5355)),.UNSPECIFIED.,.F.,.F.,.F.,(4,1,4),(2,
2),(-0.0398300299784372,-0.018455777131187,0.),(0.,0.005),.UNSPECIFIED.);
#215=FACE_OUTER_BOUND('',#397,.T.);
#216=FACE_OUTER_BOUND('',#398,.T.);
#217=FACE_OUTER_BOUND('',#399,.T.);
#218=FACE_OUTER_BOUND('',#400,.T.);
#219=FACE_OUTER_BOUND('',#401,.T.);
#220=FACE_OUTER_BOUND('',#402,.T.);
#221=FACE_OUTER_BOUND('',#403,.T.);
#222=FACE_OUTER_BOUND('',#404,.T.);
#223=FACE_OUTER_BOUND('',#405,.T.);
#224=FACE_OUTER_BOUND('',#406,.T.);
#225=FACE_OUTER_BOUND('',#407,.T.);
#226=FACE_OUTER_BOUND('',#408,.T.);
#227=FACE_OUTER_BOUND('',#409,.T.);
#228=FACE_OUTER_BOUND('',#410,.T.);
#229=FACE_OUTER_BOUND('',#411,.T.);
#230=FACE_OUTER_BOUND('',#412,.T.);
#231=FACE_OUTER_BOUND('',#413,.T.);
#232=FACE_OUTER_BOUND('',#414,.T.);
#233=FACE_OUTER_BOUND('',#415,.T.);
#234=FACE_OUTER_BOUND('',#416,.T.);
#235=FACE_OUTER_BOUND('',#417,.T.);
#236=FACE_OUTER_BOUND('',#418,.T.);
#237=FACE_OUTER_BOUND('',#419,.T.);
#238=FACE_OUTER_BOUND('',#420,.T.);
#239=FACE_OUTER_BOUND('',#421,.T.);
#240=FACE_OUTER_BOUND('',#422,.T.);
#241=FACE_OUTER_BOUND('',#423,.T.);
#242=FACE_OUTER_BOUND('',#424,.T.);
#243=FACE_OUTER_BOUND('',#425,.T.);
#244=FACE_OUTER_BOUND('',#426,.T.);
#245=FACE_OUTER_BOUND('',#427,.T.);
#246=FACE_OUTER_BOUND('',#428,.T.);
#247=FACE_OUTER_BOUND('',#429,.T.);
#248=FACE_OUTER_BOUND('',#430,.T.);
#249=FACE_OUTER_BOUND('',#431,.T.);
#250=FACE_OUTER_BOUND('',#432,.T.);
#251=FACE_OUTER_BOUND('',#433,.T.);
#252=FACE_OUTER_BOUND('',#434,.T.);
#253=FACE_OUTER_BOUND('',#435,.T.);
#254=FACE_OUTER_BOUND('',#436,.T.);
#255=FACE_OUTER_BOUND('',#437,.T.);
#256=FACE_OUTER_BOUND('',#438,.T.);
#257=FACE_OUTER_BOUND('',#439,.T.);
#258=FACE_OUTER_BOUND('',#440,.T.);
#259=FACE_OUTER_BOUND('',#441,.T.);
#260=FACE_OUTER_BOUND('',#442,.T.);
#261=FACE_OUTER_BOUND('',#443,.T.);
#262=FACE_OUTER_BOUND('',#444,.T.);
#263=FACE_OUTER_BOUND('',#445,.T.);
#264=FACE_OUTER_BOUND('',#446,.T.);
#265=FACE_OUTER_BOUND('',#447,.T.);
#266=FACE_OUTER_BOUND('',#448,.T.);
#267=FACE_OUTER_BOUND('',#449,.T.);
#268=FACE_OUTER_BOUND('',#450,.T.);
#269=FACE_OUTER_BOUND('',#451,.T.);
#270=FACE_OUTER_BOUND('',#452,.T.);
#271=FACE_OUTER_BOUND('',#453,.T.);
#272=FACE_OUTER_BOUND('',#454,.T.);
#273=FACE_OUTER_BOUND('',#455,.T.);
#274=FACE_OUTER_BOUND('',#456,.T.);
#275=FACE_OUTER_BOUND('',#457,.T.);
#276=FACE_OUTER_BOUND('',#458,.T.);
#277=FACE_OUTER_BOUND('',#459,.T.);
#278=FACE_OUTER_BOUND('',#460,.T.);
#279=FACE_OUTER_BOUND('',#461,.T.);
#280=FACE_OUTER_BOUND('',#462,.T.);
#281=FACE_OUTER_BOUND('',#463,.T.);
#282=FACE_OUTER_BOUND('',#464,.T.);
#283=FACE_OUTER_BOUND('',#465,.T.);
#284=FACE_OUTER_BOUND('',#466,.T.);
#285=FACE_OUTER_BOUND('',#467,.T.);
#286=FACE_OUTER_BOUND('',#468,.T.);
#287=FACE_OUTER_BOUND('',#469,.T.);
#288=FACE_OUTER_BOUND('',#470,.T.);
#289=FACE_OUTER_BOUND('',#471,.T.);
#290=FACE_OUTER_BOUND('',#472,.T.);
#291=FACE_OUTER_BOUND('',#473,.T.);
#292=FACE_OUTER_BOUND('',#474,.T.);
#293=FACE_OUTER_BOUND('',#476,.T.);
#294=FACE_OUTER_BOUND('',#477,.T.);
#295=FACE_OUTER_BOUND('',#478,.T.);
#296=FACE_OUTER_BOUND('',#482,.T.);
#297=FACE_OUTER_BOUND('',#483,.T.);
#298=FACE_OUTER_BOUND('',#484,.T.);
#299=FACE_OUTER_BOUND('',#485,.T.);
#300=FACE_OUTER_BOUND('',#486,.T.);
#301=FACE_OUTER_BOUND('',#487,.T.);
#302=FACE_OUTER_BOUND('',#488,.T.);
#303=FACE_OUTER_BOUND('',#489,.T.);
#304=FACE_OUTER_BOUND('',#492,.T.);
#305=FACE_OUTER_BOUND('',#493,.T.);
#306=FACE_OUTER_BOUND('',#494,.T.);
#307=FACE_OUTER_BOUND('',#495,.T.);
#308=FACE_OUTER_BOUND('',#496,.T.);
#309=FACE_OUTER_BOUND('',#497,.T.);
#310=FACE_OUTER_BOUND('',#498,.T.);
#311=FACE_OUTER_BOUND('',#499,.T.);
#312=FACE_OUTER_BOUND('',#500,.T.);
#313=FACE_OUTER_BOUND('',#501,.T.);
#314=FACE_OUTER_BOUND('',#502,.T.);
#315=FACE_OUTER_BOUND('',#503,.T.);
#316=FACE_OUTER_BOUND('',#504,.T.);
#317=FACE_OUTER_BOUND('',#505,.T.);
#318=FACE_OUTER_BOUND('',#506,.T.);
#319=FACE_OUTER_BOUND('',#507,.T.);
#320=FACE_OUTER_BOUND('',#508,.T.);
#321=FACE_OUTER_BOUND('',#509,.T.);
#322=FACE_OUTER_BOUND('',#510,.T.);
#323=FACE_OUTER_BOUND('',#511,.T.);
#324=FACE_OUTER_BOUND('',#512,.T.);
#325=FACE_OUTER_BOUND('',#513,.T.);
#326=FACE_OUTER_BOUND('',#514,.T.);
#327=FACE_OUTER_BOUND('',#515,.T.);
#328=FACE_OUTER_BOUND('',#516,.T.);
#329=FACE_OUTER_BOUND('',#517,.T.);
#330=FACE_OUTER_BOUND('',#518,.T.);
#331=FACE_OUTER_BOUND('',#519,.T.);
#332=FACE_OUTER_BOUND('',#520,.T.);
#333=FACE_OUTER_BOUND('',#521,.T.);
#334=FACE_OUTER_BOUND('',#522,.T.);
#335=FACE_OUTER_BOUND('',#523,.T.);
#336=FACE_OUTER_BOUND('',#524,.T.);
#337=FACE_OUTER_BOUND('',#525,.T.);
#338=FACE_OUTER_BOUND('',#526,.T.);
#339=FACE_OUTER_BOUND('',#527,.T.);
#340=FACE_OUTER_BOUND('',#528,.T.);
#341=FACE_OUTER_BOUND('',#529,.T.);
#342=FACE_OUTER_BOUND('',#530,.T.);
#343=FACE_OUTER_BOUND('',#531,.T.);
#344=FACE_OUTER_BOUND('',#532,.T.);
#345=FACE_OUTER_BOUND('',#533,.T.);
#346=FACE_OUTER_BOUND('',#534,.T.);
#347=FACE_OUTER_BOUND('',#535,.T.);
#348=FACE_OUTER_BOUND('',#536,.T.);
#349=FACE_OUTER_BOUND('',#537,.T.);
#350=FACE_OUTER_BOUND('',#538,.T.);
#351=FACE_OUTER_BOUND('',#539,.T.);
#352=FACE_OUTER_BOUND('',#540,.T.);
#353=FACE_OUTER_BOUND('',#541,.T.);
#354=FACE_OUTER_BOUND('',#542,.T.);
#355=FACE_OUTER_BOUND('',#543,.T.);
#356=FACE_OUTER_BOUND('',#544,.T.);
#357=FACE_OUTER_BOUND('',#545,.T.);
#358=FACE_OUTER_BOUND('',#546,.T.);
#359=FACE_OUTER_BOUND('',#547,.T.);
#360=FACE_OUTER_BOUND('',#548,.T.);
#361=FACE_OUTER_BOUND('',#549,.T.);
#362=FACE_OUTER_BOUND('',#550,.T.);
#363=FACE_OUTER_BOUND('',#551,.T.);
#364=FACE_OUTER_BOUND('',#552,.T.);
#365=FACE_OUTER_BOUND('',#553,.T.);
#366=FACE_OUTER_BOUND('',#554,.T.);
#367=FACE_OUTER_BOUND('',#555,.T.);
#368=FACE_OUTER_BOUND('',#556,.T.);
#369=FACE_OUTER_BOUND('',#557,.T.);
#370=FACE_OUTER_BOUND('',#558,.T.);
#371=FACE_OUTER_BOUND('',#559,.T.);
#372=FACE_OUTER_BOUND('',#560,.T.);
#373=FACE_OUTER_BOUND('',#561,.T.);
#374=FACE_OUTER_BOUND('',#562,.T.);
#375=FACE_OUTER_BOUND('',#563,.T.);
#376=FACE_OUTER_BOUND('',#564,.T.);
#377=FACE_OUTER_BOUND('',#565,.T.);
#378=FACE_OUTER_BOUND('',#566,.T.);
#379=FACE_OUTER_BOUND('',#567,.T.);
#380=FACE_OUTER_BOUND('',#568,.T.);
#381=FACE_OUTER_BOUND('',#569,.T.);
#382=FACE_OUTER_BOUND('',#570,.T.);
#383=FACE_OUTER_BOUND('',#571,.T.);
#384=FACE_OUTER_BOUND('',#572,.T.);
#385=FACE_OUTER_BOUND('',#573,.T.);
#386=FACE_OUTER_BOUND('',#574,.T.);
#387=FACE_OUTER_BOUND('',#575,.T.);
#388=FACE_OUTER_BOUND('',#576,.T.);
#389=FACE_OUTER_BOUND('',#577,.T.);
#390=FACE_OUTER_BOUND('',#578,.T.);
#391=FACE_OUTER_BOUND('',#579,.T.);
#392=FACE_OUTER_BOUND('',#580,.T.);
#393=FACE_OUTER_BOUND('',#581,.T.);
#394=FACE_OUTER_BOUND('',#582,.T.);
#395=FACE_OUTER_BOUND('',#583,.T.);
#396=FACE_OUTER_BOUND('',#584,.T.);
#397=EDGE_LOOP('',(#2249,#2250,#2251,#2252));
#398=EDGE_LOOP('',(#2253,#2254,#2255,#2256));
#399=EDGE_LOOP('',(#2257,#2258,#2259,#2260));
#400=EDGE_LOOP('',(#2261,#2262,#2263,#2264));
#401=EDGE_LOOP('',(#2265,#2266,#2267,#2268));
#402=EDGE_LOOP('',(#2269,#2270,#2271,#2272));
#403=EDGE_LOOP('',(#2273,#2274,#2275,#2276));
#404=EDGE_LOOP('',(#2277,#2278,#2279,#2280));
#405=EDGE_LOOP('',(#2281,#2282,#2283,#2284));
#406=EDGE_LOOP('',(#2285,#2286,#2287,#2288));
#407=EDGE_LOOP('',(#2289,#2290,#2291,#2292));
#408=EDGE_LOOP('',(#2293,#2294,#2295,#2296));
#409=EDGE_LOOP('',(#2297,#2298,#2299,#2300));
#410=EDGE_LOOP('',(#2301,#2302,#2303,#2304));
#411=EDGE_LOOP('',(#2305,#2306,#2307,#2308));
#412=EDGE_LOOP('',(#2309,#2310,#2311,#2312));
#413=EDGE_LOOP('',(#2313,#2314,#2315,#2316));
#414=EDGE_LOOP('',(#2317,#2318,#2319,#2320));
#415=EDGE_LOOP('',(#2321,#2322,#2323,#2324,#2325,#2326,#2327,#2328,#2329,
#2330,#2331,#2332,#2333,#2334,#2335,#2336,#2337,#2338));
#416=EDGE_LOOP('',(#2339,#2340,#2341,#2342));
#417=EDGE_LOOP('',(#2343,#2344,#2345,#2346));
#418=EDGE_LOOP('',(#2347,#2348,#2349,#2350));
#419=EDGE_LOOP('',(#2351,#2352,#2353,#2354));
#420=EDGE_LOOP('',(#2355,#2356,#2357,#2358));
#421=EDGE_LOOP('',(#2359,#2360,#2361,#2362));
#422=EDGE_LOOP('',(#2363,#2364,#2365,#2366));
#423=EDGE_LOOP('',(#2367,#2368,#2369,#2370));
#424=EDGE_LOOP('',(#2371,#2372,#2373,#2374));
#425=EDGE_LOOP('',(#2375,#2376,#2377,#2378));
#426=EDGE_LOOP('',(#2379,#2380,#2381,#2382));
#427=EDGE_LOOP('',(#2383,#2384,#2385,#2386));
#428=EDGE_LOOP('',(#2387,#2388,#2389,#2390));
#429=EDGE_LOOP('',(#2391,#2392,#2393,#2394));
#430=EDGE_LOOP('',(#2395,#2396,#2397,#2398));
#431=EDGE_LOOP('',(#2399,#2400,#2401,#2402));
#432=EDGE_LOOP('',(#2403,#2404,#2405,#2406));
#433=EDGE_LOOP('',(#2407,#2408,#2409,#2410));
#434=EDGE_LOOP('',(#2411,#2412,#2413,#2414));
#435=EDGE_LOOP('',(#2415,#2416,#2417,#2418));
#436=EDGE_LOOP('',(#2419,#2420,#2421,#2422,#2423,#2424,#2425,#2426,#2427,
#2428,#2429,#2430,#2431,#2432,#2433,#2434,#2435,#2436,#2437,#2438));
#437=EDGE_LOOP('',(#2439,#2440,#2441,#2442));
#438=EDGE_LOOP('',(#2443,#2444,#2445,#2446,#2447,#2448));
#439=EDGE_LOOP('',(#2449,#2450,#2451,#2452));
#440=EDGE_LOOP('',(#2453,#2454,#2455,#2456));
#441=EDGE_LOOP('',(#2457,#2458,#2459,#2460,#2461,#2462));
#442=EDGE_LOOP('',(#2463,#2464,#2465,#2466));
#443=EDGE_LOOP('',(#2467,#2468,#2469,#2470));
#444=EDGE_LOOP('',(#2471,#2472,#2473,#2474,#2475,#2476));
#445=EDGE_LOOP('',(#2477,#2478,#2479,#2480));
#446=EDGE_LOOP('',(#2481,#2482,#2483,#2484));
#447=EDGE_LOOP('',(#2485,#2486,#2487,#2488));
#448=EDGE_LOOP('',(#2489,#2490,#2491,#2492));
#449=EDGE_LOOP('',(#2493,#2494,#2495,#2496));
#450=EDGE_LOOP('',(#2497,#2498,#2499,#2500));
#451=EDGE_LOOP('',(#2501,#2502,#2503,#2504));
#452=EDGE_LOOP('',(#2505,#2506,#2507,#2508));
#453=EDGE_LOOP('',(#2509,#2510,#2511,#2512,#2513,#2514));
#454=EDGE_LOOP('',(#2515,#2516,#2517,#2518));
#455=EDGE_LOOP('',(#2519,#2520,#2521,#2522,#2523));
#456=EDGE_LOOP('',(#2524,#2525,#2526,#2527,#2528,#2529));
#457=EDGE_LOOP('',(#2530,#2531,#2532,#2533,#2534));
#458=EDGE_LOOP('',(#2535,#2536,#2537,#2538));
#459=EDGE_LOOP('',(#2539,#2540,#2541,#2542));
#460=EDGE_LOOP('',(#2543,#2544,#2545,#2546,#2547,#2548));
#461=EDGE_LOOP('',(#2549,#2550,#2551,#2552));
#462=EDGE_LOOP('',(#2553,#2554,#2555,#2556));
#463=EDGE_LOOP('',(#2557,#2558,#2559,#2560));
#464=EDGE_LOOP('',(#2561,#2562,#2563,#2564));
#465=EDGE_LOOP('',(#2565,#2566,#2567,#2568));
#466=EDGE_LOOP('',(#2569,#2570,#2571,#2572,#2573,#2574));
#467=EDGE_LOOP('',(#2575,#2576,#2577,#2578,#2579,#2580,#2581,#2582,#2583,
#2584,#2585,#2586));
#468=EDGE_LOOP('',(#2587,#2588,#2589,#2590));
#469=EDGE_LOOP('',(#2591,#2592,#2593,#2594));
#470=EDGE_LOOP('',(#2595,#2596,#2597,#2598));
#471=EDGE_LOOP('',(#2599,#2600,#2601,#2602,#2603,#2604));
#472=EDGE_LOOP('',(#2605,#2606,#2607,#2608));
#473=EDGE_LOOP('',(#2609,#2610,#2611,#2612));
#474=EDGE_LOOP('',(#2613,#2614,#2615,#2616,#2617,#2618,#2619,#2620,#2621,
#2622,#2623,#2624,#2625,#2626,#2627,#2628,#2629,#2630,#2631,#2632,#2633,
#2634,#2635,#2636));
#475=EDGE_LOOP('',(#2637,#2638,#2639,#2640,#2641,#2642,#2643,#2644,#2645,
#2646,#2647,#2648));
#476=EDGE_LOOP('',(#2649,#2650,#2651,#2652));
#477=EDGE_LOOP('',(#2653,#2654,#2655,#2656,#2657,#2658));
#478=EDGE_LOOP('',(#2659,#2660,#2661,#2662,#2663,#2664,#2665,#2666,#2667,
#2668,#2669,#2670,#2671,#2672,#2673,#2674));
#479=EDGE_LOOP('',(#2675,#2676,#2677,#2678));
#480=EDGE_LOOP('',(#2679,#2680,#2681,#2682));
#481=EDGE_LOOP('',(#2683,#2684,#2685,#2686,#2687,#2688,#2689,#2690));
#482=EDGE_LOOP('',(#2691,#2692,#2693,#2694));
#483=EDGE_LOOP('',(#2695,#2696,#2697,#2698));
#484=EDGE_LOOP('',(#2699,#2700,#2701,#2702));
#485=EDGE_LOOP('',(#2703,#2704,#2705,#2706));
#486=EDGE_LOOP('',(#2707,#2708,#2709,#2710));
#487=EDGE_LOOP('',(#2711,#2712,#2713,#2714));
#488=EDGE_LOOP('',(#2715,#2716,#2717,#2718));
#489=EDGE_LOOP('',(#2719,#2720,#2721,#2722,#2723,#2724,#2725,#2726));
#490=EDGE_LOOP('',(#2727,#2728,#2729,#2730,#2731,#2732,#2733,#2734,#2735,
#2736,#2737,#2738,#2739,#2740,#2741,#2742,#2743,#2744));
#491=EDGE_LOOP('',(#2745,#2746,#2747,#2748,#2749,#2750,#2751,#2752,#2753,
#2754,#2755,#2756,#2757,#2758,#2759,#2760,#2761,#2762,#2763,#2764));
#492=EDGE_LOOP('',(#2765,#2766,#2767,#2768));
#493=EDGE_LOOP('',(#2769,#2770,#2771,#2772));
#494=EDGE_LOOP('',(#2773,#2774,#2775,#2776));
#495=EDGE_LOOP('',(#2777,#2778,#2779,#2780));
#496=EDGE_LOOP('',(#2781,#2782,#2783,#2784,#2785,#2786));
#497=EDGE_LOOP('',(#2787,#2788,#2789,#2790));
#498=EDGE_LOOP('',(#2791,#2792,#2793,#2794,#2795));
#499=EDGE_LOOP('',(#2796,#2797,#2798,#2799,#2800,#2801));
#500=EDGE_LOOP('',(#2802,#2803,#2804,#2805,#2806));
#501=EDGE_LOOP('',(#2807,#2808,#2809,#2810,#2811,#2812,#2813,#2814,#2815,
#2816,#2817,#2818,#2819,#2820));
#502=EDGE_LOOP('',(#2821,#2822,#2823,#2824));
#503=EDGE_LOOP('',(#2825,#2826,#2827,#2828));
#504=EDGE_LOOP('',(#2829,#2830,#2831,#2832,#2833,#2834,#2835,#2836,#2837,
#2838,#2839,#2840,#2841,#2842));
#505=EDGE_LOOP('',(#2843,#2844,#2845,#2846));
#506=EDGE_LOOP('',(#2847,#2848,#2849,#2850,#2851,#2852));
#507=EDGE_LOOP('',(#2853,#2854,#2855,#2856));
#508=EDGE_LOOP('',(#2857,#2858,#2859,#2860));
#509=EDGE_LOOP('',(#2861,#2862,#2863,#2864));
#510=EDGE_LOOP('',(#2865,#2866,#2867,#2868));
#511=EDGE_LOOP('',(#2869,#2870,#2871,#2872));
#512=EDGE_LOOP('',(#2873,#2874,#2875,#2876));
#513=EDGE_LOOP('',(#2877,#2878,#2879,#2880));
#514=EDGE_LOOP('',(#2881,#2882,#2883,#2884));
#515=EDGE_LOOP('',(#2885,#2886,#2887,#2888));
#516=EDGE_LOOP('',(#2889,#2890,#2891,#2892));
#517=EDGE_LOOP('',(#2893,#2894,#2895,#2896));
#518=EDGE_LOOP('',(#2897,#2898,#2899,#2900));
#519=EDGE_LOOP('',(#2901,#2902,#2903,#2904));
#520=EDGE_LOOP('',(#2905,#2906,#2907,#2908));
#521=EDGE_LOOP('',(#2909,#2910,#2911,#2912));
#522=EDGE_LOOP('',(#2913,#2914,#2915,#2916));
#523=EDGE_LOOP('',(#2917,#2918,#2919,#2920));
#524=EDGE_LOOP('',(#2921,#2922,#2923,#2924));
#525=EDGE_LOOP('',(#2925,#2926,#2927,#2928));
#526=EDGE_LOOP('',(#2929,#2930,#2931,#2932));
#527=EDGE_LOOP('',(#2933,#2934,#2935,#2936));
#528=EDGE_LOOP('',(#2937,#2938,#2939,#2940));
#529=EDGE_LOOP('',(#2941,#2942,#2943,#2944));
#530=EDGE_LOOP('',(#2945,#2946,#2947,#2948));
#531=EDGE_LOOP('',(#2949,#2950,#2951,#2952));
#532=EDGE_LOOP('',(#2953,#2954,#2955,#2956));
#533=EDGE_LOOP('',(#2957,#2958,#2959,#2960));
#534=EDGE_LOOP('',(#2961,#2962,#2963,#2964));
#535=EDGE_LOOP('',(#2965,#2966,#2967,#2968));
#536=EDGE_LOOP('',(#2969,#2970,#2971,#2972));
#537=EDGE_LOOP('',(#2973,#2974,#2975,#2976));
#538=EDGE_LOOP('',(#2977,#2978,#2979,#2980));
#539=EDGE_LOOP('',(#2981,#2982,#2983,#2984));
#540=EDGE_LOOP('',(#2985,#2986,#2987,#2988));
#541=EDGE_LOOP('',(#2989,#2990,#2991,#2992));
#542=EDGE_LOOP('',(#2993,#2994,#2995,#2996));
#543=EDGE_LOOP('',(#2997,#2998,#2999,#3000));
#544=EDGE_LOOP('',(#3001,#3002,#3003,#3004));
#545=EDGE_LOOP('',(#3005,#3006,#3007,#3008));
#546=EDGE_LOOP('',(#3009,#3010,#3011,#3012));
#547=EDGE_LOOP('',(#3013,#3014,#3015,#3016));
#548=EDGE_LOOP('',(#3017,#3018,#3019,#3020));
#549=EDGE_LOOP('',(#3021,#3022,#3023,#3024));
#550=EDGE_LOOP('',(#3025,#3026,#3027,#3028));
#551=EDGE_LOOP('',(#3029,#3030,#3031,#3032));
#552=EDGE_LOOP('',(#3033,#3034,#3035,#3036));
#553=EDGE_LOOP('',(#3037,#3038,#3039,#3040));
#554=EDGE_LOOP('',(#3041,#3042,#3043,#3044));
#555=EDGE_LOOP('',(#3045,#3046,#3047,#3048));
#556=EDGE_LOOP('',(#3049,#3050,#3051,#3052));
#557=EDGE_LOOP('',(#3053,#3054,#3055,#3056));
#558=EDGE_LOOP('',(#3057,#3058,#3059,#3060));
#559=EDGE_LOOP('',(#3061,#3062,#3063,#3064));
#560=EDGE_LOOP('',(#3065,#3066,#3067,#3068));
#561=EDGE_LOOP('',(#3069,#3070,#3071,#3072,#3073,#3074,#3075,#3076,#3077,
#3078,#3079,#3080,#3081,#3082,#3083,#3084,#3085,#3086,#3087,#3088,#3089,
#3090,#3091,#3092,#3093,#3094,#3095,#3096,#3097,#3098,#3099,#3100,#3101,
#3102,#3103,#3104,#3105,#3106,#3107,#3108,#3109,#3110,#3111,#3112,#3113,
#3114,#3115,#3116,#3117,#3118,#3119,#3120,#3121,#3122,#3123,#3124,#3125,
#3126,#3127,#3128,#3129,#3130,#3131,#3132,#3133,#3134,#3135,#3136,#3137,
#3138));
#562=EDGE_LOOP('',(#3139,#3140,#3141,#3142));
#563=EDGE_LOOP('',(#3143,#3144,#3145,#3146));
#564=EDGE_LOOP('',(#3147,#3148,#3149,#3150));
#565=EDGE_LOOP('',(#3151,#3152,#3153,#3154));
#566=EDGE_LOOP('',(#3155,#3156,#3157,#3158));
#567=EDGE_LOOP('',(#3159,#3160,#3161,#3162));
#568=EDGE_LOOP('',(#3163,#3164,#3165,#3166));
#569=EDGE_LOOP('',(#3167,#3168,#3169,#3170));
#570=EDGE_LOOP('',(#3171,#3172,#3173,#3174));
#571=EDGE_LOOP('',(#3175,#3176,#3177,#3178));
#572=EDGE_LOOP('',(#3179,#3180,#3181,#3182));
#573=EDGE_LOOP('',(#3183,#3184,#3185,#3186));
#574=EDGE_LOOP('',(#3187,#3188,#3189,#3190));
#575=EDGE_LOOP('',(#3191,#3192,#3193,#3194));
#576=EDGE_LOOP('',(#3195,#3196,#3197,#3198));
#577=EDGE_LOOP('',(#3199,#3200,#3201,#3202));
#578=EDGE_LOOP('',(#3203,#3204,#3205,#3206));
#579=EDGE_LOOP('',(#3207,#3208,#3209,#3210));
#580=EDGE_LOOP('',(#3211,#3212,#3213,#3214));
#581=EDGE_LOOP('',(#3215,#3216,#3217,#3218));
#582=EDGE_LOOP('',(#3219,#3220,#3221,#3222));
#583=EDGE_LOOP('',(#3223,#3224,#3225,#3226));
#584=EDGE_LOOP('',(#3227,#3228,#3229,#3230,#3231,#3232,#3233,#3234,#3235,
#3236,#3237,#3238,#3239,#3240,#3241,#3242,#3243,#3244,#3245,#3246,#3247,
#3248,#3249,#3250,#3251,#3252,#3253,#3254,#3255,#3256,#3257,#3258,#3259,
#3260,#3261,#3262,#3263,#3264,#3265,#3266,#3267,#3268,#3269,#3270,#3271,
#3272,#3273,#3274,#3275,#3276,#3277,#3278,#3279,#3280,#3281,#3282,#3283,
#3284,#3285,#3286,#3287,#3288,#3289,#3290,#3291,#3292,#3293,#3294,#3295,
#3296));
#585=LINE('',#4710,#981);
#586=LINE('',#4712,#982);
#587=LINE('',#4714,#983);
#588=LINE('',#4715,#984);
#589=LINE('',#4738,#985);
#590=LINE('',#4761,#986);
#591=LINE('',#4784,#987);
#592=LINE('',#4807,#988);
#593=LINE('',#4830,#989);
#594=LINE('',#4853,#990);
#595=LINE('',#4856,#991);
#596=LINE('',#4858,#992);
#597=LINE('',#4859,#993);
#598=LINE('',#4862,#994);
#599=LINE('',#4864,#995);
#600=LINE('',#4865,#996);
#601=LINE('',#4868,#997);
#602=LINE('',#4870,#998);
#603=LINE('',#4871,#999);
#604=LINE('',#4874,#1000);
#605=LINE('',#4876,#1001);
#606=LINE('',#4877,#1002);
#607=LINE('',#4880,#1003);
#608=LINE('',#4882,#1004);
#609=LINE('',#4883,#1005);
#610=LINE('',#4906,#1006);
#611=LINE('',#4929,#1007);
#612=LINE('',#4952,#1008);
#613=LINE('',#4975,#1009);
#614=LINE('',#4998,#1010);
#615=LINE('',#5023,#1011);
#616=LINE('',#5025,#1012);
#617=LINE('',#5027,#1013);
#618=LINE('',#5028,#1014);
#619=LINE('',#5031,#1015);
#620=LINE('',#5033,#1016);
#621=LINE('',#5034,#1017);
#622=LINE('',#5037,#1018);
#623=LINE('',#5039,#1019);
#624=LINE('',#5040,#1020);
#625=LINE('',#5063,#1021);
#626=LINE('',#5086,#1022);
#627=LINE('',#5109,#1023);
#628=LINE('',#5132,#1024);
#629=LINE('',#5155,#1025);
#630=LINE('',#5178,#1026);
#631=LINE('',#5201,#1027);
#632=LINE('',#5204,#1028);
#633=LINE('',#5206,#1029);
#634=LINE('',#5207,#1030);
#635=LINE('',#5230,#1031);
#636=LINE('',#5253,#1032);
#637=LINE('',#5276,#1033);
#638=LINE('',#5299,#1034);
#639=LINE('',#5322,#1035);
#640=LINE('',#5345,#1036);
#641=LINE('',#5368,#1037);
#642=LINE('',#5371,#1038);
#643=LINE('',#5373,#1039);
#644=LINE('',#5374,#1040);
#645=LINE('',#5376,#1041);
#646=LINE('',#5377,#1042);
#647=LINE('',#5382,#1043);
#648=LINE('',#5384,#1044);
#649=LINE('',#5386,#1045);
#650=LINE('',#5387,#1046);
#651=LINE('',#5391,#1047);
#652=LINE('',#5393,#1048);
#653=LINE('',#5395,#1049);
#654=LINE('',#5396,#1050);
#655=LINE('',#5397,#1051);
#656=LINE('',#5400,#1052);
#657=LINE('',#5402,#1053);
#658=LINE('',#5403,#1054);
#659=LINE('',#5406,#1055);
#660=LINE('',#5408,#1056);
#661=LINE('',#5409,#1057);
#662=LINE('',#5411,#1058);
#663=LINE('',#5413,#1059);
#664=LINE('',#5415,#1060);
#665=LINE('',#5416,#1061);
#666=LINE('',#5419,#1062);
#667=LINE('',#5421,#1063);
#668=LINE('',#5422,#1064);
#669=LINE('',#5428,#1065);
#670=LINE('',#5431,#1066);
#671=LINE('',#5434,#1067);
#672=LINE('',#5436,#1068);
#673=LINE('',#5438,#1069);
#674=LINE('',#5440,#1070);
#675=LINE('',#5441,#1071);
#676=LINE('',#5447,#1072);
#677=LINE('',#5450,#1073);
#678=LINE('',#5456,#1074);
#679=LINE('',#5459,#1075);
#680=LINE('',#5465,#1076);
#681=LINE('',#5468,#1077);
#682=LINE('',#5470,#1078);
#683=LINE('',#5471,#1079);
#684=LINE('',#5475,#1080);
#685=LINE('',#5477,#1081);
#686=LINE('',#5479,#1082);
#687=LINE('',#5480,#1083);
#688=LINE('',#5483,#1084);
#689=LINE('',#5485,#1085);
#690=LINE('',#5486,#1086);
#691=LINE('',#5490,#1087);
#692=LINE('',#5492,#1088);
#693=LINE('',#5493,#1089);
#694=LINE('',#5494,#1090);
#695=LINE('',#5497,#1091);
#696=LINE('',#5498,#1092);
#697=LINE('',#5501,#1093);
#698=LINE('',#5503,#1094);
#699=LINE('',#5505,#1095);
#700=LINE('',#5506,#1096);
#701=LINE('',#5509,#1097);
#702=LINE('',#5510,#1098);
#703=LINE('',#5513,#1099);
#704=LINE('',#5515,#1100);
#705=LINE('',#5517,#1101);
#706=LINE('',#5518,#1102);
#707=LINE('',#5520,#1103);
#708=LINE('',#5521,#1104);
#709=LINE('',#5524,#1105);
#710=LINE('',#5526,#1106);
#711=LINE('',#5527,#1107);
#712=LINE('',#5529,#1108);
#713=LINE('',#5530,#1109);
#714=LINE('',#5534,#1110);
#715=LINE('',#5536,#1111);
#716=LINE('',#5538,#1112);
#717=LINE('',#5539,#1113);
#718=LINE('',#5542,#1114);
#719=LINE('',#5544,#1115);
#720=LINE('',#5546,#1116);
#721=LINE('',#5547,#1117);
#722=LINE('',#5549,#1118);
#723=LINE('',#5550,#1119);
#724=LINE('',#5554,#1120);
#725=LINE('',#5556,#1121);
#726=LINE('',#5558,#1122);
#727=LINE('',#5559,#1123);
#728=LINE('',#5561,#1124);
#729=LINE('',#5562,#1125);
#730=LINE('',#5564,#1126);
#731=LINE('',#5568,#1127);
#732=LINE('',#5570,#1128);
#733=LINE('',#5572,#1129);
#734=LINE('',#5573,#1130);
#735=LINE('',#5577,#1131);
#736=LINE('',#5578,#1132);
#737=LINE('',#5580,#1133);
#738=LINE('',#5582,#1134);
#739=LINE('',#5583,#1135);
#740=LINE('',#5586,#1136);
#741=LINE('',#5588,#1137);
#742=LINE('',#5589,#1138);
#743=LINE('',#5591,#1139);
#744=LINE('',#5592,#1140);
#745=LINE('',#5595,#1141);
#746=LINE('',#5596,#1142);
#747=LINE('',#5598,#1143);
#748=LINE('',#5601,#1144);
#749=LINE('',#5603,#1145);
#750=LINE('',#5604,#1146);
#751=LINE('',#5607,#1147);
#752=LINE('',#5608,#1148);
#753=LINE('',#5609,#1149);
#754=LINE('',#5612,#1150);
#755=LINE('',#5613,#1151);
#756=LINE('',#5615,#1152);
#757=LINE('',#5618,#1153);
#758=LINE('',#5620,#1154);
#759=LINE('',#5622,#1155);
#760=LINE('',#5624,#1156);
#761=LINE('',#5626,#1157);
#762=LINE('',#5628,#1158);
#763=LINE('',#5630,#1159);
#764=LINE('',#5632,#1160);
#765=LINE('',#5634,#1161);
#766=LINE('',#5636,#1162);
#767=LINE('',#5638,#1163);
#768=LINE('',#5640,#1164);
#769=LINE('',#5641,#1165);
#770=LINE('',#5647,#1166);
#771=LINE('',#5650,#1167);
#772=LINE('',#5653,#1168);
#773=LINE('',#5655,#1169);
#774=LINE('',#5657,#1170);
#775=LINE('',#5659,#1171);
#776=LINE('',#5660,#1172);
#777=LINE('',#5663,#1173);
#778=LINE('',#5667,#1174);
#779=LINE('',#5669,#1175);
#780=LINE('',#5671,#1176);
#781=LINE('',#5672,#1177);
#782=LINE('',#5673,#1178);
#783=LINE('',#5675,#1179);
#784=LINE('',#5677,#1180);
#785=LINE('',#5681,#1181);
#786=LINE('',#5685,#1182);
#787=LINE('',#5688,#1183);
#788=LINE('',#5690,#1184);
#789=LINE('',#5695,#1185);
#790=LINE('',#5696,#1186);
#791=LINE('',#5698,#1187);
#792=LINE('',#5703,#1188);
#793=LINE('',#5704,#1189);
#794=LINE('',#5706,#1190);
#795=LINE('',#5708,#1191);
#796=LINE('',#5713,#1192);
#797=LINE('',#5715,#1193);
#798=LINE('',#5717,#1194);
#799=LINE('',#5718,#1195);
#800=LINE('',#5720,#1196);
#801=LINE('',#5721,#1197);
#802=LINE('',#5724,#1198);
#803=LINE('',#5725,#1199);
#804=LINE('',#5726,#1200);
#805=LINE('',#5729,#1201);
#806=LINE('',#5730,#1202);
#807=LINE('',#5733,#1203);
#808=LINE('',#5735,#1204);
#809=LINE('',#5736,#1205);
#810=LINE('',#5739,#1206);
#811=LINE('',#5740,#1207);
#812=LINE('',#5742,#1208);
#813=LINE('',#5743,#1209);
#814=LINE('',#5745,#1210);
#815=LINE('',#5747,#1211);
#816=LINE('',#5750,#1212);
#817=LINE('',#5752,#1213);
#818=LINE('',#5753,#1214);
#819=LINE('',#5756,#1215);
#820=LINE('',#5759,#1216);
#821=LINE('',#5761,#1217);
#822=LINE('',#5763,#1218);
#823=LINE('',#5765,#1219);
#824=LINE('',#5766,#1220);
#825=LINE('',#5768,#1221);
#826=LINE('',#5769,#1222);
#827=LINE('',#5771,#1223);
#828=LINE('',#5772,#1224);
#829=LINE('',#5775,#1225);
#830=LINE('',#5776,#1226);
#831=LINE('',#5784,#1227);
#832=LINE('',#5786,#1228);
#833=LINE('',#5788,#1229);
#834=LINE('',#5789,#1230);
#835=LINE('',#5793,#1231);
#836=LINE('',#5795,#1232);
#837=LINE('',#5797,#1233);
#838=LINE('',#5798,#1234);
#839=LINE('',#5804,#1235);
#840=LINE('',#5807,#1236);
#841=LINE('',#5810,#1237);
#842=LINE('',#5812,#1238);
#843=LINE('',#5813,#1239);
#844=LINE('',#5818,#1240);
#845=LINE('',#5822,#1241);
#846=LINE('',#5824,#1242);
#847=LINE('',#5825,#1243);
#848=LINE('',#5830,#1244);
#849=LINE('',#5834,#1245);
#850=LINE('',#5836,#1246);
#851=LINE('',#5837,#1247);
#852=LINE('',#5843,#1248);
#853=LINE('',#5846,#1249);
#854=LINE('',#5848,#1250);
#855=LINE('',#5849,#1251);
#856=LINE('',#5854,#1252);
#857=LINE('',#5858,#1253);
#858=LINE('',#5860,#1254);
#859=LINE('',#5861,#1255);
#860=LINE('',#5867,#1256);
#861=LINE('',#5870,#1257);
#862=LINE('',#5873,#1258);
#863=LINE('',#5875,#1259);
#864=LINE('',#5876,#1260);
#865=LINE('',#5885,#1261);
#866=LINE('',#5888,#1262);
#867=LINE('',#5890,#1263);
#868=LINE('',#5891,#1264);
#869=LINE('',#5897,#1265);
#870=LINE('',#5900,#1266);
#871=LINE('',#5902,#1267);
#872=LINE('',#5903,#1268);
#873=LINE('',#5909,#1269);
#874=LINE('',#5912,#1270);
#875=LINE('',#5915,#1271);
#876=LINE('',#5917,#1272);
#877=LINE('',#5918,#1273);
#878=LINE('',#5923,#1274);
#879=LINE('',#5927,#1275);
#880=LINE('',#5929,#1276);
#881=LINE('',#5930,#1277);
#882=LINE('',#5932,#1278);
#883=LINE('',#5933,#1279);
#884=LINE('',#5935,#1280);
#885=LINE('',#5936,#1281);
#886=LINE('',#5938,#1282);
#887=LINE('',#5939,#1283);
#888=LINE('',#5945,#1284);
#889=LINE('',#5948,#1285);
#890=LINE('',#5951,#1286);
#891=LINE('',#5953,#1287);
#892=LINE('',#5954,#1288);
#893=LINE('',#5959,#1289);
#894=LINE('',#5962,#1290);
#895=LINE('',#5963,#1291);
#896=LINE('',#5969,#1292);
#897=LINE('',#5972,#1293);
#898=LINE('',#5978,#1294);
#899=LINE('',#5981,#1295);
#900=LINE('',#5983,#1296);
#901=LINE('',#5984,#1297);
#902=LINE('',#5986,#1298);
#903=LINE('',#5987,#1299);
#904=LINE('',#5993,#1300);
#905=LINE('',#5996,#1301);
#906=LINE('',#5999,#1302);
#907=LINE('',#6001,#1303);
#908=LINE('',#6002,#1304);
#909=LINE('',#6007,#1305);
#910=LINE('',#6011,#1306);
#911=LINE('',#6013,#1307);
#912=LINE('',#6014,#1308);
#913=LINE('',#6020,#1309);
#914=LINE('',#6023,#1310);
#915=LINE('',#6025,#1311);
#916=LINE('',#6026,#1312);
#917=LINE('',#6032,#1313);
#918=LINE('',#6035,#1314);
#919=LINE('',#6038,#1315);
#920=LINE('',#6040,#1316);
#921=LINE('',#6041,#1317);
#922=LINE('',#6043,#1318);
#923=LINE('',#6044,#1319);
#924=LINE('',#6046,#1320);
#925=LINE('',#6047,#1321);
#926=LINE('',#6050,#1322);
#927=LINE('',#6052,#1323);
#928=LINE('',#6053,#1324);
#929=LINE('',#6056,#1325);
#930=LINE('',#6058,#1326);
#931=LINE('',#6059,#1327);
#932=LINE('',#6065,#1328);
#933=LINE('',#6068,#1329);
#934=LINE('',#6071,#1330);
#935=LINE('',#6073,#1331);
#936=LINE('',#6074,#1332);
#937=LINE('',#6077,#1333);
#938=LINE('',#6081,#1334);
#939=LINE('',#6085,#1335);
#940=LINE('',#6087,#1336);
#941=LINE('',#6091,#1337);
#942=LINE('',#6095,#1338);
#943=LINE('',#6097,#1339);
#944=LINE('',#6100,#1340);
#945=LINE('',#6104,#1341);
#946=LINE('',#6108,#1342);
#947=LINE('',#6112,#1343);
#948=LINE('',#6116,#1344);
#949=LINE('',#6121,#1345);
#950=LINE('',#6124,#1346);
#951=LINE('',#6125,#1347);
#952=LINE('',#6129,#1348);
#953=LINE('',#6132,#1349);
#954=LINE('',#6133,#1350);
#955=LINE('',#6138,#1351);
#956=LINE('',#6139,#1352);
#957=LINE('',#6141,#1353);
#958=LINE('',#6145,#1354);
#959=LINE('',#6148,#1355);
#960=LINE('',#6149,#1356);
#961=LINE('',#6154,#1357);
#962=LINE('',#6155,#1358);
#963=LINE('',#6158,#1359);
#964=LINE('',#6159,#1360);
#965=LINE('',#6166,#1361);
#966=LINE('',#6167,#1362);
#967=LINE('',#6169,#1363);
#968=LINE('',#6174,#1364);
#969=LINE('',#6175,#1365);
#970=LINE('',#6177,#1366);
#971=LINE('',#6182,#1367);
#972=LINE('',#6183,#1368);
#973=LINE('',#6186,#1369);
#974=LINE('',#6187,#1370);
#975=LINE('',#6191,#1371);
#976=LINE('',#6194,#1372);
#977=LINE('',#6195,#1373);
#978=LINE('',#6197,#1374);
#979=LINE('',#6199,#1375);
#980=LINE('',#6201,#1376);
#981=VECTOR('',#3848,10.);
#982=VECTOR('',#3849,10.);
#983=VECTOR('',#3850,10.);
#984=VECTOR('',#3851,10.);
#985=VECTOR('',#3852,10.);
#986=VECTOR('',#3853,10.);
#987=VECTOR('',#3854,10.);
#988=VECTOR('',#3855,10.);
#989=VECTOR('',#3856,10.);
#990=VECTOR('',#3857,10.);
#991=VECTOR('',#3860,10.);
#992=VECTOR('',#3861,10.);
#993=VECTOR('',#3862,10.);
#994=VECTOR('',#3865,10.);
#995=VECTOR('',#3866,10.);
#996=VECTOR('',#3867,10.);
#997=VECTOR('',#3870,10.);
#998=VECTOR('',#3871,10.);
#999=VECTOR('',#3872,10.);
#1000=VECTOR('',#3875,10.);
#1001=VECTOR('',#3876,10.);
#1002=VECTOR('',#3877,10.);
#1003=VECTOR('',#3880,10.);
#1004=VECTOR('',#3881,10.);
#1005=VECTOR('',#3882,10.);
#1006=VECTOR('',#3883,10.);
#1007=VECTOR('',#3884,10.);
#1008=VECTOR('',#3885,10.);
#1009=VECTOR('',#3886,10.);
#1010=VECTOR('',#3887,10.);
#1011=VECTOR('',#3892,10.);
#1012=VECTOR('',#3893,10.);
#1013=VECTOR('',#3894,10.);
#1014=VECTOR('',#3895,10.);
#1015=VECTOR('',#3898,10.);
#1016=VECTOR('',#3899,10.);
#1017=VECTOR('',#3900,10.);
#1018=VECTOR('',#3903,10.);
#1019=VECTOR('',#3904,10.);
#1020=VECTOR('',#3905,10.);
#1021=VECTOR('',#3906,10.);
#1022=VECTOR('',#3907,10.);
#1023=VECTOR('',#3908,10.);
#1024=VECTOR('',#3909,10.);
#1025=VECTOR('',#3910,10.);
#1026=VECTOR('',#3911,10.);
#1027=VECTOR('',#3912,10.);
#1028=VECTOR('',#3915,10.);
#1029=VECTOR('',#3916,10.);
#1030=VECTOR('',#3917,10.);
#1031=VECTOR('',#3918,10.);
#1032=VECTOR('',#3919,10.);
#1033=VECTOR('',#3920,10.);
#1034=VECTOR('',#3921,10.);
#1035=VECTOR('',#3922,10.);
#1036=VECTOR('',#3923,10.);
#1037=VECTOR('',#3924,10.);
#1038=VECTOR('',#3927,10.);
#1039=VECTOR('',#3928,10.);
#1040=VECTOR('',#3929,10.);
#1041=VECTOR('',#3932,10.);
#1042=VECTOR('',#3933,10.);
#1043=VECTOR('',#3938,10.);
#1044=VECTOR('',#3939,10.);
#1045=VECTOR('',#3940,10.);
#1046=VECTOR('',#3941,10.);
#1047=VECTOR('',#3944,10.);
#1048=VECTOR('',#3945,10.);
#1049=VECTOR('',#3946,10.);
#1050=VECTOR('',#3947,10.);
#1051=VECTOR('',#3948,10.);
#1052=VECTOR('',#3951,10.);
#1053=VECTOR('',#3952,10.);
#1054=VECTOR('',#3953,10.);
#1055=VECTOR('',#3956,10.);
#1056=VECTOR('',#3957,10.);
#1057=VECTOR('',#3958,10.);
#1058=VECTOR('',#3961,10.);
#1059=VECTOR('',#3962,10.);
#1060=VECTOR('',#3963,10.);
#1061=VECTOR('',#3964,10.);
#1062=VECTOR('',#3967,10.);
#1063=VECTOR('',#3968,10.);
#1064=VECTOR('',#3969,10.);
#1065=VECTOR('',#3974,10.);
#1066=VECTOR('',#3977,10.);
#1067=VECTOR('',#3980,10.);
#1068=VECTOR('',#3981,10.);
#1069=VECTOR('',#3982,10.);
#1070=VECTOR('',#3983,10.);
#1071=VECTOR('',#3984,10.);
#1072=VECTOR('',#3989,10.);
#1073=VECTOR('',#3992,10.);
#1074=VECTOR('',#3997,10.);
#1075=VECTOR('',#4000,10.);
#1076=VECTOR('',#4005,10.);
#1077=VECTOR('',#4008,10.);
#1078=VECTOR('',#4011,10.);
#1079=VECTOR('',#4012,10.);
#1080=VECTOR('',#4015,10.);
#1081=VECTOR('',#4016,10.);
#1082=VECTOR('',#4017,10.);
#1083=VECTOR('',#4018,10.);
#1084=VECTOR('',#4021,10.);
#1085=VECTOR('',#4022,10.);
#1086=VECTOR('',#4023,10.);
#1087=VECTOR('',#4026,10.);
#1088=VECTOR('',#4027,10.);
#1089=VECTOR('',#4028,10.);
#1090=VECTOR('',#4029,10.);
#1091=VECTOR('',#4032,10.);
#1092=VECTOR('',#4033,10.);
#1093=VECTOR('',#4036,10.);
#1094=VECTOR('',#4037,10.);
#1095=VECTOR('',#4038,10.);
#1096=VECTOR('',#4039,10.);
#1097=VECTOR('',#4042,10.);
#1098=VECTOR('',#4043,10.);
#1099=VECTOR('',#4046,10.);
#1100=VECTOR('',#4047,10.);
#1101=VECTOR('',#4048,10.);
#1102=VECTOR('',#4049,10.);
#1103=VECTOR('',#4052,10.);
#1104=VECTOR('',#4053,10.);
#1105=VECTOR('',#4056,10.);
#1106=VECTOR('',#4057,10.);
#1107=VECTOR('',#4058,10.);
#1108=VECTOR('',#4061,10.);
#1109=VECTOR('',#4062,10.);
#1110=VECTOR('',#4065,10.);
#1111=VECTOR('',#4066,10.);
#1112=VECTOR('',#4067,10.);
#1113=VECTOR('',#4068,10.);
#1114=VECTOR('',#4071,10.);
#1115=VECTOR('',#4072,10.);
#1116=VECTOR('',#4073,10.);
#1117=VECTOR('',#4074,10.);
#1118=VECTOR('',#4077,10.);
#1119=VECTOR('',#4078,10.);
#1120=VECTOR('',#4081,10.);
#1121=VECTOR('',#4082,10.);
#1122=VECTOR('',#4083,10.);
#1123=VECTOR('',#4084,10.);
#1124=VECTOR('',#4087,10.);
#1125=VECTOR('',#4088,10.);
#1126=VECTOR('',#4091,10.);
#1127=VECTOR('',#4094,10.);
#1128=VECTOR('',#4095,10.);
#1129=VECTOR('',#4096,10.);
#1130=VECTOR('',#4097,10.);
#1131=VECTOR('',#4100,10.);
#1132=VECTOR('',#4101,10.);
#1133=VECTOR('',#4102,10.);
#1134=VECTOR('',#4103,10.);
#1135=VECTOR('',#4104,10.);
#1136=VECTOR('',#4107,10.);
#1137=VECTOR('',#4108,10.);
#1138=VECTOR('',#4109,10.);
#1139=VECTOR('',#4110,10.);
#1140=VECTOR('',#4111,10.);
#1141=VECTOR('',#4114,10.);
#1142=VECTOR('',#4115,10.);
#1143=VECTOR('',#4118,10.);
#1144=VECTOR('',#4121,10.);
#1145=VECTOR('',#4122,10.);
#1146=VECTOR('',#4123,10.);
#1147=VECTOR('',#4126,10.);
#1148=VECTOR('',#4127,10.);
#1149=VECTOR('',#4128,10.);
#1150=VECTOR('',#4131,10.);
#1151=VECTOR('',#4132,10.);
#1152=VECTOR('',#4135,10.);
#1153=VECTOR('',#4138,10.);
#1154=VECTOR('',#4139,10.);
#1155=VECTOR('',#4140,10.);
#1156=VECTOR('',#4141,10.);
#1157=VECTOR('',#4142,10.);
#1158=VECTOR('',#4143,10.);
#1159=VECTOR('',#4144,10.);
#1160=VECTOR('',#4145,10.);
#1161=VECTOR('',#4146,10.);
#1162=VECTOR('',#4147,10.);
#1163=VECTOR('',#4148,10.);
#1164=VECTOR('',#4149,10.);
#1165=VECTOR('',#4150,10.);
#1166=VECTOR('',#4155,10.);
#1167=VECTOR('',#4158,10.);
#1168=VECTOR('',#4161,10.);
#1169=VECTOR('',#4162,10.);
#1170=VECTOR('',#4163,10.);
#1171=VECTOR('',#4164,10.);
#1172=VECTOR('',#4165,10.);
#1173=VECTOR('',#4168,10.);
#1174=VECTOR('',#4171,10.);
#1175=VECTOR('',#4172,10.);
#1176=VECTOR('',#4173,10.);
#1177=VECTOR('',#4174,10.);
#1178=VECTOR('',#4175,10.);
#1179=VECTOR('',#4176,10.);
#1180=VECTOR('',#4177,10.);
#1181=VECTOR('',#4180,10.);
#1182=VECTOR('',#4185,10.);
#1183=VECTOR('',#4188,10.);
#1184=VECTOR('',#4191,10.);
#1185=VECTOR('',#4196,10.);
#1186=VECTOR('',#4197,10.);
#1187=VECTOR('',#4200,10.);
#1188=VECTOR('',#4205,10.);
#1189=VECTOR('',#4206,10.);
#1190=VECTOR('',#4209,10.);
#1191=VECTOR('',#4212,10.);
#1192=VECTOR('',#4217,10.);
#1193=VECTOR('',#4218,10.);
#1194=VECTOR('',#4219,10.);
#1195=VECTOR('',#4220,10.);
#1196=VECTOR('',#4223,10.);
#1197=VECTOR('',#4224,10.);
#1198=VECTOR('',#4227,10.);
#1199=VECTOR('',#4228,10.);
#1200=VECTOR('',#4229,10.);
#1201=VECTOR('',#4232,10.);
#1202=VECTOR('',#4233,10.);
#1203=VECTOR('',#4236,10.);
#1204=VECTOR('',#4237,10.);
#1205=VECTOR('',#4238,10.);
#1206=VECTOR('',#4241,10.);
#1207=VECTOR('',#4242,10.);
#1208=VECTOR('',#4245,10.);
#1209=VECTOR('',#4246,10.);
#1210=VECTOR('',#4249,10.);
#1211=VECTOR('',#4252,10.);
#1212=VECTOR('',#4255,10.);
#1213=VECTOR('',#4256,10.);
#1214=VECTOR('',#4257,10.);
#1215=VECTOR('',#4262,10.);
#1216=VECTOR('',#4265,10.);
#1217=VECTOR('',#4266,10.);
#1218=VECTOR('',#4267,10.);
#1219=VECTOR('',#4268,10.);
#1220=VECTOR('',#4269,10.);
#1221=VECTOR('',#4272,10.);
#1222=VECTOR('',#4273,10.);
#1223=VECTOR('',#4276,10.);
#1224=VECTOR('',#4277,10.);
#1225=VECTOR('',#4282,10.);
#1226=VECTOR('',#4283,10.);
#1227=VECTOR('',#4294,10.);
#1228=VECTOR('',#4295,10.);
#1229=VECTOR('',#4296,10.);
#1230=VECTOR('',#4297,10.);
#1231=VECTOR('',#4300,10.);
#1232=VECTOR('',#4301,10.);
#1233=VECTOR('',#4302,10.);
#1234=VECTOR('',#4303,10.);
#1235=VECTOR('',#4308,10.);
#1236=VECTOR('',#4311,10.);
#1237=VECTOR('',#4314,10.);
#1238=VECTOR('',#4315,10.);
#1239=VECTOR('',#4316,10.);
#1240=VECTOR('',#4321,10.);
#1241=VECTOR('',#4326,10.);
#1242=VECTOR('',#4327,10.);
#1243=VECTOR('',#4328,10.);
#1244=VECTOR('',#4333,10.);
#1245=VECTOR('',#4338,10.);
#1246=VECTOR('',#4339,10.);
#1247=VECTOR('',#4340,10.);
#1248=VECTOR('',#4345,10.);
#1249=VECTOR('',#4348,10.);
#1250=VECTOR('',#4351,10.);
#1251=VECTOR('',#4352,10.);
#1252=VECTOR('',#4357,10.);
#1253=VECTOR('',#4362,10.);
#1254=VECTOR('',#4363,10.);
#1255=VECTOR('',#4364,10.);
#1256=VECTOR('',#4369,10.);
#1257=VECTOR('',#4372,10.);
#1258=VECTOR('',#4375,10.);
#1259=VECTOR('',#4376,10.);
#1260=VECTOR('',#4377,10.);
#1261=VECTOR('',#4388,10.);
#1262=VECTOR('',#4391,10.);
#1263=VECTOR('',#4394,10.);
#1264=VECTOR('',#4395,10.);
#1265=VECTOR('',#4400,10.);
#1266=VECTOR('',#4403,10.);
#1267=VECTOR('',#4406,10.);
#1268=VECTOR('',#4407,10.);
#1269=VECTOR('',#4412,10.);
#1270=VECTOR('',#4415,10.);
#1271=VECTOR('',#4418,10.);
#1272=VECTOR('',#4419,10.);
#1273=VECTOR('',#4420,10.);
#1274=VECTOR('',#4425,10.);
#1275=VECTOR('',#4430,10.);
#1276=VECTOR('',#4431,10.);
#1277=VECTOR('',#4432,10.);
#1278=VECTOR('',#4435,10.);
#1279=VECTOR('',#4436,10.);
#1280=VECTOR('',#4439,10.);
#1281=VECTOR('',#4440,10.);
#1282=VECTOR('',#4443,10.);
#1283=VECTOR('',#4444,10.);
#1284=VECTOR('',#4449,10.);
#1285=VECTOR('',#4452,10.);
#1286=VECTOR('',#4455,10.);
#1287=VECTOR('',#4456,10.);
#1288=VECTOR('',#4457,10.);
#1289=VECTOR('',#4462,10.);
#1290=VECTOR('',#4467,10.);
#1291=VECTOR('',#4468,10.);
#1292=VECTOR('',#4473,10.);
#1293=VECTOR('',#4476,10.);
#1294=VECTOR('',#4481,10.);
#1295=VECTOR('',#4484,10.);
#1296=VECTOR('',#4487,10.);
#1297=VECTOR('',#4488,10.);
#1298=VECTOR('',#4491,10.);
#1299=VECTOR('',#4492,10.);
#1300=VECTOR('',#4497,10.);
#1301=VECTOR('',#4500,10.);
#1302=VECTOR('',#4503,10.);
#1303=VECTOR('',#4504,10.);
#1304=VECTOR('',#4505,10.);
#1305=VECTOR('',#4510,10.);
#1306=VECTOR('',#4515,10.);
#1307=VECTOR('',#4516,10.);
#1308=VECTOR('',#4517,10.);
#1309=VECTOR('',#4522,10.);
#1310=VECTOR('',#4525,10.);
#1311=VECTOR('',#4528,10.);
#1312=VECTOR('',#4529,10.);
#1313=VECTOR('',#4534,10.);
#1314=VECTOR('',#4537,10.);
#1315=VECTOR('',#4540,10.);
#1316=VECTOR('',#4541,10.);
#1317=VECTOR('',#4542,10.);
#1318=VECTOR('',#4545,10.);
#1319=VECTOR('',#4546,10.);
#1320=VECTOR('',#4549,10.);
#1321=VECTOR('',#4550,10.);
#1322=VECTOR('',#4553,10.);
#1323=VECTOR('',#4554,10.);
#1324=VECTOR('',#4555,10.);
#1325=VECTOR('',#4558,10.);
#1326=VECTOR('',#4559,10.);
#1327=VECTOR('',#4560,10.);
#1328=VECTOR('',#4565,10.);
#1329=VECTOR('',#4568,10.);
#1330=VECTOR('',#4571,10.);
#1331=VECTOR('',#4572,10.);
#1332=VECTOR('',#4573,10.);
#1333=VECTOR('',#4576,10.);
#1334=VECTOR('',#4579,10.);
#1335=VECTOR('',#4582,10.);
#1336=VECTOR('',#4583,10.);
#1337=VECTOR('',#4586,10.);
#1338=VECTOR('',#4589,10.);
#1339=VECTOR('',#4590,10.);
#1340=VECTOR('',#4593,10.);
#1341=VECTOR('',#4596,10.);
#1342=VECTOR('',#4599,10.);
#1343=VECTOR('',#4602,10.);
#1344=VECTOR('',#4605,10.);
#1345=VECTOR('',#4612,10.);
#1346=VECTOR('',#4615,10.);
#1347=VECTOR('',#4616,10.);
#1348=VECTOR('',#4621,10.);
#1349=VECTOR('',#4624,10.);
#1350=VECTOR('',#4625,10.);
#1351=VECTOR('',#4630,10.);
#1352=VECTOR('',#4631,10.);
#1353=VECTOR('',#4634,10.);
#1354=VECTOR('',#4639,10.);
#1355=VECTOR('',#4642,10.);
#1356=VECTOR('',#4643,10.);
#1357=VECTOR('',#4648,10.);
#1358=VECTOR('',#4649,10.);
#1359=VECTOR('',#4652,10.);
#1360=VECTOR('',#4653,10.);
#1361=VECTOR('',#4662,10.);
#1362=VECTOR('',#4663,10.);
#1363=VECTOR('',#4666,10.);
#1364=VECTOR('',#4671,10.);
#1365=VECTOR('',#4672,10.);
#1366=VECTOR('',#4675,10.);
#1367=VECTOR('',#4680,10.);
#1368=VECTOR('',#4681,10.);
#1369=VECTOR('',#4684,10.);
#1370=VECTOR('',#4685,10.);
#1371=VECTOR('',#4690,10.);
#1372=VECTOR('',#4693,10.);
#1373=VECTOR('',#4694,10.);
#1374=VECTOR('',#4697,10.);
#1375=VECTOR('',#4700,10.);
#1376=VECTOR('',#4703,10.);
#1377=VERTEX_POINT('',#4708);
#1378=VERTEX_POINT('',#4709);
#1379=VERTEX_POINT('',#4711);
#1380=VERTEX_POINT('',#4713);
#1381=VERTEX_POINT('',#4726);
#1382=VERTEX_POINT('',#4732);
#1383=VERTEX_POINT('',#4749);
#1384=VERTEX_POINT('',#4755);
#1385=VERTEX_POINT('',#4772);
#1386=VERTEX_POINT('',#4778);
#1387=VERTEX_POINT('',#4795);
#1388=VERTEX_POINT('',#4801);
#1389=VERTEX_POINT('',#4818);
#1390=VERTEX_POINT('',#4824);
#1391=VERTEX_POINT('',#4841);
#1392=VERTEX_POINT('',#4847);
#1393=VERTEX_POINT('',#4855);
#1394=VERTEX_POINT('',#4857);
#1395=VERTEX_POINT('',#4861);
#1396=VERTEX_POINT('',#4863);
#1397=VERTEX_POINT('',#4867);
#1398=VERTEX_POINT('',#4869);
#1399=VERTEX_POINT('',#4873);
#1400=VERTEX_POINT('',#4875);
#1401=VERTEX_POINT('',#4879);
#1402=VERTEX_POINT('',#4881);
#1403=VERTEX_POINT('',#4894);
#1404=VERTEX_POINT('',#4900);
#1405=VERTEX_POINT('',#4917);
#1406=VERTEX_POINT('',#4923);
#1407=VERTEX_POINT('',#4940);
#1408=VERTEX_POINT('',#4946);
#1409=VERTEX_POINT('',#4963);
#1410=VERTEX_POINT('',#4969);
#1411=VERTEX_POINT('',#4986);
#1412=VERTEX_POINT('',#4992);
#1413=VERTEX_POINT('',#5021);
#1414=VERTEX_POINT('',#5022);
#1415=VERTEX_POINT('',#5024);
#1416=VERTEX_POINT('',#5026);
#1417=VERTEX_POINT('',#5030);
#1418=VERTEX_POINT('',#5032);
#1419=VERTEX_POINT('',#5036);
#1420=VERTEX_POINT('',#5038);
#1421=VERTEX_POINT('',#5051);
#1422=VERTEX_POINT('',#5057);
#1423=VERTEX_POINT('',#5074);
#1424=VERTEX_POINT('',#5080);
#1425=VERTEX_POINT('',#5097);
#1426=VERTEX_POINT('',#5103);
#1427=VERTEX_POINT('',#5120);
#1428=VERTEX_POINT('',#5126);
#1429=VERTEX_POINT('',#5143);
#1430=VERTEX_POINT('',#5149);
#1431=VERTEX_POINT('',#5166);
#1432=VERTEX_POINT('',#5172);
#1433=VERTEX_POINT('',#5189);
#1434=VERTEX_POINT('',#5195);
#1435=VERTEX_POINT('',#5203);
#1436=VERTEX_POINT('',#5205);
#1437=VERTEX_POINT('',#5218);
#1438=VERTEX_POINT('',#5224);
#1439=VERTEX_POINT('',#5241);
#1440=VERTEX_POINT('',#5247);
#1441=VERTEX_POINT('',#5264);
#1442=VERTEX_POINT('',#5270);
#1443=VERTEX_POINT('',#5287);
#1444=VERTEX_POINT('',#5293);
#1445=VERTEX_POINT('',#5310);
#1446=VERTEX_POINT('',#5316);
#1447=VERTEX_POINT('',#5333);
#1448=VERTEX_POINT('',#5339);
#1449=VERTEX_POINT('',#5356);
#1450=VERTEX_POINT('',#5362);
#1451=VERTEX_POINT('',#5370);
#1452=VERTEX_POINT('',#5372);
#1453=VERTEX_POINT('',#5380);
#1454=VERTEX_POINT('',#5381);
#1455=VERTEX_POINT('',#5383);
#1456=VERTEX_POINT('',#5385);
#1457=VERTEX_POINT('',#5389);
#1458=VERTEX_POINT('',#5390);
#1459=VERTEX_POINT('',#5392);
#1460=VERTEX_POINT('',#5394);
#1461=VERTEX_POINT('',#5399);
#1462=VERTEX_POINT('',#5401);
#1463=VERTEX_POINT('',#5405);
#1464=VERTEX_POINT('',#5407);
#1465=VERTEX_POINT('',#5412);
#1466=VERTEX_POINT('',#5414);
#1467=VERTEX_POINT('',#5418);
#1468=VERTEX_POINT('',#5420);
#1469=VERTEX_POINT('',#5424);
#1470=VERTEX_POINT('',#5425);
#1471=VERTEX_POINT('',#5427);
#1472=VERTEX_POINT('',#5429);
#1473=VERTEX_POINT('',#5433);
#1474=VERTEX_POINT('',#5435);
#1475=VERTEX_POINT('',#5437);
#1476=VERTEX_POINT('',#5439);
#1477=VERTEX_POINT('',#5443);
#1478=VERTEX_POINT('',#5444);
#1479=VERTEX_POINT('',#5446);
#1480=VERTEX_POINT('',#5448);
#1481=VERTEX_POINT('',#5452);
#1482=VERTEX_POINT('',#5453);
#1483=VERTEX_POINT('',#5455);
#1484=VERTEX_POINT('',#5457);
#1485=VERTEX_POINT('',#5461);
#1486=VERTEX_POINT('',#5462);
#1487=VERTEX_POINT('',#5464);
#1488=VERTEX_POINT('',#5466);
#1489=VERTEX_POINT('',#5473);
#1490=VERTEX_POINT('',#5474);
#1491=VERTEX_POINT('',#5476);
#1492=VERTEX_POINT('',#5478);
#1493=VERTEX_POINT('',#5482);
#1494=VERTEX_POINT('',#5484);
#1495=VERTEX_POINT('',#5488);
#1496=VERTEX_POINT('',#5489);
#1497=VERTEX_POINT('',#5491);
#1498=VERTEX_POINT('',#5496);
#1499=VERTEX_POINT('',#5500);
#1500=VERTEX_POINT('',#5502);
#1501=VERTEX_POINT('',#5504);
#1502=VERTEX_POINT('',#5508);
#1503=VERTEX_POINT('',#5512);
#1504=VERTEX_POINT('',#5514);
#1505=VERTEX_POINT('',#5516);
#1506=VERTEX_POINT('',#5523);
#1507=VERTEX_POINT('',#5525);
#1508=VERTEX_POINT('',#5532);
#1509=VERTEX_POINT('',#5533);
#1510=VERTEX_POINT('',#5535);
#1511=VERTEX_POINT('',#5537);
#1512=VERTEX_POINT('',#5541);
#1513=VERTEX_POINT('',#5543);
#1514=VERTEX_POINT('',#5545);
#1515=VERTEX_POINT('',#5552);
#1516=VERTEX_POINT('',#5553);
#1517=VERTEX_POINT('',#5555);
#1518=VERTEX_POINT('',#5557);
#1519=VERTEX_POINT('',#5566);
#1520=VERTEX_POINT('',#5567);
#1521=VERTEX_POINT('',#5569);
#1522=VERTEX_POINT('',#5571);
#1523=VERTEX_POINT('',#5575);
#1524=VERTEX_POINT('',#5576);
#1525=VERTEX_POINT('',#5579);
#1526=VERTEX_POINT('',#5581);
#1527=VERTEX_POINT('',#5585);
#1528=VERTEX_POINT('',#5587);
#1529=VERTEX_POINT('',#5590);
#1530=VERTEX_POINT('',#5594);
#1531=VERTEX_POINT('',#5600);
#1532=VERTEX_POINT('',#5602);
#1533=VERTEX_POINT('',#5606);
#1534=VERTEX_POINT('',#5611);
#1535=VERTEX_POINT('',#5617);
#1536=VERTEX_POINT('',#5619);
#1537=VERTEX_POINT('',#5621);
#1538=VERTEX_POINT('',#5623);
#1539=VERTEX_POINT('',#5625);
#1540=VERTEX_POINT('',#5627);
#1541=VERTEX_POINT('',#5629);
#1542=VERTEX_POINT('',#5631);
#1543=VERTEX_POINT('',#5633);
#1544=VERTEX_POINT('',#5635);
#1545=VERTEX_POINT('',#5637);
#1546=VERTEX_POINT('',#5639);
#1547=VERTEX_POINT('',#5643);
#1548=VERTEX_POINT('',#5644);
#1549=VERTEX_POINT('',#5646);
#1550=VERTEX_POINT('',#5648);
#1551=VERTEX_POINT('',#5652);
#1552=VERTEX_POINT('',#5654);
#1553=VERTEX_POINT('',#5656);
#1554=VERTEX_POINT('',#5658);
#1555=VERTEX_POINT('',#5662);
#1556=VERTEX_POINT('',#5664);
#1557=VERTEX_POINT('',#5666);
#1558=VERTEX_POINT('',#5668);
#1559=VERTEX_POINT('',#5670);
#1560=VERTEX_POINT('',#5674);
#1561=VERTEX_POINT('',#5676);
#1562=VERTEX_POINT('',#5678);
#1563=VERTEX_POINT('',#5680);
#1564=VERTEX_POINT('',#5684);
#1565=VERTEX_POINT('',#5686);
#1566=VERTEX_POINT('',#5692);
#1567=VERTEX_POINT('',#5693);
#1568=VERTEX_POINT('',#5700);
#1569=VERTEX_POINT('',#5701);
#1570=VERTEX_POINT('',#5711);
#1571=VERTEX_POINT('',#5712);
#1572=VERTEX_POINT('',#5714);
#1573=VERTEX_POINT('',#5716);
#1574=VERTEX_POINT('',#5723);
#1575=VERTEX_POINT('',#5728);
#1576=VERTEX_POINT('',#5732);
#1577=VERTEX_POINT('',#5734);
#1578=VERTEX_POINT('',#5738);
#1579=VERTEX_POINT('',#5749);
#1580=VERTEX_POINT('',#5751);
#1581=VERTEX_POINT('',#5758);
#1582=VERTEX_POINT('',#5760);
#1583=VERTEX_POINT('',#5762);
#1584=VERTEX_POINT('',#5764);
#1585=VERTEX_POINT('',#5782);
#1586=VERTEX_POINT('',#5783);
#1587=VERTEX_POINT('',#5785);
#1588=VERTEX_POINT('',#5787);
#1589=VERTEX_POINT('',#5791);
#1590=VERTEX_POINT('',#5792);
#1591=VERTEX_POINT('',#5794);
#1592=VERTEX_POINT('',#5796);
#1593=VERTEX_POINT('',#5800);
#1594=VERTEX_POINT('',#5801);
#1595=VERTEX_POINT('',#5803);
#1596=VERTEX_POINT('',#5805);
#1597=VERTEX_POINT('',#5809);
#1598=VERTEX_POINT('',#5811);
#1599=VERTEX_POINT('',#5815);
#1600=VERTEX_POINT('',#5817);
#1601=VERTEX_POINT('',#5821);
#1602=VERTEX_POINT('',#5823);
#1603=VERTEX_POINT('',#5827);
#1604=VERTEX_POINT('',#5829);
#1605=VERTEX_POINT('',#5833);
#1606=VERTEX_POINT('',#5835);
#1607=VERTEX_POINT('',#5839);
#1608=VERTEX_POINT('',#5840);
#1609=VERTEX_POINT('',#5842);
#1610=VERTEX_POINT('',#5844);
#1611=VERTEX_POINT('',#5851);
#1612=VERTEX_POINT('',#5853);
#1613=VERTEX_POINT('',#5857);
#1614=VERTEX_POINT('',#5859);
#1615=VERTEX_POINT('',#5863);
#1616=VERTEX_POINT('',#5864);
#1617=VERTEX_POINT('',#5866);
#1618=VERTEX_POINT('',#5868);
#1619=VERTEX_POINT('',#5872);
#1620=VERTEX_POINT('',#5874);
#1621=VERTEX_POINT('',#5881);
#1622=VERTEX_POINT('',#5882);
#1623=VERTEX_POINT('',#5884);
#1624=VERTEX_POINT('',#5886);
#1625=VERTEX_POINT('',#5893);
#1626=VERTEX_POINT('',#5894);
#1627=VERTEX_POINT('',#5896);
#1628=VERTEX_POINT('',#5898);
#1629=VERTEX_POINT('',#5905);
#1630=VERTEX_POINT('',#5906);
#1631=VERTEX_POINT('',#5908);
#1632=VERTEX_POINT('',#5910);
#1633=VERTEX_POINT('',#5914);
#1634=VERTEX_POINT('',#5916);
#1635=VERTEX_POINT('',#5920);
#1636=VERTEX_POINT('',#5922);
#1637=VERTEX_POINT('',#5926);
#1638=VERTEX_POINT('',#5928);
#1639=VERTEX_POINT('',#5941);
#1640=VERTEX_POINT('',#5942);
#1641=VERTEX_POINT('',#5944);
#1642=VERTEX_POINT('',#5946);
#1643=VERTEX_POINT('',#5950);
#1644=VERTEX_POINT('',#5952);
#1645=VERTEX_POINT('',#5956);
#1646=VERTEX_POINT('',#5958);
#1647=VERTEX_POINT('',#5965);
#1648=VERTEX_POINT('',#5966);
#1649=VERTEX_POINT('',#5968);
#1650=VERTEX_POINT('',#5970);
#1651=VERTEX_POINT('',#5974);
#1652=VERTEX_POINT('',#5975);
#1653=VERTEX_POINT('',#5977);
#1654=VERTEX_POINT('',#5979);
#1655=VERTEX_POINT('',#5989);
#1656=VERTEX_POINT('',#5990);
#1657=VERTEX_POINT('',#5992);
#1658=VERTEX_POINT('',#5994);
#1659=VERTEX_POINT('',#5998);
#1660=VERTEX_POINT('',#6000);
#1661=VERTEX_POINT('',#6004);
#1662=VERTEX_POINT('',#6006);
#1663=VERTEX_POINT('',#6010);
#1664=VERTEX_POINT('',#6012);
#1665=VERTEX_POINT('',#6016);
#1666=VERTEX_POINT('',#6017);
#1667=VERTEX_POINT('',#6019);
#1668=VERTEX_POINT('',#6021);
#1669=VERTEX_POINT('',#6028);
#1670=VERTEX_POINT('',#6029);
#1671=VERTEX_POINT('',#6031);
#1672=VERTEX_POINT('',#6033);
#1673=VERTEX_POINT('',#6037);
#1674=VERTEX_POINT('',#6039);
#1675=VERTEX_POINT('',#6049);
#1676=VERTEX_POINT('',#6051);
#1677=VERTEX_POINT('',#6055);
#1678=VERTEX_POINT('',#6057);
#1679=VERTEX_POINT('',#6061);
#1680=VERTEX_POINT('',#6062);
#1681=VERTEX_POINT('',#6064);
#1682=VERTEX_POINT('',#6066);
#1683=VERTEX_POINT('',#6070);
#1684=VERTEX_POINT('',#6072);
#1685=VERTEX_POINT('',#6076);
#1686=VERTEX_POINT('',#6078);
#1687=VERTEX_POINT('',#6080);
#1688=VERTEX_POINT('',#6082);
#1689=VERTEX_POINT('',#6084);
#1690=VERTEX_POINT('',#6086);
#1691=VERTEX_POINT('',#6088);
#1692=VERTEX_POINT('',#6090);
#1693=VERTEX_POINT('',#6092);
#1694=VERTEX_POINT('',#6094);
#1695=VERTEX_POINT('',#6096);
#1696=VERTEX_POINT('',#6099);
#1697=VERTEX_POINT('',#6101);
#1698=VERTEX_POINT('',#6103);
#1699=VERTEX_POINT('',#6105);
#1700=VERTEX_POINT('',#6107);
#1701=VERTEX_POINT('',#6109);
#1702=VERTEX_POINT('',#6111);
#1703=VERTEX_POINT('',#6113);
#1704=VERTEX_POINT('',#6115);
#1705=VERTEX_POINT('',#6119);
#1706=VERTEX_POINT('',#6123);
#1707=VERTEX_POINT('',#6127);
#1708=VERTEX_POINT('',#6131);
#1709=VERTEX_POINT('',#6135);
#1710=VERTEX_POINT('',#6136);
#1711=VERTEX_POINT('',#6143);
#1712=VERTEX_POINT('',#6147);
#1713=VERTEX_POINT('',#6151);
#1714=VERTEX_POINT('',#6152);
#1715=VERTEX_POINT('',#6157);
#1716=VERTEX_POINT('',#6163);
#1717=VERTEX_POINT('',#6164);
#1718=VERTEX_POINT('',#6171);
#1719=VERTEX_POINT('',#6172);
#1720=VERTEX_POINT('',#6179);
#1721=VERTEX_POINT('',#6180);
#1722=VERTEX_POINT('',#6185);
#1723=VERTEX_POINT('',#6189);
#1724=VERTEX_POINT('',#6193);
#1725=EDGE_CURVE('',#1377,#1378,#585,.T.);
#1726=EDGE_CURVE('',#1377,#1379,#586,.T.);
#1727=EDGE_CURVE('',#1380,#1379,#587,.T.);
#1728=EDGE_CURVE('',#1378,#1380,#588,.T.);
#1729=EDGE_CURVE('',#1378,#1381,#137,.T.);
#1730=EDGE_CURVE('',#1382,#1380,#138,.T.);
#1731=EDGE_CURVE('',#1381,#1382,#589,.T.);
#1732=EDGE_CURVE('',#1381,#1383,#139,.T.);
#1733=EDGE_CURVE('',#1384,#1382,#140,.T.);
#1734=EDGE_CURVE('',#1383,#1384,#590,.T.);
#1735=EDGE_CURVE('',#1383,#1385,#141,.T.);
#1736=EDGE_CURVE('',#1386,#1384,#142,.T.);
#1737=EDGE_CURVE('',#1385,#1386,#591,.T.);
#1738=EDGE_CURVE('',#1385,#1387,#143,.T.);
#1739=EDGE_CURVE('',#1388,#1386,#144,.T.);
#1740=EDGE_CURVE('',#1387,#1388,#592,.T.);
#1741=EDGE_CURVE('',#1387,#1389,#145,.T.);
#1742=EDGE_CURVE('',#1390,#1388,#146,.T.);
#1743=EDGE_CURVE('',#1389,#1390,#593,.T.);
#1744=EDGE_CURVE('',#1389,#1391,#147,.T.);
#1745=EDGE_CURVE('',#1392,#1390,#148,.T.);
#1746=EDGE_CURVE('',#1391,#1392,#594,.T.);
#1747=EDGE_CURVE('',#1391,#1393,#595,.T.);
#1748=EDGE_CURVE('',#1394,#1392,#596,.T.);
#1749=EDGE_CURVE('',#1393,#1394,#597,.T.);
#1750=EDGE_CURVE('',#1393,#1395,#598,.T.);
#1751=EDGE_CURVE('',#1396,#1394,#599,.T.);
#1752=EDGE_CURVE('',#1395,#1396,#600,.T.);
#1753=EDGE_CURVE('',#1395,#1397,#601,.T.);
#1754=EDGE_CURVE('',#1398,#1396,#602,.T.);
#1755=EDGE_CURVE('',#1397,#1398,#603,.T.);
#1756=EDGE_CURVE('',#1397,#1399,#604,.T.);
#1757=EDGE_CURVE('',#1400,#1398,#605,.T.);
#1758=EDGE_CURVE('',#1399,#1400,#606,.T.);
#1759=EDGE_CURVE('',#1399,#1401,#607,.T.);
#1760=EDGE_CURVE('',#1402,#1400,#608,.T.);
#1761=EDGE_CURVE('',#1401,#1402,#609,.T.);
#1762=EDGE_CURVE('',#1401,#1403,#149,.T.);
#1763=EDGE_CURVE('',#1404,#1402,#150,.T.);
#1764=EDGE_CURVE('',#1403,#1404,#610,.T.);
#1765=EDGE_CURVE('',#1403,#1405,#151,.T.);
#1766=EDGE_CURVE('',#1406,#1404,#152,.T.);
#1767=EDGE_CURVE('',#1405,#1406,#611,.T.);
#1768=EDGE_CURVE('',#1405,#1407,#153,.T.);
#1769=EDGE_CURVE('',#1408,#1406,#154,.T.);
#1770=EDGE_CURVE('',#1407,#1408,#612,.T.);
#1771=EDGE_CURVE('',#1407,#1409,#155,.T.);
#1772=EDGE_CURVE('',#1410,#1408,#156,.T.);
#1773=EDGE_CURVE('',#1409,#1410,#613,.T.);
#1774=EDGE_CURVE('',#1409,#1411,#157,.T.);
#1775=EDGE_CURVE('',#1412,#1410,#158,.T.);
#1776=EDGE_CURVE('',#1411,#1412,#614,.T.);
#1777=EDGE_CURVE('',#1411,#1377,#159,.T.);
#1778=EDGE_CURVE('',#1379,#1412,#160,.T.);
#1779=EDGE_CURVE('',#1413,#1414,#615,.T.);
#1780=EDGE_CURVE('',#1413,#1415,#616,.T.);
#1781=EDGE_CURVE('',#1416,#1415,#617,.T.);
#1782=EDGE_CURVE('',#1414,#1416,#618,.T.);
#1783=EDGE_CURVE('',#1414,#1417,#619,.T.);
#1784=EDGE_CURVE('',#1418,#1416,#620,.T.);
#1785=EDGE_CURVE('',#1417,#1418,#621,.T.);
#1786=EDGE_CURVE('',#1417,#1419,#622,.T.);
#1787=EDGE_CURVE('',#1420,#1418,#623,.T.);
#1788=EDGE_CURVE('',#1419,#1420,#624,.T.);
#1789=EDGE_CURVE('',#1419,#1421,#161,.T.);
#1790=EDGE_CURVE('',#1422,#1420,#162,.T.);
#1791=EDGE_CURVE('',#1421,#1422,#625,.T.);
#1792=EDGE_CURVE('',#1421,#1423,#163,.T.);
#1793=EDGE_CURVE('',#1424,#1422,#164,.T.);
#1794=EDGE_CURVE('',#1423,#1424,#626,.T.);
#1795=EDGE_CURVE('',#1423,#1425,#165,.T.);
#1796=EDGE_CURVE('',#1426,#1424,#166,.T.);
#1797=EDGE_CURVE('',#1425,#1426,#627,.T.);
#1798=EDGE_CURVE('',#1425,#1427,#167,.T.);
#1799=EDGE_CURVE('',#1428,#1426,#168,.T.);
#1800=EDGE_CURVE('',#1427,#1428,#628,.T.);
#1801=EDGE_CURVE('',#1427,#1429,#169,.T.);
#1802=EDGE_CURVE('',#1430,#1428,#170,.T.);
#1803=EDGE_CURVE('',#1429,#1430,#629,.T.);
#1804=EDGE_CURVE('',#1429,#1431,#171,.T.);
#1805=EDGE_CURVE('',#1432,#1430,#172,.T.);
#1806=EDGE_CURVE('',#1431,#1432,#630,.T.);
#1807=EDGE_CURVE('',#1431,#1433,#173,.T.);
#1808=EDGE_CURVE('',#1434,#1432,#174,.T.);
#1809=EDGE_CURVE('',#1433,#1434,#631,.T.);
#1810=EDGE_CURVE('',#1433,#1435,#632,.T.);
#1811=EDGE_CURVE('',#1436,#1434,#633,.T.);
#1812=EDGE_CURVE('',#1435,#1436,#634,.T.);
#1813=EDGE_CURVE('',#1435,#1437,#175,.T.);
#1814=EDGE_CURVE('',#1438,#1436,#176,.T.);
#1815=EDGE_CURVE('',#1437,#1438,#635,.T.);
#1816=EDGE_CURVE('',#1437,#1439,#177,.T.);
#1817=EDGE_CURVE('',#1440,#1438,#178,.T.);
#1818=EDGE_CURVE('',#1439,#1440,#636,.T.);
#1819=EDGE_CURVE('',#1439,#1441,#179,.T.);
#1820=EDGE_CURVE('',#1442,#1440,#180,.T.);
#1821=EDGE_CURVE('',#1441,#1442,#637,.T.);
#1822=EDGE_CURVE('',#1441,#1443,#181,.T.);
#1823=EDGE_CURVE('',#1444,#1442,#182,.T.);
#1824=EDGE_CURVE('',#1443,#1444,#638,.T.);
#1825=EDGE_CURVE('',#1443,#1445,#183,.T.);
#1826=EDGE_CURVE('',#1446,#1444,#184,.T.);
#1827=EDGE_CURVE('',#1445,#1446,#639,.T.);
#1828=EDGE_CURVE('',#1445,#1447,#185,.T.);
#1829=EDGE_CURVE('',#1448,#1446,#186,.T.);
#1830=EDGE_CURVE('',#1447,#1448,#640,.T.);
#1831=EDGE_CURVE('',#1447,#1449,#187,.T.);
#1832=EDGE_CURVE('',#1450,#1448,#188,.T.);
#1833=EDGE_CURVE('',#1449,#1450,#641,.T.);
#1834=EDGE_CURVE('',#1449,#1451,#642,.T.);
#1835=EDGE_CURVE('',#1452,#1450,#643,.T.);
#1836=EDGE_CURVE('',#1451,#1452,#644,.T.);
#1837=EDGE_CURVE('',#1451,#1413,#645,.T.);
#1838=EDGE_CURVE('',#1415,#1452,#646,.T.);
#1839=EDGE_CURVE('',#1453,#1454,#647,.T.);
#1840=EDGE_CURVE('',#1455,#1454,#648,.T.);
#1841=EDGE_CURVE('',#1455,#1456,#649,.T.);
#1842=EDGE_CURVE('',#1456,#1453,#650,.T.);
#1843=EDGE_CURVE('',#1457,#1458,#651,.T.);
#1844=EDGE_CURVE('',#1457,#1459,#652,.T.);
#1845=EDGE_CURVE('',#1459,#1460,#653,.T.);
#1846=EDGE_CURVE('',#1453,#1460,#654,.T.);
#1847=EDGE_CURVE('',#1456,#1458,#655,.T.);
#1848=EDGE_CURVE('',#1460,#1461,#656,.T.);
#1849=EDGE_CURVE('',#1459,#1462,#657,.T.);
#1850=EDGE_CURVE('',#1462,#1461,#658,.T.);
#1851=EDGE_CURVE('',#1458,#1463,#659,.T.);
#1852=EDGE_CURVE('',#1463,#1464,#660,.T.);
#1853=EDGE_CURVE('',#1464,#1457,#661,.T.);
#1854=EDGE_CURVE('',#1463,#1455,#662,.T.);
#1855=EDGE_CURVE('',#1465,#1454,#663,.T.);
#1856=EDGE_CURVE('',#1466,#1465,#664,.T.);
#1857=EDGE_CURVE('',#1466,#1464,#665,.T.);
#1858=EDGE_CURVE('',#1467,#1465,#666,.T.);
#1859=EDGE_CURVE('',#1468,#1467,#667,.T.);
#1860=EDGE_CURVE('',#1468,#1466,#668,.T.);
#1861=EDGE_CURVE('',#1469,#1470,#23,.T.);
#1862=EDGE_CURVE('',#1471,#1469,#669,.T.);
#1863=EDGE_CURVE('',#1472,#1471,#24,.T.);
#1864=EDGE_CURVE('',#1470,#1472,#670,.T.);
#1865=EDGE_CURVE('',#1469,#1473,#671,.T.);
#1866=EDGE_CURVE('',#1473,#1474,#672,.T.);
#1867=EDGE_CURVE('',#1475,#1474,#673,.T.);
#1868=EDGE_CURVE('',#1476,#1475,#674,.T.);
#1869=EDGE_CURVE('',#1476,#1471,#675,.T.);
#1870=EDGE_CURVE('',#1477,#1478,#25,.T.);
#1871=EDGE_CURVE('',#1479,#1477,#676,.T.);
#1872=EDGE_CURVE('',#1480,#1479,#26,.T.);
#1873=EDGE_CURVE('',#1478,#1480,#677,.T.);
#1874=EDGE_CURVE('',#1481,#1482,#27,.T.);
#1875=EDGE_CURVE('',#1483,#1482,#678,.T.);
#1876=EDGE_CURVE('',#1484,#1483,#28,.T.);
#1877=EDGE_CURVE('',#1481,#1484,#679,.T.);
#1878=EDGE_CURVE('',#1485,#1486,#29,.T.);
#1879=EDGE_CURVE('',#1487,#1486,#680,.T.);
#1880=EDGE_CURVE('',#1488,#1487,#30,.T.);
#1881=EDGE_CURVE('',#1485,#1488,#681,.T.);
#1882=EDGE_CURVE('',#1484,#1487,#682,.T.);
#1883=EDGE_CURVE('',#1481,#1486,#683,.T.);
#1884=EDGE_CURVE('',#1489,#1490,#684,.T.);
#1885=EDGE_CURVE('',#1490,#1491,#685,.T.);
#1886=EDGE_CURVE('',#1491,#1492,#686,.T.);
#1887=EDGE_CURVE('',#1492,#1489,#687,.T.);
#1888=EDGE_CURVE('',#1493,#1489,#688,.T.);
#1889=EDGE_CURVE('',#1492,#1494,#689,.T.);
#1890=EDGE_CURVE('',#1494,#1493,#690,.T.);
#1891=EDGE_CURVE('',#1495,#1496,#691,.T.);
#1892=EDGE_CURVE('',#1496,#1497,#692,.T.);
#1893=EDGE_CURVE('',#1475,#1497,#693,.T.);
#1894=EDGE_CURVE('',#1475,#1495,#694,.T.);
#1895=EDGE_CURVE('',#1498,#1495,#695,.T.);
#1896=EDGE_CURVE('',#1474,#1498,#696,.T.);
#1897=EDGE_CURVE('',#1493,#1499,#697,.T.);
#1898=EDGE_CURVE('',#1499,#1500,#698,.T.);
#1899=EDGE_CURVE('',#1501,#1500,#699,.T.);
#1900=EDGE_CURVE('',#1501,#1490,#700,.T.);
#1901=EDGE_CURVE('',#1501,#1502,#701,.T.);
#1902=EDGE_CURVE('',#1491,#1502,#702,.T.);
#1903=EDGE_CURVE('',#1503,#1494,#703,.T.);
#1904=EDGE_CURVE('',#1504,#1492,#704,.T.);
#1905=EDGE_CURVE('',#1504,#1505,#705,.T.);
#1906=EDGE_CURVE('',#1505,#1503,#706,.T.);
#1907=EDGE_CURVE('',#1477,#1504,#707,.T.);
#1908=EDGE_CURVE('',#1502,#1479,#708,.T.);
#1909=EDGE_CURVE('',#1497,#1506,#709,.T.);
#1910=EDGE_CURVE('',#1506,#1507,#710,.T.);
#1911=EDGE_CURVE('',#1507,#1476,#711,.T.);
#1912=EDGE_CURVE('',#1507,#1505,#712,.T.);
#1913=EDGE_CURVE('',#1506,#1503,#713,.T.);
#1914=EDGE_CURVE('',#1508,#1509,#714,.T.);
#1915=EDGE_CURVE('',#1508,#1510,#715,.T.);
#1916=EDGE_CURVE('',#1510,#1511,#716,.T.);
#1917=EDGE_CURVE('',#1511,#1509,#717,.T.);
#1918=EDGE_CURVE('',#1498,#1512,#718,.T.);
#1919=EDGE_CURVE('',#1513,#1512,#719,.T.);
#1920=EDGE_CURVE('',#1514,#1513,#720,.T.);
#1921=EDGE_CURVE('',#1514,#1496,#721,.T.);
#1922=EDGE_CURVE('',#1509,#1513,#722,.T.);
#1923=EDGE_CURVE('',#1511,#1514,#723,.T.);
#1924=EDGE_CURVE('',#1515,#1516,#724,.T.);
#1925=EDGE_CURVE('',#1517,#1515,#725,.T.);
#1926=EDGE_CURVE('',#1517,#1518,#726,.T.);
#1927=EDGE_CURVE('',#1518,#1516,#727,.T.);
#1928=EDGE_CURVE('',#1500,#1515,#728,.T.);
#1929=EDGE_CURVE('',#1499,#1517,#729,.T.);
#1930=EDGE_CURVE('',#1473,#1512,#730,.T.);
#1931=EDGE_CURVE('',#1519,#1520,#731,.T.);
#1932=EDGE_CURVE('',#1521,#1519,#732,.T.);
#1933=EDGE_CURVE('',#1522,#1521,#733,.T.);
#1934=EDGE_CURVE('',#1522,#1520,#734,.T.);
#1935=EDGE_CURVE('',#1523,#1524,#735,.T.);
#1936=EDGE_CURVE('',#1521,#1524,#736,.T.);
#1937=EDGE_CURVE('',#1519,#1525,#737,.T.);
#1938=EDGE_CURVE('',#1526,#1525,#738,.T.);
#1939=EDGE_CURVE('',#1523,#1526,#739,.T.);
#1940=EDGE_CURVE('',#1527,#1520,#740,.T.);
#1941=EDGE_CURVE('',#1528,#1527,#741,.T.);
#1942=EDGE_CURVE('',#1467,#1528,#742,.T.);
#1943=EDGE_CURVE('',#1461,#1529,#743,.T.);
#1944=EDGE_CURVE('',#1525,#1529,#744,.T.);
#1945=EDGE_CURVE('',#1462,#1530,#745,.T.);
#1946=EDGE_CURVE('',#1530,#1529,#746,.T.);
#1947=EDGE_CURVE('',#1526,#1530,#747,.T.);
#1948=EDGE_CURVE('',#1531,#1523,#748,.T.);
#1949=EDGE_CURVE('',#1532,#1531,#749,.T.);
#1950=EDGE_CURVE('',#1524,#1532,#750,.T.);
#1951=EDGE_CURVE('',#1533,#1531,#751,.T.);
#1952=EDGE_CURVE('',#1533,#1527,#752,.T.);
#1953=EDGE_CURVE('',#1532,#1522,#753,.T.);
#1954=EDGE_CURVE('',#1534,#1533,#754,.T.);
#1955=EDGE_CURVE('',#1534,#1528,#755,.T.);
#1956=EDGE_CURVE('',#1468,#1534,#756,.T.);
#1957=EDGE_CURVE('',#1535,#1518,#757,.T.);
#1958=EDGE_CURVE('',#1536,#1510,#758,.T.);
#1959=EDGE_CURVE('',#1536,#1537,#759,.T.);
#1960=EDGE_CURVE('',#1537,#1538,#760,.T.);
#1961=EDGE_CURVE('',#1538,#1539,#761,.T.);
#1962=EDGE_CURVE('',#1539,#1540,#762,.T.);
#1963=EDGE_CURVE('',#1540,#1541,#763,.T.);
#1964=EDGE_CURVE('',#1541,#1542,#764,.T.);
#1965=EDGE_CURVE('',#1542,#1543,#765,.T.);
#1966=EDGE_CURVE('',#1543,#1544,#766,.T.);
#1967=EDGE_CURVE('',#1544,#1545,#767,.T.);
#1968=EDGE_CURVE('',#1545,#1546,#768,.T.);
#1969=EDGE_CURVE('',#1546,#1535,#769,.T.);
#1970=EDGE_CURVE('',#1547,#1548,#31,.T.);
#1971=EDGE_CURVE('',#1548,#1549,#770,.T.);
#1972=EDGE_CURVE('',#1549,#1550,#32,.T.);
#1973=EDGE_CURVE('',#1550,#1547,#771,.T.);
#1974=EDGE_CURVE('',#1551,#1550,#772,.T.);
#1975=EDGE_CURVE('',#1551,#1552,#773,.T.);
#1976=EDGE_CURVE('',#1552,#1553,#774,.T.);
#1977=EDGE_CURVE('',#1554,#1553,#775,.T.);
#1978=EDGE_CURVE('',#1547,#1554,#776,.T.);
#1979=EDGE_CURVE('',#1555,#1478,#777,.T.);
#1980=EDGE_CURVE('',#1556,#1555,#33,.T.);
#1981=EDGE_CURVE('',#1556,#1557,#778,.T.);
#1982=EDGE_CURVE('',#1557,#1558,#779,.T.);
#1983=EDGE_CURVE('',#1559,#1558,#780,.T.);
#1984=EDGE_CURVE('',#1559,#1551,#781,.T.);
#1985=EDGE_CURVE('',#1472,#1549,#782,.T.);
#1986=EDGE_CURVE('',#1488,#1560,#783,.T.);
#1987=EDGE_CURVE('',#1483,#1561,#784,.T.);
#1988=EDGE_CURVE('',#1562,#1561,#34,.T.);
#1989=EDGE_CURVE('',#1562,#1563,#785,.T.);
#1990=EDGE_CURVE('',#1560,#1563,#35,.T.);
#1991=EDGE_CURVE('',#1555,#1564,#786,.T.);
#1992=EDGE_CURVE('',#1564,#1565,#36,.T.);
#1993=EDGE_CURVE('',#1565,#1556,#787,.T.);
#1994=EDGE_CURVE('',#1564,#1480,#788,.T.);
#1995=EDGE_CURVE('',#1566,#1567,#37,.T.);
#1996=EDGE_CURVE('',#1566,#1562,#789,.T.);
#1997=EDGE_CURVE('',#1561,#1567,#790,.T.);
#1998=EDGE_CURVE('',#1482,#1567,#791,.T.);
#1999=EDGE_CURVE('',#1568,#1569,#38,.T.);
#2000=EDGE_CURVE('',#1568,#1560,#792,.T.);
#2001=EDGE_CURVE('',#1563,#1569,#793,.T.);
#2002=EDGE_CURVE('',#1566,#1569,#794,.T.);
#2003=EDGE_CURVE('',#1485,#1568,#795,.T.);
#2004=EDGE_CURVE('',#1570,#1571,#796,.T.);
#2005=EDGE_CURVE('',#1572,#1570,#797,.T.);
#2006=EDGE_CURVE('',#1573,#1572,#798,.T.);
#2007=EDGE_CURVE('',#1571,#1573,#799,.T.);
#2008=EDGE_CURVE('',#1544,#1570,#800,.T.);
#2009=EDGE_CURVE('',#1572,#1543,#801,.T.);
#2010=EDGE_CURVE('',#1574,#1539,#802,.T.);
#2011=EDGE_CURVE('',#1552,#1574,#803,.T.);
#2012=EDGE_CURVE('',#1552,#1540,#804,.T.);
#2013=EDGE_CURVE('',#1575,#1574,#805,.T.);
#2014=EDGE_CURVE('',#1553,#1575,#806,.T.);
#2015=EDGE_CURVE('',#1576,#1571,#807,.T.);
#2016=EDGE_CURVE('',#1576,#1577,#808,.T.);
#2017=EDGE_CURVE('',#1545,#1577,#809,.T.);
#2018=EDGE_CURVE('',#1573,#1578,#810,.T.);
#2019=EDGE_CURVE('',#1576,#1578,#811,.T.);
#2020=EDGE_CURVE('',#1558,#1542,#812,.T.);
#2021=EDGE_CURVE('',#1557,#1572,#813,.T.);
#2022=EDGE_CURVE('',#1578,#1565,#814,.T.);
#2023=EDGE_CURVE('',#1541,#1559,#815,.T.);
#2024=EDGE_CURVE('',#1579,#1516,#816,.T.);
#2025=EDGE_CURVE('',#1580,#1579,#817,.T.);
#2026=EDGE_CURVE('',#1577,#1580,#818,.T.);
#2027=EDGE_CURVE('',#1470,#1548,#819,.T.);
#2028=EDGE_CURVE('',#1554,#1581,#820,.T.);
#2029=EDGE_CURVE('',#1582,#1581,#821,.T.);
#2030=EDGE_CURVE('',#1583,#1582,#822,.T.);
#2031=EDGE_CURVE('',#1584,#1583,#823,.T.);
#2032=EDGE_CURVE('',#1584,#1508,#824,.T.);
#2033=EDGE_CURVE('',#1537,#1583,#825,.T.);
#2034=EDGE_CURVE('',#1584,#1536,#826,.T.);
#2035=EDGE_CURVE('',#1538,#1582,#827,.T.);
#2036=EDGE_CURVE('',#1575,#1581,#828,.T.);
#2037=EDGE_CURVE('',#1535,#1579,#829,.T.);
#2038=EDGE_CURVE('',#1546,#1580,#830,.T.);
#2039=EDGE_CURVE('',#1585,#1586,#831,.T.);
#2040=EDGE_CURVE('',#1585,#1587,#832,.T.);
#2041=EDGE_CURVE('',#1587,#1588,#833,.T.);
#2042=EDGE_CURVE('',#1588,#1586,#834,.T.);
#2043=EDGE_CURVE('',#1589,#1590,#835,.T.);
#2044=EDGE_CURVE('',#1590,#1591,#836,.T.);
#2045=EDGE_CURVE('',#1591,#1592,#837,.T.);
#2046=EDGE_CURVE('',#1592,#1589,#838,.T.);
#2047=EDGE_CURVE('',#1593,#1594,#39,.T.);
#2048=EDGE_CURVE('',#1595,#1593,#839,.T.);
#2049=EDGE_CURVE('',#1596,#1595,#40,.T.);
#2050=EDGE_CURVE('',#1594,#1596,#840,.T.);
#2051=EDGE_CURVE('',#1593,#1597,#841,.T.);
#2052=EDGE_CURVE('',#1597,#1598,#842,.T.);
#2053=EDGE_CURVE('',#1595,#1598,#843,.T.);
#2054=EDGE_CURVE('',#1599,#1597,#41,.T.);
#2055=EDGE_CURVE('',#1600,#1599,#844,.T.);
#2056=EDGE_CURVE('',#1598,#1600,#42,.T.);
#2057=EDGE_CURVE('',#1599,#1601,#845,.T.);
#2058=EDGE_CURVE('',#1601,#1602,#846,.T.);
#2059=EDGE_CURVE('',#1600,#1602,#847,.T.);
#2060=EDGE_CURVE('',#1603,#1601,#43,.T.);
#2061=EDGE_CURVE('',#1604,#1603,#848,.T.);
#2062=EDGE_CURVE('',#1602,#1604,#44,.T.);
#2063=EDGE_CURVE('',#1603,#1605,#849,.T.);
#2064=EDGE_CURVE('',#1605,#1606,#850,.T.);
#2065=EDGE_CURVE('',#1604,#1606,#851,.T.);
#2066=EDGE_CURVE('',#1607,#1608,#45,.T.);
#2067=EDGE_CURVE('',#1609,#1607,#852,.T.);
#2068=EDGE_CURVE('',#1610,#1609,#46,.T.);
#2069=EDGE_CURVE('',#1608,#1610,#853,.T.);
#2070=EDGE_CURVE('',#1596,#1609,#854,.T.);
#2071=EDGE_CURVE('',#1607,#1594,#855,.T.);
#2072=EDGE_CURVE('',#1611,#1587,#47,.T.);
#2073=EDGE_CURVE('',#1612,#1611,#856,.T.);
#2074=EDGE_CURVE('',#1588,#1612,#48,.T.);
#2075=EDGE_CURVE('',#1611,#1613,#857,.T.);
#2076=EDGE_CURVE('',#1614,#1613,#858,.T.);
#2077=EDGE_CURVE('',#1614,#1612,#859,.T.);
#2078=EDGE_CURVE('',#1615,#1616,#49,.T.);
#2079=EDGE_CURVE('',#1617,#1615,#860,.T.);
#2080=EDGE_CURVE('',#1618,#1617,#50,.T.);
#2081=EDGE_CURVE('',#1616,#1618,#861,.T.);
#2082=EDGE_CURVE('',#1619,#1618,#862,.T.);
#2083=EDGE_CURVE('',#1619,#1620,#863,.T.);
#2084=EDGE_CURVE('',#1620,#1616,#864,.T.);
#2085=EDGE_CURVE('',#1606,#1619,#51,.T.);
#2086=EDGE_CURVE('',#1620,#1605,#52,.T.);
#2087=EDGE_CURVE('',#1621,#1622,#53,.T.);
#2088=EDGE_CURVE('',#1623,#1621,#865,.T.);
#2089=EDGE_CURVE('',#1624,#1623,#54,.T.);
#2090=EDGE_CURVE('',#1622,#1624,#866,.T.);
#2091=EDGE_CURVE('',#1621,#1592,#867,.T.);
#2092=EDGE_CURVE('',#1591,#1623,#868,.T.);
#2093=EDGE_CURVE('',#1625,#1626,#55,.T.);
#2094=EDGE_CURVE('',#1627,#1625,#869,.T.);
#2095=EDGE_CURVE('',#1628,#1627,#56,.T.);
#2096=EDGE_CURVE('',#1626,#1628,#870,.T.);
#2097=EDGE_CURVE('',#1627,#1610,#871,.T.);
#2098=EDGE_CURVE('',#1625,#1608,#872,.T.);
#2099=EDGE_CURVE('',#1629,#1630,#57,.T.);
#2100=EDGE_CURVE('',#1631,#1629,#873,.T.);
#2101=EDGE_CURVE('',#1632,#1631,#58,.T.);
#2102=EDGE_CURVE('',#1630,#1632,#874,.T.);
#2103=EDGE_CURVE('',#1629,#1633,#875,.T.);
#2104=EDGE_CURVE('',#1633,#1634,#876,.T.);
#2105=EDGE_CURVE('',#1631,#1634,#877,.T.);
#2106=EDGE_CURVE('',#1635,#1633,#59,.T.);
#2107=EDGE_CURVE('',#1636,#1635,#878,.T.);
#2108=EDGE_CURVE('',#1634,#1636,#60,.T.);
#2109=EDGE_CURVE('',#1637,#1628,#879,.T.);
#2110=EDGE_CURVE('',#1637,#1638,#880,.T.);
#2111=EDGE_CURVE('',#1638,#1626,#881,.T.);
#2112=EDGE_CURVE('',#1635,#1638,#882,.T.);
#2113=EDGE_CURVE('',#1636,#1637,#883,.T.);
#2114=EDGE_CURVE('',#1614,#1632,#884,.T.);
#2115=EDGE_CURVE('',#1613,#1630,#885,.T.);
#2116=EDGE_CURVE('',#1615,#1622,#886,.T.);
#2117=EDGE_CURVE('',#1624,#1617,#887,.T.);
#2118=EDGE_CURVE('',#1639,#1640,#61,.T.);
#2119=EDGE_CURVE('',#1640,#1641,#888,.T.);
#2120=EDGE_CURVE('',#1641,#1642,#62,.T.);
#2121=EDGE_CURVE('',#1642,#1639,#889,.T.);
#2122=EDGE_CURVE('',#1643,#1640,#890,.T.);
#2123=EDGE_CURVE('',#1644,#1643,#891,.T.);
#2124=EDGE_CURVE('',#1644,#1641,#892,.T.);
#2125=EDGE_CURVE('',#1643,#1645,#63,.T.);
#2126=EDGE_CURVE('',#1645,#1646,#893,.T.);
#2127=EDGE_CURVE('',#1646,#1644,#64,.T.);
#2128=EDGE_CURVE('',#1585,#1645,#894,.T.);
#2129=EDGE_CURVE('',#1586,#1646,#895,.T.);
#2130=EDGE_CURVE('',#1647,#1648,#65,.T.);
#2131=EDGE_CURVE('',#1648,#1649,#896,.T.);
#2132=EDGE_CURVE('',#1649,#1650,#66,.T.);
#2133=EDGE_CURVE('',#1650,#1647,#897,.T.);
#2134=EDGE_CURVE('',#1651,#1652,#67,.T.);
#2135=EDGE_CURVE('',#1652,#1653,#898,.T.);
#2136=EDGE_CURVE('',#1653,#1654,#68,.T.);
#2137=EDGE_CURVE('',#1654,#1651,#899,.T.);
#2138=EDGE_CURVE('',#1652,#1590,#900,.T.);
#2139=EDGE_CURVE('',#1653,#1589,#901,.T.);
#2140=EDGE_CURVE('',#1648,#1651,#902,.T.);
#2141=EDGE_CURVE('',#1649,#1654,#903,.T.);
#2142=EDGE_CURVE('',#1655,#1656,#69,.T.);
#2143=EDGE_CURVE('',#1656,#1657,#904,.T.);
#2144=EDGE_CURVE('',#1657,#1658,#70,.T.);
#2145=EDGE_CURVE('',#1658,#1655,#905,.T.);
#2146=EDGE_CURVE('',#1659,#1656,#906,.T.);
#2147=EDGE_CURVE('',#1660,#1659,#907,.T.);
#2148=EDGE_CURVE('',#1660,#1657,#908,.T.);
#2149=EDGE_CURVE('',#1659,#1661,#71,.T.);
#2150=EDGE_CURVE('',#1661,#1662,#909,.T.);
#2151=EDGE_CURVE('',#1662,#1660,#72,.T.);
#2152=EDGE_CURVE('',#1663,#1661,#910,.T.);
#2153=EDGE_CURVE('',#1664,#1663,#911,.T.);
#2154=EDGE_CURVE('',#1664,#1662,#912,.T.);
#2155=EDGE_CURVE('',#1665,#1666,#73,.T.);
#2156=EDGE_CURVE('',#1666,#1667,#913,.T.);
#2157=EDGE_CURVE('',#1667,#1668,#74,.T.);
#2158=EDGE_CURVE('',#1668,#1665,#914,.T.);
#2159=EDGE_CURVE('',#1639,#1668,#915,.T.);
#2160=EDGE_CURVE('',#1642,#1665,#916,.T.);
#2161=EDGE_CURVE('',#1669,#1670,#75,.T.);
#2162=EDGE_CURVE('',#1670,#1671,#917,.T.);
#2163=EDGE_CURVE('',#1671,#1672,#76,.T.);
#2164=EDGE_CURVE('',#1672,#1669,#918,.T.);
#2165=EDGE_CURVE('',#1670,#1673,#919,.T.);
#2166=EDGE_CURVE('',#1674,#1673,#920,.T.);
#2167=EDGE_CURVE('',#1671,#1674,#921,.T.);
#2168=EDGE_CURVE('',#1658,#1647,#922,.T.);
#2169=EDGE_CURVE('',#1655,#1650,#923,.T.);
#2170=EDGE_CURVE('',#1666,#1669,#924,.T.);
#2171=EDGE_CURVE('',#1667,#1672,#925,.T.);
#2172=EDGE_CURVE('',#1675,#1663,#926,.T.);
#2173=EDGE_CURVE('',#1676,#1675,#927,.T.);
#2174=EDGE_CURVE('',#1664,#1676,#928,.T.);
#2175=EDGE_CURVE('',#1677,#1673,#929,.T.);
#2176=EDGE_CURVE('',#1678,#1677,#930,.T.);
#2177=EDGE_CURVE('',#1674,#1678,#931,.T.);
#2178=EDGE_CURVE('',#1679,#1680,#77,.T.);
#2179=EDGE_CURVE('',#1680,#1681,#932,.T.);
#2180=EDGE_CURVE('',#1681,#1682,#78,.T.);
#2181=EDGE_CURVE('',#1682,#1679,#933,.T.);
#2182=EDGE_CURVE('',#1682,#1683,#934,.T.);
#2183=EDGE_CURVE('',#1684,#1683,#935,.T.);
#2184=EDGE_CURVE('',#1679,#1684,#936,.T.);
#2185=EDGE_CURVE('',#1681,#1685,#937,.T.);
#2186=EDGE_CURVE('',#1686,#1685,#79,.T.);
#2187=EDGE_CURVE('',#1687,#1686,#938,.T.);
#2188=EDGE_CURVE('',#1688,#1687,#80,.T.);
#2189=EDGE_CURVE('',#1689,#1688,#939,.T.);
#2190=EDGE_CURVE('',#1690,#1689,#940,.T.);
#2191=EDGE_CURVE('',#1691,#1690,#81,.T.);
#2192=EDGE_CURVE('',#1692,#1691,#941,.T.);
#2193=EDGE_CURVE('',#1693,#1692,#82,.T.);
#2194=EDGE_CURVE('',#1694,#1693,#942,.T.);
#2195=EDGE_CURVE('',#1694,#1695,#943,.T.);
#2196=EDGE_CURVE('',#1677,#1695,#83,.T.);
#2197=EDGE_CURVE('',#1676,#1696,#944,.T.);
#2198=EDGE_CURVE('',#1697,#1696,#84,.T.);
#2199=EDGE_CURVE('',#1697,#1698,#945,.T.);
#2200=EDGE_CURVE('',#1699,#1698,#85,.T.);
#2201=EDGE_CURVE('',#1700,#1699,#946,.T.);
#2202=EDGE_CURVE('',#1701,#1700,#86,.T.);
#2203=EDGE_CURVE('',#1702,#1701,#947,.T.);
#2204=EDGE_CURVE('',#1703,#1702,#87,.T.);
#2205=EDGE_CURVE('',#1704,#1703,#948,.T.);
#2206=EDGE_CURVE('',#1683,#1704,#88,.T.);
#2207=EDGE_CURVE('',#1705,#1684,#89,.T.);
#2208=EDGE_CURVE('',#1704,#1705,#949,.T.);
#2209=EDGE_CURVE('',#1706,#1703,#950,.T.);
#2210=EDGE_CURVE('',#1705,#1706,#951,.T.);
#2211=EDGE_CURVE('',#1707,#1706,#90,.T.);
#2212=EDGE_CURVE('',#1702,#1707,#952,.T.);
#2213=EDGE_CURVE('',#1708,#1701,#953,.T.);
#2214=EDGE_CURVE('',#1707,#1708,#954,.T.);
#2215=EDGE_CURVE('',#1709,#1710,#91,.T.);
#2216=EDGE_CURVE('',#1710,#1686,#955,.T.);
#2217=EDGE_CURVE('',#1685,#1709,#956,.T.);
#2218=EDGE_CURVE('',#1709,#1680,#957,.T.);
#2219=EDGE_CURVE('',#1711,#1678,#92,.T.);
#2220=EDGE_CURVE('',#1695,#1711,#958,.T.);
#2221=EDGE_CURVE('',#1694,#1712,#959,.T.);
#2222=EDGE_CURVE('',#1711,#1712,#960,.T.);
#2223=EDGE_CURVE('',#1713,#1714,#93,.T.);
#2224=EDGE_CURVE('',#1714,#1699,#961,.T.);
#2225=EDGE_CURVE('',#1698,#1713,#962,.T.);
#2226=EDGE_CURVE('',#1715,#1714,#963,.T.);
#2227=EDGE_CURVE('',#1700,#1715,#964,.T.);
#2228=EDGE_CURVE('',#1715,#1708,#94,.T.);
#2229=EDGE_CURVE('',#1716,#1717,#95,.T.);
#2230=EDGE_CURVE('',#1717,#1697,#965,.T.);
#2231=EDGE_CURVE('',#1696,#1716,#966,.T.);
#2232=EDGE_CURVE('',#1716,#1675,#967,.T.);
#2233=EDGE_CURVE('',#1718,#1719,#96,.T.);
#2234=EDGE_CURVE('',#1719,#1688,#968,.T.);
#2235=EDGE_CURVE('',#1687,#1718,#969,.T.);
#2236=EDGE_CURVE('',#1718,#1710,#970,.T.);
#2237=EDGE_CURVE('',#1720,#1721,#97,.T.);
#2238=EDGE_CURVE('',#1721,#1693,#971,.T.);
#2239=EDGE_CURVE('',#1692,#1720,#972,.T.);
#2240=EDGE_CURVE('',#1722,#1691,#973,.T.);
#2241=EDGE_CURVE('',#1720,#1722,#974,.T.);
#2242=EDGE_CURVE('',#1723,#1722,#98,.T.);
#2243=EDGE_CURVE('',#1690,#1723,#975,.T.);
#2244=EDGE_CURVE('',#1724,#1719,#976,.T.);
#2245=EDGE_CURVE('',#1689,#1724,#977,.T.);
#2246=EDGE_CURVE('',#1723,#1724,#978,.T.);
#2247=EDGE_CURVE('',#1712,#1721,#979,.T.);
#2248=EDGE_CURVE('',#1713,#1717,#980,.T.);
#2249=ORIENTED_EDGE('',*,*,#1725,.F.);
#2250=ORIENTED_EDGE('',*,*,#1726,.T.);
#2251=ORIENTED_EDGE('',*,*,#1727,.F.);
#2252=ORIENTED_EDGE('',*,*,#1728,.F.);
#2253=ORIENTED_EDGE('',*,*,#1729,.F.);
#2254=ORIENTED_EDGE('',*,*,#1728,.T.);
#2255=ORIENTED_EDGE('',*,*,#1730,.F.);
#2256=ORIENTED_EDGE('',*,*,#1731,.F.);
#2257=ORIENTED_EDGE('',*,*,#1732,.F.);
#2258=ORIENTED_EDGE('',*,*,#1731,.T.);
#2259=ORIENTED_EDGE('',*,*,#1733,.F.);
#2260=ORIENTED_EDGE('',*,*,#1734,.F.);
#2261=ORIENTED_EDGE('',*,*,#1735,.F.);
#2262=ORIENTED_EDGE('',*,*,#1734,.T.);
#2263=ORIENTED_EDGE('',*,*,#1736,.F.);
#2264=ORIENTED_EDGE('',*,*,#1737,.F.);
#2265=ORIENTED_EDGE('',*,*,#1738,.F.);
#2266=ORIENTED_EDGE('',*,*,#1737,.T.);
#2267=ORIENTED_EDGE('',*,*,#1739,.F.);
#2268=ORIENTED_EDGE('',*,*,#1740,.F.);
#2269=ORIENTED_EDGE('',*,*,#1741,.F.);
#2270=ORIENTED_EDGE('',*,*,#1740,.T.);
#2271=ORIENTED_EDGE('',*,*,#1742,.F.);
#2272=ORIENTED_EDGE('',*,*,#1743,.F.);
#2273=ORIENTED_EDGE('',*,*,#1744,.F.);
#2274=ORIENTED_EDGE('',*,*,#1743,.T.);
#2275=ORIENTED_EDGE('',*,*,#1745,.F.);
#2276=ORIENTED_EDGE('',*,*,#1746,.F.);
#2277=ORIENTED_EDGE('',*,*,#1747,.F.);
#2278=ORIENTED_EDGE('',*,*,#1746,.T.);
#2279=ORIENTED_EDGE('',*,*,#1748,.F.);
#2280=ORIENTED_EDGE('',*,*,#1749,.F.);
#2281=ORIENTED_EDGE('',*,*,#1750,.F.);
#2282=ORIENTED_EDGE('',*,*,#1749,.T.);
#2283=ORIENTED_EDGE('',*,*,#1751,.F.);
#2284=ORIENTED_EDGE('',*,*,#1752,.F.);
#2285=ORIENTED_EDGE('',*,*,#1753,.F.);
#2286=ORIENTED_EDGE('',*,*,#1752,.T.);
#2287=ORIENTED_EDGE('',*,*,#1754,.F.);
#2288=ORIENTED_EDGE('',*,*,#1755,.F.);
#2289=ORIENTED_EDGE('',*,*,#1756,.F.);
#2290=ORIENTED_EDGE('',*,*,#1755,.T.);
#2291=ORIENTED_EDGE('',*,*,#1757,.F.);
#2292=ORIENTED_EDGE('',*,*,#1758,.F.);
#2293=ORIENTED_EDGE('',*,*,#1759,.F.);
#2294=ORIENTED_EDGE('',*,*,#1758,.T.);
#2295=ORIENTED_EDGE('',*,*,#1760,.F.);
#2296=ORIENTED_EDGE('',*,*,#1761,.F.);
#2297=ORIENTED_EDGE('',*,*,#1762,.F.);
#2298=ORIENTED_EDGE('',*,*,#1761,.T.);
#2299=ORIENTED_EDGE('',*,*,#1763,.F.);
#2300=ORIENTED_EDGE('',*,*,#1764,.F.);
#2301=ORIENTED_EDGE('',*,*,#1765,.F.);
#2302=ORIENTED_EDGE('',*,*,#1764,.T.);
#2303=ORIENTED_EDGE('',*,*,#1766,.F.);
#2304=ORIENTED_EDGE('',*,*,#1767,.F.);
#2305=ORIENTED_EDGE('',*,*,#1768,.F.);
#2306=ORIENTED_EDGE('',*,*,#1767,.T.);
#2307=ORIENTED_EDGE('',*,*,#1769,.F.);
#2308=ORIENTED_EDGE('',*,*,#1770,.F.);
#2309=ORIENTED_EDGE('',*,*,#1771,.F.);
#2310=ORIENTED_EDGE('',*,*,#1770,.T.);
#2311=ORIENTED_EDGE('',*,*,#1772,.F.);
#2312=ORIENTED_EDGE('',*,*,#1773,.F.);
#2313=ORIENTED_EDGE('',*,*,#1774,.F.);
#2314=ORIENTED_EDGE('',*,*,#1773,.T.);
#2315=ORIENTED_EDGE('',*,*,#1775,.F.);
#2316=ORIENTED_EDGE('',*,*,#1776,.F.);
#2317=ORIENTED_EDGE('',*,*,#1777,.F.);
#2318=ORIENTED_EDGE('',*,*,#1776,.T.);
#2319=ORIENTED_EDGE('',*,*,#1778,.F.);
#2320=ORIENTED_EDGE('',*,*,#1726,.F.);
#2321=ORIENTED_EDGE('',*,*,#1778,.T.);
#2322=ORIENTED_EDGE('',*,*,#1775,.T.);
#2323=ORIENTED_EDGE('',*,*,#1772,.T.);
#2324=ORIENTED_EDGE('',*,*,#1769,.T.);
#2325=ORIENTED_EDGE('',*,*,#1766,.T.);
#2326=ORIENTED_EDGE('',*,*,#1763,.T.);
#2327=ORIENTED_EDGE('',*,*,#1760,.T.);
#2328=ORIENTED_EDGE('',*,*,#1757,.T.);
#2329=ORIENTED_EDGE('',*,*,#1754,.T.);
#2330=ORIENTED_EDGE('',*,*,#1751,.T.);
#2331=ORIENTED_EDGE('',*,*,#1748,.T.);
#2332=ORIENTED_EDGE('',*,*,#1745,.T.);
#2333=ORIENTED_EDGE('',*,*,#1742,.T.);
#2334=ORIENTED_EDGE('',*,*,#1739,.T.);
#2335=ORIENTED_EDGE('',*,*,#1736,.T.);
#2336=ORIENTED_EDGE('',*,*,#1733,.T.);
#2337=ORIENTED_EDGE('',*,*,#1730,.T.);
#2338=ORIENTED_EDGE('',*,*,#1727,.T.);
#2339=ORIENTED_EDGE('',*,*,#1779,.F.);
#2340=ORIENTED_EDGE('',*,*,#1780,.T.);
#2341=ORIENTED_EDGE('',*,*,#1781,.F.);
#2342=ORIENTED_EDGE('',*,*,#1782,.F.);
#2343=ORIENTED_EDGE('',*,*,#1783,.F.);
#2344=ORIENTED_EDGE('',*,*,#1782,.T.);
#2345=ORIENTED_EDGE('',*,*,#1784,.F.);
#2346=ORIENTED_EDGE('',*,*,#1785,.F.);
#2347=ORIENTED_EDGE('',*,*,#1786,.F.);
#2348=ORIENTED_EDGE('',*,*,#1785,.T.);
#2349=ORIENTED_EDGE('',*,*,#1787,.F.);
#2350=ORIENTED_EDGE('',*,*,#1788,.F.);
#2351=ORIENTED_EDGE('',*,*,#1789,.F.);
#2352=ORIENTED_EDGE('',*,*,#1788,.T.);
#2353=ORIENTED_EDGE('',*,*,#1790,.F.);
#2354=ORIENTED_EDGE('',*,*,#1791,.F.);
#2355=ORIENTED_EDGE('',*,*,#1792,.F.);
#2356=ORIENTED_EDGE('',*,*,#1791,.T.);
#2357=ORIENTED_EDGE('',*,*,#1793,.F.);
#2358=ORIENTED_EDGE('',*,*,#1794,.F.);
#2359=ORIENTED_EDGE('',*,*,#1795,.F.);
#2360=ORIENTED_EDGE('',*,*,#1794,.T.);
#2361=ORIENTED_EDGE('',*,*,#1796,.F.);
#2362=ORIENTED_EDGE('',*,*,#1797,.F.);
#2363=ORIENTED_EDGE('',*,*,#1798,.F.);
#2364=ORIENTED_EDGE('',*,*,#1797,.T.);
#2365=ORIENTED_EDGE('',*,*,#1799,.F.);
#2366=ORIENTED_EDGE('',*,*,#1800,.F.);
#2367=ORIENTED_EDGE('',*,*,#1801,.F.);
#2368=ORIENTED_EDGE('',*,*,#1800,.T.);
#2369=ORIENTED_EDGE('',*,*,#1802,.F.);
#2370=ORIENTED_EDGE('',*,*,#1803,.F.);
#2371=ORIENTED_EDGE('',*,*,#1804,.F.);
#2372=ORIENTED_EDGE('',*,*,#1803,.T.);
#2373=ORIENTED_EDGE('',*,*,#1805,.F.);
#2374=ORIENTED_EDGE('',*,*,#1806,.F.);
#2375=ORIENTED_EDGE('',*,*,#1807,.F.);
#2376=ORIENTED_EDGE('',*,*,#1806,.T.);
#2377=ORIENTED_EDGE('',*,*,#1808,.F.);
#2378=ORIENTED_EDGE('',*,*,#1809,.F.);
#2379=ORIENTED_EDGE('',*,*,#1810,.F.);
#2380=ORIENTED_EDGE('',*,*,#1809,.T.);
#2381=ORIENTED_EDGE('',*,*,#1811,.F.);
#2382=ORIENTED_EDGE('',*,*,#1812,.F.);
#2383=ORIENTED_EDGE('',*,*,#1813,.F.);
#2384=ORIENTED_EDGE('',*,*,#1812,.T.);
#2385=ORIENTED_EDGE('',*,*,#1814,.F.);
#2386=ORIENTED_EDGE('',*,*,#1815,.F.);
#2387=ORIENTED_EDGE('',*,*,#1816,.F.);
#2388=ORIENTED_EDGE('',*,*,#1815,.T.);
#2389=ORIENTED_EDGE('',*,*,#1817,.F.);
#2390=ORIENTED_EDGE('',*,*,#1818,.F.);
#2391=ORIENTED_EDGE('',*,*,#1819,.F.);
#2392=ORIENTED_EDGE('',*,*,#1818,.T.);
#2393=ORIENTED_EDGE('',*,*,#1820,.F.);
#2394=ORIENTED_EDGE('',*,*,#1821,.F.);
#2395=ORIENTED_EDGE('',*,*,#1822,.F.);
#2396=ORIENTED_EDGE('',*,*,#1821,.T.);
#2397=ORIENTED_EDGE('',*,*,#1823,.F.);
#2398=ORIENTED_EDGE('',*,*,#1824,.F.);
#2399=ORIENTED_EDGE('',*,*,#1825,.F.);
#2400=ORIENTED_EDGE('',*,*,#1824,.T.);
#2401=ORIENTED_EDGE('',*,*,#1826,.F.);
#2402=ORIENTED_EDGE('',*,*,#1827,.F.);
#2403=ORIENTED_EDGE('',*,*,#1828,.F.);
#2404=ORIENTED_EDGE('',*,*,#1827,.T.);
#2405=ORIENTED_EDGE('',*,*,#1829,.F.);
#2406=ORIENTED_EDGE('',*,*,#1830,.F.);
#2407=ORIENTED_EDGE('',*,*,#1831,.F.);
#2408=ORIENTED_EDGE('',*,*,#1830,.T.);
#2409=ORIENTED_EDGE('',*,*,#1832,.F.);
#2410=ORIENTED_EDGE('',*,*,#1833,.F.);
#2411=ORIENTED_EDGE('',*,*,#1834,.F.);
#2412=ORIENTED_EDGE('',*,*,#1833,.T.);
#2413=ORIENTED_EDGE('',*,*,#1835,.F.);
#2414=ORIENTED_EDGE('',*,*,#1836,.F.);
#2415=ORIENTED_EDGE('',*,*,#1837,.F.);
#2416=ORIENTED_EDGE('',*,*,#1836,.T.);
#2417=ORIENTED_EDGE('',*,*,#1838,.F.);
#2418=ORIENTED_EDGE('',*,*,#1780,.F.);
#2419=ORIENTED_EDGE('',*,*,#1838,.T.);
#2420=ORIENTED_EDGE('',*,*,#1835,.T.);
#2421=ORIENTED_EDGE('',*,*,#1832,.T.);
#2422=ORIENTED_EDGE('',*,*,#1829,.T.);
#2423=ORIENTED_EDGE('',*,*,#1826,.T.);
#2424=ORIENTED_EDGE('',*,*,#1823,.T.);
#2425=ORIENTED_EDGE('',*,*,#1820,.T.);
#2426=ORIENTED_EDGE('',*,*,#1817,.T.);
#2427=ORIENTED_EDGE('',*,*,#1814,.T.);
#2428=ORIENTED_EDGE('',*,*,#1811,.T.);
#2429=ORIENTED_EDGE('',*,*,#1808,.T.);
#2430=ORIENTED_EDGE('',*,*,#1805,.T.);
#2431=ORIENTED_EDGE('',*,*,#1802,.T.);
#2432=ORIENTED_EDGE('',*,*,#1799,.T.);
#2433=ORIENTED_EDGE('',*,*,#1796,.T.);
#2434=ORIENTED_EDGE('',*,*,#1793,.T.);
#2435=ORIENTED_EDGE('',*,*,#1790,.T.);
#2436=ORIENTED_EDGE('',*,*,#1787,.T.);
#2437=ORIENTED_EDGE('',*,*,#1784,.T.);
#2438=ORIENTED_EDGE('',*,*,#1781,.T.);
#2439=ORIENTED_EDGE('',*,*,#1839,.T.);
#2440=ORIENTED_EDGE('',*,*,#1840,.F.);
#2441=ORIENTED_EDGE('',*,*,#1841,.T.);
#2442=ORIENTED_EDGE('',*,*,#1842,.T.);
#2443=ORIENTED_EDGE('',*,*,#1843,.F.);
#2444=ORIENTED_EDGE('',*,*,#1844,.T.);
#2445=ORIENTED_EDGE('',*,*,#1845,.T.);
#2446=ORIENTED_EDGE('',*,*,#1846,.F.);
#2447=ORIENTED_EDGE('',*,*,#1842,.F.);
#2448=ORIENTED_EDGE('',*,*,#1847,.T.);
#2449=ORIENTED_EDGE('',*,*,#1848,.F.);
#2450=ORIENTED_EDGE('',*,*,#1845,.F.);
#2451=ORIENTED_EDGE('',*,*,#1849,.T.);
#2452=ORIENTED_EDGE('',*,*,#1850,.T.);
#2453=ORIENTED_EDGE('',*,*,#1843,.T.);
#2454=ORIENTED_EDGE('',*,*,#1851,.T.);
#2455=ORIENTED_EDGE('',*,*,#1852,.T.);
#2456=ORIENTED_EDGE('',*,*,#1853,.T.);
#2457=ORIENTED_EDGE('',*,*,#1852,.F.);
#2458=ORIENTED_EDGE('',*,*,#1854,.T.);
#2459=ORIENTED_EDGE('',*,*,#1840,.T.);
#2460=ORIENTED_EDGE('',*,*,#1855,.F.);
#2461=ORIENTED_EDGE('',*,*,#1856,.F.);
#2462=ORIENTED_EDGE('',*,*,#1857,.T.);
#2463=ORIENTED_EDGE('',*,*,#1858,.F.);
#2464=ORIENTED_EDGE('',*,*,#1859,.F.);
#2465=ORIENTED_EDGE('',*,*,#1860,.T.);
#2466=ORIENTED_EDGE('',*,*,#1856,.T.);
#2467=ORIENTED_EDGE('',*,*,#1861,.F.);
#2468=ORIENTED_EDGE('',*,*,#1862,.F.);
#2469=ORIENTED_EDGE('',*,*,#1863,.F.);
#2470=ORIENTED_EDGE('',*,*,#1864,.F.);
#2471=ORIENTED_EDGE('',*,*,#1862,.T.);
#2472=ORIENTED_EDGE('',*,*,#1865,.T.);
#2473=ORIENTED_EDGE('',*,*,#1866,.T.);
#2474=ORIENTED_EDGE('',*,*,#1867,.F.);
#2475=ORIENTED_EDGE('',*,*,#1868,.F.);
#2476=ORIENTED_EDGE('',*,*,#1869,.T.);
#2477=ORIENTED_EDGE('',*,*,#1870,.F.);
#2478=ORIENTED_EDGE('',*,*,#1871,.F.);
#2479=ORIENTED_EDGE('',*,*,#1872,.F.);
#2480=ORIENTED_EDGE('',*,*,#1873,.F.);
#2481=ORIENTED_EDGE('',*,*,#1874,.T.);
#2482=ORIENTED_EDGE('',*,*,#1875,.F.);
#2483=ORIENTED_EDGE('',*,*,#1876,.F.);
#2484=ORIENTED_EDGE('',*,*,#1877,.F.);
#2485=ORIENTED_EDGE('',*,*,#1878,.T.);
#2486=ORIENTED_EDGE('',*,*,#1879,.F.);
#2487=ORIENTED_EDGE('',*,*,#1880,.F.);
#2488=ORIENTED_EDGE('',*,*,#1881,.F.);
#2489=ORIENTED_EDGE('',*,*,#1877,.T.);
#2490=ORIENTED_EDGE('',*,*,#1882,.T.);
#2491=ORIENTED_EDGE('',*,*,#1879,.T.);
#2492=ORIENTED_EDGE('',*,*,#1883,.F.);
#2493=ORIENTED_EDGE('',*,*,#1884,.T.);
#2494=ORIENTED_EDGE('',*,*,#1885,.T.);
#2495=ORIENTED_EDGE('',*,*,#1886,.T.);
#2496=ORIENTED_EDGE('',*,*,#1887,.T.);
#2497=ORIENTED_EDGE('',*,*,#1888,.T.);
#2498=ORIENTED_EDGE('',*,*,#1887,.F.);
#2499=ORIENTED_EDGE('',*,*,#1889,.T.);
#2500=ORIENTED_EDGE('',*,*,#1890,.T.);
#2501=ORIENTED_EDGE('',*,*,#1891,.T.);
#2502=ORIENTED_EDGE('',*,*,#1892,.T.);
#2503=ORIENTED_EDGE('',*,*,#1893,.F.);
#2504=ORIENTED_EDGE('',*,*,#1894,.T.);
#2505=ORIENTED_EDGE('',*,*,#1895,.T.);
#2506=ORIENTED_EDGE('',*,*,#1894,.F.);
#2507=ORIENTED_EDGE('',*,*,#1867,.T.);
#2508=ORIENTED_EDGE('',*,*,#1896,.T.);
#2509=ORIENTED_EDGE('',*,*,#1888,.F.);
#2510=ORIENTED_EDGE('',*,*,#1897,.T.);
#2511=ORIENTED_EDGE('',*,*,#1898,.T.);
#2512=ORIENTED_EDGE('',*,*,#1899,.F.);
#2513=ORIENTED_EDGE('',*,*,#1900,.T.);
#2514=ORIENTED_EDGE('',*,*,#1884,.F.);
#2515=ORIENTED_EDGE('',*,*,#1885,.F.);
#2516=ORIENTED_EDGE('',*,*,#1900,.F.);
#2517=ORIENTED_EDGE('',*,*,#1901,.T.);
#2518=ORIENTED_EDGE('',*,*,#1902,.F.);
#2519=ORIENTED_EDGE('',*,*,#1903,.T.);
#2520=ORIENTED_EDGE('',*,*,#1889,.F.);
#2521=ORIENTED_EDGE('',*,*,#1904,.F.);
#2522=ORIENTED_EDGE('',*,*,#1905,.T.);
#2523=ORIENTED_EDGE('',*,*,#1906,.T.);
#2524=ORIENTED_EDGE('',*,*,#1871,.T.);
#2525=ORIENTED_EDGE('',*,*,#1907,.T.);
#2526=ORIENTED_EDGE('',*,*,#1904,.T.);
#2527=ORIENTED_EDGE('',*,*,#1886,.F.);
#2528=ORIENTED_EDGE('',*,*,#1902,.T.);
#2529=ORIENTED_EDGE('',*,*,#1908,.T.);
#2530=ORIENTED_EDGE('',*,*,#1909,.T.);
#2531=ORIENTED_EDGE('',*,*,#1910,.T.);
#2532=ORIENTED_EDGE('',*,*,#1911,.T.);
#2533=ORIENTED_EDGE('',*,*,#1868,.T.);
#2534=ORIENTED_EDGE('',*,*,#1893,.T.);
#2535=ORIENTED_EDGE('',*,*,#1906,.F.);
#2536=ORIENTED_EDGE('',*,*,#1912,.F.);
#2537=ORIENTED_EDGE('',*,*,#1910,.F.);
#2538=ORIENTED_EDGE('',*,*,#1913,.T.);
#2539=ORIENTED_EDGE('',*,*,#1914,.F.);
#2540=ORIENTED_EDGE('',*,*,#1915,.T.);
#2541=ORIENTED_EDGE('',*,*,#1916,.T.);
#2542=ORIENTED_EDGE('',*,*,#1917,.T.);
#2543=ORIENTED_EDGE('',*,*,#1891,.F.);
#2544=ORIENTED_EDGE('',*,*,#1895,.F.);
#2545=ORIENTED_EDGE('',*,*,#1918,.T.);
#2546=ORIENTED_EDGE('',*,*,#1919,.F.);
#2547=ORIENTED_EDGE('',*,*,#1920,.F.);
#2548=ORIENTED_EDGE('',*,*,#1921,.T.);
#2549=ORIENTED_EDGE('',*,*,#1922,.F.);
#2550=ORIENTED_EDGE('',*,*,#1917,.F.);
#2551=ORIENTED_EDGE('',*,*,#1923,.T.);
#2552=ORIENTED_EDGE('',*,*,#1920,.T.);
#2553=ORIENTED_EDGE('',*,*,#1924,.F.);
#2554=ORIENTED_EDGE('',*,*,#1925,.F.);
#2555=ORIENTED_EDGE('',*,*,#1926,.T.);
#2556=ORIENTED_EDGE('',*,*,#1927,.T.);
#2557=ORIENTED_EDGE('',*,*,#1928,.F.);
#2558=ORIENTED_EDGE('',*,*,#1898,.F.);
#2559=ORIENTED_EDGE('',*,*,#1929,.T.);
#2560=ORIENTED_EDGE('',*,*,#1925,.T.);
#2561=ORIENTED_EDGE('',*,*,#1896,.F.);
#2562=ORIENTED_EDGE('',*,*,#1866,.F.);
#2563=ORIENTED_EDGE('',*,*,#1930,.T.);
#2564=ORIENTED_EDGE('',*,*,#1918,.F.);
#2565=ORIENTED_EDGE('',*,*,#1931,.F.);
#2566=ORIENTED_EDGE('',*,*,#1932,.F.);
#2567=ORIENTED_EDGE('',*,*,#1933,.F.);
#2568=ORIENTED_EDGE('',*,*,#1934,.T.);
#2569=ORIENTED_EDGE('',*,*,#1935,.T.);
#2570=ORIENTED_EDGE('',*,*,#1936,.F.);
#2571=ORIENTED_EDGE('',*,*,#1932,.T.);
#2572=ORIENTED_EDGE('',*,*,#1937,.T.);
#2573=ORIENTED_EDGE('',*,*,#1938,.F.);
#2574=ORIENTED_EDGE('',*,*,#1939,.F.);
#2575=ORIENTED_EDGE('',*,*,#1931,.T.);
#2576=ORIENTED_EDGE('',*,*,#1940,.F.);
#2577=ORIENTED_EDGE('',*,*,#1941,.F.);
#2578=ORIENTED_EDGE('',*,*,#1942,.F.);
#2579=ORIENTED_EDGE('',*,*,#1858,.T.);
#2580=ORIENTED_EDGE('',*,*,#1855,.T.);
#2581=ORIENTED_EDGE('',*,*,#1839,.F.);
#2582=ORIENTED_EDGE('',*,*,#1846,.T.);
#2583=ORIENTED_EDGE('',*,*,#1848,.T.);
#2584=ORIENTED_EDGE('',*,*,#1943,.T.);
#2585=ORIENTED_EDGE('',*,*,#1944,.F.);
#2586=ORIENTED_EDGE('',*,*,#1937,.F.);
#2587=ORIENTED_EDGE('',*,*,#1943,.F.);
#2588=ORIENTED_EDGE('',*,*,#1850,.F.);
#2589=ORIENTED_EDGE('',*,*,#1945,.T.);
#2590=ORIENTED_EDGE('',*,*,#1946,.T.);
#2591=ORIENTED_EDGE('',*,*,#1944,.T.);
#2592=ORIENTED_EDGE('',*,*,#1946,.F.);
#2593=ORIENTED_EDGE('',*,*,#1947,.F.);
#2594=ORIENTED_EDGE('',*,*,#1938,.T.);
#2595=ORIENTED_EDGE('',*,*,#1935,.F.);
#2596=ORIENTED_EDGE('',*,*,#1948,.F.);
#2597=ORIENTED_EDGE('',*,*,#1949,.F.);
#2598=ORIENTED_EDGE('',*,*,#1950,.F.);
#2599=ORIENTED_EDGE('',*,*,#1949,.T.);
#2600=ORIENTED_EDGE('',*,*,#1951,.F.);
#2601=ORIENTED_EDGE('',*,*,#1952,.T.);
#2602=ORIENTED_EDGE('',*,*,#1940,.T.);
#2603=ORIENTED_EDGE('',*,*,#1934,.F.);
#2604=ORIENTED_EDGE('',*,*,#1953,.F.);
#2605=ORIENTED_EDGE('',*,*,#1941,.T.);
#2606=ORIENTED_EDGE('',*,*,#1952,.F.);
#2607=ORIENTED_EDGE('',*,*,#1954,.F.);
#2608=ORIENTED_EDGE('',*,*,#1955,.T.);
#2609=ORIENTED_EDGE('',*,*,#1942,.T.);
#2610=ORIENTED_EDGE('',*,*,#1955,.F.);
#2611=ORIENTED_EDGE('',*,*,#1956,.F.);
#2612=ORIENTED_EDGE('',*,*,#1859,.T.);
#2613=ORIENTED_EDGE('',*,*,#1957,.T.);
#2614=ORIENTED_EDGE('',*,*,#1926,.F.);
#2615=ORIENTED_EDGE('',*,*,#1929,.F.);
#2616=ORIENTED_EDGE('',*,*,#1897,.F.);
#2617=ORIENTED_EDGE('',*,*,#1890,.F.);
#2618=ORIENTED_EDGE('',*,*,#1903,.F.);
#2619=ORIENTED_EDGE('',*,*,#1913,.F.);
#2620=ORIENTED_EDGE('',*,*,#1909,.F.);
#2621=ORIENTED_EDGE('',*,*,#1892,.F.);
#2622=ORIENTED_EDGE('',*,*,#1921,.F.);
#2623=ORIENTED_EDGE('',*,*,#1923,.F.);
#2624=ORIENTED_EDGE('',*,*,#1916,.F.);
#2625=ORIENTED_EDGE('',*,*,#1958,.F.);
#2626=ORIENTED_EDGE('',*,*,#1959,.T.);
#2627=ORIENTED_EDGE('',*,*,#1960,.T.);
#2628=ORIENTED_EDGE('',*,*,#1961,.T.);
#2629=ORIENTED_EDGE('',*,*,#1962,.T.);
#2630=ORIENTED_EDGE('',*,*,#1963,.T.);
#2631=ORIENTED_EDGE('',*,*,#1964,.T.);
#2632=ORIENTED_EDGE('',*,*,#1965,.T.);
#2633=ORIENTED_EDGE('',*,*,#1966,.T.);
#2634=ORIENTED_EDGE('',*,*,#1967,.T.);
#2635=ORIENTED_EDGE('',*,*,#1968,.T.);
#2636=ORIENTED_EDGE('',*,*,#1969,.T.);
#2637=ORIENTED_EDGE('',*,*,#1956,.T.);
#2638=ORIENTED_EDGE('',*,*,#1954,.T.);
#2639=ORIENTED_EDGE('',*,*,#1951,.T.);
#2640=ORIENTED_EDGE('',*,*,#1948,.T.);
#2641=ORIENTED_EDGE('',*,*,#1939,.T.);
#2642=ORIENTED_EDGE('',*,*,#1947,.T.);
#2643=ORIENTED_EDGE('',*,*,#1945,.F.);
#2644=ORIENTED_EDGE('',*,*,#1849,.F.);
#2645=ORIENTED_EDGE('',*,*,#1844,.F.);
#2646=ORIENTED_EDGE('',*,*,#1853,.F.);
#2647=ORIENTED_EDGE('',*,*,#1857,.F.);
#2648=ORIENTED_EDGE('',*,*,#1860,.F.);
#2649=ORIENTED_EDGE('',*,*,#1970,.T.);
#2650=ORIENTED_EDGE('',*,*,#1971,.T.);
#2651=ORIENTED_EDGE('',*,*,#1972,.T.);
#2652=ORIENTED_EDGE('',*,*,#1973,.T.);
#2653=ORIENTED_EDGE('',*,*,#1973,.F.);
#2654=ORIENTED_EDGE('',*,*,#1974,.F.);
#2655=ORIENTED_EDGE('',*,*,#1975,.T.);
#2656=ORIENTED_EDGE('',*,*,#1976,.T.);
#2657=ORIENTED_EDGE('',*,*,#1977,.F.);
#2658=ORIENTED_EDGE('',*,*,#1978,.F.);
#2659=ORIENTED_EDGE('',*,*,#1979,.F.);
#2660=ORIENTED_EDGE('',*,*,#1980,.F.);
#2661=ORIENTED_EDGE('',*,*,#1981,.T.);
#2662=ORIENTED_EDGE('',*,*,#1982,.T.);
#2663=ORIENTED_EDGE('',*,*,#1983,.F.);
#2664=ORIENTED_EDGE('',*,*,#1984,.T.);
#2665=ORIENTED_EDGE('',*,*,#1974,.T.);
#2666=ORIENTED_EDGE('',*,*,#1972,.F.);
#2667=ORIENTED_EDGE('',*,*,#1985,.F.);
#2668=ORIENTED_EDGE('',*,*,#1863,.T.);
#2669=ORIENTED_EDGE('',*,*,#1869,.F.);
#2670=ORIENTED_EDGE('',*,*,#1911,.F.);
#2671=ORIENTED_EDGE('',*,*,#1912,.T.);
#2672=ORIENTED_EDGE('',*,*,#1905,.F.);
#2673=ORIENTED_EDGE('',*,*,#1907,.F.);
#2674=ORIENTED_EDGE('',*,*,#1870,.T.);
#2675=ORIENTED_EDGE('',*,*,#1851,.F.);
#2676=ORIENTED_EDGE('',*,*,#1847,.F.);
#2677=ORIENTED_EDGE('',*,*,#1841,.F.);
#2678=ORIENTED_EDGE('',*,*,#1854,.F.);
#2679=ORIENTED_EDGE('',*,*,#1950,.T.);
#2680=ORIENTED_EDGE('',*,*,#1953,.T.);
#2681=ORIENTED_EDGE('',*,*,#1933,.T.);
#2682=ORIENTED_EDGE('',*,*,#1936,.T.);
#2683=ORIENTED_EDGE('',*,*,#1986,.F.);
#2684=ORIENTED_EDGE('',*,*,#1880,.T.);
#2685=ORIENTED_EDGE('',*,*,#1882,.F.);
#2686=ORIENTED_EDGE('',*,*,#1876,.T.);
#2687=ORIENTED_EDGE('',*,*,#1987,.T.);
#2688=ORIENTED_EDGE('',*,*,#1988,.F.);
#2689=ORIENTED_EDGE('',*,*,#1989,.T.);
#2690=ORIENTED_EDGE('',*,*,#1990,.F.);
#2691=ORIENTED_EDGE('',*,*,#1980,.T.);
#2692=ORIENTED_EDGE('',*,*,#1991,.T.);
#2693=ORIENTED_EDGE('',*,*,#1992,.T.);
#2694=ORIENTED_EDGE('',*,*,#1993,.T.);
#2695=ORIENTED_EDGE('',*,*,#1991,.F.);
#2696=ORIENTED_EDGE('',*,*,#1979,.T.);
#2697=ORIENTED_EDGE('',*,*,#1873,.T.);
#2698=ORIENTED_EDGE('',*,*,#1994,.F.);
#2699=ORIENTED_EDGE('',*,*,#1995,.F.);
#2700=ORIENTED_EDGE('',*,*,#1996,.T.);
#2701=ORIENTED_EDGE('',*,*,#1988,.T.);
#2702=ORIENTED_EDGE('',*,*,#1997,.T.);
#2703=ORIENTED_EDGE('',*,*,#1997,.F.);
#2704=ORIENTED_EDGE('',*,*,#1987,.F.);
#2705=ORIENTED_EDGE('',*,*,#1875,.T.);
#2706=ORIENTED_EDGE('',*,*,#1998,.T.);
#2707=ORIENTED_EDGE('',*,*,#1999,.F.);
#2708=ORIENTED_EDGE('',*,*,#2000,.T.);
#2709=ORIENTED_EDGE('',*,*,#1990,.T.);
#2710=ORIENTED_EDGE('',*,*,#2001,.T.);
#2711=ORIENTED_EDGE('',*,*,#1996,.F.);
#2712=ORIENTED_EDGE('',*,*,#2002,.T.);
#2713=ORIENTED_EDGE('',*,*,#2001,.F.);
#2714=ORIENTED_EDGE('',*,*,#1989,.F.);
#2715=ORIENTED_EDGE('',*,*,#2000,.F.);
#2716=ORIENTED_EDGE('',*,*,#2003,.F.);
#2717=ORIENTED_EDGE('',*,*,#1881,.T.);
#2718=ORIENTED_EDGE('',*,*,#1986,.T.);
#2719=ORIENTED_EDGE('',*,*,#1995,.T.);
#2720=ORIENTED_EDGE('',*,*,#1998,.F.);
#2721=ORIENTED_EDGE('',*,*,#1874,.F.);
#2722=ORIENTED_EDGE('',*,*,#1883,.T.);
#2723=ORIENTED_EDGE('',*,*,#1878,.F.);
#2724=ORIENTED_EDGE('',*,*,#2003,.T.);
#2725=ORIENTED_EDGE('',*,*,#1999,.T.);
#2726=ORIENTED_EDGE('',*,*,#2002,.F.);
#2727=ORIENTED_EDGE('',*,*,#1725,.T.);
#2728=ORIENTED_EDGE('',*,*,#1729,.T.);
#2729=ORIENTED_EDGE('',*,*,#1732,.T.);
#2730=ORIENTED_EDGE('',*,*,#1735,.T.);
#2731=ORIENTED_EDGE('',*,*,#1738,.T.);
#2732=ORIENTED_EDGE('',*,*,#1741,.T.);
#2733=ORIENTED_EDGE('',*,*,#1744,.T.);
#2734=ORIENTED_EDGE('',*,*,#1747,.T.);
#2735=ORIENTED_EDGE('',*,*,#1750,.T.);
#2736=ORIENTED_EDGE('',*,*,#1753,.T.);
#2737=ORIENTED_EDGE('',*,*,#1756,.T.);
#2738=ORIENTED_EDGE('',*,*,#1759,.T.);
#2739=ORIENTED_EDGE('',*,*,#1762,.T.);
#2740=ORIENTED_EDGE('',*,*,#1765,.T.);
#2741=ORIENTED_EDGE('',*,*,#1768,.T.);
#2742=ORIENTED_EDGE('',*,*,#1771,.T.);
#2743=ORIENTED_EDGE('',*,*,#1774,.T.);
#2744=ORIENTED_EDGE('',*,*,#1777,.T.);
#2745=ORIENTED_EDGE('',*,*,#1779,.T.);
#2746=ORIENTED_EDGE('',*,*,#1783,.T.);
#2747=ORIENTED_EDGE('',*,*,#1786,.T.);
#2748=ORIENTED_EDGE('',*,*,#1789,.T.);
#2749=ORIENTED_EDGE('',*,*,#1792,.T.);
#2750=ORIENTED_EDGE('',*,*,#1795,.T.);
#2751=ORIENTED_EDGE('',*,*,#1798,.T.);
#2752=ORIENTED_EDGE('',*,*,#1801,.T.);
#2753=ORIENTED_EDGE('',*,*,#1804,.T.);
#2754=ORIENTED_EDGE('',*,*,#1807,.T.);
#2755=ORIENTED_EDGE('',*,*,#1810,.T.);
#2756=ORIENTED_EDGE('',*,*,#1813,.T.);
#2757=ORIENTED_EDGE('',*,*,#1816,.T.);
#2758=ORIENTED_EDGE('',*,*,#1819,.T.);
#2759=ORIENTED_EDGE('',*,*,#1822,.T.);
#2760=ORIENTED_EDGE('',*,*,#1825,.T.);
#2761=ORIENTED_EDGE('',*,*,#1828,.T.);
#2762=ORIENTED_EDGE('',*,*,#1831,.T.);
#2763=ORIENTED_EDGE('',*,*,#1834,.T.);
#2764=ORIENTED_EDGE('',*,*,#1837,.T.);
#2765=ORIENTED_EDGE('',*,*,#2004,.F.);
#2766=ORIENTED_EDGE('',*,*,#2005,.F.);
#2767=ORIENTED_EDGE('',*,*,#2006,.F.);
#2768=ORIENTED_EDGE('',*,*,#2007,.F.);
#2769=ORIENTED_EDGE('',*,*,#2008,.F.);
#2770=ORIENTED_EDGE('',*,*,#1966,.F.);
#2771=ORIENTED_EDGE('',*,*,#2009,.F.);
#2772=ORIENTED_EDGE('',*,*,#2005,.T.);
#2773=ORIENTED_EDGE('',*,*,#2010,.F.);
#2774=ORIENTED_EDGE('',*,*,#2011,.F.);
#2775=ORIENTED_EDGE('',*,*,#2012,.T.);
#2776=ORIENTED_EDGE('',*,*,#1962,.F.);
#2777=ORIENTED_EDGE('',*,*,#2013,.F.);
#2778=ORIENTED_EDGE('',*,*,#2014,.F.);
#2779=ORIENTED_EDGE('',*,*,#1976,.F.);
#2780=ORIENTED_EDGE('',*,*,#2011,.T.);
#2781=ORIENTED_EDGE('',*,*,#2008,.T.);
#2782=ORIENTED_EDGE('',*,*,#2004,.T.);
#2783=ORIENTED_EDGE('',*,*,#2015,.F.);
#2784=ORIENTED_EDGE('',*,*,#2016,.T.);
#2785=ORIENTED_EDGE('',*,*,#2017,.F.);
#2786=ORIENTED_EDGE('',*,*,#1967,.F.);
#2787=ORIENTED_EDGE('',*,*,#2007,.T.);
#2788=ORIENTED_EDGE('',*,*,#2018,.T.);
#2789=ORIENTED_EDGE('',*,*,#2019,.F.);
#2790=ORIENTED_EDGE('',*,*,#2015,.T.);
#2791=ORIENTED_EDGE('',*,*,#1965,.F.);
#2792=ORIENTED_EDGE('',*,*,#2020,.F.);
#2793=ORIENTED_EDGE('',*,*,#1982,.F.);
#2794=ORIENTED_EDGE('',*,*,#2021,.T.);
#2795=ORIENTED_EDGE('',*,*,#2009,.T.);
#2796=ORIENTED_EDGE('',*,*,#1993,.F.);
#2797=ORIENTED_EDGE('',*,*,#2022,.F.);
#2798=ORIENTED_EDGE('',*,*,#2018,.F.);
#2799=ORIENTED_EDGE('',*,*,#2006,.T.);
#2800=ORIENTED_EDGE('',*,*,#2021,.F.);
#2801=ORIENTED_EDGE('',*,*,#1981,.F.);
#2802=ORIENTED_EDGE('',*,*,#1963,.F.);
#2803=ORIENTED_EDGE('',*,*,#2012,.F.);
#2804=ORIENTED_EDGE('',*,*,#1975,.F.);
#2805=ORIENTED_EDGE('',*,*,#1984,.F.);
#2806=ORIENTED_EDGE('',*,*,#2023,.F.);
#2807=ORIENTED_EDGE('',*,*,#1992,.F.);
#2808=ORIENTED_EDGE('',*,*,#1994,.T.);
#2809=ORIENTED_EDGE('',*,*,#1872,.T.);
#2810=ORIENTED_EDGE('',*,*,#1908,.F.);
#2811=ORIENTED_EDGE('',*,*,#1901,.F.);
#2812=ORIENTED_EDGE('',*,*,#1899,.T.);
#2813=ORIENTED_EDGE('',*,*,#1928,.T.);
#2814=ORIENTED_EDGE('',*,*,#1924,.T.);
#2815=ORIENTED_EDGE('',*,*,#2024,.F.);
#2816=ORIENTED_EDGE('',*,*,#2025,.F.);
#2817=ORIENTED_EDGE('',*,*,#2026,.F.);
#2818=ORIENTED_EDGE('',*,*,#2016,.F.);
#2819=ORIENTED_EDGE('',*,*,#2019,.T.);
#2820=ORIENTED_EDGE('',*,*,#2022,.T.);
#2821=ORIENTED_EDGE('',*,*,#2020,.T.);
#2822=ORIENTED_EDGE('',*,*,#1964,.F.);
#2823=ORIENTED_EDGE('',*,*,#2023,.T.);
#2824=ORIENTED_EDGE('',*,*,#1983,.T.);
#2825=ORIENTED_EDGE('',*,*,#1971,.F.);
#2826=ORIENTED_EDGE('',*,*,#2027,.F.);
#2827=ORIENTED_EDGE('',*,*,#1864,.T.);
#2828=ORIENTED_EDGE('',*,*,#1985,.T.);
#2829=ORIENTED_EDGE('',*,*,#1970,.F.);
#2830=ORIENTED_EDGE('',*,*,#1978,.T.);
#2831=ORIENTED_EDGE('',*,*,#2028,.T.);
#2832=ORIENTED_EDGE('',*,*,#2029,.F.);
#2833=ORIENTED_EDGE('',*,*,#2030,.F.);
#2834=ORIENTED_EDGE('',*,*,#2031,.F.);
#2835=ORIENTED_EDGE('',*,*,#2032,.T.);
#2836=ORIENTED_EDGE('',*,*,#1914,.T.);
#2837=ORIENTED_EDGE('',*,*,#1922,.T.);
#2838=ORIENTED_EDGE('',*,*,#1919,.T.);
#2839=ORIENTED_EDGE('',*,*,#1930,.F.);
#2840=ORIENTED_EDGE('',*,*,#1865,.F.);
#2841=ORIENTED_EDGE('',*,*,#1861,.T.);
#2842=ORIENTED_EDGE('',*,*,#2027,.T.);
#2843=ORIENTED_EDGE('',*,*,#2031,.T.);
#2844=ORIENTED_EDGE('',*,*,#2033,.F.);
#2845=ORIENTED_EDGE('',*,*,#1959,.F.);
#2846=ORIENTED_EDGE('',*,*,#2034,.F.);
#2847=ORIENTED_EDGE('',*,*,#2010,.T.);
#2848=ORIENTED_EDGE('',*,*,#1961,.F.);
#2849=ORIENTED_EDGE('',*,*,#2035,.T.);
#2850=ORIENTED_EDGE('',*,*,#2029,.T.);
#2851=ORIENTED_EDGE('',*,*,#2036,.F.);
#2852=ORIENTED_EDGE('',*,*,#2013,.T.);
#2853=ORIENTED_EDGE('',*,*,#2030,.T.);
#2854=ORIENTED_EDGE('',*,*,#2035,.F.);
#2855=ORIENTED_EDGE('',*,*,#1960,.F.);
#2856=ORIENTED_EDGE('',*,*,#2033,.T.);
#2857=ORIENTED_EDGE('',*,*,#2025,.T.);
#2858=ORIENTED_EDGE('',*,*,#2037,.F.);
#2859=ORIENTED_EDGE('',*,*,#1969,.F.);
#2860=ORIENTED_EDGE('',*,*,#2038,.T.);
#2861=ORIENTED_EDGE('',*,*,#2026,.T.);
#2862=ORIENTED_EDGE('',*,*,#2038,.F.);
#2863=ORIENTED_EDGE('',*,*,#1968,.F.);
#2864=ORIENTED_EDGE('',*,*,#2017,.T.);
#2865=ORIENTED_EDGE('',*,*,#2034,.T.);
#2866=ORIENTED_EDGE('',*,*,#1958,.T.);
#2867=ORIENTED_EDGE('',*,*,#1915,.F.);
#2868=ORIENTED_EDGE('',*,*,#2032,.F.);
#2869=ORIENTED_EDGE('',*,*,#2014,.T.);
#2870=ORIENTED_EDGE('',*,*,#2036,.T.);
#2871=ORIENTED_EDGE('',*,*,#2028,.F.);
#2872=ORIENTED_EDGE('',*,*,#1977,.T.);
#2873=ORIENTED_EDGE('',*,*,#2037,.T.);
#2874=ORIENTED_EDGE('',*,*,#2024,.T.);
#2875=ORIENTED_EDGE('',*,*,#1927,.F.);
#2876=ORIENTED_EDGE('',*,*,#1957,.F.);
#2877=ORIENTED_EDGE('',*,*,#2039,.F.);
#2878=ORIENTED_EDGE('',*,*,#2040,.T.);
#2879=ORIENTED_EDGE('',*,*,#2041,.T.);
#2880=ORIENTED_EDGE('',*,*,#2042,.T.);
#2881=ORIENTED_EDGE('',*,*,#2043,.T.);
#2882=ORIENTED_EDGE('',*,*,#2044,.T.);
#2883=ORIENTED_EDGE('',*,*,#2045,.T.);
#2884=ORIENTED_EDGE('',*,*,#2046,.T.);
#2885=ORIENTED_EDGE('',*,*,#2047,.F.);
#2886=ORIENTED_EDGE('',*,*,#2048,.F.);
#2887=ORIENTED_EDGE('',*,*,#2049,.F.);
#2888=ORIENTED_EDGE('',*,*,#2050,.F.);
#2889=ORIENTED_EDGE('',*,*,#2048,.T.);
#2890=ORIENTED_EDGE('',*,*,#2051,.T.);
#2891=ORIENTED_EDGE('',*,*,#2052,.T.);
#2892=ORIENTED_EDGE('',*,*,#2053,.F.);
#2893=ORIENTED_EDGE('',*,*,#2054,.F.);
#2894=ORIENTED_EDGE('',*,*,#2055,.F.);
#2895=ORIENTED_EDGE('',*,*,#2056,.F.);
#2896=ORIENTED_EDGE('',*,*,#2052,.F.);
#2897=ORIENTED_EDGE('',*,*,#2055,.T.);
#2898=ORIENTED_EDGE('',*,*,#2057,.T.);
#2899=ORIENTED_EDGE('',*,*,#2058,.T.);
#2900=ORIENTED_EDGE('',*,*,#2059,.F.);
#2901=ORIENTED_EDGE('',*,*,#2060,.F.);
#2902=ORIENTED_EDGE('',*,*,#2061,.F.);
#2903=ORIENTED_EDGE('',*,*,#2062,.F.);
#2904=ORIENTED_EDGE('',*,*,#2058,.F.);
#2905=ORIENTED_EDGE('',*,*,#2061,.T.);
#2906=ORIENTED_EDGE('',*,*,#2063,.T.);
#2907=ORIENTED_EDGE('',*,*,#2064,.T.);
#2908=ORIENTED_EDGE('',*,*,#2065,.F.);
#2909=ORIENTED_EDGE('',*,*,#2066,.F.);
#2910=ORIENTED_EDGE('',*,*,#2067,.F.);
#2911=ORIENTED_EDGE('',*,*,#2068,.F.);
#2912=ORIENTED_EDGE('',*,*,#2069,.F.);
#2913=ORIENTED_EDGE('',*,*,#2050,.T.);
#2914=ORIENTED_EDGE('',*,*,#2070,.T.);
#2915=ORIENTED_EDGE('',*,*,#2067,.T.);
#2916=ORIENTED_EDGE('',*,*,#2071,.T.);
#2917=ORIENTED_EDGE('',*,*,#2072,.F.);
#2918=ORIENTED_EDGE('',*,*,#2073,.F.);
#2919=ORIENTED_EDGE('',*,*,#2074,.F.);
#2920=ORIENTED_EDGE('',*,*,#2041,.F.);
#2921=ORIENTED_EDGE('',*,*,#2073,.T.);
#2922=ORIENTED_EDGE('',*,*,#2075,.T.);
#2923=ORIENTED_EDGE('',*,*,#2076,.F.);
#2924=ORIENTED_EDGE('',*,*,#2077,.T.);
#2925=ORIENTED_EDGE('',*,*,#2078,.F.);
#2926=ORIENTED_EDGE('',*,*,#2079,.F.);
#2927=ORIENTED_EDGE('',*,*,#2080,.F.);
#2928=ORIENTED_EDGE('',*,*,#2081,.F.);
#2929=ORIENTED_EDGE('',*,*,#2081,.T.);
#2930=ORIENTED_EDGE('',*,*,#2082,.F.);
#2931=ORIENTED_EDGE('',*,*,#2083,.T.);
#2932=ORIENTED_EDGE('',*,*,#2084,.T.);
#2933=ORIENTED_EDGE('',*,*,#2085,.F.);
#2934=ORIENTED_EDGE('',*,*,#2064,.F.);
#2935=ORIENTED_EDGE('',*,*,#2086,.F.);
#2936=ORIENTED_EDGE('',*,*,#2083,.F.);
#2937=ORIENTED_EDGE('',*,*,#2087,.F.);
#2938=ORIENTED_EDGE('',*,*,#2088,.F.);
#2939=ORIENTED_EDGE('',*,*,#2089,.F.);
#2940=ORIENTED_EDGE('',*,*,#2090,.F.);
#2941=ORIENTED_EDGE('',*,*,#2088,.T.);
#2942=ORIENTED_EDGE('',*,*,#2091,.T.);
#2943=ORIENTED_EDGE('',*,*,#2045,.F.);
#2944=ORIENTED_EDGE('',*,*,#2092,.T.);
#2945=ORIENTED_EDGE('',*,*,#2093,.F.);
#2946=ORIENTED_EDGE('',*,*,#2094,.F.);
#2947=ORIENTED_EDGE('',*,*,#2095,.F.);
#2948=ORIENTED_EDGE('',*,*,#2096,.F.);
#2949=ORIENTED_EDGE('',*,*,#2069,.T.);
#2950=ORIENTED_EDGE('',*,*,#2097,.F.);
#2951=ORIENTED_EDGE('',*,*,#2094,.T.);
#2952=ORIENTED_EDGE('',*,*,#2098,.T.);
#2953=ORIENTED_EDGE('',*,*,#2099,.F.);
#2954=ORIENTED_EDGE('',*,*,#2100,.F.);
#2955=ORIENTED_EDGE('',*,*,#2101,.F.);
#2956=ORIENTED_EDGE('',*,*,#2102,.F.);
#2957=ORIENTED_EDGE('',*,*,#2100,.T.);
#2958=ORIENTED_EDGE('',*,*,#2103,.T.);
#2959=ORIENTED_EDGE('',*,*,#2104,.T.);
#2960=ORIENTED_EDGE('',*,*,#2105,.F.);
#2961=ORIENTED_EDGE('',*,*,#2106,.F.);
#2962=ORIENTED_EDGE('',*,*,#2107,.F.);
#2963=ORIENTED_EDGE('',*,*,#2108,.F.);
#2964=ORIENTED_EDGE('',*,*,#2104,.F.);
#2965=ORIENTED_EDGE('',*,*,#2096,.T.);
#2966=ORIENTED_EDGE('',*,*,#2109,.F.);
#2967=ORIENTED_EDGE('',*,*,#2110,.T.);
#2968=ORIENTED_EDGE('',*,*,#2111,.T.);
#2969=ORIENTED_EDGE('',*,*,#2107,.T.);
#2970=ORIENTED_EDGE('',*,*,#2112,.T.);
#2971=ORIENTED_EDGE('',*,*,#2110,.F.);
#2972=ORIENTED_EDGE('',*,*,#2113,.F.);
#2973=ORIENTED_EDGE('',*,*,#2102,.T.);
#2974=ORIENTED_EDGE('',*,*,#2114,.F.);
#2975=ORIENTED_EDGE('',*,*,#2076,.T.);
#2976=ORIENTED_EDGE('',*,*,#2115,.T.);
#2977=ORIENTED_EDGE('',*,*,#2079,.T.);
#2978=ORIENTED_EDGE('',*,*,#2116,.T.);
#2979=ORIENTED_EDGE('',*,*,#2090,.T.);
#2980=ORIENTED_EDGE('',*,*,#2117,.T.);
#2981=ORIENTED_EDGE('',*,*,#2118,.T.);
#2982=ORIENTED_EDGE('',*,*,#2119,.T.);
#2983=ORIENTED_EDGE('',*,*,#2120,.T.);
#2984=ORIENTED_EDGE('',*,*,#2121,.T.);
#2985=ORIENTED_EDGE('',*,*,#2119,.F.);
#2986=ORIENTED_EDGE('',*,*,#2122,.F.);
#2987=ORIENTED_EDGE('',*,*,#2123,.F.);
#2988=ORIENTED_EDGE('',*,*,#2124,.T.);
#2989=ORIENTED_EDGE('',*,*,#2125,.T.);
#2990=ORIENTED_EDGE('',*,*,#2126,.T.);
#2991=ORIENTED_EDGE('',*,*,#2127,.T.);
#2992=ORIENTED_EDGE('',*,*,#2123,.T.);
#2993=ORIENTED_EDGE('',*,*,#2126,.F.);
#2994=ORIENTED_EDGE('',*,*,#2128,.F.);
#2995=ORIENTED_EDGE('',*,*,#2039,.T.);
#2996=ORIENTED_EDGE('',*,*,#2129,.T.);
#2997=ORIENTED_EDGE('',*,*,#2130,.T.);
#2998=ORIENTED_EDGE('',*,*,#2131,.T.);
#2999=ORIENTED_EDGE('',*,*,#2132,.T.);
#3000=ORIENTED_EDGE('',*,*,#2133,.T.);
#3001=ORIENTED_EDGE('',*,*,#2134,.T.);
#3002=ORIENTED_EDGE('',*,*,#2135,.T.);
#3003=ORIENTED_EDGE('',*,*,#2136,.T.);
#3004=ORIENTED_EDGE('',*,*,#2137,.T.);
#3005=ORIENTED_EDGE('',*,*,#2135,.F.);
#3006=ORIENTED_EDGE('',*,*,#2138,.T.);
#3007=ORIENTED_EDGE('',*,*,#2043,.F.);
#3008=ORIENTED_EDGE('',*,*,#2139,.F.);
#3009=ORIENTED_EDGE('',*,*,#2131,.F.);
#3010=ORIENTED_EDGE('',*,*,#2140,.T.);
#3011=ORIENTED_EDGE('',*,*,#2137,.F.);
#3012=ORIENTED_EDGE('',*,*,#2141,.F.);
#3013=ORIENTED_EDGE('',*,*,#2142,.T.);
#3014=ORIENTED_EDGE('',*,*,#2143,.T.);
#3015=ORIENTED_EDGE('',*,*,#2144,.T.);
#3016=ORIENTED_EDGE('',*,*,#2145,.T.);
#3017=ORIENTED_EDGE('',*,*,#2143,.F.);
#3018=ORIENTED_EDGE('',*,*,#2146,.F.);
#3019=ORIENTED_EDGE('',*,*,#2147,.F.);
#3020=ORIENTED_EDGE('',*,*,#2148,.T.);
#3021=ORIENTED_EDGE('',*,*,#2149,.T.);
#3022=ORIENTED_EDGE('',*,*,#2150,.T.);
#3023=ORIENTED_EDGE('',*,*,#2151,.T.);
#3024=ORIENTED_EDGE('',*,*,#2147,.T.);
#3025=ORIENTED_EDGE('',*,*,#2150,.F.);
#3026=ORIENTED_EDGE('',*,*,#2152,.F.);
#3027=ORIENTED_EDGE('',*,*,#2153,.F.);
#3028=ORIENTED_EDGE('',*,*,#2154,.T.);
#3029=ORIENTED_EDGE('',*,*,#2155,.T.);
#3030=ORIENTED_EDGE('',*,*,#2156,.T.);
#3031=ORIENTED_EDGE('',*,*,#2157,.T.);
#3032=ORIENTED_EDGE('',*,*,#2158,.T.);
#3033=ORIENTED_EDGE('',*,*,#2158,.F.);
#3034=ORIENTED_EDGE('',*,*,#2159,.F.);
#3035=ORIENTED_EDGE('',*,*,#2121,.F.);
#3036=ORIENTED_EDGE('',*,*,#2160,.T.);
#3037=ORIENTED_EDGE('',*,*,#2161,.T.);
#3038=ORIENTED_EDGE('',*,*,#2162,.T.);
#3039=ORIENTED_EDGE('',*,*,#2163,.T.);
#3040=ORIENTED_EDGE('',*,*,#2164,.T.);
#3041=ORIENTED_EDGE('',*,*,#2162,.F.);
#3042=ORIENTED_EDGE('',*,*,#2165,.T.);
#3043=ORIENTED_EDGE('',*,*,#2166,.F.);
#3044=ORIENTED_EDGE('',*,*,#2167,.F.);
#3045=ORIENTED_EDGE('',*,*,#2145,.F.);
#3046=ORIENTED_EDGE('',*,*,#2168,.T.);
#3047=ORIENTED_EDGE('',*,*,#2133,.F.);
#3048=ORIENTED_EDGE('',*,*,#2169,.F.);
#3049=ORIENTED_EDGE('',*,*,#2156,.F.);
#3050=ORIENTED_EDGE('',*,*,#2170,.T.);
#3051=ORIENTED_EDGE('',*,*,#2164,.F.);
#3052=ORIENTED_EDGE('',*,*,#2171,.F.);
#3053=ORIENTED_EDGE('',*,*,#2153,.T.);
#3054=ORIENTED_EDGE('',*,*,#2172,.F.);
#3055=ORIENTED_EDGE('',*,*,#2173,.F.);
#3056=ORIENTED_EDGE('',*,*,#2174,.F.);
#3057=ORIENTED_EDGE('',*,*,#2166,.T.);
#3058=ORIENTED_EDGE('',*,*,#2175,.F.);
#3059=ORIENTED_EDGE('',*,*,#2176,.F.);
#3060=ORIENTED_EDGE('',*,*,#2177,.F.);
#3061=ORIENTED_EDGE('',*,*,#2178,.T.);
#3062=ORIENTED_EDGE('',*,*,#2179,.T.);
#3063=ORIENTED_EDGE('',*,*,#2180,.T.);
#3064=ORIENTED_EDGE('',*,*,#2181,.T.);
#3065=ORIENTED_EDGE('',*,*,#2181,.F.);
#3066=ORIENTED_EDGE('',*,*,#2182,.T.);
#3067=ORIENTED_EDGE('',*,*,#2183,.F.);
#3068=ORIENTED_EDGE('',*,*,#2184,.F.);
#3069=ORIENTED_EDGE('',*,*,#2180,.F.);
#3070=ORIENTED_EDGE('',*,*,#2185,.T.);
#3071=ORIENTED_EDGE('',*,*,#2186,.F.);
#3072=ORIENTED_EDGE('',*,*,#2187,.F.);
#3073=ORIENTED_EDGE('',*,*,#2188,.F.);
#3074=ORIENTED_EDGE('',*,*,#2189,.F.);
#3075=ORIENTED_EDGE('',*,*,#2190,.F.);
#3076=ORIENTED_EDGE('',*,*,#2191,.F.);
#3077=ORIENTED_EDGE('',*,*,#2192,.F.);
#3078=ORIENTED_EDGE('',*,*,#2193,.F.);
#3079=ORIENTED_EDGE('',*,*,#2194,.F.);
#3080=ORIENTED_EDGE('',*,*,#2195,.T.);
#3081=ORIENTED_EDGE('',*,*,#2196,.F.);
#3082=ORIENTED_EDGE('',*,*,#2175,.T.);
#3083=ORIENTED_EDGE('',*,*,#2165,.F.);
#3084=ORIENTED_EDGE('',*,*,#2161,.F.);
#3085=ORIENTED_EDGE('',*,*,#2170,.F.);
#3086=ORIENTED_EDGE('',*,*,#2155,.F.);
#3087=ORIENTED_EDGE('',*,*,#2160,.F.);
#3088=ORIENTED_EDGE('',*,*,#2120,.F.);
#3089=ORIENTED_EDGE('',*,*,#2124,.F.);
#3090=ORIENTED_EDGE('',*,*,#2127,.F.);
#3091=ORIENTED_EDGE('',*,*,#2129,.F.);
#3092=ORIENTED_EDGE('',*,*,#2042,.F.);
#3093=ORIENTED_EDGE('',*,*,#2074,.T.);
#3094=ORIENTED_EDGE('',*,*,#2077,.F.);
#3095=ORIENTED_EDGE('',*,*,#2114,.T.);
#3096=ORIENTED_EDGE('',*,*,#2101,.T.);
#3097=ORIENTED_EDGE('',*,*,#2105,.T.);
#3098=ORIENTED_EDGE('',*,*,#2108,.T.);
#3099=ORIENTED_EDGE('',*,*,#2113,.T.);
#3100=ORIENTED_EDGE('',*,*,#2109,.T.);
#3101=ORIENTED_EDGE('',*,*,#2095,.T.);
#3102=ORIENTED_EDGE('',*,*,#2097,.T.);
#3103=ORIENTED_EDGE('',*,*,#2068,.T.);
#3104=ORIENTED_EDGE('',*,*,#2070,.F.);
#3105=ORIENTED_EDGE('',*,*,#2049,.T.);
#3106=ORIENTED_EDGE('',*,*,#2053,.T.);
#3107=ORIENTED_EDGE('',*,*,#2056,.T.);
#3108=ORIENTED_EDGE('',*,*,#2059,.T.);
#3109=ORIENTED_EDGE('',*,*,#2062,.T.);
#3110=ORIENTED_EDGE('',*,*,#2065,.T.);
#3111=ORIENTED_EDGE('',*,*,#2085,.T.);
#3112=ORIENTED_EDGE('',*,*,#2082,.T.);
#3113=ORIENTED_EDGE('',*,*,#2080,.T.);
#3114=ORIENTED_EDGE('',*,*,#2117,.F.);
#3115=ORIENTED_EDGE('',*,*,#2089,.T.);
#3116=ORIENTED_EDGE('',*,*,#2092,.F.);
#3117=ORIENTED_EDGE('',*,*,#2044,.F.);
#3118=ORIENTED_EDGE('',*,*,#2138,.F.);
#3119=ORIENTED_EDGE('',*,*,#2134,.F.);
#3120=ORIENTED_EDGE('',*,*,#2140,.F.);
#3121=ORIENTED_EDGE('',*,*,#2130,.F.);
#3122=ORIENTED_EDGE('',*,*,#2168,.F.);
#3123=ORIENTED_EDGE('',*,*,#2144,.F.);
#3124=ORIENTED_EDGE('',*,*,#2148,.F.);
#3125=ORIENTED_EDGE('',*,*,#2151,.F.);
#3126=ORIENTED_EDGE('',*,*,#2154,.F.);
#3127=ORIENTED_EDGE('',*,*,#2174,.T.);
#3128=ORIENTED_EDGE('',*,*,#2197,.T.);
#3129=ORIENTED_EDGE('',*,*,#2198,.F.);
#3130=ORIENTED_EDGE('',*,*,#2199,.T.);
#3131=ORIENTED_EDGE('',*,*,#2200,.F.);
#3132=ORIENTED_EDGE('',*,*,#2201,.F.);
#3133=ORIENTED_EDGE('',*,*,#2202,.F.);
#3134=ORIENTED_EDGE('',*,*,#2203,.F.);
#3135=ORIENTED_EDGE('',*,*,#2204,.F.);
#3136=ORIENTED_EDGE('',*,*,#2205,.F.);
#3137=ORIENTED_EDGE('',*,*,#2206,.F.);
#3138=ORIENTED_EDGE('',*,*,#2182,.F.);
#3139=ORIENTED_EDGE('',*,*,#2207,.T.);
#3140=ORIENTED_EDGE('',*,*,#2183,.T.);
#3141=ORIENTED_EDGE('',*,*,#2206,.T.);
#3142=ORIENTED_EDGE('',*,*,#2208,.T.);
#3143=ORIENTED_EDGE('',*,*,#2208,.F.);
#3144=ORIENTED_EDGE('',*,*,#2205,.T.);
#3145=ORIENTED_EDGE('',*,*,#2209,.F.);
#3146=ORIENTED_EDGE('',*,*,#2210,.F.);
#3147=ORIENTED_EDGE('',*,*,#2211,.T.);
#3148=ORIENTED_EDGE('',*,*,#2209,.T.);
#3149=ORIENTED_EDGE('',*,*,#2204,.T.);
#3150=ORIENTED_EDGE('',*,*,#2212,.T.);
#3151=ORIENTED_EDGE('',*,*,#2212,.F.);
#3152=ORIENTED_EDGE('',*,*,#2203,.T.);
#3153=ORIENTED_EDGE('',*,*,#2213,.F.);
#3154=ORIENTED_EDGE('',*,*,#2214,.F.);
#3155=ORIENTED_EDGE('',*,*,#2215,.T.);
#3156=ORIENTED_EDGE('',*,*,#2216,.T.);
#3157=ORIENTED_EDGE('',*,*,#2186,.T.);
#3158=ORIENTED_EDGE('',*,*,#2217,.T.);
#3159=ORIENTED_EDGE('',*,*,#2179,.F.);
#3160=ORIENTED_EDGE('',*,*,#2218,.F.);
#3161=ORIENTED_EDGE('',*,*,#2217,.F.);
#3162=ORIENTED_EDGE('',*,*,#2185,.F.);
#3163=ORIENTED_EDGE('',*,*,#2219,.T.);
#3164=ORIENTED_EDGE('',*,*,#2176,.T.);
#3165=ORIENTED_EDGE('',*,*,#2196,.T.);
#3166=ORIENTED_EDGE('',*,*,#2220,.T.);
#3167=ORIENTED_EDGE('',*,*,#2220,.F.);
#3168=ORIENTED_EDGE('',*,*,#2195,.F.);
#3169=ORIENTED_EDGE('',*,*,#2221,.T.);
#3170=ORIENTED_EDGE('',*,*,#2222,.F.);
#3171=ORIENTED_EDGE('',*,*,#2223,.T.);
#3172=ORIENTED_EDGE('',*,*,#2224,.T.);
#3173=ORIENTED_EDGE('',*,*,#2200,.T.);
#3174=ORIENTED_EDGE('',*,*,#2225,.T.);
#3175=ORIENTED_EDGE('',*,*,#2224,.F.);
#3176=ORIENTED_EDGE('',*,*,#2226,.F.);
#3177=ORIENTED_EDGE('',*,*,#2227,.F.);
#3178=ORIENTED_EDGE('',*,*,#2201,.T.);
#3179=ORIENTED_EDGE('',*,*,#2202,.T.);
#3180=ORIENTED_EDGE('',*,*,#2227,.T.);
#3181=ORIENTED_EDGE('',*,*,#2228,.T.);
#3182=ORIENTED_EDGE('',*,*,#2213,.T.);
#3183=ORIENTED_EDGE('',*,*,#2229,.T.);
#3184=ORIENTED_EDGE('',*,*,#2230,.T.);
#3185=ORIENTED_EDGE('',*,*,#2198,.T.);
#3186=ORIENTED_EDGE('',*,*,#2231,.T.);
#3187=ORIENTED_EDGE('',*,*,#2231,.F.);
#3188=ORIENTED_EDGE('',*,*,#2197,.F.);
#3189=ORIENTED_EDGE('',*,*,#2173,.T.);
#3190=ORIENTED_EDGE('',*,*,#2232,.F.);
#3191=ORIENTED_EDGE('',*,*,#2233,.T.);
#3192=ORIENTED_EDGE('',*,*,#2234,.T.);
#3193=ORIENTED_EDGE('',*,*,#2188,.T.);
#3194=ORIENTED_EDGE('',*,*,#2235,.T.);
#3195=ORIENTED_EDGE('',*,*,#2216,.F.);
#3196=ORIENTED_EDGE('',*,*,#2236,.F.);
#3197=ORIENTED_EDGE('',*,*,#2235,.F.);
#3198=ORIENTED_EDGE('',*,*,#2187,.T.);
#3199=ORIENTED_EDGE('',*,*,#2237,.T.);
#3200=ORIENTED_EDGE('',*,*,#2238,.T.);
#3201=ORIENTED_EDGE('',*,*,#2193,.T.);
#3202=ORIENTED_EDGE('',*,*,#2239,.T.);
#3203=ORIENTED_EDGE('',*,*,#2239,.F.);
#3204=ORIENTED_EDGE('',*,*,#2192,.T.);
#3205=ORIENTED_EDGE('',*,*,#2240,.F.);
#3206=ORIENTED_EDGE('',*,*,#2241,.F.);
#3207=ORIENTED_EDGE('',*,*,#2242,.T.);
#3208=ORIENTED_EDGE('',*,*,#2240,.T.);
#3209=ORIENTED_EDGE('',*,*,#2191,.T.);
#3210=ORIENTED_EDGE('',*,*,#2243,.T.);
#3211=ORIENTED_EDGE('',*,*,#2234,.F.);
#3212=ORIENTED_EDGE('',*,*,#2244,.F.);
#3213=ORIENTED_EDGE('',*,*,#2245,.F.);
#3214=ORIENTED_EDGE('',*,*,#2189,.T.);
#3215=ORIENTED_EDGE('',*,*,#2243,.F.);
#3216=ORIENTED_EDGE('',*,*,#2190,.T.);
#3217=ORIENTED_EDGE('',*,*,#2245,.T.);
#3218=ORIENTED_EDGE('',*,*,#2246,.F.);
#3219=ORIENTED_EDGE('',*,*,#2238,.F.);
#3220=ORIENTED_EDGE('',*,*,#2247,.F.);
#3221=ORIENTED_EDGE('',*,*,#2221,.F.);
#3222=ORIENTED_EDGE('',*,*,#2194,.T.);
#3223=ORIENTED_EDGE('',*,*,#2225,.F.);
#3224=ORIENTED_EDGE('',*,*,#2199,.F.);
#3225=ORIENTED_EDGE('',*,*,#2230,.F.);
#3226=ORIENTED_EDGE('',*,*,#2248,.F.);
#3227=ORIENTED_EDGE('',*,*,#2178,.F.);
#3228=ORIENTED_EDGE('',*,*,#2184,.T.);
#3229=ORIENTED_EDGE('',*,*,#2207,.F.);
#3230=ORIENTED_EDGE('',*,*,#2210,.T.);
#3231=ORIENTED_EDGE('',*,*,#2211,.F.);
#3232=ORIENTED_EDGE('',*,*,#2214,.T.);
#3233=ORIENTED_EDGE('',*,*,#2228,.F.);
#3234=ORIENTED_EDGE('',*,*,#2226,.T.);
#3235=ORIENTED_EDGE('',*,*,#2223,.F.);
#3236=ORIENTED_EDGE('',*,*,#2248,.T.);
#3237=ORIENTED_EDGE('',*,*,#2229,.F.);
#3238=ORIENTED_EDGE('',*,*,#2232,.T.);
#3239=ORIENTED_EDGE('',*,*,#2172,.T.);
#3240=ORIENTED_EDGE('',*,*,#2152,.T.);
#3241=ORIENTED_EDGE('',*,*,#2149,.F.);
#3242=ORIENTED_EDGE('',*,*,#2146,.T.);
#3243=ORIENTED_EDGE('',*,*,#2142,.F.);
#3244=ORIENTED_EDGE('',*,*,#2169,.T.);
#3245=ORIENTED_EDGE('',*,*,#2132,.F.);
#3246=ORIENTED_EDGE('',*,*,#2141,.T.);
#3247=ORIENTED_EDGE('',*,*,#2136,.F.);
#3248=ORIENTED_EDGE('',*,*,#2139,.T.);
#3249=ORIENTED_EDGE('',*,*,#2046,.F.);
#3250=ORIENTED_EDGE('',*,*,#2091,.F.);
#3251=ORIENTED_EDGE('',*,*,#2087,.T.);
#3252=ORIENTED_EDGE('',*,*,#2116,.F.);
#3253=ORIENTED_EDGE('',*,*,#2078,.T.);
#3254=ORIENTED_EDGE('',*,*,#2084,.F.);
#3255=ORIENTED_EDGE('',*,*,#2086,.T.);
#3256=ORIENTED_EDGE('',*,*,#2063,.F.);
#3257=ORIENTED_EDGE('',*,*,#2060,.T.);
#3258=ORIENTED_EDGE('',*,*,#2057,.F.);
#3259=ORIENTED_EDGE('',*,*,#2054,.T.);
#3260=ORIENTED_EDGE('',*,*,#2051,.F.);
#3261=ORIENTED_EDGE('',*,*,#2047,.T.);
#3262=ORIENTED_EDGE('',*,*,#2071,.F.);
#3263=ORIENTED_EDGE('',*,*,#2066,.T.);
#3264=ORIENTED_EDGE('',*,*,#2098,.F.);
#3265=ORIENTED_EDGE('',*,*,#2093,.T.);
#3266=ORIENTED_EDGE('',*,*,#2111,.F.);
#3267=ORIENTED_EDGE('',*,*,#2112,.F.);
#3268=ORIENTED_EDGE('',*,*,#2106,.T.);
#3269=ORIENTED_EDGE('',*,*,#2103,.F.);
#3270=ORIENTED_EDGE('',*,*,#2099,.T.);
#3271=ORIENTED_EDGE('',*,*,#2115,.F.);
#3272=ORIENTED_EDGE('',*,*,#2075,.F.);
#3273=ORIENTED_EDGE('',*,*,#2072,.T.);
#3274=ORIENTED_EDGE('',*,*,#2040,.F.);
#3275=ORIENTED_EDGE('',*,*,#2128,.T.);
#3276=ORIENTED_EDGE('',*,*,#2125,.F.);
#3277=ORIENTED_EDGE('',*,*,#2122,.T.);
#3278=ORIENTED_EDGE('',*,*,#2118,.F.);
#3279=ORIENTED_EDGE('',*,*,#2159,.T.);
#3280=ORIENTED_EDGE('',*,*,#2157,.F.);
#3281=ORIENTED_EDGE('',*,*,#2171,.T.);
#3282=ORIENTED_EDGE('',*,*,#2163,.F.);
#3283=ORIENTED_EDGE('',*,*,#2167,.T.);
#3284=ORIENTED_EDGE('',*,*,#2177,.T.);
#3285=ORIENTED_EDGE('',*,*,#2219,.F.);
#3286=ORIENTED_EDGE('',*,*,#2222,.T.);
#3287=ORIENTED_EDGE('',*,*,#2247,.T.);
#3288=ORIENTED_EDGE('',*,*,#2237,.F.);
#3289=ORIENTED_EDGE('',*,*,#2241,.T.);
#3290=ORIENTED_EDGE('',*,*,#2242,.F.);
#3291=ORIENTED_EDGE('',*,*,#2246,.T.);
#3292=ORIENTED_EDGE('',*,*,#2244,.T.);
#3293=ORIENTED_EDGE('',*,*,#2233,.F.);
#3294=ORIENTED_EDGE('',*,*,#2236,.T.);
#3295=ORIENTED_EDGE('',*,*,#2215,.F.);
#3296=ORIENTED_EDGE('',*,*,#2218,.T.);
#3297=PLANE('',#3612);
#3298=PLANE('',#3613);
#3299=PLANE('',#3614);
#3300=PLANE('',#3615);
#3301=PLANE('',#3616);
#3302=PLANE('',#3617);
#3303=PLANE('',#3618);
#3304=PLANE('',#3619);
#3305=PLANE('',#3620);
#3306=PLANE('',#3621);
#3307=PLANE('',#3622);
#3308=PLANE('',#3623);
#3309=PLANE('',#3624);
#3310=PLANE('',#3625);
#3311=PLANE('',#3626);
#3312=PLANE('',#3627);
#3313=PLANE('',#3628);
#3314=PLANE('',#3629);
#3315=PLANE('',#3630);
#3316=PLANE('',#3631);
#3317=PLANE('',#3635);
#3318=PLANE('',#3645);
#3319=PLANE('',#3646);
#3320=PLANE('',#3647);
#3321=PLANE('',#3648);
#3322=PLANE('',#3649);
#3323=PLANE('',#3650);
#3324=PLANE('',#3651);
#3325=PLANE('',#3652);
#3326=PLANE('',#3653);
#3327=PLANE('',#3654);
#3328=PLANE('',#3655);
#3329=PLANE('',#3656);
#3330=PLANE('',#3657);
#3331=PLANE('',#3658);
#3332=PLANE('',#3659);
#3333=PLANE('',#3660);
#3334=PLANE('',#3661);
#3335=PLANE('',#3662);
#3336=PLANE('',#3663);
#3337=PLANE('',#3664);
#3338=PLANE('',#3665);
#3339=PLANE('',#3666);
#3340=PLANE('',#3667);
#3341=PLANE('',#3668);
#3342=PLANE('',#3669);
#3343=PLANE('',#3670);
#3344=PLANE('',#3671);
#3345=PLANE('',#3675);
#3346=PLANE('',#3676);
#3347=PLANE('',#3682);
#3348=PLANE('',#3685);
#3349=PLANE('',#3688);
#3350=PLANE('',#3689);
#3351=PLANE('',#3690);
#3352=PLANE('',#3691);
#3353=PLANE('',#3692);
#3354=PLANE('',#3693);
#3355=PLANE('',#3694);
#3356=PLANE('',#3695);
#3357=PLANE('',#3696);
#3358=PLANE('',#3697);
#3359=PLANE('',#3698);
#3360=PLANE('',#3699);
#3361=PLANE('',#3700);
#3362=PLANE('',#3701);
#3363=PLANE('',#3702);
#3364=PLANE('',#3703);
#3365=PLANE('',#3704);
#3366=PLANE('',#3705);
#3367=PLANE('',#3706);
#3368=PLANE('',#3707);
#3369=PLANE('',#3708);
#3370=PLANE('',#3709);
#3371=PLANE('',#3710);
#3372=PLANE('',#3711);
#3373=PLANE('',#3712);
#3374=PLANE('',#3713);
#3375=PLANE('',#3717);
#3376=PLANE('',#3721);
#3377=PLANE('',#3725);
#3378=PLANE('',#3729);
#3379=PLANE('',#3733);
#3380=PLANE('',#3737);
#3381=PLANE('',#3744);
#3382=PLANE('',#3748);
#3383=PLANE('',#3752);
#3384=PLANE('',#3756);
#3385=PLANE('',#3757);
#3386=PLANE('',#3758);
#3387=PLANE('',#3759);
#3388=PLANE('',#3763);
#3389=PLANE('',#3767);
#3390=PLANE('',#3774);
#3391=PLANE('',#3775);
#3392=PLANE('',#3779);
#3393=PLANE('',#3783);
#3394=PLANE('',#3787);
#3395=PLANE('',#3791);
#3396=PLANE('',#3792);
#3397=PLANE('',#3793);
#3398=PLANE('',#3794);
#3399=PLANE('',#3795);
#3400=PLANE('',#3799);
#3401=PLANE('',#3800);
#3402=PLANE('',#3813);
#3403=PLANE('',#3816);
#3404=PLANE('',#3819);
#3405=PLANE('',#3822);
#3406=PLANE('',#3825);
#3407=PLANE('',#3830);
#3408=PLANE('',#3833);
#3409=PLANE('',#3836);
#3410=PLANE('',#3839);
#3411=PLANE('',#3840);
#3412=PLANE('',#3841);
#3413=PLANE('',#3842);
#3414=PLANE('',#3843);
#3415=ADVANCED_FACE('',(#215),#3297,.T.);
#3416=ADVANCED_FACE('',(#216),#189,.T.);
#3417=ADVANCED_FACE('',(#217),#190,.T.);
#3418=ADVANCED_FACE('',(#218),#191,.T.);
#3419=ADVANCED_FACE('',(#219),#192,.T.);
#3420=ADVANCED_FACE('',(#220),#193,.T.);
#3421=ADVANCED_FACE('',(#221),#194,.T.);
#3422=ADVANCED_FACE('',(#222),#3298,.T.);
#3423=ADVANCED_FACE('',(#223),#3299,.T.);
#3424=ADVANCED_FACE('',(#224),#3300,.T.);
#3425=ADVANCED_FACE('',(#225),#3301,.T.);
#3426=ADVANCED_FACE('',(#226),#3302,.T.);
#3427=ADVANCED_FACE('',(#227),#195,.T.);
#3428=ADVANCED_FACE('',(#228),#196,.T.);
#3429=ADVANCED_FACE('',(#229),#197,.T.);
#3430=ADVANCED_FACE('',(#230),#198,.T.);
#3431=ADVANCED_FACE('',(#231),#199,.T.);
#3432=ADVANCED_FACE('',(#232),#200,.T.);
#3433=ADVANCED_FACE('',(#233),#3303,.T.);
#3434=ADVANCED_FACE('',(#234),#3304,.T.);
#3435=ADVANCED_FACE('',(#235),#3305,.T.);
#3436=ADVANCED_FACE('',(#236),#3306,.T.);
#3437=ADVANCED_FACE('',(#237),#201,.T.);
#3438=ADVANCED_FACE('',(#238),#202,.T.);
#3439=ADVANCED_FACE('',(#239),#203,.T.);
#3440=ADVANCED_FACE('',(#240),#204,.T.);
#3441=ADVANCED_FACE('',(#241),#205,.T.);
#3442=ADVANCED_FACE('',(#242),#206,.T.);
#3443=ADVANCED_FACE('',(#243),#207,.T.);
#3444=ADVANCED_FACE('',(#244),#3307,.T.);
#3445=ADVANCED_FACE('',(#245),#208,.T.);
#3446=ADVANCED_FACE('',(#246),#209,.T.);
#3447=ADVANCED_FACE('',(#247),#210,.T.);
#3448=ADVANCED_FACE('',(#248),#211,.T.);
#3449=ADVANCED_FACE('',(#249),#212,.T.);
#3450=ADVANCED_FACE('',(#250),#213,.T.);
#3451=ADVANCED_FACE('',(#251),#214,.T.);
#3452=ADVANCED_FACE('',(#252),#3308,.T.);
#3453=ADVANCED_FACE('',(#253),#3309,.T.);
#3454=ADVANCED_FACE('',(#254),#3310,.T.);
#3455=ADVANCED_FACE('',(#255),#3311,.T.);
#3456=ADVANCED_FACE('',(#256),#3312,.T.);
#3457=ADVANCED_FACE('',(#257),#3313,.T.);
#3458=ADVANCED_FACE('',(#258),#3314,.T.);
#3459=ADVANCED_FACE('',(#259),#3315,.T.);
#3460=ADVANCED_FACE('',(#260),#3316,.T.);
#3461=ADVANCED_FACE('',(#261),#99,.T.);
#3462=ADVANCED_FACE('',(#262),#3317,.T.);
#3463=ADVANCED_FACE('',(#263),#100,.T.);
#3464=ADVANCED_FACE('',(#264),#101,.F.);
#3465=ADVANCED_FACE('',(#265),#102,.F.);
#3466=ADVANCED_FACE('',(#266),#3318,.T.);
#3467=ADVANCED_FACE('',(#267),#3319,.T.);
#3468=ADVANCED_FACE('',(#268),#3320,.T.);
#3469=ADVANCED_FACE('',(#269),#3321,.T.);
#3470=ADVANCED_FACE('',(#270),#3322,.T.);
#3471=ADVANCED_FACE('',(#271),#3323,.T.);
#3472=ADVANCED_FACE('',(#272),#3324,.F.);
#3473=ADVANCED_FACE('',(#273),#3325,.T.);
#3474=ADVANCED_FACE('',(#274),#3326,.T.);
#3475=ADVANCED_FACE('',(#275),#3327,.T.);
#3476=ADVANCED_FACE('',(#276),#3328,.F.);
#3477=ADVANCED_FACE('',(#277),#3329,.T.);
#3478=ADVANCED_FACE('',(#278),#3330,.T.);
#3479=ADVANCED_FACE('',(#279),#3331,.T.);
#3480=ADVANCED_FACE('',(#280),#3332,.T.);
#3481=ADVANCED_FACE('',(#281),#3333,.T.);
#3482=ADVANCED_FACE('',(#282),#3334,.F.);
#3483=ADVANCED_FACE('',(#283),#3335,.F.);
#3484=ADVANCED_FACE('',(#284),#3336,.F.);
#3485=ADVANCED_FACE('',(#285),#3337,.T.);
#3486=ADVANCED_FACE('',(#286),#3338,.F.);
#3487=ADVANCED_FACE('',(#287),#3339,.F.);
#3488=ADVANCED_FACE('',(#288),#3340,.F.);
#3489=ADVANCED_FACE('',(#289),#3341,.F.);
#3490=ADVANCED_FACE('',(#290),#3342,.F.);
#3491=ADVANCED_FACE('',(#291),#3343,.F.);
#3492=ADVANCED_FACE('',(#292,#17),#3344,.T.);
#3493=ADVANCED_FACE('',(#293),#103,.T.);
#3494=ADVANCED_FACE('',(#294),#3345,.F.);
#3495=ADVANCED_FACE('',(#295,#18,#19,#20),#3346,.T.);
#3496=ADVANCED_FACE('',(#296),#104,.T.);
#3497=ADVANCED_FACE('',(#297),#3347,.T.);
#3498=ADVANCED_FACE('',(#298),#105,.F.);
#3499=ADVANCED_FACE('',(#299),#3348,.F.);
#3500=ADVANCED_FACE('',(#300),#106,.F.);
#3501=ADVANCED_FACE('',(#301),#3349,.F.);
#3502=ADVANCED_FACE('',(#302),#3350,.F.);
#3503=ADVANCED_FACE('',(#303,#21,#22),#3351,.F.);
#3504=ADVANCED_FACE('',(#304),#3352,.F.);
#3505=ADVANCED_FACE('',(#305),#3353,.F.);
#3506=ADVANCED_FACE('',(#306),#3354,.F.);
#3507=ADVANCED_FACE('',(#307),#3355,.F.);
#3508=ADVANCED_FACE('',(#308),#3356,.F.);
#3509=ADVANCED_FACE('',(#309),#3357,.T.);
#3510=ADVANCED_FACE('',(#310),#3358,.F.);
#3511=ADVANCED_FACE('',(#311),#3359,.F.);
#3512=ADVANCED_FACE('',(#312),#3360,.F.);
#3513=ADVANCED_FACE('',(#313),#3361,.T.);
#3514=ADVANCED_FACE('',(#314),#3362,.T.);
#3515=ADVANCED_FACE('',(#315),#3363,.T.);
#3516=ADVANCED_FACE('',(#316),#3364,.T.);
#3517=ADVANCED_FACE('',(#317),#3365,.F.);
#3518=ADVANCED_FACE('',(#318),#3366,.F.);
#3519=ADVANCED_FACE('',(#319),#3367,.F.);
#3520=ADVANCED_FACE('',(#320),#3368,.F.);
#3521=ADVANCED_FACE('',(#321),#3369,.F.);
#3522=ADVANCED_FACE('',(#322),#3370,.T.);
#3523=ADVANCED_FACE('',(#323),#3371,.T.);
#3524=ADVANCED_FACE('',(#324),#3372,.T.);
#3525=ADVANCED_FACE('',(#325),#3373,.F.);
#3526=ADVANCED_FACE('',(#326),#3374,.F.);
#3527=ADVANCED_FACE('',(#327),#107,.T.);
#3528=ADVANCED_FACE('',(#328),#3375,.F.);
#3529=ADVANCED_FACE('',(#329),#108,.T.);
#3530=ADVANCED_FACE('',(#330),#3376,.F.);
#3531=ADVANCED_FACE('',(#331),#109,.T.);
#3532=ADVANCED_FACE('',(#332),#3377,.F.);
#3533=ADVANCED_FACE('',(#333),#110,.T.);
#3534=ADVANCED_FACE('',(#334),#3378,.F.);
#3535=ADVANCED_FACE('',(#335),#111,.T.);
#3536=ADVANCED_FACE('',(#336),#3379,.F.);
#3537=ADVANCED_FACE('',(#337),#112,.T.);
#3538=ADVANCED_FACE('',(#338),#3380,.F.);
#3539=ADVANCED_FACE('',(#339),#113,.F.);
#3540=ADVANCED_FACE('',(#340),#114,.T.);
#3541=ADVANCED_FACE('',(#341),#3381,.F.);
#3542=ADVANCED_FACE('',(#342),#115,.T.);
#3543=ADVANCED_FACE('',(#343),#3382,.F.);
#3544=ADVANCED_FACE('',(#344),#116,.T.);
#3545=ADVANCED_FACE('',(#345),#3383,.F.);
#3546=ADVANCED_FACE('',(#346),#117,.T.);
#3547=ADVANCED_FACE('',(#347),#3384,.F.);
#3548=ADVANCED_FACE('',(#348),#3385,.F.);
#3549=ADVANCED_FACE('',(#349),#3386,.F.);
#3550=ADVANCED_FACE('',(#350),#3387,.F.);
#3551=ADVANCED_FACE('',(#351),#118,.F.);
#3552=ADVANCED_FACE('',(#352),#3388,.T.);
#3553=ADVANCED_FACE('',(#353),#119,.F.);
#3554=ADVANCED_FACE('',(#354),#3389,.T.);
#3555=ADVANCED_FACE('',(#355),#120,.T.);
#3556=ADVANCED_FACE('',(#356),#121,.T.);
#3557=ADVANCED_FACE('',(#357),#3390,.T.);
#3558=ADVANCED_FACE('',(#358),#3391,.T.);
#3559=ADVANCED_FACE('',(#359),#122,.F.);
#3560=ADVANCED_FACE('',(#360),#3392,.T.);
#3561=ADVANCED_FACE('',(#361),#123,.F.);
#3562=ADVANCED_FACE('',(#362),#3393,.T.);
#3563=ADVANCED_FACE('',(#363),#124,.T.);
#3564=ADVANCED_FACE('',(#364),#3394,.T.);
#3565=ADVANCED_FACE('',(#365),#125,.T.);
#3566=ADVANCED_FACE('',(#366),#3395,.T.);
#3567=ADVANCED_FACE('',(#367),#3396,.T.);
#3568=ADVANCED_FACE('',(#368),#3397,.T.);
#3569=ADVANCED_FACE('',(#369),#3398,.T.);
#3570=ADVANCED_FACE('',(#370),#3399,.T.);
#3571=ADVANCED_FACE('',(#371),#126,.T.);
#3572=ADVANCED_FACE('',(#372),#3400,.T.);
#3573=ADVANCED_FACE('',(#373),#3401,.F.);
#3574=ADVANCED_FACE('',(#374),#127,.T.);
#3575=ADVANCED_FACE('',(#375),#3402,.T.);
#3576=ADVANCED_FACE('',(#376),#128,.T.);
#3577=ADVANCED_FACE('',(#377),#3403,.T.);
#3578=ADVANCED_FACE('',(#378),#129,.T.);
#3579=ADVANCED_FACE('',(#379),#3404,.T.);
#3580=ADVANCED_FACE('',(#380),#130,.T.);
#3581=ADVANCED_FACE('',(#381),#3405,.T.);
#3582=ADVANCED_FACE('',(#382),#131,.T.);
#3583=ADVANCED_FACE('',(#383),#3406,.T.);
#3584=ADVANCED_FACE('',(#384),#132,.F.);
#3585=ADVANCED_FACE('',(#385),#133,.T.);
#3586=ADVANCED_FACE('',(#386),#3407,.T.);
#3587=ADVANCED_FACE('',(#387),#134,.T.);
#3588=ADVANCED_FACE('',(#388),#3408,.T.);
#3589=ADVANCED_FACE('',(#389),#135,.T.);
#3590=ADVANCED_FACE('',(#390),#3409,.T.);
#3591=ADVANCED_FACE('',(#391),#136,.T.);
#3592=ADVANCED_FACE('',(#392),#3410,.T.);
#3593=ADVANCED_FACE('',(#393),#3411,.T.);
#3594=ADVANCED_FACE('',(#394),#3412,.T.);
#3595=ADVANCED_FACE('',(#395),#3413,.T.);
#3596=ADVANCED_FACE('',(#396),#3414,.T.);
#3597=CLOSED_SHELL('',(#3415,#3416,#3417,#3418,#3419,#3420,#3421,#3422,
#3423,#3424,#3425,#3426,#3427,#3428,#3429,#3430,#3431,#3432,#3433,#3434,
#3435,#3436,#3437,#3438,#3439,#3440,#3441,#3442,#3443,#3444,#3445,#3446,
#3447,#3448,#3449,#3450,#3451,#3452,#3453,#3454,#3455,#3456,#3457,#3458,
#3459,#3460,#3461,#3462,#3463,#3464,#3465,#3466,#3467,#3468,#3469,#3470,
#3471,#3472,#3473,#3474,#3475,#3476,#3477,#3478,#3479,#3480,#3481,#3482,
#3483,#3484,#3485,#3486,#3487,#3488,#3489,#3490,#3491,#3492,#3493,#3494,
#3495,#3496,#3497,#3498,#3499,#3500,#3501,#3502,#3503,#3504,#3505,#3506,
#3507,#3508,#3509,#3510,#3511,#3512,#3513,#3514,#3515,#3516,#3517,#3518,
#3519,#3520,#3521,#3522,#3523,#3524));
#3598=CLOSED_SHELL('',(#3525,#3526,#3527,#3528,#3529,#3530,#3531,#3532,
#3533,#3534,#3535,#3536,#3537,#3538,#3539,#3540,#3541,#3542,#3543,#3544,
#3545,#3546,#3547,#3548,#3549,#3550,#3551,#3552,#3553,#3554,#3555,#3556,
#3557,#3558,#3559,#3560,#3561,#3562,#3563,#3564,#3565,#3566,#3567,#3568,
#3569,#3570,#3571,#3572,#3573,#3574,#3575,#3576,#3577,#3578,#3579,#3580,
#3581,#3582,#3583,#3584,#3585,#3586,#3587,#3588,#3589,#3590,#3591,#3592,
#3593,#3594,#3595,#3596));
#3599=DERIVED_UNIT_ELEMENT(#3601,1.);
#3600=DERIVED_UNIT_ELEMENT(#6208,-3.);
#3601=(
MASS_UNIT()
NAMED_UNIT(*)
SI_UNIT(.KILO.,.GRAM.)
);
#3602=DERIVED_UNIT((#3599,#3600));
#3603=MEASURE_REPRESENTATION_ITEM('density measure',
POSITIVE_RATIO_MEASURE(7850.),#3602);
#3604=PROPERTY_DEFINITION_REPRESENTATION(#3609,#3606);
#3605=PROPERTY_DEFINITION_REPRESENTATION(#3610,#3607);
#3606=REPRESENTATION('material name',(#3608),#6205);
#3607=REPRESENTATION('density',(#3603),#6205);
#3608=DESCRIPTIVE_REPRESENTATION_ITEM('Steel','Steel');
#3609=PROPERTY_DEFINITION('material property','material name',#6215);
#3610=PROPERTY_DEFINITION('material property','density of part',#6215);
#3611=AXIS2_PLACEMENT_3D('placement',#4706,#3844,#3845);
#3612=AXIS2_PLACEMENT_3D('',#4707,#3846,#3847);
#3613=AXIS2_PLACEMENT_3D('',#4854,#3858,#3859);
#3614=AXIS2_PLACEMENT_3D('',#4860,#3863,#3864);
#3615=AXIS2_PLACEMENT_3D('',#4866,#3868,#3869);
#3616=AXIS2_PLACEMENT_3D('',#4872,#3873,#3874);
#3617=AXIS2_PLACEMENT_3D('',#4878,#3878,#3879);
#3618=AXIS2_PLACEMENT_3D('',#5019,#3888,#3889);
#3619=AXIS2_PLACEMENT_3D('',#5020,#3890,#3891);
#3620=AXIS2_PLACEMENT_3D('',#5029,#3896,#3897);
#3621=AXIS2_PLACEMENT_3D('',#5035,#3901,#3902);
#3622=AXIS2_PLACEMENT_3D('',#5202,#3913,#3914);
#3623=AXIS2_PLACEMENT_3D('',#5369,#3925,#3926);
#3624=AXIS2_PLACEMENT_3D('',#5375,#3930,#3931);
#3625=AXIS2_PLACEMENT_3D('',#5378,#3934,#3935);
#3626=AXIS2_PLACEMENT_3D('',#5379,#3936,#3937);
#3627=AXIS2_PLACEMENT_3D('',#5388,#3942,#3943);
#3628=AXIS2_PLACEMENT_3D('',#5398,#3949,#3950);
#3629=AXIS2_PLACEMENT_3D('',#5404,#3954,#3955);
#3630=AXIS2_PLACEMENT_3D('',#5410,#3959,#3960);
#3631=AXIS2_PLACEMENT_3D('',#5417,#3965,#3966);
#3632=AXIS2_PLACEMENT_3D('',#5423,#3970,#3971);
#3633=AXIS2_PLACEMENT_3D('',#5426,#3972,#3973);
#3634=AXIS2_PLACEMENT_3D('',#5430,#3975,#3976);
#3635=AXIS2_PLACEMENT_3D('',#5432,#3978,#3979);
#3636=AXIS2_PLACEMENT_3D('',#5442,#3985,#3986);
#3637=AXIS2_PLACEMENT_3D('',#5445,#3987,#3988);
#3638=AXIS2_PLACEMENT_3D('',#5449,#3990,#3991);
#3639=AXIS2_PLACEMENT_3D('',#5451,#3993,#3994);
#3640=AXIS2_PLACEMENT_3D('',#5454,#3995,#3996);
#3641=AXIS2_PLACEMENT_3D('',#5458,#3998,#3999);
#3642=AXIS2_PLACEMENT_3D('',#5460,#4001,#4002);
#3643=AXIS2_PLACEMENT_3D('',#5463,#4003,#4004);
#3644=AXIS2_PLACEMENT_3D('',#5467,#4006,#4007);
#3645=AXIS2_PLACEMENT_3D('',#5469,#4009,#4010);
#3646=AXIS2_PLACEMENT_3D('',#5472,#4013,#4014);
#3647=AXIS2_PLACEMENT_3D('',#5481,#4019,#4020);
#3648=AXIS2_PLACEMENT_3D('',#5487,#4024,#4025);
#3649=AXIS2_PLACEMENT_3D('',#5495,#4030,#4031);
#3650=AXIS2_PLACEMENT_3D('',#5499,#4034,#4035);
#3651=AXIS2_PLACEMENT_3D('',#5507,#4040,#4041);
#3652=AXIS2_PLACEMENT_3D('',#5511,#4044,#4045);
#3653=AXIS2_PLACEMENT_3D('',#5519,#4050,#4051);
#3654=AXIS2_PLACEMENT_3D('',#5522,#4054,#4055);
#3655=AXIS2_PLACEMENT_3D('',#5528,#4059,#4060);
#3656=AXIS2_PLACEMENT_3D('',#5531,#4063,#4064);
#3657=AXIS2_PLACEMENT_3D('',#5540,#4069,#4070);
#3658=AXIS2_PLACEMENT_3D('',#5548,#4075,#4076);
#3659=AXIS2_PLACEMENT_3D('',#5551,#4079,#4080);
#3660=AXIS2_PLACEMENT_3D('',#5560,#4085,#4086);
#3661=AXIS2_PLACEMENT_3D('',#5563,#4089,#4090);
#3662=AXIS2_PLACEMENT_3D('',#5565,#4092,#4093);
#3663=AXIS2_PLACEMENT_3D('',#5574,#4098,#4099);
#3664=AXIS2_PLACEMENT_3D('',#5584,#4105,#4106);
#3665=AXIS2_PLACEMENT_3D('',#5593,#4112,#4113);
#3666=AXIS2_PLACEMENT_3D('',#5597,#4116,#4117);
#3667=AXIS2_PLACEMENT_3D('',#5599,#4119,#4120);
#3668=AXIS2_PLACEMENT_3D('',#5605,#4124,#4125);
#3669=AXIS2_PLACEMENT_3D('',#5610,#4129,#4130);
#3670=AXIS2_PLACEMENT_3D('',#5614,#4133,#4134);
#3671=AXIS2_PLACEMENT_3D('',#5616,#4136,#4137);
#3672=AXIS2_PLACEMENT_3D('',#5642,#4151,#4152);
#3673=AXIS2_PLACEMENT_3D('',#5645,#4153,#4154);
#3674=AXIS2_PLACEMENT_3D('',#5649,#4156,#4157);
#3675=AXIS2_PLACEMENT_3D('',#5651,#4159,#4160);
#3676=AXIS2_PLACEMENT_3D('',#5661,#4166,#4167);
#3677=AXIS2_PLACEMENT_3D('',#5665,#4169,#4170);
#3678=AXIS2_PLACEMENT_3D('',#5679,#4178,#4179);
#3679=AXIS2_PLACEMENT_3D('',#5682,#4181,#4182);
#3680=AXIS2_PLACEMENT_3D('',#5683,#4183,#4184);
#3681=AXIS2_PLACEMENT_3D('',#5687,#4186,#4187);
#3682=AXIS2_PLACEMENT_3D('',#5689,#4189,#4190);
#3683=AXIS2_PLACEMENT_3D('',#5691,#4192,#4193);
#3684=AXIS2_PLACEMENT_3D('',#5694,#4194,#4195);
#3685=AXIS2_PLACEMENT_3D('',#5697,#4198,#4199);
#3686=AXIS2_PLACEMENT_3D('',#5699,#4201,#4202);
#3687=AXIS2_PLACEMENT_3D('',#5702,#4203,#4204);
#3688=AXIS2_PLACEMENT_3D('',#5705,#4207,#4208);
#3689=AXIS2_PLACEMENT_3D('',#5707,#4210,#4211);
#3690=AXIS2_PLACEMENT_3D('',#5709,#4213,#4214);
#3691=AXIS2_PLACEMENT_3D('',#5710,#4215,#4216);
#3692=AXIS2_PLACEMENT_3D('',#5719,#4221,#4222);
#3693=AXIS2_PLACEMENT_3D('',#5722,#4225,#4226);
#3694=AXIS2_PLACEMENT_3D('',#5727,#4230,#4231);
#3695=AXIS2_PLACEMENT_3D('',#5731,#4234,#4235);
#3696=AXIS2_PLACEMENT_3D('',#5737,#4239,#4240);
#3697=AXIS2_PLACEMENT_3D('',#5741,#4243,#4244);
#3698=AXIS2_PLACEMENT_3D('',#5744,#4247,#4248);
#3699=AXIS2_PLACEMENT_3D('',#5746,#4250,#4251);
#3700=AXIS2_PLACEMENT_3D('',#5748,#4253,#4254);
#3701=AXIS2_PLACEMENT_3D('',#5754,#4258,#4259);
#3702=AXIS2_PLACEMENT_3D('',#5755,#4260,#4261);
#3703=AXIS2_PLACEMENT_3D('',#5757,#4263,#4264);
#3704=AXIS2_PLACEMENT_3D('',#5767,#4270,#4271);
#3705=AXIS2_PLACEMENT_3D('',#5770,#4274,#4275);
#3706=AXIS2_PLACEMENT_3D('',#5773,#4278,#4279);
#3707=AXIS2_PLACEMENT_3D('',#5774,#4280,#4281);
#3708=AXIS2_PLACEMENT_3D('',#5777,#4284,#4285);
#3709=AXIS2_PLACEMENT_3D('',#5778,#4286,#4287);
#3710=AXIS2_PLACEMENT_3D('',#5779,#4288,#4289);
#3711=AXIS2_PLACEMENT_3D('',#5780,#4290,#4291);
#3712=AXIS2_PLACEMENT_3D('',#5781,#4292,#4293);
#3713=AXIS2_PLACEMENT_3D('',#5790,#4298,#4299);
#3714=AXIS2_PLACEMENT_3D('',#5799,#4304,#4305);
#3715=AXIS2_PLACEMENT_3D('',#5802,#4306,#4307);
#3716=AXIS2_PLACEMENT_3D('',#5806,#4309,#4310);
#3717=AXIS2_PLACEMENT_3D('',#5808,#4312,#4313);
#3718=AXIS2_PLACEMENT_3D('',#5814,#4317,#4318);
#3719=AXIS2_PLACEMENT_3D('',#5816,#4319,#4320);
#3720=AXIS2_PLACEMENT_3D('',#5819,#4322,#4323);
#3721=AXIS2_PLACEMENT_3D('',#5820,#4324,#4325);
#3722=AXIS2_PLACEMENT_3D('',#5826,#4329,#4330);
#3723=AXIS2_PLACEMENT_3D('',#5828,#4331,#4332);
#3724=AXIS2_PLACEMENT_3D('',#5831,#4334,#4335);
#3725=AXIS2_PLACEMENT_3D('',#5832,#4336,#4337);
#3726=AXIS2_PLACEMENT_3D('',#5838,#4341,#4342);
#3727=AXIS2_PLACEMENT_3D('',#5841,#4343,#4344);
#3728=AXIS2_PLACEMENT_3D('',#5845,#4346,#4347);
#3729=AXIS2_PLACEMENT_3D('',#5847,#4349,#4350);
#3730=AXIS2_PLACEMENT_3D('',#5850,#4353,#4354);
#3731=AXIS2_PLACEMENT_3D('',#5852,#4355,#4356);
#3732=AXIS2_PLACEMENT_3D('',#5855,#4358,#4359);
#3733=AXIS2_PLACEMENT_3D('',#5856,#4360,#4361);
#3734=AXIS2_PLACEMENT_3D('',#5862,#4365,#4366);
#3735=AXIS2_PLACEMENT_3D('',#5865,#4367,#4368);
#3736=AXIS2_PLACEMENT_3D('',#5869,#4370,#4371);
#3737=AXIS2_PLACEMENT_3D('',#5871,#4373,#4374);
#3738=AXIS2_PLACEMENT_3D('',#5877,#4378,#4379);
#3739=AXIS2_PLACEMENT_3D('',#5878,#4380,#4381);
#3740=AXIS2_PLACEMENT_3D('',#5879,#4382,#4383);
#3741=AXIS2_PLACEMENT_3D('',#5880,#4384,#4385);
#3742=AXIS2_PLACEMENT_3D('',#5883,#4386,#4387);
#3743=AXIS2_PLACEMENT_3D('',#5887,#4389,#4390);
#3744=AXIS2_PLACEMENT_3D('',#5889,#4392,#4393);
#3745=AXIS2_PLACEMENT_3D('',#5892,#4396,#4397);
#3746=AXIS2_PLACEMENT_3D('',#5895,#4398,#4399);
#3747=AXIS2_PLACEMENT_3D('',#5899,#4401,#4402);
#3748=AXIS2_PLACEMENT_3D('',#5901,#4404,#4405);
#3749=AXIS2_PLACEMENT_3D('',#5904,#4408,#4409);
#3750=AXIS2_PLACEMENT_3D('',#5907,#4410,#4411);
#3751=AXIS2_PLACEMENT_3D('',#5911,#4413,#4414);
#3752=AXIS2_PLACEMENT_3D('',#5913,#4416,#4417);
#3753=AXIS2_PLACEMENT_3D('',#5919,#4421,#4422);
#3754=AXIS2_PLACEMENT_3D('',#5921,#4423,#4424);
#3755=AXIS2_PLACEMENT_3D('',#5924,#4426,#4427);
#3756=AXIS2_PLACEMENT_3D('',#5925,#4428,#4429);
#3757=AXIS2_PLACEMENT_3D('',#5931,#4433,#4434);
#3758=AXIS2_PLACEMENT_3D('',#5934,#4437,#4438);
#3759=AXIS2_PLACEMENT_3D('',#5937,#4441,#4442);
#3760=AXIS2_PLACEMENT_3D('',#5940,#4445,#4446);
#3761=AXIS2_PLACEMENT_3D('',#5943,#4447,#4448);
#3762=AXIS2_PLACEMENT_3D('',#5947,#4450,#4451);
#3763=AXIS2_PLACEMENT_3D('',#5949,#4453,#4454);
#3764=AXIS2_PLACEMENT_3D('',#5955,#4458,#4459);
#3765=AXIS2_PLACEMENT_3D('',#5957,#4460,#4461);
#3766=AXIS2_PLACEMENT_3D('',#5960,#4463,#4464);
#3767=AXIS2_PLACEMENT_3D('',#5961,#4465,#4466);
#3768=AXIS2_PLACEMENT_3D('',#5964,#4469,#4470);
#3769=AXIS2_PLACEMENT_3D('',#5967,#4471,#4472);
#3770=AXIS2_PLACEMENT_3D('',#5971,#4474,#4475);
#3771=AXIS2_PLACEMENT_3D('',#5973,#4477,#4478);
#3772=AXIS2_PLACEMENT_3D('',#5976,#4479,#4480);
#3773=AXIS2_PLACEMENT_3D('',#5980,#4482,#4483);
#3774=AXIS2_PLACEMENT_3D('',#5982,#4485,#4486);
#3775=AXIS2_PLACEMENT_3D('',#5985,#4489,#4490);
#3776=AXIS2_PLACEMENT_3D('',#5988,#4493,#4494);
#3777=AXIS2_PLACEMENT_3D('',#5991,#4495,#4496);
#3778=AXIS2_PLACEMENT_3D('',#5995,#4498,#4499);
#3779=AXIS2_PLACEMENT_3D('',#5997,#4501,#4502);
#3780=AXIS2_PLACEMENT_3D('',#6003,#4506,#4507);
#3781=AXIS2_PLACEMENT_3D('',#6005,#4508,#4509);
#3782=AXIS2_PLACEMENT_3D('',#6008,#4511,#4512);
#3783=AXIS2_PLACEMENT_3D('',#6009,#4513,#4514);
#3784=AXIS2_PLACEMENT_3D('',#6015,#4518,#4519);
#3785=AXIS2_PLACEMENT_3D('',#6018,#4520,#4521);
#3786=AXIS2_PLACEMENT_3D('',#6022,#4523,#4524);
#3787=AXIS2_PLACEMENT_3D('',#6024,#4526,#4527);
#3788=AXIS2_PLACEMENT_3D('',#6027,#4530,#4531);
#3789=AXIS2_PLACEMENT_3D('',#6030,#4532,#4533);
#3790=AXIS2_PLACEMENT_3D('',#6034,#4535,#4536);
#3791=AXIS2_PLACEMENT_3D('',#6036,#4538,#4539);
#3792=AXIS2_PLACEMENT_3D('',#6042,#4543,#4544);
#3793=AXIS2_PLACEMENT_3D('',#6045,#4547,#4548);
#3794=AXIS2_PLACEMENT_3D('',#6048,#4551,#4552);
#3795=AXIS2_PLACEMENT_3D('',#6054,#4556,#4557);
#3796=AXIS2_PLACEMENT_3D('',#6060,#4561,#4562);
#3797=AXIS2_PLACEMENT_3D('',#6063,#4563,#4564);
#3798=AXIS2_PLACEMENT_3D('',#6067,#4566,#4567);
#3799=AXIS2_PLACEMENT_3D('',#6069,#4569,#4570);
#3800=AXIS2_PLACEMENT_3D('',#6075,#4574,#4575);
#3801=AXIS2_PLACEMENT_3D('',#6079,#4577,#4578);
#3802=AXIS2_PLACEMENT_3D('',#6083,#4580,#4581);
#3803=AXIS2_PLACEMENT_3D('',#6089,#4584,#4585);
#3804=AXIS2_PLACEMENT_3D('',#6093,#4587,#4588);
#3805=AXIS2_PLACEMENT_3D('',#6098,#4591,#4592);
#3806=AXIS2_PLACEMENT_3D('',#6102,#4594,#4595);
#3807=AXIS2_PLACEMENT_3D('',#6106,#4597,#4598);
#3808=AXIS2_PLACEMENT_3D('',#6110,#4600,#4601);
#3809=AXIS2_PLACEMENT_3D('',#6114,#4603,#4604);
#3810=AXIS2_PLACEMENT_3D('',#6117,#4606,#4607);
#3811=AXIS2_PLACEMENT_3D('',#6118,#4608,#4609);
#3812=AXIS2_PLACEMENT_3D('',#6120,#4610,#4611);
#3813=AXIS2_PLACEMENT_3D('',#6122,#4613,#4614);
#3814=AXIS2_PLACEMENT_3D('',#6126,#4617,#4618);
#3815=AXIS2_PLACEMENT_3D('',#6128,#4619,#4620);
#3816=AXIS2_PLACEMENT_3D('',#6130,#4622,#4623);
#3817=AXIS2_PLACEMENT_3D('',#6134,#4626,#4627);
#3818=AXIS2_PLACEMENT_3D('',#6137,#4628,#4629);
#3819=AXIS2_PLACEMENT_3D('',#6140,#4632,#4633);
#3820=AXIS2_PLACEMENT_3D('',#6142,#4635,#4636);
#3821=AXIS2_PLACEMENT_3D('',#6144,#4637,#4638);
#3822=AXIS2_PLACEMENT_3D('',#6146,#4640,#4641);
#3823=AXIS2_PLACEMENT_3D('',#6150,#4644,#4645);
#3824=AXIS2_PLACEMENT_3D('',#6153,#4646,#4647);
#3825=AXIS2_PLACEMENT_3D('',#6156,#4650,#4651);
#3826=AXIS2_PLACEMENT_3D('',#6160,#4654,#4655);
#3827=AXIS2_PLACEMENT_3D('',#6161,#4656,#4657);
#3828=AXIS2_PLACEMENT_3D('',#6162,#4658,#4659);
#3829=AXIS2_PLACEMENT_3D('',#6165,#4660,#4661);
#3830=AXIS2_PLACEMENT_3D('',#6168,#4664,#4665);
#3831=AXIS2_PLACEMENT_3D('',#6170,#4667,#4668);
#3832=AXIS2_PLACEMENT_3D('',#6173,#4669,#4670);
#3833=AXIS2_PLACEMENT_3D('',#6176,#4673,#4674);
#3834=AXIS2_PLACEMENT_3D('',#6178,#4676,#4677);
#3835=AXIS2_PLACEMENT_3D('',#6181,#4678,#4679);
#3836=AXIS2_PLACEMENT_3D('',#6184,#4682,#4683);
#3837=AXIS2_PLACEMENT_3D('',#6188,#4686,#4687);
#3838=AXIS2_PLACEMENT_3D('',#6190,#4688,#4689);
#3839=AXIS2_PLACEMENT_3D('',#6192,#4691,#4692);
#3840=AXIS2_PLACEMENT_3D('',#6196,#4695,#4696);
#3841=AXIS2_PLACEMENT_3D('',#6198,#4698,#4699);
#3842=AXIS2_PLACEMENT_3D('',#6200,#4701,#4702);
#3843=AXIS2_PLACEMENT_3D('',#6202,#4704,#4705);
#3844=DIRECTION('axis',(0.,0.,1.));
#3845=DIRECTION('refdir',(1.,0.,0.));
#3846=DIRECTION('center_axis',(0.,-1.,0.));
#3847=DIRECTION('ref_axis',(1.,0.,0.));
#3848=DIRECTION('',(-1.,0.,0.));
#3849=DIRECTION('',(0.,0.,1.));
#3850=DIRECTION('',(1.,0.,0.));
#3851=DIRECTION('',(0.,0.,1.));
#3852=DIRECTION('',(0.,0.,1.));
#3853=DIRECTION('',(0.,0.,1.));
#3854=DIRECTION('',(0.,0.,1.));
#3855=DIRECTION('',(0.,0.,1.));
#3856=DIRECTION('',(0.,0.,1.));
#3857=DIRECTION('',(0.,0.,1.));
#3858=DIRECTION('center_axis',(0.733199240492208,-0.680013877609604,0.));
#3859=DIRECTION('ref_axis',(0.680013877609604,0.733199240492208,0.));
#3860=DIRECTION('',(-0.680013877609604,-0.733199240492208,0.));
#3861=DIRECTION('',(0.680013877609604,0.733199240492208,0.));
#3862=DIRECTION('',(0.,0.,1.));
#3863=DIRECTION('center_axis',(0.,1.,0.));
#3864=DIRECTION('ref_axis',(-1.,0.,0.));
#3865=DIRECTION('',(1.,0.,0.));
#3866=DIRECTION('',(-1.,0.,0.));
#3867=DIRECTION('',(0.,0.,1.));
#3868=DIRECTION('center_axis',(1.,0.,0.));
#3869=DIRECTION('ref_axis',(0.,1.,0.));
#3870=DIRECTION('',(0.,-1.,0.));
#3871=DIRECTION('',(0.,1.,0.));
#3872=DIRECTION('',(0.,0.,1.));
#3873=DIRECTION('center_axis',(0.,-1.,0.));
#3874=DIRECTION('ref_axis',(1.,0.,0.));
#3875=DIRECTION('',(-1.,0.,0.));
#3876=DIRECTION('',(1.,0.,0.));
#3877=DIRECTION('',(0.,0.,1.));
#3878=DIRECTION('center_axis',(-0.73385234079927,0.679309017975937,0.));
#3879=DIRECTION('ref_axis',(-0.679309017975937,-0.73385234079927,0.));
#3880=DIRECTION('',(0.679309017975937,0.73385234079927,0.));
#3881=DIRECTION('',(-0.679309017975937,-0.73385234079927,0.));
#3882=DIRECTION('',(0.,0.,1.));
#3883=DIRECTION('',(0.,0.,1.));
#3884=DIRECTION('',(0.,0.,1.));
#3885=DIRECTION('',(0.,0.,1.));
#3886=DIRECTION('',(0.,0.,1.));
#3887=DIRECTION('',(0.,0.,1.));
#3888=DIRECTION('center_axis',(0.,0.,1.));
#3889=DIRECTION('ref_axis',(-1.,0.,0.));
#3890=DIRECTION('center_axis',(1.,0.,0.));
#3891=DIRECTION('ref_axis',(0.,1.,0.));
#3892=DIRECTION('',(0.,-1.,0.));
#3893=DIRECTION('',(0.,0.,1.));
#3894=DIRECTION('',(0.,1.,0.));
#3895=DIRECTION('',(0.,0.,1.));
#3896=DIRECTION('center_axis',(0.,-1.,0.));
#3897=DIRECTION('ref_axis',(1.,0.,0.));
#3898=DIRECTION('',(-1.,0.,0.));
#3899=DIRECTION('',(1.,0.,0.));
#3900=DIRECTION('',(0.,0.,1.));
#3901=DIRECTION('center_axis',(0.983547232621572,-0.180651158873803,0.));
#3902=DIRECTION('ref_axis',(0.180651158873803,0.983547232621572,0.));
#3903=DIRECTION('',(-0.180651158873803,-0.983547232621572,0.));
#3904=DIRECTION('',(0.180651158873803,0.983547232621572,0.));
#3905=DIRECTION('',(0.,0.,1.));
#3906=DIRECTION('',(0.,0.,1.));
#3907=DIRECTION('',(0.,0.,1.));
#3908=DIRECTION('',(0.,0.,1.));
#3909=DIRECTION('',(0.,0.,1.));
#3910=DIRECTION('',(0.,0.,1.));
#3911=DIRECTION('',(0.,0.,1.));
#3912=DIRECTION('',(0.,0.,1.));
#3913=DIRECTION('center_axis',(0.,1.,0.));
#3914=DIRECTION('ref_axis',(-1.,0.,0.));
#3915=DIRECTION('',(1.,0.,0.));
#3916=DIRECTION('',(-1.,0.,0.));
#3917=DIRECTION('',(0.,0.,1.));
#3918=DIRECTION('',(0.,0.,1.));
#3919=DIRECTION('',(0.,0.,1.));
#3920=DIRECTION('',(0.,0.,1.));
#3921=DIRECTION('',(0.,0.,1.));
#3922=DIRECTION('',(0.,0.,1.));
#3923=DIRECTION('',(0.,0.,1.));
#3924=DIRECTION('',(0.,0.,1.));
#3925=DIRECTION('center_axis',(-0.982746968024284,0.184955121148557,0.));
#3926=DIRECTION('ref_axis',(-0.184955121148557,-0.982746968024284,0.));
#3927=DIRECTION('',(0.184955121148557,0.982746968024284,0.));
#3928=DIRECTION('',(-0.184955121148557,-0.982746968024284,0.));
#3929=DIRECTION('',(0.,0.,1.));
#3930=DIRECTION('center_axis',(0.,1.,0.));
#3931=DIRECTION('ref_axis',(-1.,0.,0.));
#3932=DIRECTION('',(1.,0.,0.));
#3933=DIRECTION('',(-1.,0.,0.));
#3934=DIRECTION('center_axis',(0.,0.,1.));
#3935=DIRECTION('ref_axis',(-1.,0.,0.));
#3936=DIRECTION('center_axis',(1.,5.69345140833414E-16,0.));
#3937=DIRECTION('ref_axis',(5.69345140833414E-16,-1.,0.));
#3938=DIRECTION('',(-5.69345140833414E-16,1.,0.));
#3939=DIRECTION('',(0.,0.,-1.));
#3940=DIRECTION('',(5.69345140833414E-16,-1.,0.));
#3941=DIRECTION('',(0.,0.,-1.));
#3942=DIRECTION('center_axis',(-7.7751195795063E-16,1.,0.));
#3943=DIRECTION('ref_axis',(-1.,-7.7751195795063E-16,0.));
#3944=DIRECTION('',(0.,0.,1.));
#3945=DIRECTION('',(-1.,-7.7751195795063E-16,0.));
#3946=DIRECTION('',(0.,0.,1.));
#3947=DIRECTION('',(-1.,-7.7751195795063E-16,0.));
#3948=DIRECTION('',(1.,7.42817488431094E-16,0.));
#3949=DIRECTION('center_axis',(-1.,-5.69345140833414E-16,0.));
#3950=DIRECTION('ref_axis',(5.69345140833414E-16,-1.,0.));
#3951=DIRECTION('',(5.69345140833414E-16,-1.,0.));
#3952=DIRECTION('',(5.69345140833414E-16,-1.,0.));
#3953=DIRECTION('',(0.,0.,1.));
#3954=DIRECTION('center_axis',(-1.,-5.69345140833414E-16,0.));
#3955=DIRECTION('ref_axis',(5.69345140833414E-16,-1.,0.));
#3956=DIRECTION('',(-5.69345140833414E-16,1.,0.));
#3957=DIRECTION('',(0.,0.,-1.));
#3958=DIRECTION('',(5.69345140833414E-16,-1.,0.));
#3959=DIRECTION('center_axis',(6.38734079872486E-16,-1.,0.));
#3960=DIRECTION('ref_axis',(1.,6.38734079872486E-16,0.));
#3961=DIRECTION('',(-1.,-6.38734079872486E-16,0.));
#3962=DIRECTION('',(1.,6.38734079872486E-16,0.));
#3963=DIRECTION('',(0.,0.,1.));
#3964=DIRECTION('',(1.,6.38734079872486E-16,0.));
#3965=DIRECTION('center_axis',(-1.,-5.69345140833414E-16,0.));
#3966=DIRECTION('ref_axis',(5.69345140833414E-16,-1.,0.));
#3967=DIRECTION('',(5.69345140833414E-16,-1.,0.));
#3968=DIRECTION('',(0.,0.,1.));
#3969=DIRECTION('',(5.69345140833414E-16,-1.,0.));
#3970=DIRECTION('center_axis',(0.,0.,1.));
#3971=DIRECTION('ref_axis',(0.707106781186552,-0.707106781186543,0.));
#3972=DIRECTION('center_axis',(0.,0.,-1.));
#3973=DIRECTION('ref_axis',(0.707106781186552,-0.707106781186543,0.));
#3974=DIRECTION('',(0.,0.,-1.));
#3975=DIRECTION('center_axis',(0.,0.,1.));
#3976=DIRECTION('ref_axis',(0.707106781186552,-0.707106781186543,0.));
#3977=DIRECTION('',(0.,0.,1.));
#3978=DIRECTION('center_axis',(1.,1.32576082794069E-14,0.));
#3979=DIRECTION('ref_axis',(1.32576082794069E-14,-1.,0.));
#3980=DIRECTION('',(-1.32576082794069E-14,1.,0.));
#3981=DIRECTION('',(0.,0.,-1.));
#3982=DIRECTION('',(8.52182633608043E-15,-0.642787609686539,0.766044443118978));
#3983=DIRECTION('',(0.,0.,-1.));
#3984=DIRECTION('',(1.32576082794069E-14,-1.,0.));
#3985=DIRECTION('center_axis',(0.,0.,-1.));
#3986=DIRECTION('ref_axis',(0.707106781186547,0.707106781186548,0.));
#3987=DIRECTION('center_axis',(0.,0.,1.));
#3988=DIRECTION('ref_axis',(0.707106781186547,0.707106781186548,0.));
#3989=DIRECTION('',(0.,0.,1.));
#3990=DIRECTION('center_axis',(0.,0.,-1.));
#3991=DIRECTION('ref_axis',(0.707106781186547,0.707106781186548,0.));
#3992=DIRECTION('',(0.,0.,-1.));
#3993=DIRECTION('center_axis',(0.,0.,1.));
#3994=DIRECTION('ref_axis',(0.707106781186548,-0.707106781186547,0.));
#3995=DIRECTION('center_axis',(0.,0.,-1.));
#3996=DIRECTION('ref_axis',(0.707106781186548,-0.707106781186547,0.));
#3997=DIRECTION('',(0.,0.,-1.));
#3998=DIRECTION('center_axis',(0.,0.,-1.));
#3999=DIRECTION('ref_axis',(0.707106781186548,-0.707106781186547,0.));
#4000=DIRECTION('',(0.,0.,1.));
#4001=DIRECTION('center_axis',(0.,0.,1.));
#4002=DIRECTION('ref_axis',(0.707106781186547,0.707106781186548,0.));
#4003=DIRECTION('center_axis',(0.,0.,-1.));
#4004=DIRECTION('ref_axis',(0.707106781186547,0.707106781186548,0.));
#4005=DIRECTION('',(0.,0.,-1.));
#4006=DIRECTION('center_axis',(0.,0.,-1.));
#4007=DIRECTION('ref_axis',(0.707106781186547,0.707106781186548,0.));
#4008=DIRECTION('',(0.,0.,1.));
#4009=DIRECTION('center_axis',(-1.,-7.54382311604273E-16,0.));
#4010=DIRECTION('ref_axis',(-7.54382311604273E-16,1.,0.));
#4011=DIRECTION('',(-7.54382311604273E-16,1.,0.));
#4012=DIRECTION('',(-7.54382311604273E-16,1.,0.));
#4013=DIRECTION('center_axis',(-2.42852731662095E-16,0.766044443119163,
-0.642787609686319));
#4014=DIRECTION('ref_axis',(9.75914672434375E-16,-0.642787609686319,-0.766044443119163));
#4015=DIRECTION('',(-3.6596800216283E-16,0.642787609686319,0.766044443119163));
#4016=DIRECTION('',(1.,5.94577482302164E-16,3.3077806954465E-16));
#4017=DIRECTION('',(-6.53514289576505E-16,-0.642787609686319,-0.766044443119163));
#4018=DIRECTION('',(-1.,-3.17021726145878E-16,0.));
#4019=DIRECTION('center_axis',(-3.17021726145878E-16,1.,0.));
#4020=DIRECTION('ref_axis',(0.,0.,-1.));
#4021=DIRECTION('',(0.,0.,1.));
#4022=DIRECTION('',(0.,0.,-1.));
#4023=DIRECTION('',(-1.,-3.17021726145878E-16,0.));
#4024=DIRECTION('center_axis',(3.17021726145878E-16,-1.,1.5770213417971E-17));
#4025=DIRECTION('ref_axis',(-4.30079460774585E-32,1.5770213417971E-17,1.));
#4026=DIRECTION('',(8.97869437942767E-33,-1.5770213417971E-17,-1.));
#4027=DIRECTION('',(1.,3.17021726145878E-16,0.));
#4028=DIRECTION('',(0.,0.,-1.));
#4029=DIRECTION('',(-1.,-3.17021726145878E-16,0.));
#4030=DIRECTION('center_axis',(2.42852731662036E-16,-0.766044443118978,
-0.642787609686539));
#4031=DIRECTION('ref_axis',(1.82984001081478E-16,-0.642787609686539,0.766044443118978));
#4032=DIRECTION('',(-3.65968002162956E-16,0.642787609686539,-0.766044443118978));
#4033=DIRECTION('',(-1.,-5.69345140833414E-16,3.00707335949509E-16));
#4034=DIRECTION('center_axis',(-1.,-5.69345140833414E-16,0.));
#4035=DIRECTION('ref_axis',(5.69345140833414E-16,-1.,0.));
#4036=DIRECTION('',(5.69345140833414E-16,-1.,0.));
#4037=DIRECTION('',(0.,0.,1.));
#4038=DIRECTION('',(5.69345140833414E-16,-1.,0.));
#4039=DIRECTION('',(0.,0.,-1.));
#4040=DIRECTION('center_axis',(5.94577482302164E-16,-1.,0.));
#4041=DIRECTION('ref_axis',(-1.,-5.94577482302164E-16,0.));
#4042=DIRECTION('',(1.,5.94577482302164E-16,0.));
#4043=DIRECTION('',(0.,0.,1.));
#4044=DIRECTION('center_axis',(0.707106781186673,0.707106781186422,0.));
#4045=DIRECTION('ref_axis',(0.707106781186422,-0.707106781186673,0.));
#4046=DIRECTION('',(-0.707106781186422,0.707106781186673,0.));
#4047=DIRECTION('',(0.,0.,-1.));
#4048=DIRECTION('',(0.707106781186422,-0.707106781186673,0.));
#4049=DIRECTION('',(0.,0.,-1.));
#4050=DIRECTION('center_axis',(1.,-1.01668775148827E-15,0.));
#4051=DIRECTION('ref_axis',(-1.01668775148827E-15,-1.,0.));
#4052=DIRECTION('',(-1.01668775148827E-15,-1.,0.));
#4053=DIRECTION('',(1.01668775148827E-15,1.,0.));
#4054=DIRECTION('center_axis',(0.707106781186565,-0.70710678118653,0.));
#4055=DIRECTION('ref_axis',(-0.70710678118653,-0.707106781186565,0.));
#4056=DIRECTION('',(0.70710678118653,0.707106781186565,0.));
#4057=DIRECTION('',(0.,0.,1.));
#4058=DIRECTION('',(-0.70710678118653,-0.707106781186565,0.));
#4059=DIRECTION('center_axis',(-1.,-2.84672570416707E-16,0.));
#4060=DIRECTION('ref_axis',(-2.84672570416707E-16,1.,0.));
#4061=DIRECTION('',(-2.84672570416707E-16,1.,0.));
#4062=DIRECTION('',(-5.69345140833414E-16,1.,0.));
#4063=DIRECTION('center_axis',(1.,1.67956816545857E-15,0.));
#4064=DIRECTION('ref_axis',(-1.67956816545857E-15,1.,0.));
#4065=DIRECTION('',(-1.67956816545857E-15,1.,0.));
#4066=DIRECTION('',(0.,0.,-1.));
#4067=DIRECTION('',(-1.67956816545857E-15,1.,0.));
#4068=DIRECTION('',(0.,0.,1.));
#4069=DIRECTION('center_axis',(-1.,-5.69345140833414E-16,0.));
#4070=DIRECTION('ref_axis',(5.69345140833414E-16,-1.,0.));
#4071=DIRECTION('',(0.,0.,1.));
#4072=DIRECTION('',(5.69345140833414E-16,-1.,0.));
#4073=DIRECTION('',(0.,0.,1.));
#4074=DIRECTION('',(5.69345140833414E-16,-1.,0.));
#4075=DIRECTION('center_axis',(5.69345140833414E-16,-1.,0.));
#4076=DIRECTION('ref_axis',(1.,5.69345140833414E-16,0.));
#4077=DIRECTION('',(1.,5.69345140833414E-16,0.));
#4078=DIRECTION('',(1.,5.69345140833414E-16,0.));
#4079=DIRECTION('center_axis',(1.,-5.40877883791744E-16,0.));
#4080=DIRECTION('ref_axis',(5.40877883791744E-16,1.,0.));
#4081=DIRECTION('',(5.40877883791744E-16,1.,0.));
#4082=DIRECTION('',(0.,0.,1.));
#4083=DIRECTION('',(5.40877883791744E-16,1.,0.));
#4084=DIRECTION('',(0.,0.,1.));
#4085=DIRECTION('center_axis',(-4.06077048976773E-16,1.,0.));
#4086=DIRECTION('ref_axis',(-1.,-4.06077048976773E-16,0.));
#4087=DIRECTION('',(-1.,-4.06077048976773E-16,0.));
#4088=DIRECTION('',(-1.,-4.06077048976773E-16,0.));
#4089=DIRECTION('center_axis',(-5.69345140833414E-16,1.,0.));
#4090=DIRECTION('ref_axis',(1.,5.69345140833414E-16,0.));
#4091=DIRECTION('',(-1.,-5.69345140833414E-16,0.));
#4092=DIRECTION('center_axis',(1.,0.,0.));
#4093=DIRECTION('ref_axis',(0.,-1.,0.));
#4094=DIRECTION('',(0.,1.,0.));
#4095=DIRECTION('',(0.,0.,-1.));
#4096=DIRECTION('',(0.,-1.,0.));
#4097=DIRECTION('',(0.,0.,-1.));
#4098=DIRECTION('center_axis',(-2.08166817117217E-16,-1.,0.));
#4099=DIRECTION('ref_axis',(1.,-2.08166817117217E-16,0.));
#4100=DIRECTION('',(0.,0.,1.));
#4101=DIRECTION('',(-1.,1.73472347597681E-16,0.));
#4102=DIRECTION('',(1.,-2.08166817117217E-16,0.));
#4103=DIRECTION('',(0.,0.,1.));
#4104=DIRECTION('',(1.,-2.08166817117217E-16,0.));
#4105=DIRECTION('center_axis',(0.,0.,-1.));
#4106=DIRECTION('ref_axis',(-1.,0.,0.));
#4107=DIRECTION('',(-1.,6.93889390390723E-17,0.));
#4108=DIRECTION('',(0.,-1.,0.));
#4109=DIRECTION('',(-1.,0.,0.));
#4110=DIRECTION('',(-1.,-5.41589565217785E-16,0.));
#4111=DIRECTION('',(0.,-1.,0.));
#4112=DIRECTION('center_axis',(2.77555756156289E-17,-1.,0.));
#4113=DIRECTION('ref_axis',(1.,2.77555756156289E-17,0.));
#4114=DIRECTION('',(-1.,-5.41589565217785E-16,0.));
#4115=DIRECTION('',(0.,0.,1.));
#4116=DIRECTION('center_axis',(-1.,0.,0.));
#4117=DIRECTION('ref_axis',(0.,-1.,0.));
#4118=DIRECTION('',(0.,-1.,0.));
#4119=DIRECTION('center_axis',(-1.,0.,0.));
#4120=DIRECTION('ref_axis',(0.,-1.,0.));
#4121=DIRECTION('',(0.,-1.,0.));
#4122=DIRECTION('',(0.,0.,-1.));
#4123=DIRECTION('',(0.,1.,0.));
#4124=DIRECTION('center_axis',(6.93889390390723E-17,1.,0.));
#4125=DIRECTION('ref_axis',(-1.,6.93889390390723E-17,0.));
#4126=DIRECTION('',(-1.,6.93889390390723E-17,0.));
#4127=DIRECTION('',(0.,0.,1.));
#4128=DIRECTION('',(1.,-6.93889390390723E-17,0.));
#4129=DIRECTION('center_axis',(-1.,0.,0.));
#4130=DIRECTION('ref_axis',(0.,-1.,0.));
#4131=DIRECTION('',(0.,-1.,0.));
#4132=DIRECTION('',(0.,0.,1.));
#4133=DIRECTION('center_axis',(0.,1.,0.));
#4134=DIRECTION('ref_axis',(-1.,0.,0.));
#4135=DIRECTION('',(-1.,0.,0.));
#4136=DIRECTION('center_axis',(0.,0.,-1.));
#4137=DIRECTION('ref_axis',(-1.,0.,0.));
#4138=DIRECTION('',(1.,-2.52323414687502E-17,0.));
#4139=DIRECTION('',(1.,5.69345140833414E-16,0.));
#4140=DIRECTION('',(1.11022302462516E-15,1.,0.));
#4141=DIRECTION('',(-1.,0.,0.));
#4142=DIRECTION('',(0.,-1.,0.));
#4143=DIRECTION('',(-1.,-2.52323414687536E-16,0.));
#4144=DIRECTION('',(-0.707106781186531,0.707106781186564,0.));
#4145=DIRECTION('',(0.,1.,0.));
#4146=DIRECTION('',(0.707106781186422,0.707106781186673,0.));
#4147=DIRECTION('',(1.,2.52323414687536E-16,0.));
#4148=DIRECTION('',(0.,-1.,0.));
#4149=DIRECTION('',(1.,1.63268091856641E-16,0.));
#4150=DIRECTION('',(-1.11022302462516E-15,1.,0.));
#4151=DIRECTION('center_axis',(0.,0.,-1.));
#4152=DIRECTION('ref_axis',(-0.707106781186551,-0.707106781186544,0.));
#4153=DIRECTION('center_axis',(0.,0.,1.));
#4154=DIRECTION('ref_axis',(-0.707106781186551,-0.707106781186544,0.));
#4155=DIRECTION('',(0.,0.,1.));
#4156=DIRECTION('center_axis',(0.,0.,-1.));
#4157=DIRECTION('ref_axis',(-0.707106781186551,-0.707106781186544,0.));
#4158=DIRECTION('',(0.,0.,-1.));
#4159=DIRECTION('center_axis',(1.,-1.26882631385735E-14,0.));
#4160=DIRECTION('ref_axis',(-1.26882631385735E-14,-1.,0.));
#4161=DIRECTION('',(-1.26882631385735E-14,-1.,0.));
#4162=DIRECTION('',(0.,0.,-1.));
#4163=DIRECTION('',(-8.15585833391748E-15,-0.642787609686539,0.766044443118978));
#4164=DIRECTION('',(0.,0.,-1.));
#4165=DIRECTION('',(1.26882631385735E-14,1.,0.));
#4166=DIRECTION('center_axis',(0.,0.,1.));
#4167=DIRECTION('ref_axis',(1.,0.,0.));
#4168=DIRECTION('',(1.,0.,0.));
#4169=DIRECTION('center_axis',(0.,0.,-1.));
#4170=DIRECTION('ref_axis',(-0.707106781186548,0.707106781186548,0.));
#4171=DIRECTION('',(1.58603289232169E-15,-1.,0.));
#4172=DIRECTION('',(-0.707106781186422,-0.707106781186673,0.));
#4173=DIRECTION('',(-2.84672570416707E-16,1.,0.));
#4174=DIRECTION('',(0.707106781186531,-0.707106781186564,0.));
#4175=DIRECTION('',(-1.,0.,0.));
#4176=DIRECTION('',(-1.,-6.13401610064571E-16,0.));
#4177=DIRECTION('',(-1.,0.,0.));
#4178=DIRECTION('center_axis',(0.,0.,1.));
#4179=DIRECTION('ref_axis',(-0.707106781186548,-0.707106781186548,0.));
#4180=DIRECTION('',(1.85037170770859E-16,1.,0.));
#4181=DIRECTION('center_axis',(0.,0.,1.));
#4182=DIRECTION('ref_axis',(-0.707106781186547,0.707106781186548,0.));
#4183=DIRECTION('center_axis',(0.,0.,1.));
#4184=DIRECTION('ref_axis',(-0.707106781186548,0.707106781186548,0.));
#4185=DIRECTION('',(0.,0.,-1.));
#4186=DIRECTION('center_axis',(0.,0.,1.));
#4187=DIRECTION('ref_axis',(-0.707106781186548,0.707106781186548,0.));
#4188=DIRECTION('',(0.,0.,1.));
#4189=DIRECTION('center_axis',(0.,1.,0.));
#4190=DIRECTION('ref_axis',(1.,0.,0.));
#4191=DIRECTION('',(1.,0.,0.));
#4192=DIRECTION('center_axis',(0.,0.,-1.));
#4193=DIRECTION('ref_axis',(-0.707106781186548,-0.707106781186548,0.));
#4194=DIRECTION('center_axis',(0.,0.,1.));
#4195=DIRECTION('ref_axis',(-0.707106781186548,-0.707106781186548,0.));
#4196=DIRECTION('',(0.,0.,1.));
#4197=DIRECTION('',(0.,0.,-1.));
#4198=DIRECTION('center_axis',(0.,-1.,0.));
#4199=DIRECTION('ref_axis',(-1.,0.,0.));
#4200=DIRECTION('',(-1.,0.,0.));
#4201=DIRECTION('center_axis',(0.,0.,-1.));
#4202=DIRECTION('ref_axis',(-0.707106781186547,0.707106781186548,0.));
#4203=DIRECTION('center_axis',(0.,0.,1.));
#4204=DIRECTION('ref_axis',(-0.707106781186547,0.707106781186548,0.));
#4205=DIRECTION('',(0.,0.,1.));
#4206=DIRECTION('',(0.,0.,-1.));
#4207=DIRECTION('center_axis',(-1.,1.85037170770859E-16,0.));
#4208=DIRECTION('ref_axis',(1.85037170770859E-16,1.,0.));
#4209=DIRECTION('',(1.85037170770859E-16,1.,0.));
#4210=DIRECTION('center_axis',(4.4056469231157E-17,1.,0.));
#4211=DIRECTION('ref_axis',(1.,-4.4056469231157E-17,0.));
#4212=DIRECTION('',(-1.,-6.13401610064571E-16,0.));
#4213=DIRECTION('center_axis',(0.,0.,-1.));
#4214=DIRECTION('ref_axis',(-1.,0.,0.));
#4215=DIRECTION('center_axis',(1.93290949690239E-16,-0.766044443119163,
0.642787609686319));
#4216=DIRECTION('ref_axis',(-6.09946670271544E-16,-0.642787609686319,-0.766044443119163));
#4217=DIRECTION('',(0.,0.642787609686319,0.766044443119163));
#4218=DIRECTION('',(1.,2.52323414687536E-16,0.));
#4219=DIRECTION('',(1.01948229173933E-15,-0.642787609686319,-0.766044443119163));
#4220=DIRECTION('',(-1.,2.52323414687502E-17,3.3077806954465E-16));
#4221=DIRECTION('center_axis',(2.52323414687536E-16,-1.,0.));
#4222=DIRECTION('ref_axis',(0.,0.,-1.));
#4223=DIRECTION('',(0.,0.,1.));
#4224=DIRECTION('',(0.,0.,-1.));
#4225=DIRECTION('center_axis',(-2.52323414687536E-16,1.,-1.5770213417971E-17));
#4226=DIRECTION('ref_axis',(3.40292516980309E-32,1.5770213417971E-17,1.));
#4227=DIRECTION('',(0.,-1.5770213417971E-17,-1.));
#4228=DIRECTION('',(1.,2.52323414687536E-16,0.));
#4229=DIRECTION('',(0.,0.,-1.));
#4230=DIRECTION('center_axis',(-1.93290949690192E-16,0.766044443118978,
0.642787609686539));
#4231=DIRECTION('ref_axis',(1.82984001081478E-16,-0.642787609686539,0.766044443118978));
#4232=DIRECTION('',(0.,0.642787609686539,-0.766044443118978));
#4233=DIRECTION('',(1.,0.,3.00707335949509E-16));
#4234=DIRECTION('center_axis',(-1.,0.,0.));
#4235=DIRECTION('ref_axis',(0.,-1.,0.));
#4236=DIRECTION('',(0.,0.,-1.));
#4237=DIRECTION('',(0.,-1.,0.));
#4238=DIRECTION('',(0.,0.,1.));
#4239=DIRECTION('center_axis',(2.52323414687502E-17,1.,0.));
#4240=DIRECTION('ref_axis',(1.,-2.52323414687502E-17,0.));
#4241=DIRECTION('',(0.,0.,1.));
#4242=DIRECTION('',(-1.,2.52323414687502E-17,0.));
#4243=DIRECTION('center_axis',(0.707106781186673,-0.707106781186422,0.));
#4244=DIRECTION('ref_axis',(-0.707106781186422,-0.707106781186673,0.));
#4245=DIRECTION('',(0.,0.,-1.));
#4246=DIRECTION('',(0.,0.,-1.));
#4247=DIRECTION('center_axis',(1.,1.58603289232169E-15,0.));
#4248=DIRECTION('ref_axis',(1.58603289232169E-15,-1.,0.));
#4249=DIRECTION('',(-1.58603289232169E-15,1.,0.));
#4250=DIRECTION('center_axis',(0.707106781186564,0.707106781186531,0.));
#4251=DIRECTION('ref_axis',(0.707106781186531,-0.707106781186564,0.));
#4252=DIRECTION('',(0.,0.,1.));
#4253=DIRECTION('center_axis',(0.,0.,-1.));
#4254=DIRECTION('ref_axis',(-1.,0.,0.));
#4255=DIRECTION('',(1.,5.94577482302164E-16,0.));
#4256=DIRECTION('',(-1.11022302462516E-15,1.,0.));
#4257=DIRECTION('',(1.,1.63268091856641E-16,0.));
#4258=DIRECTION('center_axis',(-1.,-2.84672570416707E-16,0.));
#4259=DIRECTION('ref_axis',(-2.84672570416707E-16,1.,0.));
#4260=DIRECTION('center_axis',(0.,-1.,0.));
#4261=DIRECTION('ref_axis',(-1.,0.,0.));
#4262=DIRECTION('',(-1.,0.,0.));
#4263=DIRECTION('center_axis',(0.,0.,-1.));
#4264=DIRECTION('ref_axis',(-1.,0.,0.));
#4265=DIRECTION('',(1.,0.,0.));
#4266=DIRECTION('',(0.,-1.,0.));
#4267=DIRECTION('',(-1.,0.,0.));
#4268=DIRECTION('',(1.11022302462516E-15,1.,0.));
#4269=DIRECTION('',(1.,0.,0.));
#4270=DIRECTION('center_axis',(1.,-1.11022302462516E-15,0.));
#4271=DIRECTION('ref_axis',(1.11022302462516E-15,1.,0.));
#4272=DIRECTION('',(0.,0.,1.));
#4273=DIRECTION('',(0.,0.,-1.));
#4274=DIRECTION('center_axis',(-1.,0.,0.));
#4275=DIRECTION('ref_axis',(0.,-1.,0.));
#4276=DIRECTION('',(0.,0.,1.));
#4277=DIRECTION('',(0.,0.,1.));
#4278=DIRECTION('center_axis',(0.,1.,0.));
#4279=DIRECTION('ref_axis',(-1.,0.,0.));
#4280=DIRECTION('center_axis',(1.,1.11022302462516E-15,0.));
#4281=DIRECTION('ref_axis',(-1.11022302462516E-15,1.,0.));
#4282=DIRECTION('',(0.,0.,1.));
#4283=DIRECTION('',(0.,0.,1.));
#4284=DIRECTION('center_axis',(1.63268091856641E-16,-1.,0.));
#4285=DIRECTION('ref_axis',(1.,1.63268091856641E-16,0.));
#4286=DIRECTION('center_axis',(0.,-1.,0.));
#4287=DIRECTION('ref_axis',(-1.,0.,0.));
#4288=DIRECTION('center_axis',(0.,-1.,0.));
#4289=DIRECTION('ref_axis',(-1.,0.,0.));
#4290=DIRECTION('center_axis',(2.52323414687502E-17,1.,0.));
#4291=DIRECTION('ref_axis',(1.,-2.52323414687502E-17,0.));
#4292=DIRECTION('center_axis',(1.,5.69345140833414E-16,0.));
#4293=DIRECTION('ref_axis',(0.,0.,1.));
#4294=DIRECTION('',(-8.17756488897798E-16,1.,-1.2335811384724E-15));
#4295=DIRECTION('',(0.,0.,1.));
#4296=DIRECTION('',(-5.69345140833414E-16,1.,0.));
#4297=DIRECTION('',(0.,0.,-1.));
#4298=DIRECTION('center_axis',(1.,5.69345140833414E-16,0.));
#4299=DIRECTION('ref_axis',(0.,0.,1.));
#4300=DIRECTION('',(-8.17756488897798E-16,1.,-1.2335811384724E-15));
#4301=DIRECTION('',(0.,0.,-1.));
#4302=DIRECTION('',(5.69345140833414E-16,-1.,0.));
#4303=DIRECTION('',(0.,0.,1.));
#4304=DIRECTION('center_axis',(-5.69345140833414E-16,1.,0.));
#4305=DIRECTION('ref_axis',(0.609621763128645,3.47085188583592E-16,-0.792692440937797));
#4306=DIRECTION('center_axis',(5.69345140833414E-16,-1.,0.));
#4307=DIRECTION('ref_axis',(0.609621763128645,3.47085188583592E-16,-0.792692440937797));
#4308=DIRECTION('',(5.69345140833414E-16,-1.,0.));
#4309=DIRECTION('center_axis',(-6.38734079872486E-16,1.,0.));
#4310=DIRECTION('ref_axis',(0.609621763128645,3.47085188583592E-16,-0.792692440937797));
#4311=DIRECTION('',(-5.69345140833414E-16,1.,0.));
#4312=DIRECTION('center_axis',(0.,0.,1.));
#4313=DIRECTION('ref_axis',(-1.,-6.38734079872486E-16,0.));
#4314=DIRECTION('',(-1.,-6.38734079872486E-16,0.));
#4315=DIRECTION('',(-5.69345140833414E-16,1.,0.));
#4316=DIRECTION('',(-1.,-6.38734079872486E-16,0.));
#4317=DIRECTION('center_axis',(-5.69345140833414E-16,1.,0.));
#4318=DIRECTION('ref_axis',(-0.609621763128645,-3.47085188583592E-16,-0.792692440937797));
#4319=DIRECTION('center_axis',(5.69345140833414E-16,-1.,0.));
#4320=DIRECTION('ref_axis',(-0.609621763128645,-3.47085188583592E-16,-0.792692440937797));
#4321=DIRECTION('',(5.69345140833414E-16,-1.,0.));
#4322=DIRECTION('center_axis',(-6.38734079872486E-16,1.,0.));
#4323=DIRECTION('ref_axis',(-0.609621763128645,-3.47085188583592E-16,-0.792692440937797));
#4324=DIRECTION('center_axis',(0.966485126926496,5.50263610703366E-16,0.256722611839851));
#4325=DIRECTION('ref_axis',(-0.256722611839851,-1.63977481255988E-16,0.966485126926496));
#4326=DIRECTION('',(-0.256722611839851,-1.63977481255988E-16,0.966485126926496));
#4327=DIRECTION('',(-5.69345140833414E-16,1.,0.));
#4328=DIRECTION('',(-0.256722611839851,-1.63977481255988E-16,0.966485126926496));
#4329=DIRECTION('center_axis',(-5.69345140833414E-16,1.,0.));
#4330=DIRECTION('ref_axis',(-0.991585883049596,-5.64554604233297E-16,-0.129450517715274));
#4331=DIRECTION('center_axis',(5.69345140833414E-16,-1.,0.));
#4332=DIRECTION('ref_axis',(-0.991585883049596,-5.64554604233297E-16,-0.129450517715274));
#4333=DIRECTION('',(5.69345140833414E-16,-1.,0.));
#4334=DIRECTION('center_axis',(-6.38734079872486E-16,1.,0.));
#4335=DIRECTION('ref_axis',(-0.991585883049596,-5.64554604233297E-16,-0.129450517715274));
#4336=DIRECTION('center_axis',(1.,5.69345140833414E-16,7.50150692314295E-17));
#4337=DIRECTION('ref_axis',(-7.50150692314295E-17,-4.79146812221079E-32,
1.));
#4338=DIRECTION('',(-7.50150692314295E-17,-4.79146812221079E-32,1.));
#4339=DIRECTION('',(-5.69345140833414E-16,1.,0.));
#4340=DIRECTION('',(-7.50150692314295E-17,-4.79146812221079E-32,1.));
#4341=DIRECTION('center_axis',(-5.69345140833414E-16,1.,0.));
#4342=DIRECTION('ref_axis',(0.991585883049596,5.64554604233297E-16,-0.129450517715274));
#4343=DIRECTION('center_axis',(5.69345140833414E-16,-1.,0.));
#4344=DIRECTION('ref_axis',(0.991585883049596,5.64554604233297E-16,-0.129450517715274));
#4345=DIRECTION('',(5.69345140833414E-16,-1.,0.));
#4346=DIRECTION('center_axis',(-6.38734079872486E-16,1.,0.));
#4347=DIRECTION('ref_axis',(0.991585883049596,5.64554604233297E-16,-0.129450517715274));
#4348=DIRECTION('',(-5.69345140833414E-16,1.,0.));
#4349=DIRECTION('center_axis',(-0.966485126926496,-5.50263610703365E-16,
0.256722611839851));
#4350=DIRECTION('ref_axis',(-0.256722611839851,-1.63977481255989E-16,-0.966485126926496));
#4351=DIRECTION('',(0.256722611839851,1.63977481255988E-16,0.966485126926496));
#4352=DIRECTION('',(-0.256722611839851,-1.63977481255988E-16,-0.966485126926496));
#4353=DIRECTION('center_axis',(-5.69345140833414E-16,1.,0.));
#4354=DIRECTION('ref_axis',(-0.707106781186548,-4.02587809918917E-16,0.707106781186548));
#4355=DIRECTION('center_axis',(5.69345140833414E-16,-1.,0.));
#4356=DIRECTION('ref_axis',(-0.707106781186548,-4.02587809918917E-16,0.707106781186548));
#4357=DIRECTION('',(5.69345140833414E-16,-1.,0.));
#4358=DIRECTION('center_axis',(-6.38734079872486E-16,1.,0.));
#4359=DIRECTION('ref_axis',(-0.707106781186548,-4.02587809918917E-16,0.707106781186548));
#4360=DIRECTION('center_axis',(0.,0.,-1.));
#4361=DIRECTION('ref_axis',(1.,6.38734079872486E-16,0.));
#4362=DIRECTION('',(1.,6.38734079872486E-16,0.));
#4363=DIRECTION('',(5.69345140833414E-16,-1.,0.));
#4364=DIRECTION('',(-1.,-6.38734079872486E-16,0.));
#4365=DIRECTION('center_axis',(-5.69345140833414E-16,1.,0.));
#4366=DIRECTION('ref_axis',(-0.707106781186548,-4.02587809918917E-16,-0.707106781186548));
#4367=DIRECTION('center_axis',(5.69345140833414E-16,-1.,0.));
#4368=DIRECTION('ref_axis',(-0.707106781186548,-4.02587809918917E-16,-0.707106781186548));
#4369=DIRECTION('',(5.69345140833414E-16,-1.,0.));
#4370=DIRECTION('center_axis',(-6.38734079872486E-16,1.,0.));
#4371=DIRECTION('ref_axis',(-0.707106781186548,-4.02587809918917E-16,-0.707106781186548));
#4372=DIRECTION('',(-5.69345140833414E-16,1.,0.));
#4373=DIRECTION('center_axis',(0.,0.,1.));
#4374=DIRECTION('ref_axis',(-1.,-6.38734079872486E-16,0.));
#4375=DIRECTION('',(-1.,-6.38734079872486E-16,0.));
#4376=DIRECTION('',(5.69345140833414E-16,-1.,0.));
#4377=DIRECTION('',(-1.,-6.38734079872486E-16,0.));
#4378=DIRECTION('center_axis',(-5.69345140833414E-16,1.,0.));
#4379=DIRECTION('ref_axis',(0.707106781186548,4.02587809918917E-16,0.707106781186548));
#4380=DIRECTION('center_axis',(6.38734079872486E-16,-1.,0.));
#4381=DIRECTION('ref_axis',(0.707106781186548,4.02587809918917E-16,0.707106781186548));
#4382=DIRECTION('center_axis',(-5.69345140833414E-16,1.,0.));
#4383=DIRECTION('ref_axis',(0.707106781186548,4.02587809918917E-16,0.707106781186548));
#4384=DIRECTION('center_axis',(-5.69345140833414E-16,1.,0.));
#4385=DIRECTION('ref_axis',(-0.707106781186555,-4.02587809918921E-16,0.70710678118654));
#4386=DIRECTION('center_axis',(5.69345140833414E-16,-1.,0.));
#4387=DIRECTION('ref_axis',(-0.707106781186555,-4.02587809918921E-16,0.70710678118654));
#4388=DIRECTION('',(5.69345140833414E-16,-1.,0.));
#4389=DIRECTION('center_axis',(-6.38734079872486E-16,1.,0.));
#4390=DIRECTION('ref_axis',(-0.707106781186555,-4.02587809918921E-16,0.70710678118654));
#4391=DIRECTION('',(-5.69345140833414E-16,1.,0.));
#4392=DIRECTION('center_axis',(0.,0.,-1.));
#4393=DIRECTION('ref_axis',(1.,6.38734079872486E-16,0.));
#4394=DIRECTION('',(1.,6.38734079872486E-16,0.));
#4395=DIRECTION('',(-1.,-6.38734079872486E-16,0.));
#4396=DIRECTION('center_axis',(-5.69345140833414E-16,1.,0.));
#4397=DIRECTION('ref_axis',(0.707106781186548,4.02587809918917E-16,0.707106781186548));
#4398=DIRECTION('center_axis',(5.69345140833414E-16,-1.,0.));
#4399=DIRECTION('ref_axis',(0.707106781186548,4.02587809918917E-16,0.707106781186548));
#4400=DIRECTION('',(5.69345140833414E-16,-1.,0.));
#4401=DIRECTION('center_axis',(-6.38734079872486E-16,1.,0.));
#4402=DIRECTION('ref_axis',(0.707106781186548,4.02587809918917E-16,0.707106781186548));
#4403=DIRECTION('',(-5.69345140833414E-16,1.,0.));
#4404=DIRECTION('center_axis',(-1.,-5.69345140833414E-16,1.50030138462859E-16));
#4405=DIRECTION('ref_axis',(-1.50030138462859E-16,-9.58293624442159E-32,
-1.));
#4406=DIRECTION('',(-1.50030138462859E-16,-9.58293624442159E-32,-1.));
#4407=DIRECTION('',(-1.50030138462859E-16,-9.58293624442159E-32,-1.));
#4408=DIRECTION('center_axis',(-5.69345140833414E-16,1.,0.));
#4409=DIRECTION('ref_axis',(-0.707106781186548,-4.02587809918917E-16,0.707106781186547));
#4410=DIRECTION('center_axis',(5.69345140833414E-16,-1.,0.));
#4411=DIRECTION('ref_axis',(-0.707106781186548,-4.02587809918917E-16,0.707106781186547));
#4412=DIRECTION('',(5.69345140833414E-16,-1.,0.));
#4413=DIRECTION('center_axis',(-6.38734079872486E-16,1.,0.));
#4414=DIRECTION('ref_axis',(-0.707106781186548,-4.02587809918917E-16,0.707106781186547));
#4415=DIRECTION('',(-5.69345140833414E-16,1.,0.));
#4416=DIRECTION('center_axis',(0.,0.,-1.));
#4417=DIRECTION('ref_axis',(1.,6.38734079872486E-16,0.));
#4418=DIRECTION('',(1.,6.38734079872486E-16,0.));
#4419=DIRECTION('',(-5.69345140833414E-16,1.,0.));
#4420=DIRECTION('',(1.,6.38734079872486E-16,0.));
#4421=DIRECTION('center_axis',(-5.69345140833414E-16,1.,0.));
#4422=DIRECTION('ref_axis',(0.707106781186548,4.02587809918917E-16,0.707106781186547));
#4423=DIRECTION('center_axis',(5.69345140833414E-16,-1.,0.));
#4424=DIRECTION('ref_axis',(0.707106781186548,4.02587809918917E-16,0.707106781186547));
#4425=DIRECTION('',(5.69345140833414E-16,-1.,0.));
#4426=DIRECTION('center_axis',(-6.38734079872486E-16,1.,0.));
#4427=DIRECTION('ref_axis',(0.707106781186548,4.02587809918917E-16,0.707106781186547));
#4428=DIRECTION('center_axis',(0.,0.,-1.));
#4429=DIRECTION('ref_axis',(1.,6.38734079872486E-16,0.));
#4430=DIRECTION('',(1.,6.38734079872486E-16,0.));
#4431=DIRECTION('',(5.69345140833414E-16,-1.,0.));
#4432=DIRECTION('',(1.,6.38734079872486E-16,0.));
#4433=DIRECTION('center_axis',(-1.,-5.69345140833414E-16,0.));
#4434=DIRECTION('ref_axis',(0.,0.,-1.));
#4435=DIRECTION('',(0.,0.,-1.));
#4436=DIRECTION('',(0.,0.,-1.));
#4437=DIRECTION('center_axis',(1.,5.69345140833414E-16,0.));
#4438=DIRECTION('ref_axis',(0.,0.,1.));
#4439=DIRECTION('',(0.,0.,1.));
#4440=DIRECTION('',(0.,0.,1.));
#4441=DIRECTION('center_axis',(1.,5.69345140833414E-16,1.00929359859161E-14));
#4442=DIRECTION('ref_axis',(-1.00929359859161E-14,-6.44670218017605E-30,
1.));
#4443=DIRECTION('',(-1.00929359859161E-14,-6.44670218017605E-30,1.));
#4444=DIRECTION('',(1.00929359859161E-14,6.44670218017605E-30,-1.));
#4445=DIRECTION('center_axis',(-8.17756488897798E-16,1.,-1.2335811384724E-15));
#4446=DIRECTION('ref_axis',(-1.,-8.17756488897798E-16,1.22464679914736E-16));
#4447=DIRECTION('center_axis',(8.17756488897798E-16,-1.,1.2335811384724E-15));
#4448=DIRECTION('ref_axis',(-1.,-8.17756488897798E-16,1.22464679914736E-16));
#4449=DIRECTION('',(-8.17756488897798E-16,1.,-1.2335811384724E-15));
#4450=DIRECTION('center_axis',(-8.8714542793687E-16,1.,-1.2335811384724E-15));
#4451=DIRECTION('ref_axis',(-1.,-8.17756488897798E-16,1.22464679914736E-16));
#4452=DIRECTION('',(8.17756488897798E-16,-1.,1.2335811384724E-15));
#4453=DIRECTION('center_axis',(0.707106781186548,1.45051474681659E-15,0.707106781186547));
#4454=DIRECTION('ref_axis',(0.707106781186547,-2.94032429498719E-16,-0.707106781186548));
#4455=DIRECTION('',(-0.707106781186547,2.94032429498719E-16,0.707106781186548));
#4456=DIRECTION('',(8.17756488897798E-16,-1.,1.2335811384724E-15));
#4457=DIRECTION('',(-0.707106781186547,2.44967040164851E-16,0.707106781186548));
#4458=DIRECTION('center_axis',(-8.17756488897798E-16,1.,-1.2335811384724E-15));
#4459=DIRECTION('ref_axis',(-0.0806000274845134,-1.2954789088495E-15,-0.996746525235727));
#4460=DIRECTION('center_axis',(8.17756488897798E-16,-1.,1.2335811384724E-15));
#4461=DIRECTION('ref_axis',(-0.0806000274845134,-1.2954789088495E-15,-0.996746525235727));
#4462=DIRECTION('',(-8.17756488897798E-16,1.,-1.2335811384724E-15));
#4463=DIRECTION('center_axis',(-8.8714542793687E-16,1.,-1.2335811384724E-15));
#4464=DIRECTION('ref_axis',(-0.0806000274845134,-1.2954789088495E-15,-0.996746525235727));
#4465=DIRECTION('center_axis',(-0.584304731948827,5.2327446537112E-16,0.811534337056794));
#4466=DIRECTION('ref_axis',(0.811534337056794,1.38442476654381E-15,0.584304731948827));
#4467=DIRECTION('',(-0.811534337056794,-1.38442476654381E-15,-0.584304731948827));
#4468=DIRECTION('',(-0.811534337056794,-1.44073627318596E-15,-0.584304731948827));
#4469=DIRECTION('center_axis',(-8.17756488897798E-16,1.,-1.2335811384724E-15));
#4470=DIRECTION('ref_axis',(-1.,-8.17756488897798E-16,1.22464679914736E-16));
#4471=DIRECTION('center_axis',(8.8714542793687E-16,-1.,1.2335811384724E-15));
#4472=DIRECTION('ref_axis',(-1.,-8.17756488897798E-16,1.22464679914736E-16));
#4473=DIRECTION('',(8.17756488897798E-16,-1.,1.2335811384724E-15));
#4474=DIRECTION('center_axis',(-8.17756488897798E-16,1.,-1.2335811384724E-15));
#4475=DIRECTION('ref_axis',(-1.,-8.17756488897798E-16,1.22464679914736E-16));
#4476=DIRECTION('',(-8.17756488897798E-16,1.,-1.2335811384724E-15));
#4477=DIRECTION('center_axis',(-8.17756488897798E-16,1.,-1.2335811384724E-15));
#4478=DIRECTION('ref_axis',(-0.19096692212636,-1.36704333369335E-15,-0.981596472412969));
#4479=DIRECTION('center_axis',(8.8714542793687E-16,-1.,1.2335811384724E-15));
#4480=DIRECTION('ref_axis',(-0.19096692212636,-1.36704333369335E-15,-0.981596472412969));
#4481=DIRECTION('',(8.17756488897798E-16,-1.,1.2335811384724E-15));
#4482=DIRECTION('center_axis',(-8.17756488897798E-16,1.,-1.2335811384724E-15));
#4483=DIRECTION('ref_axis',(-0.19096692212636,-1.36704333369335E-15,-0.981596472412969));
#4484=DIRECTION('',(-8.17756488897798E-16,1.,-1.2335811384724E-15));
#4485=DIRECTION('center_axis',(0.390434917175477,-8.16391772094238E-16,
-0.920630531456664));
#4486=DIRECTION('ref_axis',(-0.920630531456663,-1.23448474060482E-15,-0.390434917175477));
#4487=DIRECTION('',(0.920630531456663,1.29836631642957E-15,0.390434917175477));
#4488=DIRECTION('',(0.920630531456663,1.23448474060482E-15,0.390434917175477));
#4489=DIRECTION('center_axis',(-0.707106781186547,-1.45051474681659E-15,
-0.707106781186548));
#4490=DIRECTION('ref_axis',(-0.707106781186548,2.94032429498719E-16,0.707106781186547));
#4491=DIRECTION('',(0.707106781186548,-2.44967040164851E-16,-0.707106781186547));
#4492=DIRECTION('',(0.707106781186548,-2.94032429498719E-16,-0.707106781186547));
#4493=DIRECTION('center_axis',(0.,1.,0.));
#4494=DIRECTION('ref_axis',(1.,0.,0.));
#4495=DIRECTION('center_axis',(0.,-1.,0.));
#4496=DIRECTION('ref_axis',(1.,0.,0.));
#4497=DIRECTION('',(0.,1.,0.));
#4498=DIRECTION('center_axis',(6.93889390390723E-17,1.,0.));
#4499=DIRECTION('ref_axis',(1.,0.,0.));
#4500=DIRECTION('',(0.,-1.,0.));
#4501=DIRECTION('center_axis',(-0.707106781186548,0.,-0.707106781186548));
#4502=DIRECTION('ref_axis',(-0.707106781186548,0.,0.707106781186548));
#4503=DIRECTION('',(0.707106781186548,0.,-0.707106781186548));
#4504=DIRECTION('',(0.,-1.,0.));
#4505=DIRECTION('',(0.707106781186548,-4.9065389333868E-17,-0.707106781186548));
#4506=DIRECTION('center_axis',(0.,1.,0.));
#4507=DIRECTION('ref_axis',(0.0806000274845133,0.,0.996746525235727));
#4508=DIRECTION('center_axis',(0.,-1.,0.));
#4509=DIRECTION('ref_axis',(0.0806000274845133,0.,0.996746525235727));
#4510=DIRECTION('',(0.,1.,0.));
#4511=DIRECTION('center_axis',(6.93889390390723E-17,1.,0.));
#4512=DIRECTION('ref_axis',(0.0806000274845133,0.,0.996746525235727));
#4513=DIRECTION('center_axis',(0.584304731948827,0.,-0.811534337056794));
#4514=DIRECTION('ref_axis',(-0.811534337056794,0.,-0.584304731948827));
#4515=DIRECTION('',(0.811534337056794,0.,0.584304731948827));
#4516=DIRECTION('',(0.,-1.,0.));
#4517=DIRECTION('',(0.811534337056794,-5.63115066421478E-17,0.584304731948827));
#4518=DIRECTION('center_axis',(0.,1.,0.));
#4519=DIRECTION('ref_axis',(1.,0.,0.));
#4520=DIRECTION('center_axis',(-6.93889390390723E-17,-1.,0.));
#4521=DIRECTION('ref_axis',(1.,0.,0.));
#4522=DIRECTION('',(0.,-1.,0.));
#4523=DIRECTION('center_axis',(0.,1.,0.));
#4524=DIRECTION('ref_axis',(1.,0.,0.));
#4525=DIRECTION('',(0.,1.,0.));
#4526=DIRECTION('center_axis',(0.707106781186547,0.,-0.707106781186548));
#4527=DIRECTION('ref_axis',(-0.707106781186548,0.,-0.707106781186547));
#4528=DIRECTION('',(0.707106781186548,0.,0.707106781186547));
#4529=DIRECTION('',(0.707106781186548,1.49958013615046E-15,0.707106781186547));
#4530=DIRECTION('center_axis',(0.,1.,0.));
#4531=DIRECTION('ref_axis',(0.19096692212636,0.,0.981596472412969));
#4532=DIRECTION('center_axis',(-6.93889390390723E-17,-1.,0.));
#4533=DIRECTION('ref_axis',(0.19096692212636,0.,0.981596472412969));
#4534=DIRECTION('',(0.,-1.,0.));
#4535=DIRECTION('center_axis',(0.,1.,0.));
#4536=DIRECTION('ref_axis',(0.19096692212636,0.,0.981596472412969));
#4537=DIRECTION('',(0.,1.,0.));
#4538=DIRECTION('center_axis',(-0.390434917175477,0.,0.920630531456664));
#4539=DIRECTION('ref_axis',(0.920630531456663,0.,0.390434917175477));
#4540=DIRECTION('',(-0.920630531456663,6.38815758247551E-17,-0.390434917175477));
#4541=DIRECTION('',(0.,1.,0.));
#4542=DIRECTION('',(-0.920630531456663,0.,-0.390434917175477));
#4543=DIRECTION('center_axis',(-0.707106781186547,0.,0.707106781186548));
#4544=DIRECTION('ref_axis',(0.707106781186548,0.,0.707106781186547));
#4545=DIRECTION('',(-0.707106781186548,4.9065389333868E-17,-0.707106781186547));
#4546=DIRECTION('',(-0.707106781186548,0.,-0.707106781186547));
#4547=DIRECTION('center_axis',(0.707106781186547,0.,0.707106781186548));
#4548=DIRECTION('ref_axis',(0.707106781186548,0.,-0.707106781186547));
#4549=DIRECTION('',(-0.707106781186548,4.9065389333868E-17,0.707106781186547));
#4550=DIRECTION('',(-0.707106781186548,0.,0.707106781186547));
#4551=DIRECTION('center_axis',(1.,0.,0.));
#4552=DIRECTION('ref_axis',(0.,0.,1.));
#4553=DIRECTION('',(0.,0.,1.));
#4554=DIRECTION('',(0.,-1.,0.));
#4555=DIRECTION('',(0.,0.,-1.));
#4556=DIRECTION('center_axis',(1.,0.,0.));
#4557=DIRECTION('ref_axis',(0.,0.,1.));
#4558=DIRECTION('',(0.,0.,-1.));
#4559=DIRECTION('',(0.,1.,0.));
#4560=DIRECTION('',(0.,0.,1.));
#4561=DIRECTION('center_axis',(0.,-1.,0.));
#4562=DIRECTION('ref_axis',(-0.609621763128645,0.,-0.792692440937797));
#4563=DIRECTION('center_axis',(0.,1.,0.));
#4564=DIRECTION('ref_axis',(-0.609621763128645,0.,-0.792692440937797));
#4565=DIRECTION('',(0.,1.,0.));
#4566=DIRECTION('center_axis',(-6.93889390390723E-17,-1.,0.));
#4567=DIRECTION('ref_axis',(-0.609621763128645,0.,-0.792692440937797));
#4568=DIRECTION('',(0.,-1.,0.));
#4569=DIRECTION('center_axis',(0.,0.,-1.));
#4570=DIRECTION('ref_axis',(1.,-6.93889390390723E-17,0.));
#4571=DIRECTION('',(1.,-6.93889390390723E-17,0.));
#4572=DIRECTION('',(0.,1.,0.));
#4573=DIRECTION('',(1.,-6.93889390390723E-17,0.));
#4574=DIRECTION('center_axis',(-6.93889390390723E-17,-1.,0.));
#4575=DIRECTION('ref_axis',(1.,-6.93889390390723E-17,0.));
#4576=DIRECTION('',(-0.256722611839851,1.78137096629068E-17,0.966485126926496));
#4577=DIRECTION('center_axis',(-6.93889390390723E-17,-1.,0.));
#4578=DIRECTION('ref_axis',(-0.991585883049596,0.,-0.129450517715274));
#4579=DIRECTION('',(1.50030138462859E-16,-1.04104321318229E-32,-1.));
#4580=DIRECTION('center_axis',(-6.93889390390723E-17,-1.,0.));
#4581=DIRECTION('ref_axis',(-0.707106781186548,0.,0.707106781186548));
#4582=DIRECTION('',(-1.,6.93889390390723E-17,0.));
#4583=DIRECTION('',(0.,0.,-1.));
#4584=DIRECTION('center_axis',(-6.93889390390723E-17,-1.,0.));
#4585=DIRECTION('ref_axis',(-0.707106781186548,0.,0.707106781186547));
#4586=DIRECTION('',(-1.,6.93889390390723E-17,0.));
#4587=DIRECTION('center_axis',(-6.93889390390723E-17,-1.,0.));
#4588=DIRECTION('ref_axis',(0.707106781186548,0.,0.707106781186547));
#4589=DIRECTION('',(0.,0.,1.));
#4590=DIRECTION('',(1.,-6.93889390390723E-17,0.));
#4591=DIRECTION('center_axis',(-6.93889390390723E-17,-1.,0.));
#4592=DIRECTION('ref_axis',(0.707106781186548,0.,0.707106781186548));
#4593=DIRECTION('',(1.,-6.93889390390723E-17,0.));
#4594=DIRECTION('center_axis',(-6.93889390390723E-17,-1.,0.));
#4595=DIRECTION('ref_axis',(0.707106781186555,0.,0.70710678118654));
#4596=DIRECTION('',(-1.00929359859161E-14,7.00338119851994E-31,-1.));
#4597=DIRECTION('center_axis',(-6.93889390390723E-17,-1.,0.));
#4598=DIRECTION('ref_axis',(0.707106781186548,0.,-0.707106781186548));
#4599=DIRECTION('',(1.,-6.93889390390723E-17,0.));
#4600=DIRECTION('center_axis',(6.93889390390723E-17,1.,0.));
#4601=DIRECTION('ref_axis',(-0.707106781186548,0.,0.707106781186548));
#4602=DIRECTION('',(7.50150692314295E-17,-5.20521606591145E-33,1.));
#4603=DIRECTION('center_axis',(-6.93889390390723E-17,-1.,0.));
#4604=DIRECTION('ref_axis',(0.991585883049596,0.,-0.129450517715274));
#4605=DIRECTION('',(0.256722611839851,-1.78137096629068E-17,0.966485126926496));
#4606=DIRECTION('center_axis',(-6.93889390390723E-17,-1.,0.));
#4607=DIRECTION('ref_axis',(0.609621763128645,0.,-0.792692440937797));
#4608=DIRECTION('center_axis',(0.,-1.,0.));
#4609=DIRECTION('ref_axis',(0.609621763128645,0.,-0.792692440937797));
#4610=DIRECTION('center_axis',(0.,1.,0.));
#4611=DIRECTION('ref_axis',(0.609621763128645,0.,-0.792692440937797));
#4612=DIRECTION('',(0.,-1.,0.));
#4613=DIRECTION('center_axis',(0.966485126926496,0.,-0.256722611839851));
#4614=DIRECTION('ref_axis',(0.256722611839851,-1.78137096629068E-17,0.966485126926496));
#4615=DIRECTION('',(0.,1.,0.));
#4616=DIRECTION('',(0.256722611839851,-1.78137096629068E-17,0.966485126926496));
#4617=DIRECTION('center_axis',(0.,-1.,0.));
#4618=DIRECTION('ref_axis',(0.991585883049596,0.,-0.129450517715274));
#4619=DIRECTION('center_axis',(0.,1.,0.));
#4620=DIRECTION('ref_axis',(0.991585883049596,0.,-0.129450517715274));
#4621=DIRECTION('',(0.,-1.,0.));
#4622=DIRECTION('center_axis',(1.,0.,-7.50150692314295E-17));
#4623=DIRECTION('ref_axis',(7.50150692314295E-17,-5.20521606591145E-33,
1.));
#4624=DIRECTION('',(0.,1.,0.));
#4625=DIRECTION('',(7.50150692314295E-17,-5.20521606591145E-33,1.));
#4626=DIRECTION('center_axis',(0.,-1.,0.));
#4627=DIRECTION('ref_axis',(-0.991585883049596,0.,-0.129450517715274));
#4628=DIRECTION('center_axis',(0.,1.,0.));
#4629=DIRECTION('ref_axis',(-0.991585883049596,0.,-0.129450517715274));
#4630=DIRECTION('',(0.,1.,0.));
#4631=DIRECTION('',(0.,-1.,0.));
#4632=DIRECTION('center_axis',(-0.966485126926496,0.,-0.256722611839851));
#4633=DIRECTION('ref_axis',(0.256722611839851,-1.78137096629068E-17,-0.966485126926496));
#4634=DIRECTION('',(0.256722611839851,-1.78137096629068E-17,-0.966485126926496));
#4635=DIRECTION('center_axis',(0.,-1.,0.));
#4636=DIRECTION('ref_axis',(0.707106781186548,0.,0.707106781186548));
#4637=DIRECTION('center_axis',(0.,1.,0.));
#4638=DIRECTION('ref_axis',(0.707106781186548,0.,0.707106781186548));
#4639=DIRECTION('',(0.,-1.,0.));
#4640=DIRECTION('center_axis',(0.,0.,1.));
#4641=DIRECTION('ref_axis',(-1.,6.93889390390723E-17,0.));
#4642=DIRECTION('',(0.,-1.,0.));
#4643=DIRECTION('',(-1.,6.93889390390723E-17,0.));
#4644=DIRECTION('center_axis',(0.,-1.,0.));
#4645=DIRECTION('ref_axis',(0.707106781186548,0.,-0.707106781186548));
#4646=DIRECTION('center_axis',(0.,1.,0.));
#4647=DIRECTION('ref_axis',(0.707106781186548,0.,-0.707106781186548));
#4648=DIRECTION('',(0.,1.,0.));
#4649=DIRECTION('',(0.,-1.,0.));
#4650=DIRECTION('center_axis',(0.,0.,-1.));
#4651=DIRECTION('ref_axis',(1.,-6.93889390390723E-17,0.));
#4652=DIRECTION('',(1.,-6.93889390390723E-17,0.));
#4653=DIRECTION('',(0.,-1.,0.));
#4654=DIRECTION('center_axis',(0.,-1.,0.));
#4655=DIRECTION('ref_axis',(-0.707106781186548,0.,0.707106781186548));
#4656=DIRECTION('center_axis',(0.,-1.,0.));
#4657=DIRECTION('ref_axis',(-0.707106781186548,0.,0.707106781186548));
#4658=DIRECTION('center_axis',(0.,-1.,0.));
#4659=DIRECTION('ref_axis',(0.707106781186555,0.,0.70710678118654));
#4660=DIRECTION('center_axis',(0.,1.,0.));
#4661=DIRECTION('ref_axis',(0.707106781186555,0.,0.70710678118654));
#4662=DIRECTION('',(0.,1.,0.));
#4663=DIRECTION('',(0.,-1.,0.));
#4664=DIRECTION('center_axis',(0.,0.,1.));
#4665=DIRECTION('ref_axis',(-1.,6.93889390390723E-17,0.));
#4666=DIRECTION('',(-1.,6.93889390390723E-17,0.));
#4667=DIRECTION('center_axis',(0.,-1.,0.));
#4668=DIRECTION('ref_axis',(-0.707106781186548,0.,0.707106781186548));
#4669=DIRECTION('center_axis',(0.,1.,0.));
#4670=DIRECTION('ref_axis',(-0.707106781186548,0.,0.707106781186548));
#4671=DIRECTION('',(0.,1.,0.));
#4672=DIRECTION('',(0.,-1.,0.));
#4673=DIRECTION('center_axis',(-1.,0.,-1.50030138462859E-16));
#4674=DIRECTION('ref_axis',(1.50030138462859E-16,-1.04104321318229E-32,
-1.));
#4675=DIRECTION('',(1.50030138462859E-16,-1.04104321318229E-32,-1.));
#4676=DIRECTION('center_axis',(0.,-1.,0.));
#4677=DIRECTION('ref_axis',(0.707106781186548,0.,0.707106781186547));
#4678=DIRECTION('center_axis',(0.,1.,0.));
#4679=DIRECTION('ref_axis',(0.707106781186548,0.,0.707106781186547));
#4680=DIRECTION('',(0.,1.,0.));
#4681=DIRECTION('',(0.,-1.,0.));
#4682=DIRECTION('center_axis',(0.,0.,1.));
#4683=DIRECTION('ref_axis',(-1.,6.93889390390723E-17,0.));
#4684=DIRECTION('',(0.,1.,0.));
#4685=DIRECTION('',(-1.,6.93889390390723E-17,0.));
#4686=DIRECTION('center_axis',(0.,-1.,0.));
#4687=DIRECTION('ref_axis',(-0.707106781186548,0.,0.707106781186547));
#4688=DIRECTION('center_axis',(0.,1.,0.));
#4689=DIRECTION('ref_axis',(-0.707106781186548,0.,0.707106781186547));
#4690=DIRECTION('',(0.,-1.,0.));
#4691=DIRECTION('center_axis',(0.,0.,1.));
#4692=DIRECTION('ref_axis',(-1.,6.93889390390723E-17,0.));
#4693=DIRECTION('',(-1.,6.93889390390723E-17,0.));
#4694=DIRECTION('',(0.,-1.,0.));
#4695=DIRECTION('center_axis',(-1.,0.,0.));
#4696=DIRECTION('ref_axis',(0.,0.,-1.));
#4697=DIRECTION('',(0.,0.,-1.));
#4698=DIRECTION('center_axis',(1.,0.,0.));
#4699=DIRECTION('ref_axis',(0.,0.,1.));
#4700=DIRECTION('',(0.,0.,1.));
#4701=DIRECTION('center_axis',(1.,0.,-1.00929359859161E-14));
#4702=DIRECTION('ref_axis',(1.00929359859161E-14,-7.00338119851994E-31,
1.));
#4703=DIRECTION('',(1.00929359859161E-14,-7.00338119851994E-31,1.));
#4704=DIRECTION('center_axis',(0.,-1.,0.));
#4705=DIRECTION('ref_axis',(0.,0.,-1.));
#4706=CARTESIAN_POINT('',(0.,0.,0.));
#4707=CARTESIAN_POINT('Origin',(-1.20481939669699,0.43253043293953,-0.3));
#4708=CARTESIAN_POINT('',(-1.0385543262586,0.43253043293953,-0.3));
#4709=CARTESIAN_POINT('',(-1.20481939669699,0.43253043293953,-0.3));
#4710=CARTESIAN_POINT('',(-1.38990969834831,0.43253043293953,-0.3));
#4711=CARTESIAN_POINT('',(-1.0385543262586,0.43253043293953,-0.25));
#4712=CARTESIAN_POINT('',(-1.0385543262586,0.43253043293953,-0.3));
#4713=CARTESIAN_POINT('',(-1.20481939669699,0.43253043293953,-0.25));
#4714=CARTESIAN_POINT('',(-1.0385543262586,0.43253043293953,-0.25));
#4715=CARTESIAN_POINT('',(-1.20481939669699,0.43253043293953,-0.3));
#4716=CARTESIAN_POINT('Ctrl Pts',(-1.02891573365778,0.856626719236374,-0.3));
#4717=CARTESIAN_POINT('Ctrl Pts',(-1.02891573365778,0.856626719236374,-0.25));
#4718=CARTESIAN_POINT('Ctrl Pts',(-1.0772648224411,0.797487837278942,-0.3));
#4719=CARTESIAN_POINT('Ctrl Pts',(-1.0772648224411,0.797487837278942,-0.25));
#4720=CARTESIAN_POINT('Ctrl Pts',(-1.17817009926275,0.67406409952082,-0.3));
#4721=CARTESIAN_POINT('Ctrl Pts',(-1.17817009926275,0.67406409952082,-0.25));
#4722=CARTESIAN_POINT('Ctrl Pts',(-1.19569277009844,0.515248845734655,-0.3));
#4723=CARTESIAN_POINT('Ctrl Pts',(-1.19569277009844,0.515248845734655,-0.25));
#4724=CARTESIAN_POINT('Ctrl Pts',(-1.20481939669699,0.43253043293953,-0.3));
#4725=CARTESIAN_POINT('Ctrl Pts',(-1.20481939669699,0.43253043293953,-0.25));
#4726=CARTESIAN_POINT('',(-1.02891573365778,0.856626719236374,-0.3));
#4727=CARTESIAN_POINT('Ctrl Pts',(-1.20481939669699,0.43253043293953,-0.3));
#4728=CARTESIAN_POINT('Ctrl Pts',(-1.19569277009844,0.515248845734655,-0.3));
#4729=CARTESIAN_POINT('Ctrl Pts',(-1.17817009926275,0.67406409952082,-0.3));
#4730=CARTESIAN_POINT('Ctrl Pts',(-1.0772648224411,0.797487837278942,-0.3));
#4731=CARTESIAN_POINT('Ctrl Pts',(-1.02891573365778,0.856626719236374,-0.3));
#4732=CARTESIAN_POINT('',(-1.02891573365778,0.856626719236374,-0.25));
#4733=CARTESIAN_POINT('Ctrl Pts',(-1.02891573365778,0.856626719236374,-0.25));
#4734=CARTESIAN_POINT('Ctrl Pts',(-1.0772648224411,0.797487837278942,-0.25));
#4735=CARTESIAN_POINT('Ctrl Pts',(-1.17817009926275,0.67406409952082,-0.25));
#4736=CARTESIAN_POINT('Ctrl Pts',(-1.19569277009844,0.515248845734655,-0.25));
#4737=CARTESIAN_POINT('Ctrl Pts',(-1.20481939669699,0.43253043293953,-0.25));
#4738=CARTESIAN_POINT('',(-1.02891573365778,0.856626719236374,-0.3));
#4739=CARTESIAN_POINT('Ctrl Pts',(-0.633735076151789,1.01807260513306,-0.3));
#4740=CARTESIAN_POINT('Ctrl Pts',(-0.633735076151789,1.01807260513306,-0.25));
#4741=CARTESIAN_POINT('Ctrl Pts',(-0.707989107422275,1.01138818237993,-0.3));
#4742=CARTESIAN_POINT('Ctrl Pts',(-0.707989107422275,1.01138818237993,-0.25));
#4743=CARTESIAN_POINT('Ctrl Pts',(-0.856263688566939,0.998040355104342,
-0.3));
#4744=CARTESIAN_POINT('Ctrl Pts',(-0.856263688566939,0.998040355104342,
-0.25));
#4745=CARTESIAN_POINT('Ctrl Pts',(-0.971425498689734,0.903715087922985,
-0.3));
#4746=CARTESIAN_POINT('Ctrl Pts',(-0.971425498689734,0.903715087922985,
-0.25));
#4747=CARTESIAN_POINT('Ctrl Pts',(-1.02891573365778,0.856626719236374,-0.3));
#4748=CARTESIAN_POINT('Ctrl Pts',(-1.02891573365778,0.856626719236374,-0.25));
#4749=CARTESIAN_POINT('',(-0.633735076151789,1.01807260513306,-0.3));
#4750=CARTESIAN_POINT('Ctrl Pts',(-1.02891573365778,0.856626719236374,-0.3));
#4751=CARTESIAN_POINT('Ctrl Pts',(-0.971425498689734,0.903715087922985,
-0.3));
#4752=CARTESIAN_POINT('Ctrl Pts',(-0.856263688566939,0.998040355104342,
-0.3));
#4753=CARTESIAN_POINT('Ctrl Pts',(-0.707989107422275,1.01138818237993,-0.3));
#4754=CARTESIAN_POINT('Ctrl Pts',(-0.633735076151789,1.01807260513306,-0.3));
#4755=CARTESIAN_POINT('',(-0.633735076151789,1.01807260513306,-0.25));
#4756=CARTESIAN_POINT('Ctrl Pts',(-0.633735076151789,1.01807260513306,-0.25));
#4757=CARTESIAN_POINT('Ctrl Pts',(-0.707989107422275,1.01138818237993,-0.25));
#4758=CARTESIAN_POINT('Ctrl Pts',(-0.856263688566939,0.998040355104342,
-0.25));
#4759=CARTESIAN_POINT('Ctrl Pts',(-0.971425498689734,0.903715087922985,
-0.25));
#4760=CARTESIAN_POINT('Ctrl Pts',(-1.02891573365778,0.856626719236374,-0.25));
#4761=CARTESIAN_POINT('',(-0.633735076151789,1.01807260513306,-0.3));
#4762=CARTESIAN_POINT('Ctrl Pts',(-0.24819286223501,0.866265386343003,-0.3));
#4763=CARTESIAN_POINT('Ctrl Pts',(-0.24819286223501,0.866265386343003,-0.25));
#4764=CARTESIAN_POINT('Ctrl Pts',(-0.303098692698222,0.910535479182439,
-0.3));
#4765=CARTESIAN_POINT('Ctrl Pts',(-0.303098692698222,0.910535479182439,
-0.25));
#4766=CARTESIAN_POINT('Ctrl Pts',(-0.415593876798536,1.00123936622131,-0.3));
#4767=CARTESIAN_POINT('Ctrl Pts',(-0.415593876798536,1.00123936622131,-0.25));
#4768=CARTESIAN_POINT('Ctrl Pts',(-0.559874095962215,1.01237299621244,-0.3));
#4769=CARTESIAN_POINT('Ctrl Pts',(-0.559874095962215,1.01237299621244,-0.25));
#4770=CARTESIAN_POINT('Ctrl Pts',(-0.633735076151789,1.01807260513306,-0.3));
#4771=CARTESIAN_POINT('Ctrl Pts',(-0.633735076151789,1.01807260513306,-0.25));
#4772=CARTESIAN_POINT('',(-0.24819286223501,0.866265386343003,-0.3));
#4773=CARTESIAN_POINT('Ctrl Pts',(-0.633735076151789,1.01807260513306,-0.3));
#4774=CARTESIAN_POINT('Ctrl Pts',(-0.559874095962215,1.01237299621244,-0.3));
#4775=CARTESIAN_POINT('Ctrl Pts',(-0.415593876798536,1.00123936622131,-0.3));
#4776=CARTESIAN_POINT('Ctrl Pts',(-0.303098692698222,0.910535479182439,
-0.3));
#4777=CARTESIAN_POINT('Ctrl Pts',(-0.24819286223501,0.866265386343003,-0.3));
#4778=CARTESIAN_POINT('',(-0.24819286223501,0.866265386343003,-0.25));
#4779=CARTESIAN_POINT('Ctrl Pts',(-0.24819286223501,0.866265386343003,-0.25));
#4780=CARTESIAN_POINT('Ctrl Pts',(-0.303098692698222,0.910535479182439,
-0.25));
#4781=CARTESIAN_POINT('Ctrl Pts',(-0.415593876798536,1.00123936622131,-0.25));
#4782=CARTESIAN_POINT('Ctrl Pts',(-0.559874095962215,1.01237299621244,-0.25));
#4783=CARTESIAN_POINT('Ctrl Pts',(-0.633735076151789,1.01807260513306,-0.25));
#4784=CARTESIAN_POINT('',(-0.24819286223501,0.866265386343003,-0.3));
#4785=CARTESIAN_POINT('Ctrl Pts',(-0.0939759766682988,0.500000208616257,
-0.3));
#4786=CARTESIAN_POINT('Ctrl Pts',(-0.0939759766682988,0.500000208616257,
-0.25));
#4787=CARTESIAN_POINT('Ctrl Pts',(-0.100329033367669,0.569407569283226,
-0.3));
#4788=CARTESIAN_POINT('Ctrl Pts',(-0.100329033367669,0.569407569283226,
-0.25));
#4789=CARTESIAN_POINT('Ctrl Pts',(-0.112999485763777,0.707832692949693,
-0.3));
#4790=CARTESIAN_POINT('Ctrl Pts',(-0.112999485763777,0.707832692949693,
-0.25));
#4791=CARTESIAN_POINT('Ctrl Pts',(-0.203213038793687,0.813553672484145,
-0.3));
#4792=CARTESIAN_POINT('Ctrl Pts',(-0.203213038793687,0.813553672484145,
-0.25));
#4793=CARTESIAN_POINT('Ctrl Pts',(-0.24819286223501,0.866265386343003,-0.3));
#4794=CARTESIAN_POINT('Ctrl Pts',(-0.24819286223501,0.866265386343003,-0.25));
#4795=CARTESIAN_POINT('',(-0.0939759766682988,0.500000208616257,-0.3));
#4796=CARTESIAN_POINT('Ctrl Pts',(-0.24819286223501,0.866265386343003,-0.3));
#4797=CARTESIAN_POINT('Ctrl Pts',(-0.203213038793687,0.813553672484145,
-0.3));
#4798=CARTESIAN_POINT('Ctrl Pts',(-0.112999485763777,0.707832692949693,
-0.3));
#4799=CARTESIAN_POINT('Ctrl Pts',(-0.100329033367669,0.569407569283226,
-0.3));
#4800=CARTESIAN_POINT('Ctrl Pts',(-0.0939759766682988,0.500000208616257,
-0.3));
#4801=CARTESIAN_POINT('',(-0.0939759766682988,0.500000208616257,-0.25));
#4802=CARTESIAN_POINT('Ctrl Pts',(-0.0939759766682988,0.500000208616257,
-0.25));
#4803=CARTESIAN_POINT('Ctrl Pts',(-0.100329033367669,0.569407569283226,
-0.25));
#4804=CARTESIAN_POINT('Ctrl Pts',(-0.112999485763777,0.707832692949693,
-0.25));
#4805=CARTESIAN_POINT('Ctrl Pts',(-0.203213038793687,0.813553672484145,
-0.25));
#4806=CARTESIAN_POINT('Ctrl Pts',(-0.24819286223501,0.866265386343003,-0.25));
#4807=CARTESIAN_POINT('',(-0.0939759766682988,0.500000208616257,-0.3));
#4808=CARTESIAN_POINT('Ctrl Pts',(-0.180722937546671,0.201204955577851,
-0.3));
#4809=CARTESIAN_POINT('Ctrl Pts',(-0.180722937546671,0.201204955577851,
-0.25));
#4810=CARTESIAN_POINT('Ctrl Pts',(-0.155421741583568,0.247947737449891,
-0.3));
#4811=CARTESIAN_POINT('Ctrl Pts',(-0.155421741583568,0.247947737449891,
-0.25));
#4812=CARTESIAN_POINT('Ctrl Pts',(-0.104902481006805,0.341279719895313,
-0.3));
#4813=CARTESIAN_POINT('Ctrl Pts',(-0.104902481006805,0.341279719895313,
-0.25));
#4814=CARTESIAN_POINT('Ctrl Pts',(-0.097614147038286,0.447151451018693,
-0.3));
#4815=CARTESIAN_POINT('Ctrl Pts',(-0.097614147038286,0.447151451018693,
-0.25));
#4816=CARTESIAN_POINT('Ctrl Pts',(-0.0939759766682988,0.500000208616257,
-0.3));
#4817=CARTESIAN_POINT('Ctrl Pts',(-0.0939759766682988,0.500000208616257,
-0.25));
#4818=CARTESIAN_POINT('',(-0.180722937546671,0.201204955577851,-0.3));
#4819=CARTESIAN_POINT('Ctrl Pts',(-0.0939759766682988,0.500000208616257,
-0.3));
#4820=CARTESIAN_POINT('Ctrl Pts',(-0.097614147038286,0.447151451018693,
-0.3));
#4821=CARTESIAN_POINT('Ctrl Pts',(-0.104902481006805,0.341279719895313,
-0.3));
#4822=CARTESIAN_POINT('Ctrl Pts',(-0.155421741583568,0.247947737449891,
-0.3));
#4823=CARTESIAN_POINT('Ctrl Pts',(-0.180722937546671,0.201204955577851,
-0.3));
#4824=CARTESIAN_POINT('',(-0.180722937546671,0.201204955577851,-0.25));
#4825=CARTESIAN_POINT('Ctrl Pts',(-0.180722937546671,0.201204955577851,
-0.25));
#4826=CARTESIAN_POINT('Ctrl Pts',(-0.155421741583568,0.247947737449891,
-0.25));
#4827=CARTESIAN_POINT('Ctrl Pts',(-0.104902481006805,0.341279719895313,
-0.25));
#4828=CARTESIAN_POINT('Ctrl Pts',(-0.097614147038286,0.447151451018693,
-0.25));
#4829=CARTESIAN_POINT('Ctrl Pts',(-0.0939759766682988,0.500000208616257,
-0.25));
#4830=CARTESIAN_POINT('',(-0.180722937546671,0.201204955577851,-0.3));
#4831=CARTESIAN_POINT('Ctrl Pts',(-0.438554302416742,-0.124096184968948,
-0.3));
#4832=CARTESIAN_POINT('Ctrl Pts',(-0.438554302416742,-0.124096184968948,
-0.25));
#4833=CARTESIAN_POINT('Ctrl Pts',(-0.386567065555649,-0.0669054695251864,
-0.3));
#4834=CARTESIAN_POINT('Ctrl Pts',(-0.386567065555649,-0.0669054695251864,
-0.25));
#4835=CARTESIAN_POINT('Ctrl Pts',(-0.293251875981048,0.0357497738723656,
-0.3));
#4836=CARTESIAN_POINT('Ctrl Pts',(-0.293251875981048,0.0357497738723656,
-0.25));
#4837=CARTESIAN_POINT('Ctrl Pts',(-0.215263060181108,0.150419421242226,
-0.3));
#4838=CARTESIAN_POINT('Ctrl Pts',(-0.215263060181108,0.150419421242226,
-0.25));
#4839=CARTESIAN_POINT('Ctrl Pts',(-0.180722937546671,0.201204955577851,
-0.3));
#4840=CARTESIAN_POINT('Ctrl Pts',(-0.180722937546671,0.201204955577851,
-0.25));
#4841=CARTESIAN_POINT('',(-0.438554302416742,-0.124096184968948,-0.3));
#4842=CARTESIAN_POINT('Ctrl Pts',(-0.180722937546671,0.201204955577851,
-0.3));
#4843=CARTESIAN_POINT('Ctrl Pts',(-0.215263060181108,0.150419421242226,
-0.3));
#4844=CARTESIAN_POINT('Ctrl Pts',(-0.293251875981048,0.0357497738723656,
-0.3));
#4845=CARTESIAN_POINT('Ctrl Pts',(-0.386567065555649,-0.0669054695251864,
-0.3));
#4846=CARTESIAN_POINT('Ctrl Pts',(-0.438554302416742,-0.124096184968948,
-0.3));
#4847=CARTESIAN_POINT('',(-0.438554302416742,-0.124096184968948,-0.25));
#4848=CARTESIAN_POINT('Ctrl Pts',(-0.438554302416742,-0.124096184968948,
-0.25));
#4849=CARTESIAN_POINT('Ctrl Pts',(-0.386567065555649,-0.0669054695251864,
-0.25));
#4850=CARTESIAN_POINT('Ctrl Pts',(-0.293251875981048,0.0357497738723656,
-0.25));
#4851=CARTESIAN_POINT('Ctrl Pts',(-0.215263060181108,0.150419421242226,
-0.25));
#4852=CARTESIAN_POINT('Ctrl Pts',(-0.180722937546671,0.201204955577851,
-0.25));
#4853=CARTESIAN_POINT('',(-0.438554302416742,-0.124096184968948,-0.3));
#4854=CARTESIAN_POINT('Origin',(-0.869879589043558,-0.589156359434127,-0.3));
#4855=CARTESIAN_POINT('',(-0.869879589043558,-0.589156359434128,-0.3));
#4856=CARTESIAN_POINT('',(-0.88603762644709,-0.606578152050713,-0.3));
#4857=CARTESIAN_POINT('',(-0.869879589043558,-0.589156359434128,-0.25));
#4858=CARTESIAN_POINT('',(-0.438554302416742,-0.124096184968948,-0.25));
#4859=CARTESIAN_POINT('',(-0.869879589043558,-0.589156359434128,-0.3));
#4860=CARTESIAN_POINT('Origin',(-0.0698796069249516,-0.589156359434128,
-0.3));
#4861=CARTESIAN_POINT('',(-0.0698796069249516,-0.589156359434128,-0.3));
#4862=CARTESIAN_POINT('',(-0.822439803462292,-0.589156359434128,-0.3));
#4863=CARTESIAN_POINT('',(-0.0698796069249516,-0.589156359434128,-0.25));
#4864=CARTESIAN_POINT('',(-0.869879589043558,-0.589156359434128,-0.25));
#4865=CARTESIAN_POINT('',(-0.0698796069249516,-0.589156359434128,-0.3));
#4866=CARTESIAN_POINT('Origin',(-0.0698796069249516,-0.755421578884125,
-0.3));
#4867=CARTESIAN_POINT('',(-0.0698796069249516,-0.755421578884125,-0.3));
#4868=CARTESIAN_POINT('',(-0.0698796069249516,-0.377710789442062,-0.3));
#4869=CARTESIAN_POINT('',(-0.0698796069249516,-0.755421578884125,-0.25));
#4870=CARTESIAN_POINT('',(-0.0698796069249516,-0.589156359434128,-0.25));
#4871=CARTESIAN_POINT('',(-0.0698796069249516,-0.755421578884125,-0.3));
#4872=CARTESIAN_POINT('Origin',(-1.24578321035951,-0.755421578884125,-0.3));
#4873=CARTESIAN_POINT('',(-1.24578321035951,-0.755421578884125,-0.3));
#4874=CARTESIAN_POINT('',(-1.41039160517957,-0.755421578884125,-0.3));
#4875=CARTESIAN_POINT('',(-1.24578321035951,-0.755421578884125,-0.25));
#4876=CARTESIAN_POINT('',(-0.0698796069249516,-0.755421578884125,-0.25));
#4877=CARTESIAN_POINT('',(-1.24578321035951,-0.755421578884125,-0.3));
#4878=CARTESIAN_POINT('Origin',(-0.585542336665094,-0.0421684086322782,
-0.3));
#4879=CARTESIAN_POINT('',(-0.585542336665094,-0.0421684086322782,-0.3));
#4880=CARTESIAN_POINT('',(-0.803329530689727,-0.27744224999433,-0.3));
#4881=CARTESIAN_POINT('',(-0.585542336665094,-0.0421684086322782,-0.25));
#4882=CARTESIAN_POINT('',(-1.24578321035951,-0.755421578884125,-0.25));
#4883=CARTESIAN_POINT('',(-0.585542336665094,-0.0421684086322782,-0.3));
#4884=CARTESIAN_POINT('Ctrl Pts',(-0.337349489890039,0.254217028617859,
-0.3));
#4885=CARTESIAN_POINT('Ctrl Pts',(-0.337349489890039,0.254217028617859,
-0.25));
#4886=CARTESIAN_POINT('Ctrl Pts',(-0.369909137487843,0.210971306810609,
-0.3));
#4887=CARTESIAN_POINT('Ctrl Pts',(-0.369909137487843,0.210971306810609,
-0.25));
#4888=CARTESIAN_POINT('Ctrl Pts',(-0.447498792028496,0.107916732730631,
-0.3));
#4889=CARTESIAN_POINT('Ctrl Pts',(-0.447498792028496,0.107916732730631,
-0.25));
#4890=CARTESIAN_POINT('Ctrl Pts',(-0.534848168224269,0.0129478335414915,
-0.3));
#4891=CARTESIAN_POINT('Ctrl Pts',(-0.534848168224269,0.0129478335414915,
-0.25));
#4892=CARTESIAN_POINT('Ctrl Pts',(-0.585542336665094,-0.0421684086322782,
-0.3));
#4893=CARTESIAN_POINT('Ctrl Pts',(-0.585542336665094,-0.0421684086322782,
-0.25));
#4894=CARTESIAN_POINT('',(-0.337349489890039,0.254217028617859,-0.3));
#4895=CARTESIAN_POINT('Ctrl Pts',(-0.585542336665094,-0.0421684086322782,
-0.3));
#4896=CARTESIAN_POINT('Ctrl Pts',(-0.534848168224269,0.0129478335414915,
-0.3));
#4897=CARTESIAN_POINT('Ctrl Pts',(-0.447498792028496,0.107916732730631,
-0.3));
#4898=CARTESIAN_POINT('Ctrl Pts',(-0.369909137487843,0.210971306810609,
-0.3));
#4899=CARTESIAN_POINT('Ctrl Pts',(-0.337349489890039,0.254217028617859,
-0.3));
#4900=CARTESIAN_POINT('',(-0.337349489890039,0.254217028617859,-0.25));
#4901=CARTESIAN_POINT('Ctrl Pts',(-0.337349489890039,0.254217028617859,
-0.25));
#4902=CARTESIAN_POINT('Ctrl Pts',(-0.369909137487843,0.210971306810609,
-0.25));
#4903=CARTESIAN_POINT('Ctrl Pts',(-0.447498792028496,0.107916732730631,
-0.25));
#4904=CARTESIAN_POINT('Ctrl Pts',(-0.534848168224269,0.0129478335414915,
-0.25));
#4905=CARTESIAN_POINT('Ctrl Pts',(-0.585542336665094,-0.0421684086322782,
-0.25));
#4906=CARTESIAN_POINT('',(-0.337349489890039,0.254217028617859,-0.3));
#4907=CARTESIAN_POINT('Ctrl Pts',(-0.262650564871729,0.502409875392914,
-0.3));
#4908=CARTESIAN_POINT('Ctrl Pts',(-0.262650564871729,0.502409875392914,
-0.25));
#4909=CARTESIAN_POINT('Ctrl Pts',(-0.265559620444626,0.457427016393492,
-0.3));
#4910=CARTESIAN_POINT('Ctrl Pts',(-0.265559620444626,0.457427016393492,
-0.25));
#4911=CARTESIAN_POINT('Ctrl Pts',(-0.271286390877815,0.368873703999505,
-0.3));
#4912=CARTESIAN_POINT('Ctrl Pts',(-0.271286390877815,0.368873703999505,
-0.25));
#4913=CARTESIAN_POINT('Ctrl Pts',(-0.315563862153549,0.292027359721248,
-0.3));
#4914=CARTESIAN_POINT('Ctrl Pts',(-0.315563862153549,0.292027359721248,
-0.25));
#4915=CARTESIAN_POINT('Ctrl Pts',(-0.337349489890039,0.254217028617859,
-0.3));
#4916=CARTESIAN_POINT('Ctrl Pts',(-0.337349489890039,0.254217028617859,
-0.25));
#4917=CARTESIAN_POINT('',(-0.262650564871729,0.502409875392914,-0.3));
#4918=CARTESIAN_POINT('Ctrl Pts',(-0.337349489890039,0.254217028617859,
-0.3));
#4919=CARTESIAN_POINT('Ctrl Pts',(-0.315563862153549,0.292027359721248,
-0.3));
#4920=CARTESIAN_POINT('Ctrl Pts',(-0.271286390877815,0.368873703999505,
-0.3));
#4921=CARTESIAN_POINT('Ctrl Pts',(-0.265559620444626,0.457427016393492,
-0.3));
#4922=CARTESIAN_POINT('Ctrl Pts',(-0.262650564871729,0.502409875392914,
-0.3));
#4923=CARTESIAN_POINT('',(-0.262650564871729,0.502409875392914,-0.25));
#4924=CARTESIAN_POINT('Ctrl Pts',(-0.262650564871729,0.502409875392914,
-0.25));
#4925=CARTESIAN_POINT('Ctrl Pts',(-0.265559620444626,0.457427016393492,
-0.25));
#4926=CARTESIAN_POINT('Ctrl Pts',(-0.271286390877815,0.368873703999505,
-0.25));
#4927=CARTESIAN_POINT('Ctrl Pts',(-0.315563862153549,0.292027359721248,
-0.25));
#4928=CARTESIAN_POINT('Ctrl Pts',(-0.337349489890039,0.254217028617859,
-0.25));
#4929=CARTESIAN_POINT('',(-0.262650564871729,0.502409875392914,-0.3));
#4930=CARTESIAN_POINT('Ctrl Pts',(-0.37349404450506,0.748193055391312,-0.3));
#4931=CARTESIAN_POINT('Ctrl Pts',(-0.37349404450506,0.748193055391312,-0.25));
#4932=CARTESIAN_POINT('Ctrl Pts',(-0.341171211118954,0.712089287927908,
-0.3));
#4933=CARTESIAN_POINT('Ctrl Pts',(-0.341171211118954,0.712089287927908,
-0.25));
#4934=CARTESIAN_POINT('Ctrl Pts',(-0.278181073646278,0.641730936336773,
-0.3));
#4935=CARTESIAN_POINT('Ctrl Pts',(-0.278181073646278,0.641730936336773,
-0.25));
#4936=CARTESIAN_POINT('Ctrl Pts',(-0.267735893141207,0.548029329335889,
-0.3));
#4937=CARTESIAN_POINT('Ctrl Pts',(-0.267735893141207,0.548029329335889,
-0.25));
#4938=CARTESIAN_POINT('Ctrl Pts',(-0.262650564871729,0.502409875392914,
-0.3));
#4939=CARTESIAN_POINT('Ctrl Pts',(-0.262650564871729,0.502409875392914,
-0.25));
#4940=CARTESIAN_POINT('',(-0.37349404450506,0.748193055391312,-0.3));
#4941=CARTESIAN_POINT('Ctrl Pts',(-0.262650564871729,0.502409875392914,
-0.3));
#4942=CARTESIAN_POINT('Ctrl Pts',(-0.267735893141207,0.548029329335889,
-0.3));
#4943=CARTESIAN_POINT('Ctrl Pts',(-0.278181073646278,0.641730936336773,
-0.3));
#4944=CARTESIAN_POINT('Ctrl Pts',(-0.341171211118954,0.712089287927908,
-0.3));
#4945=CARTESIAN_POINT('Ctrl Pts',(-0.37349404450506,0.748193055391312,-0.3));
#4946=CARTESIAN_POINT('',(-0.37349404450506,0.748193055391312,-0.25));
#4947=CARTESIAN_POINT('Ctrl Pts',(-0.37349404450506,0.748193055391312,-0.25));
#4948=CARTESIAN_POINT('Ctrl Pts',(-0.341171211118954,0.712089287927908,
-0.25));
#4949=CARTESIAN_POINT('Ctrl Pts',(-0.278181073646278,0.641730936336773,
-0.25));
#4950=CARTESIAN_POINT('Ctrl Pts',(-0.267735893141207,0.548029329335889,
-0.25));
#4951=CARTESIAN_POINT('Ctrl Pts',(-0.262650564871729,0.502409875392914,
-0.25));
#4952=CARTESIAN_POINT('',(-0.37349404450506,0.748193055391312,-0.3));
#4953=CARTESIAN_POINT('Ctrl Pts',(-0.645783261023462,0.854217201471329,
-0.3));
#4954=CARTESIAN_POINT('Ctrl Pts',(-0.645783261023462,0.854217201471329,
-0.25));
#4955=CARTESIAN_POINT('Ctrl Pts',(-0.593884694777473,0.850194750295343,
-0.3));
#4956=CARTESIAN_POINT('Ctrl Pts',(-0.593884694777473,0.850194750295343,
-0.25));
#4957=CARTESIAN_POINT('Ctrl Pts',(-0.492286897117062,0.84232030962699,-0.3));
#4958=CARTESIAN_POINT('Ctrl Pts',(-0.492286897117062,0.84232030962699,-0.25));
#4959=CARTESIAN_POINT('Ctrl Pts',(-0.412516049817689,0.779112712038035,
-0.3));
#4960=CARTESIAN_POINT('Ctrl Pts',(-0.412516049817689,0.779112712038035,
-0.25));
#4961=CARTESIAN_POINT('Ctrl Pts',(-0.37349404450506,0.748193055391312,-0.3));
#4962=CARTESIAN_POINT('Ctrl Pts',(-0.37349404450506,0.748193055391312,-0.25));
#4963=CARTESIAN_POINT('',(-0.645783261023462,0.854217201471329,-0.3));
#4964=CARTESIAN_POINT('Ctrl Pts',(-0.37349404450506,0.748193055391312,-0.3));
#4965=CARTESIAN_POINT('Ctrl Pts',(-0.412516049817689,0.779112712038035,
-0.3));
#4966=CARTESIAN_POINT('Ctrl Pts',(-0.492286897117062,0.84232030962699,-0.3));
#4967=CARTESIAN_POINT('Ctrl Pts',(-0.593884694777473,0.850194750295343,
-0.3));
#4968=CARTESIAN_POINT('Ctrl Pts',(-0.645783261023462,0.854217201471329,
-0.3));
#4969=CARTESIAN_POINT('',(-0.645783261023462,0.854217201471329,-0.25));
#4970=CARTESIAN_POINT('Ctrl Pts',(-0.645783261023462,0.854217201471329,
-0.25));
#4971=CARTESIAN_POINT('Ctrl Pts',(-0.593884694777473,0.850194750295343,
-0.25));
#4972=CARTESIAN_POINT('Ctrl Pts',(-0.492286897117062,0.84232030962699,-0.25));
#4973=CARTESIAN_POINT('Ctrl Pts',(-0.412516049817689,0.779112712038035,
-0.25));
#4974=CARTESIAN_POINT('Ctrl Pts',(-0.37349404450506,0.748193055391312,-0.25));
#4975=CARTESIAN_POINT('',(-0.645783261023462,0.854217201471329,-0.3));
#4976=CARTESIAN_POINT('Ctrl Pts',(-0.915662661753595,0.743373721837998,
-0.3));
#4977=CARTESIAN_POINT('Ctrl Pts',(-0.915662661753595,0.743373721837998,
-0.25));
#4978=CARTESIAN_POINT('Ctrl Pts',(-0.877009706336689,0.775701853174638,
-0.3));
#4979=CARTESIAN_POINT('Ctrl Pts',(-0.877009706336689,0.775701853174638,
-0.25));
#4980=CARTESIAN_POINT('Ctrl Pts',(-0.798815019030452,0.841101460883752,
-0.3));
#4981=CARTESIAN_POINT('Ctrl Pts',(-0.798815019030452,0.841101460883752,
-0.25));
#4982=CARTESIAN_POINT('Ctrl Pts',(-0.697178919113029,0.849812284951976,
-0.3));
#4983=CARTESIAN_POINT('Ctrl Pts',(-0.697178919113029,0.849812284951976,
-0.25));
#4984=CARTESIAN_POINT('Ctrl Pts',(-0.645783261023462,0.854217201471329,
-0.3));
#4985=CARTESIAN_POINT('Ctrl Pts',(-0.645783261023462,0.854217201471329,
-0.25));
#4986=CARTESIAN_POINT('',(-0.915662661753595,0.743373721837998,-0.3));
#4987=CARTESIAN_POINT('Ctrl Pts',(-0.645783261023462,0.854217201471329,
-0.3));
#4988=CARTESIAN_POINT('Ctrl Pts',(-0.697178919113029,0.849812284951976,
-0.3));
#4989=CARTESIAN_POINT('Ctrl Pts',(-0.798815019030452,0.841101460883752,
-0.3));
#4990=CARTESIAN_POINT('Ctrl Pts',(-0.877009706336689,0.775701853174638,
-0.3));
#4991=CARTESIAN_POINT('Ctrl Pts',(-0.915662661753595,0.743373721837998,
-0.3));
#4992=CARTESIAN_POINT('',(-0.915662661753595,0.743373721837998,-0.25));
#4993=CARTESIAN_POINT('Ctrl Pts',(-0.915662661753595,0.743373721837998,
-0.25));
#4994=CARTESIAN_POINT('Ctrl Pts',(-0.877009706336689,0.775701853174638,
-0.25));
#4995=CARTESIAN_POINT('Ctrl Pts',(-0.798815019030452,0.841101460883752,
-0.25));
#4996=CARTESIAN_POINT('Ctrl Pts',(-0.697178919113029,0.849812284951976,
-0.25));
#4997=CARTESIAN_POINT('Ctrl Pts',(-0.645783261023462,0.854217201471329,
-0.25));
#4998=CARTESIAN_POINT('',(-0.915662661753595,0.743373721837998,-0.3));
#4999=CARTESIAN_POINT('Ctrl Pts',(-1.0385543262586,0.43253043293953,-0.3));
#5000=CARTESIAN_POINT('Ctrl Pts',(-1.0385543262586,0.43253043293953,-0.25));
#5001=CARTESIAN_POINT('Ctrl Pts',(-1.03080740095234,0.494352890874189,-0.3));
#5002=CARTESIAN_POINT('Ctrl Pts',(-1.03080740095234,0.494352890874189,-0.25));
#5003=CARTESIAN_POINT('Ctrl Pts',(-1.01645106745424,0.608920127383437,-0.3));
#5004=CARTESIAN_POINT('Ctrl Pts',(-1.01645106745424,0.608920127383437,-0.25));
#5005=CARTESIAN_POINT('Ctrl Pts',(-0.947436005341039,0.700987494737034,
-0.3));
#5006=CARTESIAN_POINT('Ctrl Pts',(-0.947436005341039,0.700987494737034,
-0.25));
#5007=CARTESIAN_POINT('Ctrl Pts',(-0.915662661753595,0.743373721837998,
-0.3));
#5008=CARTESIAN_POINT('Ctrl Pts',(-0.915662661753595,0.743373721837998,
-0.25));
#5009=CARTESIAN_POINT('Ctrl Pts',(-0.915662661753595,0.743373721837998,
-0.3));
#5010=CARTESIAN_POINT('Ctrl Pts',(-0.947436005341039,0.700987494737034,
-0.3));
#5011=CARTESIAN_POINT('Ctrl Pts',(-1.01645106745424,0.608920127383437,-0.3));
#5012=CARTESIAN_POINT('Ctrl Pts',(-1.03080740095234,0.494352890874189,-0.3));
#5013=CARTESIAN_POINT('Ctrl Pts',(-1.0385543262586,0.43253043293953,-0.3));
#5014=CARTESIAN_POINT('Ctrl Pts',(-1.0385543262586,0.43253043293953,-0.25));
#5015=CARTESIAN_POINT('Ctrl Pts',(-1.03080740095234,0.494352890874189,-0.25));
#5016=CARTESIAN_POINT('Ctrl Pts',(-1.01645106745424,0.608920127383437,-0.25));
#5017=CARTESIAN_POINT('Ctrl Pts',(-0.947436005341039,0.700987494737034,
-0.25));
#5018=CARTESIAN_POINT('Ctrl Pts',(-0.915662661753595,0.743373721837998,
-0.25));
#5019=CARTESIAN_POINT('Origin',(2.17929477241974E-8,0.109638810157776,-0.25));
#5020=CARTESIAN_POINT('Origin',(1.20240954998881,0.810843646526337,-0.3));
#5021=CARTESIAN_POINT('',(1.20240954998881,0.974699050188065,-0.3));
#5022=CARTESIAN_POINT('',(1.20240954998881,0.810843646526337,-0.3));
#5023=CARTESIAN_POINT('',(1.20240954998881,0.405421823263168,-0.3));
#5024=CARTESIAN_POINT('',(1.20240954998881,0.974699050188065,-0.25));
#5025=CARTESIAN_POINT('',(1.20240954998881,0.974699050188065,-0.3));
#5026=CARTESIAN_POINT('',(1.20240954998881,0.810843646526337,-0.25));
#5027=CARTESIAN_POINT('',(1.20240954998881,0.974699050188065,-0.25));
#5028=CARTESIAN_POINT('',(1.20240954998881,0.810843646526337,-0.3));
#5029=CARTESIAN_POINT('Origin',(0.58554200772196,0.810843646526337,-0.3));
#5030=CARTESIAN_POINT('',(0.58554200772196,0.810843646526337,-0.3));
#5031=CARTESIAN_POINT('',(-0.494728996138836,0.810843646526337,-0.3));
#5032=CARTESIAN_POINT('',(0.58554200772196,0.810843646526337,-0.25));
#5033=CARTESIAN_POINT('',(1.20240954998881,0.810843646526337,-0.25));
#5034=CARTESIAN_POINT('',(0.58554200772196,0.810843646526337,-0.3));
#5035=CARTESIAN_POINT('Origin',(0.4987951958552,0.338554471731186,-0.3));
#5036=CARTESIAN_POINT('',(0.4987951958552,0.338554471731186,-0.3));
#5037=CARTESIAN_POINT('',(0.434879206319609,-0.00943330216355436,-0.3));
#5038=CARTESIAN_POINT('',(0.4987951958552,0.338554471731186,-0.25));
#5039=CARTESIAN_POINT('',(0.58554200772196,0.810843646526337,-0.25));
#5040=CARTESIAN_POINT('',(0.4987951958552,0.338554471731186,-0.3));
#5041=CARTESIAN_POINT('Ctrl Pts',(0.715662523545324,0.37228935956955,-0.3));
#5042=CARTESIAN_POINT('Ctrl Pts',(0.715662523545324,0.37228935956955,-0.25));
#5043=CARTESIAN_POINT('Ctrl Pts',(0.680544146743327,0.370651287333948,-0.3));
#5044=CARTESIAN_POINT('Ctrl Pts',(0.680544146743327,0.370651287333948,-0.25));
#5045=CARTESIAN_POINT('Ctrl Pts',(0.607064062798709,0.367223859977099,-0.3));
#5046=CARTESIAN_POINT('Ctrl Pts',(0.607064062798709,0.367223859977099,-0.25));
#5047=CARTESIAN_POINT('Ctrl Pts',(0.535931390885468,0.348388064927042,-0.3));
#5048=CARTESIAN_POINT('Ctrl Pts',(0.535931390885468,0.348388064927042,-0.25));
#5049=CARTESIAN_POINT('Ctrl Pts',(0.4987951958552,0.338554471731186,-0.3));
#5050=CARTESIAN_POINT('Ctrl Pts',(0.4987951958552,0.338554471731186,-0.25));
#5051=CARTESIAN_POINT('',(0.715662523545324,0.37228935956955,-0.3));
#5052=CARTESIAN_POINT('Ctrl Pts',(0.4987951958552,0.338554471731186,-0.3));
#5053=CARTESIAN_POINT('Ctrl Pts',(0.535931390885468,0.348388064927042,-0.3));
#5054=CARTESIAN_POINT('Ctrl Pts',(0.607064062798709,0.367223859977099,-0.3));
#5055=CARTESIAN_POINT('Ctrl Pts',(0.680544146743327,0.370651287333948,-0.3));
#5056=CARTESIAN_POINT('Ctrl Pts',(0.715662523545324,0.37228935956955,-0.3));
#5057=CARTESIAN_POINT('',(0.715662523545324,0.37228935956955,-0.25));
#5058=CARTESIAN_POINT('Ctrl Pts',(0.715662523545324,0.37228935956955,-0.25));
#5059=CARTESIAN_POINT('Ctrl Pts',(0.680544146743327,0.370651287333948,-0.25));
#5060=CARTESIAN_POINT('Ctrl Pts',(0.607064062798709,0.367223859977099,-0.25));
#5061=CARTESIAN_POINT('Ctrl Pts',(0.535931390885468,0.348388064927042,-0.25));
#5062=CARTESIAN_POINT('Ctrl Pts',(0.4987951958552,0.338554471731186,-0.25));
#5063=CARTESIAN_POINT('',(0.715662523545324,0.37228935956955,-0.3));
#5064=CARTESIAN_POINT('Ctrl Pts',(1.09397588614374,0.210843622684479,-0.3));
#5065=CARTESIAN_POINT('Ctrl Pts',(1.09397588614374,0.210843622684479,-0.25));
#5066=CARTESIAN_POINT('Ctrl Pts',(1.04002967270738,0.25793144922246,-0.3));
#5067=CARTESIAN_POINT('Ctrl Pts',(1.04002967270738,0.25793144922246,-0.25));
#5068=CARTESIAN_POINT('Ctrl Pts',(0.931464530255208,0.352694292992556,-0.3));
#5069=CARTESIAN_POINT('Ctrl Pts',(0.931464530255208,0.352694292992556,-0.25));
#5070=CARTESIAN_POINT('Ctrl Pts',(0.78789306896512,0.365730744253724,-0.3));
#5071=CARTESIAN_POINT('Ctrl Pts',(0.78789306896512,0.365730744253724,-0.25));
#5072=CARTESIAN_POINT('Ctrl Pts',(0.715662523545324,0.37228935956955,-0.3));
#5073=CARTESIAN_POINT('Ctrl Pts',(0.715662523545324,0.37228935956955,-0.25));
#5074=CARTESIAN_POINT('',(1.09397588614374,0.210843622684479,-0.3));
#5075=CARTESIAN_POINT('Ctrl Pts',(0.715662523545324,0.37228935956955,-0.3));
#5076=CARTESIAN_POINT('Ctrl Pts',(0.78789306896512,0.365730744253724,-0.3));
#5077=CARTESIAN_POINT('Ctrl Pts',(0.931464530255208,0.352694292992556,-0.3));
#5078=CARTESIAN_POINT('Ctrl Pts',(1.04002967270738,0.25793144922246,-0.3));
#5079=CARTESIAN_POINT('Ctrl Pts',(1.09397588614374,0.210843622684479,-0.3));
#5080=CARTESIAN_POINT('',(1.09397588614374,0.210843622684479,-0.25));
#5081=CARTESIAN_POINT('Ctrl Pts',(1.09397588614374,0.210843622684479,-0.25));
#5082=CARTESIAN_POINT('Ctrl Pts',(1.04002967270738,0.25793144922246,-0.25));
#5083=CARTESIAN_POINT('Ctrl Pts',(0.931464530255208,0.352694292992556,-0.25));
#5084=CARTESIAN_POINT('Ctrl Pts',(0.78789306896512,0.365730744253724,-0.25));
#5085=CARTESIAN_POINT('Ctrl Pts',(0.715662523545324,0.37228935956955,-0.25));
#5086=CARTESIAN_POINT('',(1.09397588614374,0.210843622684479,-0.3));
#5087=CARTESIAN_POINT('Ctrl Pts',(1.24578325394541,-0.198794960975647,-0.3));
#5088=CARTESIAN_POINT('Ctrl Pts',(1.24578325394541,-0.198794960975647,-0.25));
#5089=CARTESIAN_POINT('Ctrl Pts',(1.24043234023212,-0.120125593635873,-0.3));
#5090=CARTESIAN_POINT('Ctrl Pts',(1.24043234023212,-0.120125593635873,-0.25));
#5091=CARTESIAN_POINT('Ctrl Pts',(1.23010680361465,0.0316808971175839,-0.3));
#5092=CARTESIAN_POINT('Ctrl Pts',(1.23010680361465,0.0316808971175839,-0.25));
#5093=CARTESIAN_POINT('Ctrl Pts',(1.13823686127011,0.152591485056862,-0.3));
#5094=CARTESIAN_POINT('Ctrl Pts',(1.13823686127011,0.152591485056862,-0.25));
#5095=CARTESIAN_POINT('Ctrl Pts',(1.09397588614374,0.210843622684479,-0.3));
#5096=CARTESIAN_POINT('Ctrl Pts',(1.09397588614374,0.210843622684479,-0.25));
#5097=CARTESIAN_POINT('',(1.24578325394541,-0.198794960975647,-0.3));
#5098=CARTESIAN_POINT('Ctrl Pts',(1.09397588614374,0.210843622684479,-0.3));
#5099=CARTESIAN_POINT('Ctrl Pts',(1.13823686127011,0.152591485056862,-0.3));
#5100=CARTESIAN_POINT('Ctrl Pts',(1.23010680361465,0.0316808971175839,-0.3));
#5101=CARTESIAN_POINT('Ctrl Pts',(1.24043234023212,-0.120125593635873,-0.3));
#5102=CARTESIAN_POINT('Ctrl Pts',(1.24578325394541,-0.198794960975647,-0.3));
#5103=CARTESIAN_POINT('',(1.24578325394541,-0.198794960975647,-0.25));
#5104=CARTESIAN_POINT('Ctrl Pts',(1.24578325394541,-0.198794960975647,-0.25));
#5105=CARTESIAN_POINT('Ctrl Pts',(1.24043234023212,-0.120125593635873,-0.25));
#5106=CARTESIAN_POINT('Ctrl Pts',(1.23010680361465,0.0316808971175839,-0.25));
#5107=CARTESIAN_POINT('Ctrl Pts',(1.13823686127011,0.152591485056862,-0.25));
#5108=CARTESIAN_POINT('Ctrl Pts',(1.09397588614374,0.210843622684479,-0.25));
#5109=CARTESIAN_POINT('',(1.24578325394541,-0.198794960975647,-0.3));
#5110=CARTESIAN_POINT('Ctrl Pts',(1.07951818350702,-0.62530106306076,-0.3));
#5111=CARTESIAN_POINT('Ctrl Pts',(1.07951818350702,-0.62530106306076,-0.25));
#5112=CARTESIAN_POINT('Ctrl Pts',(1.12801091471516,-0.563157123585965,-0.3));
#5113=CARTESIAN_POINT('Ctrl Pts',(1.12801091471516,-0.563157123585965,-0.25));
#5114=CARTESIAN_POINT('Ctrl Pts',(1.22594394099413,-0.437654931689579,-0.3));
#5115=CARTESIAN_POINT('Ctrl Pts',(1.22594394099413,-0.437654931689579,-0.25));
#5116=CARTESIAN_POINT('Ctrl Pts',(1.23912762945836,-0.278926882578176,-0.3));
#5117=CARTESIAN_POINT('Ctrl Pts',(1.23912762945836,-0.278926882578176,-0.25));
#5118=CARTESIAN_POINT('Ctrl Pts',(1.24578325394541,-0.198794960975647,-0.3));
#5119=CARTESIAN_POINT('Ctrl Pts',(1.24578325394541,-0.198794960975647,-0.25));
#5120=CARTESIAN_POINT('',(1.07951818350702,-0.62530106306076,-0.3));
#5121=CARTESIAN_POINT('Ctrl Pts',(1.24578325394541,-0.198794960975647,-0.3));
#5122=CARTESIAN_POINT('Ctrl Pts',(1.23912762945836,-0.278926882578176,-0.3));
#5123=CARTESIAN_POINT('Ctrl Pts',(1.22594394099413,-0.437654931689579,-0.3));
#5124=CARTESIAN_POINT('Ctrl Pts',(1.12801091471516,-0.563157123585965,-0.3));
#5125=CARTESIAN_POINT('Ctrl Pts',(1.07951818350702,-0.62530106306076,-0.3));
#5126=CARTESIAN_POINT('',(1.07951818350702,-0.62530106306076,-0.25));
#5127=CARTESIAN_POINT('Ctrl Pts',(1.07951818350702,-0.62530106306076,-0.25));
#5128=CARTESIAN_POINT('Ctrl Pts',(1.12801091471516,-0.563157123585965,-0.25));
#5129=CARTESIAN_POINT('Ctrl Pts',(1.22594394099413,-0.437654931689579,-0.25));
#5130=CARTESIAN_POINT('Ctrl Pts',(1.23912762945836,-0.278926882578176,-0.25));
#5131=CARTESIAN_POINT('Ctrl Pts',(1.24578325394541,-0.198794960975647,-0.25));
#5132=CARTESIAN_POINT('',(1.07951818350702,-0.62530106306076,-0.3));
#5133=CARTESIAN_POINT('Ctrl Pts',(0.643373414315283,-0.798794984817505,
-0.3));
#5134=CARTESIAN_POINT('Ctrl Pts',(0.643373414315283,-0.798794984817505,
-0.25));
#5135=CARTESIAN_POINT('Ctrl Pts',(0.728507773413319,-0.792707323413404,
-0.3));
#5136=CARTESIAN_POINT('Ctrl Pts',(0.728507773413319,-0.792707323413404,
-0.25));
#5137=CARTESIAN_POINT('Ctrl Pts',(0.892653957037858,-0.780969801721009,
-0.3));
#5138=CARTESIAN_POINT('Ctrl Pts',(0.892653957037858,-0.780969801721009,
-0.25));
#5139=CARTESIAN_POINT('Ctrl Pts',(1.01879847460527,-0.675884102282094,-0.3));
#5140=CARTESIAN_POINT('Ctrl Pts',(1.01879847460527,-0.675884102282094,-0.25));
#5141=CARTESIAN_POINT('Ctrl Pts',(1.07951818350702,-0.62530106306076,-0.3));
#5142=CARTESIAN_POINT('Ctrl Pts',(1.07951818350702,-0.62530106306076,-0.25));
#5143=CARTESIAN_POINT('',(0.643373414315283,-0.798794984817505,-0.3));
#5144=CARTESIAN_POINT('Ctrl Pts',(1.07951818350702,-0.62530106306076,-0.3));
#5145=CARTESIAN_POINT('Ctrl Pts',(1.01879847460527,-0.675884102282094,-0.3));
#5146=CARTESIAN_POINT('Ctrl Pts',(0.892653957037858,-0.780969801721009,
-0.3));
#5147=CARTESIAN_POINT('Ctrl Pts',(0.728507773413319,-0.792707323413404,
-0.3));
#5148=CARTESIAN_POINT('Ctrl Pts',(0.643373414315283,-0.798794984817505,
-0.3));
#5149=CARTESIAN_POINT('',(0.643373414315283,-0.798794984817505,-0.25));
#5150=CARTESIAN_POINT('Ctrl Pts',(0.643373414315283,-0.798794984817505,
-0.25));
#5151=CARTESIAN_POINT('Ctrl Pts',(0.728507773413319,-0.792707323413404,
-0.25));
#5152=CARTESIAN_POINT('Ctrl Pts',(0.892653957037858,-0.780969801721009,
-0.25));
#5153=CARTESIAN_POINT('Ctrl Pts',(1.01879847460527,-0.675884102282094,-0.25));
#5154=CARTESIAN_POINT('Ctrl Pts',(1.07951818350702,-0.62530106306076,-0.25));
#5155=CARTESIAN_POINT('',(0.643373414315283,-0.798794984817505,-0.3));
#5156=CARTESIAN_POINT('Ctrl Pts',(0.289156719483435,-0.6759033203125,-0.3));
#5157=CARTESIAN_POINT('Ctrl Pts',(0.289156719483435,-0.6759033203125,-0.25));
#5158=CARTESIAN_POINT('Ctrl Pts',(0.341375600083685,-0.711742099081432,
-0.3));
#5159=CARTESIAN_POINT('Ctrl Pts',(0.341375600083685,-0.711742099081432,
-0.25));
#5160=CARTESIAN_POINT('Ctrl Pts',(0.448105327927185,-0.784992675506719,
-0.3));
#5161=CARTESIAN_POINT('Ctrl Pts',(0.448105327927185,-0.784992675506719,
-0.25));
#5162=CARTESIAN_POINT('Ctrl Pts',(0.577358834406618,-0.794128817049004,
-0.3));
#5163=CARTESIAN_POINT('Ctrl Pts',(0.577358834406618,-0.794128817049004,
-0.25));
#5164=CARTESIAN_POINT('Ctrl Pts',(0.643373414315283,-0.798794984817505,
-0.3));
#5165=CARTESIAN_POINT('Ctrl Pts',(0.643373414315283,-0.798794984817505,
-0.25));
#5166=CARTESIAN_POINT('',(0.289156719483435,-0.6759033203125,-0.3));
#5167=CARTESIAN_POINT('Ctrl Pts',(0.643373414315283,-0.798794984817505,
-0.3));
#5168=CARTESIAN_POINT('Ctrl Pts',(0.577358834406618,-0.794128817049004,
-0.3));
#5169=CARTESIAN_POINT('Ctrl Pts',(0.448105327927185,-0.784992675506719,
-0.3));
#5170=CARTESIAN_POINT('Ctrl Pts',(0.341375600083685,-0.711742099081432,
-0.3));
#5171=CARTESIAN_POINT('Ctrl Pts',(0.289156719483435,-0.6759033203125,-0.3));
#5172=CARTESIAN_POINT('',(0.289156719483435,-0.6759033203125,-0.25));
#5173=CARTESIAN_POINT('Ctrl Pts',(0.289156719483435,-0.6759033203125,-0.25));
#5174=CARTESIAN_POINT('Ctrl Pts',(0.341375600083685,-0.711742099081432,
-0.25));
#5175=CARTESIAN_POINT('Ctrl Pts',(0.448105327927185,-0.784992675506719,
-0.25));
#5176=CARTESIAN_POINT('Ctrl Pts',(0.577358834406618,-0.794128817049004,
-0.25));
#5177=CARTESIAN_POINT('Ctrl Pts',(0.643373414315283,-0.798794984817505,
-0.25));
#5178=CARTESIAN_POINT('',(0.289156719483435,-0.6759033203125,-0.3));
#5179=CARTESIAN_POINT('Ctrl Pts',(0.115662648715078,-0.33614432811737,-0.3));
#5180=CARTESIAN_POINT('Ctrl Pts',(0.115662648715078,-0.33614432811737,-0.25));
#5181=CARTESIAN_POINT('Ctrl Pts',(0.129257012167699,-0.403148300405949,
-0.3));
#5182=CARTESIAN_POINT('Ctrl Pts',(0.129257012167699,-0.403148300405949,
-0.25));
#5183=CARTESIAN_POINT('Ctrl Pts',(0.155553603571322,-0.532759082685915,
-0.3));
#5184=CARTESIAN_POINT('Ctrl Pts',(0.155553603571322,-0.532759082685915,
-0.25));
#5185=CARTESIAN_POINT('Ctrl Pts',(0.245641114104512,-0.629280095140695,
-0.3));
#5186=CARTESIAN_POINT('Ctrl Pts',(0.245641114104512,-0.629280095140695,
-0.25));
#5187=CARTESIAN_POINT('Ctrl Pts',(0.289156719483435,-0.6759033203125,-0.3));
#5188=CARTESIAN_POINT('Ctrl Pts',(0.289156719483435,-0.6759033203125,-0.25));
#5189=CARTESIAN_POINT('',(0.115662648715078,-0.33614432811737,-0.3));
#5190=CARTESIAN_POINT('Ctrl Pts',(0.289156719483435,-0.6759033203125,-0.3));
#5191=CARTESIAN_POINT('Ctrl Pts',(0.245641114104512,-0.629280095140695,
-0.3));
#5192=CARTESIAN_POINT('Ctrl Pts',(0.155553603571322,-0.532759082685915,
-0.3));
#5193=CARTESIAN_POINT('Ctrl Pts',(0.129257012167699,-0.403148300405949,
-0.3));
#5194=CARTESIAN_POINT('Ctrl Pts',(0.115662648715078,-0.33614432811737,-0.3));
#5195=CARTESIAN_POINT('',(0.115662648715078,-0.33614432811737,-0.25));
#5196=CARTESIAN_POINT('Ctrl Pts',(0.115662648715078,-0.33614432811737,-0.25));
#5197=CARTESIAN_POINT('Ctrl Pts',(0.129257012167699,-0.403148300405949,
-0.25));
#5198=CARTESIAN_POINT('Ctrl Pts',(0.155553603571322,-0.532759082685915,
-0.25));
#5199=CARTESIAN_POINT('Ctrl Pts',(0.245641114104512,-0.629280095140695,
-0.25));
#5200=CARTESIAN_POINT('Ctrl Pts',(0.289156719483435,-0.6759033203125,-0.25));
#5201=CARTESIAN_POINT('',(0.115662648715078,-0.33614432811737,-0.3));
#5202=CARTESIAN_POINT('Origin',(0.29156623724848,-0.33614432811737,-0.3));
#5203=CARTESIAN_POINT('',(0.29156623724848,-0.33614432811737,-0.3));
#5204=CARTESIAN_POINT('',(-0.641716881375576,-0.33614432811737,-0.3));
#5205=CARTESIAN_POINT('',(0.29156623724848,-0.33614432811737,-0.25));
#5206=CARTESIAN_POINT('',(0.115662648715078,-0.33614432811737,-0.25));
#5207=CARTESIAN_POINT('',(0.29156623724848,-0.33614432811737,-0.3));
#5208=CARTESIAN_POINT('Ctrl Pts',(0.421686753071844,-0.557831138372421,
-0.3));
#5209=CARTESIAN_POINT('Ctrl Pts',(0.421686753071844,-0.557831138372421,
-0.25));
#5210=CARTESIAN_POINT('Ctrl Pts',(0.391361473298489,-0.528309362680996,
-0.3));
#5211=CARTESIAN_POINT('Ctrl Pts',(0.391361473298489,-0.528309362680996,
-0.25));
#5212=CARTESIAN_POINT('Ctrl Pts',(0.327834045120289,-0.466465168696747,
-0.3));
#5213=CARTESIAN_POINT('Ctrl Pts',(0.327834045120289,-0.466465168696747,
-0.25));
#5214=CARTESIAN_POINT('Ctrl Pts',(0.304015057783163,-0.38087658108496,-0.3));
#5215=CARTESIAN_POINT('Ctrl Pts',(0.304015057783163,-0.38087658108496,-0.25));
#5216=CARTESIAN_POINT('Ctrl Pts',(0.29156623724848,-0.33614432811737,-0.3));
#5217=CARTESIAN_POINT('Ctrl Pts',(0.29156623724848,-0.33614432811737,-0.25));
#5218=CARTESIAN_POINT('',(0.421686753071844,-0.557831138372421,-0.3));
#5219=CARTESIAN_POINT('Ctrl Pts',(0.29156623724848,-0.33614432811737,-0.3));
#5220=CARTESIAN_POINT('Ctrl Pts',(0.304015057783163,-0.38087658108496,-0.3));
#5221=CARTESIAN_POINT('Ctrl Pts',(0.327834045120289,-0.466465168696747,
-0.3));
#5222=CARTESIAN_POINT('Ctrl Pts',(0.391361473298489,-0.528309362680996,
-0.3));
#5223=CARTESIAN_POINT('Ctrl Pts',(0.421686753071844,-0.557831138372421,
-0.3));
#5224=CARTESIAN_POINT('',(0.421686753071844,-0.557831138372421,-0.25));
#5225=CARTESIAN_POINT('Ctrl Pts',(0.421686753071844,-0.557831138372421,
-0.25));
#5226=CARTESIAN_POINT('Ctrl Pts',(0.391361473298489,-0.528309362680996,
-0.25));
#5227=CARTESIAN_POINT('Ctrl Pts',(0.327834045120289,-0.466465168696747,
-0.25));
#5228=CARTESIAN_POINT('Ctrl Pts',(0.304015057783163,-0.38087658108496,-0.25));
#5229=CARTESIAN_POINT('Ctrl Pts',(0.29156623724848,-0.33614432811737,-0.25));
#5230=CARTESIAN_POINT('',(0.421686753071844,-0.557831138372421,-0.3));
#5231=CARTESIAN_POINT('Ctrl Pts',(0.650602265633642,-0.634939581155777,
-0.3));
#5232=CARTESIAN_POINT('Ctrl Pts',(0.650602265633642,-0.634939581155777,
-0.25));
#5233=CARTESIAN_POINT('Ctrl Pts',(0.608705657103998,-0.631859832716134,
-0.3));
#5234=CARTESIAN_POINT('Ctrl Pts',(0.608705657103998,-0.631859832716134,
-0.25));
#5235=CARTESIAN_POINT('Ctrl Pts',(0.525758223569706,-0.625762507945352,
-0.3));
#5236=CARTESIAN_POINT('Ctrl Pts',(0.525758223569706,-0.625762507945352,
-0.25));
#5237=CARTESIAN_POINT('Ctrl Pts',(0.456140621809384,-0.580320476509285,
-0.3));
#5238=CARTESIAN_POINT('Ctrl Pts',(0.456140621809384,-0.580320476509285,
-0.25));
#5239=CARTESIAN_POINT('Ctrl Pts',(0.421686753071844,-0.557831138372421,
-0.3));
#5240=CARTESIAN_POINT('Ctrl Pts',(0.421686753071844,-0.557831138372421,
-0.25));
#5241=CARTESIAN_POINT('',(0.650602265633642,-0.634939581155777,-0.3));
#5242=CARTESIAN_POINT('Ctrl Pts',(0.421686753071844,-0.557831138372421,
-0.3));
#5243=CARTESIAN_POINT('Ctrl Pts',(0.456140621809384,-0.580320476509285,
-0.3));
#5244=CARTESIAN_POINT('Ctrl Pts',(0.525758223569706,-0.625762507945352,
-0.3));
#5245=CARTESIAN_POINT('Ctrl Pts',(0.608705657103998,-0.631859832716134,
-0.3));
#5246=CARTESIAN_POINT('Ctrl Pts',(0.650602265633642,-0.634939581155777,
-0.3));
#5247=CARTESIAN_POINT('',(0.650602265633642,-0.634939581155777,-0.25));
#5248=CARTESIAN_POINT('Ctrl Pts',(0.650602265633642,-0.634939581155777,
-0.25));
#5249=CARTESIAN_POINT('Ctrl Pts',(0.608705657103998,-0.631859832716134,
-0.25));
#5250=CARTESIAN_POINT('Ctrl Pts',(0.525758223569706,-0.625762507945352,
-0.25));
#5251=CARTESIAN_POINT('Ctrl Pts',(0.456140621809384,-0.580320476509285,
-0.25));
#5252=CARTESIAN_POINT('Ctrl Pts',(0.421686753071844,-0.557831138372421,
-0.25));
#5253=CARTESIAN_POINT('',(0.650602265633642,-0.634939581155777,-0.3));
#5254=CARTESIAN_POINT('Ctrl Pts',(0.944578334130346,-0.50722873210907,-0.3));
#5255=CARTESIAN_POINT('Ctrl Pts',(0.944578334130346,-0.50722873210907,-0.25));
#5256=CARTESIAN_POINT('Ctrl Pts',(0.901896218747768,-0.54447667853852,-0.3));
#5257=CARTESIAN_POINT('Ctrl Pts',(0.901896218747768,-0.54447667853852,-0.25));
#5258=CARTESIAN_POINT('Ctrl Pts',(0.817375221748437,-0.618236695823885,
-0.3));
#5259=CARTESIAN_POINT('Ctrl Pts',(0.817375221748437,-0.618236695823885,
-0.25));
#5260=CARTESIAN_POINT('Ctrl Pts',(0.705822277271693,-0.629409107007551,
-0.3));
#5261=CARTESIAN_POINT('Ctrl Pts',(0.705822277271693,-0.629409107007551,
-0.25));
#5262=CARTESIAN_POINT('Ctrl Pts',(0.650602265633642,-0.634939581155777,
-0.3));
#5263=CARTESIAN_POINT('Ctrl Pts',(0.650602265633642,-0.634939581155777,
-0.25));
#5264=CARTESIAN_POINT('',(0.944578334130346,-0.50722873210907,-0.3));
#5265=CARTESIAN_POINT('Ctrl Pts',(0.650602265633642,-0.634939581155777,
-0.3));
#5266=CARTESIAN_POINT('Ctrl Pts',(0.705822277271693,-0.629409107007551,
-0.3));
#5267=CARTESIAN_POINT('Ctrl Pts',(0.817375221748437,-0.618236695823885,
-0.3));
#5268=CARTESIAN_POINT('Ctrl Pts',(0.901896218747768,-0.54447667853852,-0.3));
#5269=CARTESIAN_POINT('Ctrl Pts',(0.944578334130346,-0.50722873210907,-0.3));
#5270=CARTESIAN_POINT('',(0.944578334130346,-0.50722873210907,-0.25));
#5271=CARTESIAN_POINT('Ctrl Pts',(0.944578334130346,-0.50722873210907,-0.25));
#5272=CARTESIAN_POINT('Ctrl Pts',(0.901896218747768,-0.54447667853852,-0.25));
#5273=CARTESIAN_POINT('Ctrl Pts',(0.817375221748437,-0.618236695823885,
-0.25));
#5274=CARTESIAN_POINT('Ctrl Pts',(0.705822277271693,-0.629409107007551,
-0.25));
#5275=CARTESIAN_POINT('Ctrl Pts',(0.650602265633642,-0.634939581155777,
-0.25));
#5276=CARTESIAN_POINT('',(0.944578334130346,-0.50722873210907,-0.3));
#5277=CARTESIAN_POINT('Ctrl Pts',(1.0698795164004,-0.189156293869018,-0.3));
#5278=CARTESIAN_POINT('Ctrl Pts',(1.0698795164004,-0.189156293869018,-0.25));
#5279=CARTESIAN_POINT('Ctrl Pts',(1.0650308292426,-0.249615491480778,-0.3));
#5280=CARTESIAN_POINT('Ctrl Pts',(1.0650308292426,-0.249615491480778,-0.25));
#5281=CARTESIAN_POINT('Ctrl Pts',(1.05549893399393,-0.368470496907765,-0.3));
#5282=CARTESIAN_POINT('Ctrl Pts',(1.05549893399393,-0.368470496907765,-0.25));
#5283=CARTESIAN_POINT('Ctrl Pts',(0.981121455788876,-0.461514418660348,
-0.3));
#5284=CARTESIAN_POINT('Ctrl Pts',(0.981121455788876,-0.461514418660348,
-0.25));
#5285=CARTESIAN_POINT('Ctrl Pts',(0.944578334130346,-0.50722873210907,-0.3));
#5286=CARTESIAN_POINT('Ctrl Pts',(0.944578334130346,-0.50722873210907,-0.25));
#5287=CARTESIAN_POINT('',(1.0698795164004,-0.189156293869018,-0.3));
#5288=CARTESIAN_POINT('Ctrl Pts',(0.944578334130346,-0.50722873210907,-0.3));
#5289=CARTESIAN_POINT('Ctrl Pts',(0.981121455788876,-0.461514418660348,
-0.3));
#5290=CARTESIAN_POINT('Ctrl Pts',(1.05549893399393,-0.368470496907765,-0.3));
#5291=CARTESIAN_POINT('Ctrl Pts',(1.0650308292426,-0.249615491480778,-0.3));
#5292=CARTESIAN_POINT('Ctrl Pts',(1.0698795164004,-0.189156293869018,-0.3));
#5293=CARTESIAN_POINT('',(1.0698795164004,-0.189156293869018,-0.25));
#5294=CARTESIAN_POINT('Ctrl Pts',(1.0698795164004,-0.189156293869018,-0.25));
#5295=CARTESIAN_POINT('Ctrl Pts',(1.0650308292426,-0.249615491480778,-0.25));
#5296=CARTESIAN_POINT('Ctrl Pts',(1.05549893399393,-0.368470496907765,-0.25));
#5297=CARTESIAN_POINT('Ctrl Pts',(0.981121455788876,-0.461514418660348,
-0.25));
#5298=CARTESIAN_POINT('Ctrl Pts',(0.944578334130346,-0.50722873210907,-0.25));
#5299=CARTESIAN_POINT('',(1.0698795164004,-0.189156293869018,-0.3));
#5300=CARTESIAN_POINT('Ctrl Pts',(0.961445852555334,0.0951809585094454,
-0.3));
#5301=CARTESIAN_POINT('Ctrl Pts',(0.961445852555334,0.0951809585094454,
-0.25));
#5302=CARTESIAN_POINT('Ctrl Pts',(0.993063663125134,0.0547650178781048,
-0.3));
#5303=CARTESIAN_POINT('Ctrl Pts',(0.993063663125134,0.0547650178781048,
-0.25));
#5304=CARTESIAN_POINT('Ctrl Pts',(1.05834927471485,-0.0286872944275152,
-0.3));
#5305=CARTESIAN_POINT('Ctrl Pts',(1.05834927471485,-0.0286872944275152,
-0.25));
#5306=CARTESIAN_POINT('Ctrl Pts',(1.06595647956374,-0.134558496778634,-0.3));
#5307=CARTESIAN_POINT('Ctrl Pts',(1.06595647956374,-0.134558496778634,-0.25));
#5308=CARTESIAN_POINT('Ctrl Pts',(1.0698795164004,-0.189156293869018,-0.3));
#5309=CARTESIAN_POINT('Ctrl Pts',(1.0698795164004,-0.189156293869018,-0.25));
#5310=CARTESIAN_POINT('',(0.961445852555334,0.0951809585094454,-0.3));
#5311=CARTESIAN_POINT('Ctrl Pts',(1.0698795164004,-0.189156293869018,-0.3));
#5312=CARTESIAN_POINT('Ctrl Pts',(1.06595647956374,-0.134558496778634,-0.3));
#5313=CARTESIAN_POINT('Ctrl Pts',(1.05834927471485,-0.0286872944275152,
-0.3));
#5314=CARTESIAN_POINT('Ctrl Pts',(0.993063663125134,0.0547650178781048,
-0.3));
#5315=CARTESIAN_POINT('Ctrl Pts',(0.961445852555334,0.0951809585094454,
-0.3));
#5316=CARTESIAN_POINT('',(0.961445852555334,0.0951809585094454,-0.25));
#5317=CARTESIAN_POINT('Ctrl Pts',(0.961445852555334,0.0951809585094454,
-0.25));
#5318=CARTESIAN_POINT('Ctrl Pts',(0.993063663125134,0.0547650178781048,
-0.25));
#5319=CARTESIAN_POINT('Ctrl Pts',(1.05834927471485,-0.0286872944275152,
-0.25));
#5320=CARTESIAN_POINT('Ctrl Pts',(1.06595647956374,-0.134558496778634,-0.25));
#5321=CARTESIAN_POINT('Ctrl Pts',(1.0698795164004,-0.189156293869018,-0.25));
#5322=CARTESIAN_POINT('',(0.961445852555334,0.0951809585094454,-0.3));
#5323=CARTESIAN_POINT('Ctrl Pts',(0.677108451165258,0.208433955907822,-0.3));
#5324=CARTESIAN_POINT('Ctrl Pts',(0.677108451165258,0.208433955907822,-0.25));
#5325=CARTESIAN_POINT('Ctrl Pts',(0.732299405567747,0.204358721168935,-0.3));
#5326=CARTESIAN_POINT('Ctrl Pts',(0.732299405567747,0.204358721168935,-0.25));
#5327=CARTESIAN_POINT('Ctrl Pts',(0.839210426219389,0.19646453796362,-0.3));
#5328=CARTESIAN_POINT('Ctrl Pts',(0.839210426219389,0.19646453796362,-0.25));
#5329=CARTESIAN_POINT('Ctrl Pts',(0.921592224419745,0.128203448247521,-0.3));
#5330=CARTESIAN_POINT('Ctrl Pts',(0.921592224419745,0.128203448247521,-0.25));
#5331=CARTESIAN_POINT('Ctrl Pts',(0.961445852555334,0.0951809585094454,
-0.3));
#5332=CARTESIAN_POINT('Ctrl Pts',(0.961445852555334,0.0951809585094454,
-0.25));
#5333=CARTESIAN_POINT('',(0.677108451165258,0.208433955907822,-0.3));
#5334=CARTESIAN_POINT('Ctrl Pts',(0.961445852555334,0.0951809585094454,
-0.3));
#5335=CARTESIAN_POINT('Ctrl Pts',(0.921592224419745,0.128203448247521,-0.3));
#5336=CARTESIAN_POINT('Ctrl Pts',(0.839210426219389,0.19646453796362,-0.3));
#5337=CARTESIAN_POINT('Ctrl Pts',(0.732299405567747,0.204358721168935,-0.3));
#5338=CARTESIAN_POINT('Ctrl Pts',(0.677108451165258,0.208433955907822,-0.3));
#5339=CARTESIAN_POINT('',(0.677108451165258,0.208433955907822,-0.25));
#5340=CARTESIAN_POINT('Ctrl Pts',(0.677108451165258,0.208433955907822,-0.25));
#5341=CARTESIAN_POINT('Ctrl Pts',(0.732299405567747,0.204358721168935,-0.25));
#5342=CARTESIAN_POINT('Ctrl Pts',(0.839210426219389,0.19646453796362,-0.25));
#5343=CARTESIAN_POINT('Ctrl Pts',(0.921592224419745,0.128203448247521,-0.25));
#5344=CARTESIAN_POINT('Ctrl Pts',(0.961445852555334,0.0951809585094454,
-0.25));
#5345=CARTESIAN_POINT('',(0.677108451165258,0.208433955907822,-0.3));
#5346=CARTESIAN_POINT('Ctrl Pts',(0.29156623724848,0.116867661476135,-0.3));
#5347=CARTESIAN_POINT('Ctrl Pts',(0.29156623724848,0.116867661476135,-0.25));
#5348=CARTESIAN_POINT('Ctrl Pts',(0.358170128154525,0.143530270484045,-0.3));
#5349=CARTESIAN_POINT('Ctrl Pts',(0.358170128154525,0.143530270484045,-0.25));
#5350=CARTESIAN_POINT('Ctrl Pts',(0.482283704915624,0.19321493191655,-0.3));
#5351=CARTESIAN_POINT('Ctrl Pts',(0.482283704915624,0.19321493191655,-0.25));
#5352=CARTESIAN_POINT('Ctrl Pts',(0.615418611481635,0.203614962590824,-0.3));
#5353=CARTESIAN_POINT('Ctrl Pts',(0.615418611481635,0.203614962590824,-0.25));
#5354=CARTESIAN_POINT('Ctrl Pts',(0.677108451165258,0.208433955907822,-0.3));
#5355=CARTESIAN_POINT('Ctrl Pts',(0.677108451165258,0.208433955907822,-0.25));
#5356=CARTESIAN_POINT('',(0.29156623724848,0.116867661476135,-0.3));
#5357=CARTESIAN_POINT('Ctrl Pts',(0.677108451165258,0.208433955907822,-0.3));
#5358=CARTESIAN_POINT('Ctrl Pts',(0.615418611481635,0.203614962590824,-0.3));
#5359=CARTESIAN_POINT('Ctrl Pts',(0.482283704915624,0.19321493191655,-0.3));
#5360=CARTESIAN_POINT('Ctrl Pts',(0.358170128154525,0.143530270484045,-0.3));
#5361=CARTESIAN_POINT('Ctrl Pts',(0.29156623724848,0.116867661476135,-0.3));
#5362=CARTESIAN_POINT('',(0.29156623724848,0.116867661476135,-0.25));
#5363=CARTESIAN_POINT('Ctrl Pts',(0.29156623724848,0.116867661476135,-0.25));
#5364=CARTESIAN_POINT('Ctrl Pts',(0.358170128154525,0.143530270484045,-0.25));
#5365=CARTESIAN_POINT('Ctrl Pts',(0.482283704915624,0.19321493191655,-0.25));
#5366=CARTESIAN_POINT('Ctrl Pts',(0.615418611481635,0.203614962590824,-0.25));
#5367=CARTESIAN_POINT('Ctrl Pts',(0.677108451165258,0.208433955907822,-0.25));
#5368=CARTESIAN_POINT('',(0.29156623724848,0.116867661476135,-0.3));
#5369=CARTESIAN_POINT('Origin',(0.453011974133551,0.974699050188065,-0.3));
#5370=CARTESIAN_POINT('',(0.453011974133551,0.974699050188065,-0.3));
#5371=CARTESIAN_POINT('',(0.329741814656267,0.319711101101388,-0.3));
#5372=CARTESIAN_POINT('',(0.453011974133551,0.974699050188065,-0.25));
#5373=CARTESIAN_POINT('',(0.29156623724848,0.116867661476135,-0.25));
#5374=CARTESIAN_POINT('',(0.453011974133551,0.974699050188065,-0.3));
#5375=CARTESIAN_POINT('Origin',(1.20240954998881,0.974699050188065,-0.3));
#5376=CARTESIAN_POINT('',(-0.186295225005413,0.974699050188065,-0.3));
#5377=CARTESIAN_POINT('',(0.453011974133551,0.974699050188065,-0.25));
#5378=CARTESIAN_POINT('Origin',(2.17929477241974E-8,0.109638810157776,-0.25));
#5379=CARTESIAN_POINT('Origin',(3.60000000000147,0.450000000000001,0.));
#5380=CARTESIAN_POINT('',(3.60000000000147,-0.449999999999999,-1.));
#5381=CARTESIAN_POINT('',(3.60000000000147,0.450000000000001,-1.));
#5382=CARTESIAN_POINT('',(3.60000000000147,0.225000000000002,-1.));
#5383=CARTESIAN_POINT('',(3.60000000000147,0.450000000000001,0.));
#5384=CARTESIAN_POINT('',(3.60000000000147,0.450000000000001,0.));
#5385=CARTESIAN_POINT('',(3.60000000000147,-0.449999999999999,0.));
#5386=CARTESIAN_POINT('',(3.60000000000147,0.22500000000004,0.));
#5387=CARTESIAN_POINT('',(3.60000000000147,-0.449999999999999,0.));
#5388=CARTESIAN_POINT('Origin',(4.50000000000148,-0.449999999999998,-8.8));
#5389=CARTESIAN_POINT('',(4.50000000000148,-0.449999999999998,-8.8));
#5390=CARTESIAN_POINT('',(4.50000000000148,-0.449999999999998,0.));
#5391=CARTESIAN_POINT('',(4.50000000000148,-0.449999999999998,-8.8));
#5392=CARTESIAN_POINT('',(2.50000000000147,-0.45,-8.8));
#5393=CARTESIAN_POINT('',(2.25000000000148,-0.45,-8.8));
#5394=CARTESIAN_POINT('',(2.50000000000147,-0.45,-1.));
#5395=CARTESIAN_POINT('',(2.50000000000147,-0.45,-8.8));
#5396=CARTESIAN_POINT('',(3.37500000000129,-0.449999999999999,-1.));
#5397=CARTESIAN_POINT('',(1.80000000000111,-0.45,0.));
#5398=CARTESIAN_POINT('Origin',(2.50000000000147,-0.45,-8.8));
#5399=CARTESIAN_POINT('',(2.50000000000148,-1.15,-1.));
#5400=CARTESIAN_POINT('',(2.50000000000147,-0.224999999999999,-1.));
#5401=CARTESIAN_POINT('',(2.50000000000148,-1.15,-8.8));
#5402=CARTESIAN_POINT('',(2.50000000000147,-0.224999999999999,-8.8));
#5403=CARTESIAN_POINT('',(2.50000000000148,-1.15,-8.8));
#5404=CARTESIAN_POINT('Origin',(4.50000000000148,0.450000000000002,-8.8));
#5405=CARTESIAN_POINT('',(4.50000000000148,0.450000000000002,0.));
#5406=CARTESIAN_POINT('',(4.50000000000148,-0.22499999999996,0.));
#5407=CARTESIAN_POINT('',(4.50000000000148,0.450000000000002,-8.8));
#5408=CARTESIAN_POINT('',(4.50000000000148,0.450000000000002,0.));
#5409=CARTESIAN_POINT('',(4.50000000000148,0.225000000000002,-8.8));
#5410=CARTESIAN_POINT('Origin',(2.50000000000147,0.450000000000001,-8.8));
#5411=CARTESIAN_POINT('',(2.25000000000111,0.45,0.));
#5412=CARTESIAN_POINT('',(2.50000000000147,0.450000000000001,-1.));
#5413=CARTESIAN_POINT('',(2.37500000000129,0.450000000000001,-1.));
#5414=CARTESIAN_POINT('',(2.50000000000147,0.450000000000001,-8.8));
#5415=CARTESIAN_POINT('',(2.50000000000147,0.450000000000001,-8.8));
#5416=CARTESIAN_POINT('',(1.25000000000147,0.45,-8.8));
#5417=CARTESIAN_POINT('Origin',(2.50000000000147,1.15,-8.8));
#5418=CARTESIAN_POINT('',(2.50000000000147,1.15,-1.));
#5419=CARTESIAN_POINT('',(2.50000000000147,0.575000000000001,-1.));
#5420=CARTESIAN_POINT('',(2.50000000000147,1.15,-8.8));
#5421=CARTESIAN_POINT('',(2.50000000000147,1.15,-8.8));
#5422=CARTESIAN_POINT('',(2.50000000000147,0.575000000000001,-8.8));
#5423=CARTESIAN_POINT('Origin',(5.25000000000074,-1.74999999999992,0.));
#5424=CARTESIAN_POINT('',(5.45000000000074,-1.74999999999992,-1.));
#5425=CARTESIAN_POINT('',(5.25000000000074,-1.94999999999992,-1.));
#5426=CARTESIAN_POINT('Origin',(5.25000000000074,-1.74999999999992,-1.));
#5427=CARTESIAN_POINT('',(5.45000000000074,-1.74999999999992,0.));
#5428=CARTESIAN_POINT('',(5.45000000000074,-1.74999999999992,0.));
#5429=CARTESIAN_POINT('',(5.25000000000074,-1.94999999999992,0.));
#5430=CARTESIAN_POINT('Origin',(5.25000000000074,-1.74999999999992,0.));
#5431=CARTESIAN_POINT('',(5.25000000000074,-1.94999999999992,0.));
#5432=CARTESIAN_POINT('Origin',(5.45000000000073,-1.24999999999994,0.));
#5433=CARTESIAN_POINT('',(5.45000000000074,-1.7,-1.));
#5434=CARTESIAN_POINT('',(5.45000000000072,-0.624999999999894,-1.));
#5435=CARTESIAN_POINT('',(5.45000000000074,-1.7,-6.96371088333253));
#5436=CARTESIAN_POINT('',(5.45000000000074,-1.7,-0.5));
#5437=CARTESIAN_POINT('',(5.45000000000073,-1.24999999999994,-7.5));
#5438=CARTESIAN_POINT('',(5.45000000000075,-3.09651453689783,-5.2994096668745));
#5439=CARTESIAN_POINT('',(5.45000000000073,-1.24999999999994,0.));
#5440=CARTESIAN_POINT('',(5.45000000000073,-1.24999999999994,0.));
#5441=CARTESIAN_POINT('',(5.45000000000072,-0.624999999999894,0.));
#5442=CARTESIAN_POINT('Origin',(5.25000000000074,1.75000000000008,0.));
#5443=CARTESIAN_POINT('',(5.45000000000074,1.75000000000008,0.));
#5444=CARTESIAN_POINT('',(5.25000000000074,1.95000000000008,0.));
#5445=CARTESIAN_POINT('Origin',(5.25000000000074,1.75000000000008,0.));
#5446=CARTESIAN_POINT('',(5.45000000000074,1.75000000000008,-1.));
#5447=CARTESIAN_POINT('',(5.45000000000074,1.75000000000008,0.));
#5448=CARTESIAN_POINT('',(5.25000000000074,1.95000000000008,-1.));
#5449=CARTESIAN_POINT('Origin',(5.25000000000074,1.75000000000008,-1.));
#5450=CARTESIAN_POINT('',(5.25000000000074,1.95000000000008,0.));
#5451=CARTESIAN_POINT('Origin',(2.15000000000148,-0.499999999999999,0.));
#5452=CARTESIAN_POINT('',(3.15000000000148,-0.499999999999998,-0.3));
#5453=CARTESIAN_POINT('',(2.15000000000148,-1.5,-0.3));
#5454=CARTESIAN_POINT('Origin',(2.15000000000148,-0.499999999999999,-0.3));
#5455=CARTESIAN_POINT('',(2.15000000000148,-1.5,0.));
#5456=CARTESIAN_POINT('',(2.15000000000148,-1.5,0.));
#5457=CARTESIAN_POINT('',(3.15000000000148,-0.499999999999998,0.));
#5458=CARTESIAN_POINT('Origin',(2.15000000000148,-0.499999999999999,0.));
#5459=CARTESIAN_POINT('',(3.15000000000148,-0.499999999999998,0.));
#5460=CARTESIAN_POINT('Origin',(2.15000000000147,0.500000000000001,0.));
#5461=CARTESIAN_POINT('',(2.15000000000147,1.5,-0.3));
#5462=CARTESIAN_POINT('',(3.15000000000147,0.500000000000002,-0.3));
#5463=CARTESIAN_POINT('Origin',(2.15000000000147,0.500000000000001,-0.3));
#5464=CARTESIAN_POINT('',(3.15000000000147,0.500000000000002,0.));
#5465=CARTESIAN_POINT('',(3.15000000000147,0.500000000000002,0.));
#5466=CARTESIAN_POINT('',(2.15000000000147,1.5,0.));
#5467=CARTESIAN_POINT('Origin',(2.15000000000147,0.500000000000001,0.));
#5468=CARTESIAN_POINT('',(2.15000000000147,1.5,0.));
#5469=CARTESIAN_POINT('Origin',(3.15000000000148,-1.5,0.));
#5470=CARTESIAN_POINT('',(3.15000000000148,-0.74999999999996,0.));
#5471=CARTESIAN_POINT('',(3.15000000000148,-1.5,-0.3));
#5472=CARTESIAN_POINT('Origin',(5.50000000000074,1.7,-6.9637108833324));
#5473=CARTESIAN_POINT('',(4.80000000000221,1.25000000000009,-7.5));
#5474=CARTESIAN_POINT('',(4.80000000000221,1.7,-6.9637108833324));
#5475=CARTESIAN_POINT('',(4.80000000000221,1.2479020602835,-7.5025002271943));
#5476=CARTESIAN_POINT('',(5.45000000000074,1.7,-6.9637108833324));
#5477=CARTESIAN_POINT('',(5.50000000000148,1.7,-6.9637108833324));
#5478=CARTESIAN_POINT('',(5.45000000000074,1.25000000000009,-7.5));
#5479=CARTESIAN_POINT('',(5.45000000000074,3.46612610580594,-4.85892375176253));
#5480=CARTESIAN_POINT('',(5.50000000000074,1.25000000000009,-7.5));
#5481=CARTESIAN_POINT('Origin',(5.50000000000074,1.25000000000009,-7.5));
#5482=CARTESIAN_POINT('',(4.80000000000221,1.25000000000009,-8.8));
#5483=CARTESIAN_POINT('',(4.80000000000221,1.25000000000009,-8.15));
#5484=CARTESIAN_POINT('',(5.45000000000074,1.25000000000009,-8.8));
#5485=CARTESIAN_POINT('',(5.45000000000074,1.25000000000009,0.));
#5486=CARTESIAN_POINT('',(2.75000000000111,1.25000000000009,-8.8));
#5487=CARTESIAN_POINT('Origin',(5.50000000000074,-1.24999999999994,-8.8));
#5488=CARTESIAN_POINT('',(4.80000000000221,-1.24999999999994,-7.5));
#5489=CARTESIAN_POINT('',(4.80000000000221,-1.24999999999994,-8.8));
#5490=CARTESIAN_POINT('',(4.80000000000221,-1.24999999999994,-8.8));
#5491=CARTESIAN_POINT('',(5.45000000000073,-1.24999999999994,-8.8));
#5492=CARTESIAN_POINT('',(2.75000000000111,-1.24999999999994,-8.8));
#5493=CARTESIAN_POINT('',(5.45000000000073,-1.24999999999994,0.));
#5494=CARTESIAN_POINT('',(5.50000000000074,-1.24999999999994,-7.5));
#5495=CARTESIAN_POINT('Origin',(5.50000000000074,-1.24999999999994,-7.5));
#5496=CARTESIAN_POINT('',(4.80000000000221,-1.7,-6.96371088333253));
#5497=CARTESIAN_POINT('',(4.80000000000221,-0.919608082491818,-7.89374575465439));
#5498=CARTESIAN_POINT('',(7.3688446620759E-13,-1.7,-6.96371088333253));
#5499=CARTESIAN_POINT('Origin',(4.80000000000221,1.7,-8.8));
#5500=CARTESIAN_POINT('',(4.80000000000221,1.2,-8.8));
#5501=CARTESIAN_POINT('',(4.80000000000221,0.850000000000003,-8.8));
#5502=CARTESIAN_POINT('',(4.80000000000221,1.2,-1.));
#5503=CARTESIAN_POINT('',(4.80000000000221,1.2,-8.8));
#5504=CARTESIAN_POINT('',(4.80000000000221,1.7,-1.));
#5505=CARTESIAN_POINT('',(4.80000000000221,0.850000000000003,-1.));
#5506=CARTESIAN_POINT('',(4.80000000000221,1.7,-4.9));
#5507=CARTESIAN_POINT('Origin',(5.50000000000221,1.7,-1.));
#5508=CARTESIAN_POINT('',(5.45000000000074,1.7,-1.));
#5509=CARTESIAN_POINT('',(2.75000000000147,1.7,-1.));
#5510=CARTESIAN_POINT('',(5.45000000000074,1.7,-0.5));
#5511=CARTESIAN_POINT('Origin',(5.45000000000074,1.25000000000009,0.));
#5512=CARTESIAN_POINT('',(5.50000000000074,1.20000000000008,-8.8));
#5513=CARTESIAN_POINT('',(4.40000000000143,2.29999999999978,-8.8));
#5514=CARTESIAN_POINT('',(5.45000000000074,1.25000000000009,0.));
#5515=CARTESIAN_POINT('',(5.45000000000074,1.25000000000009,0.));
#5516=CARTESIAN_POINT('',(5.50000000000074,1.20000000000008,0.));
#5517=CARTESIAN_POINT('',(4.40000000000122,2.29999999999998,0.));
#5518=CARTESIAN_POINT('',(5.50000000000074,1.20000000000007,0.));
#5519=CARTESIAN_POINT('Origin',(5.45000000000074,1.95000000000008,0.));
#5520=CARTESIAN_POINT('',(5.45000000000073,0.975000000000075,0.));
#5521=CARTESIAN_POINT('',(5.45000000000073,0.975000000000075,-1.));
#5522=CARTESIAN_POINT('Origin',(5.50000000000074,-1.19999999999992,0.));
#5523=CARTESIAN_POINT('',(5.50000000000074,-1.19999999999992,-8.8));
#5524=CARTESIAN_POINT('',(4.42500000000097,-2.27499999999974,-8.8));
#5525=CARTESIAN_POINT('',(5.50000000000074,-1.19999999999992,0.));
#5526=CARTESIAN_POINT('',(5.50000000000074,-1.19999999999992,0.));
#5527=CARTESIAN_POINT('',(4.4250000000008,-2.27499999999991,0.));
#5528=CARTESIAN_POINT('Origin',(5.50000000000074,-1.94999999999992,0.));
#5529=CARTESIAN_POINT('',(5.50000000000074,-1.94999999999992,0.));
#5530=CARTESIAN_POINT('',(5.50000000000221,1.7,-8.8));
#5531=CARTESIAN_POINT('Origin',(3.10000000000221,-1.7,-8.8));
#5532=CARTESIAN_POINT('',(3.10000000000221,-1.7,-1.));
#5533=CARTESIAN_POINT('',(3.10000000000221,-1.2,-1.));
#5534=CARTESIAN_POINT('',(3.10000000000221,-0.849999999999999,-1.));
#5535=CARTESIAN_POINT('',(3.10000000000221,-1.7,-8.8));
#5536=CARTESIAN_POINT('',(3.10000000000221,-1.7,-4.9));
#5537=CARTESIAN_POINT('',(3.10000000000221,-1.2,-8.8));
#5538=CARTESIAN_POINT('',(3.10000000000221,-0.849999999999997,-8.8));
#5539=CARTESIAN_POINT('',(3.10000000000221,-1.2,-8.8));
#5540=CARTESIAN_POINT('Origin',(4.80000000000221,-1.2,-8.8));
#5541=CARTESIAN_POINT('',(4.80000000000221,-1.7,-1.));
#5542=CARTESIAN_POINT('',(4.80000000000221,-1.7,-4.9));
#5543=CARTESIAN_POINT('',(4.80000000000221,-1.2,-1.));
#5544=CARTESIAN_POINT('',(4.80000000000221,-0.599999999999997,-1.));
#5545=CARTESIAN_POINT('',(4.80000000000221,-1.2,-8.8));
#5546=CARTESIAN_POINT('',(4.80000000000221,-1.2,-8.8));
#5547=CARTESIAN_POINT('',(4.80000000000221,-0.599999999999997,-8.8));
#5548=CARTESIAN_POINT('Origin',(3.10000000000221,-1.2,-8.8));
#5549=CARTESIAN_POINT('',(3.52500000000221,-1.2,-1.));
#5550=CARTESIAN_POINT('',(1.55000000000184,-1.2,-8.8));
#5551=CARTESIAN_POINT('Origin',(3.10000000000221,1.2,-8.8));
#5552=CARTESIAN_POINT('',(3.10000000000221,1.2,-1.));
#5553=CARTESIAN_POINT('',(3.10000000000221,1.7,-1.));
#5554=CARTESIAN_POINT('',(3.10000000000221,0.600000000000003,-1.));
#5555=CARTESIAN_POINT('',(3.10000000000221,1.2,-8.8));
#5556=CARTESIAN_POINT('',(3.10000000000221,1.2,-8.8));
#5557=CARTESIAN_POINT('',(3.10000000000221,1.7,-8.8));
#5558=CARTESIAN_POINT('',(3.10000000000221,0.6,-8.8));
#5559=CARTESIAN_POINT('',(3.10000000000221,1.7,-4.9));
#5560=CARTESIAN_POINT('Origin',(4.80000000000221,1.2,-8.8));
#5561=CARTESIAN_POINT('',(4.37500000000221,1.2,-1.));
#5562=CARTESIAN_POINT('',(2.40000000000184,1.2,-8.8));
#5563=CARTESIAN_POINT('Origin',(-5.49999999999926,-1.7,-1.));
#5564=CARTESIAN_POINT('',(-2.74999999999926,-1.7,-1.));
#5565=CARTESIAN_POINT('Origin',(-3.6,0.449999999999999,0.));
#5566=CARTESIAN_POINT('',(-3.6,-0.450000000000001,-1.));
#5567=CARTESIAN_POINT('',(-3.6,0.449999999999999,-1.));
#5568=CARTESIAN_POINT('',(-3.6,0.225,-1.));
#5569=CARTESIAN_POINT('',(-3.6,-0.450000000000001,0.));
#5570=CARTESIAN_POINT('',(-3.6,-0.450000000000001,0.));
#5571=CARTESIAN_POINT('',(-3.6,0.449999999999999,0.));
#5572=CARTESIAN_POINT('',(-3.6,0.225000000000038,0.));
#5573=CARTESIAN_POINT('',(-3.6,0.449999999999999,0.));
#5574=CARTESIAN_POINT('Origin',(-4.5,-0.450000000000001,-8.8));
#5575=CARTESIAN_POINT('',(-4.5,-0.450000000000001,-8.8));
#5576=CARTESIAN_POINT('',(-4.5,-0.450000000000001,0.));
#5577=CARTESIAN_POINT('',(-4.5,-0.450000000000001,-8.8));
#5578=CARTESIAN_POINT('',(-1.79999999999963,-0.450000000000001,0.));
#5579=CARTESIAN_POINT('',(-2.5,-0.450000000000001,-1.));
#5580=CARTESIAN_POINT('',(-3.37499999999982,-0.450000000000001,-1.));
#5581=CARTESIAN_POINT('',(-2.5,-0.450000000000001,-8.8));
#5582=CARTESIAN_POINT('',(-2.5,-0.450000000000001,-8.8));
#5583=CARTESIAN_POINT('',(-2.25,-0.450000000000001,-8.8));
#5584=CARTESIAN_POINT('Origin',(-2.24999999999963,-1.38777878078145E-16,
-1.));
#5585=CARTESIAN_POINT('',(-2.5,0.449999999999999,-1.));
#5586=CARTESIAN_POINT('',(-2.37499999999982,0.449999999999999,-1.));
#5587=CARTESIAN_POINT('',(-2.5,1.15,-1.));
#5588=CARTESIAN_POINT('',(-2.5,0.575,-1.));
#5589=CARTESIAN_POINT('',(-1.12499999999945,1.15,-1.));
#5590=CARTESIAN_POINT('',(-2.5,-1.15,-1.));
#5591=CARTESIAN_POINT('',(2.37500000000129,-1.15,-1.));
#5592=CARTESIAN_POINT('',(-2.5,-0.225000000000001,-1.));
#5593=CARTESIAN_POINT('Origin',(-2.5,-1.15,-8.8));
#5594=CARTESIAN_POINT('',(-2.5,-1.15,-8.8));
#5595=CARTESIAN_POINT('',(1.25000000000148,-1.15,-8.8));
#5596=CARTESIAN_POINT('',(-2.5,-1.15,-8.8));
#5597=CARTESIAN_POINT('Origin',(-2.5,-0.450000000000001,-8.8));
#5598=CARTESIAN_POINT('',(-2.5,-0.225000000000001,-8.8));
#5599=CARTESIAN_POINT('Origin',(-4.5,0.449999999999999,-8.8));
#5600=CARTESIAN_POINT('',(-4.5,0.449999999999999,-8.8));
#5601=CARTESIAN_POINT('',(-4.5,0.225,-8.8));
#5602=CARTESIAN_POINT('',(-4.5,0.449999999999999,0.));
#5603=CARTESIAN_POINT('',(-4.5,0.449999999999999,0.));
#5604=CARTESIAN_POINT('',(-4.5,-0.224999999999962,0.));
#5605=CARTESIAN_POINT('Origin',(-2.5,0.449999999999999,-8.8));
#5606=CARTESIAN_POINT('',(-2.5,0.449999999999999,-8.8));
#5607=CARTESIAN_POINT('',(-1.25,0.449999999999999,-8.8));
#5608=CARTESIAN_POINT('',(-2.5,0.449999999999999,-8.8));
#5609=CARTESIAN_POINT('',(-2.24999999999963,0.449999999999999,0.));
#5610=CARTESIAN_POINT('Origin',(-2.5,1.15,-8.8));
#5611=CARTESIAN_POINT('',(-2.5,1.15,-8.8));
#5612=CARTESIAN_POINT('',(-2.5,0.575,-8.8));
#5613=CARTESIAN_POINT('',(-2.5,1.15,-8.8));
#5614=CARTESIAN_POINT('Origin',(7.37188088351104E-13,1.15,-8.8));
#5615=CARTESIAN_POINT('',(3.68594044175552E-13,1.15,-8.8));
#5616=CARTESIAN_POINT('Origin',(0.,0.,-8.8));
#5617=CARTESIAN_POINT('',(-3.10000000000074,1.7,-8.8));
#5618=CARTESIAN_POINT('',(5.50000000000074,1.7,-8.8));
#5619=CARTESIAN_POINT('',(-3.10000000000074,-1.7,-8.8));
#5620=CARTESIAN_POINT('',(5.50000000000221,-1.7,-8.8));
#5621=CARTESIAN_POINT('',(-3.10000000000074,-1.2,-8.8));
#5622=CARTESIAN_POINT('',(-3.10000000000074,-0.849999999999998,-8.8));
#5623=CARTESIAN_POINT('',(-4.80000000000074,-1.2,-8.8));
#5624=CARTESIAN_POINT('',(-1.55000000000037,-1.2,-8.8));
#5625=CARTESIAN_POINT('',(-4.80000000000074,-1.24999999999994,-8.8));
#5626=CARTESIAN_POINT('',(-4.80000000000074,-0.6,-8.8));
#5627=CARTESIAN_POINT('',(-5.44999999999925,-1.24999999999994,-8.8));
#5628=CARTESIAN_POINT('',(-2.74999999999963,-1.24999999999994,-8.8));
#5629=CARTESIAN_POINT('',(-5.49999999999926,-1.19999999999993,-8.8));
#5630=CARTESIAN_POINT('',(-4.42499999999949,-2.27499999999975,-8.8));
#5631=CARTESIAN_POINT('',(-5.49999999999926,1.20000000000007,-8.8));
#5632=CARTESIAN_POINT('',(-5.50000000000074,1.7,-8.8));
#5633=CARTESIAN_POINT('',(-5.44999999999926,1.25000000000009,-8.8));
#5634=CARTESIAN_POINT('',(-4.39999999999995,2.29999999999977,-8.8));
#5635=CARTESIAN_POINT('',(-4.80000000000074,1.25000000000009,-8.8));
#5636=CARTESIAN_POINT('',(-2.74999999999963,1.25000000000009,-8.8));
#5637=CARTESIAN_POINT('',(-4.80000000000074,1.2,-8.8));
#5638=CARTESIAN_POINT('',(-4.80000000000074,0.85,-8.8));
#5639=CARTESIAN_POINT('',(-3.10000000000074,1.2,-8.8));
#5640=CARTESIAN_POINT('',(-2.40000000000037,1.2,-8.8));
#5641=CARTESIAN_POINT('',(-3.10000000000074,0.599999999999999,-8.8));
#5642=CARTESIAN_POINT('Origin',(-5.24999999999926,-1.74999999999992,0.));
#5643=CARTESIAN_POINT('',(-5.44999999999926,-1.74999999999992,-1.));
#5644=CARTESIAN_POINT('',(-5.24999999999926,-1.94999999999992,-1.));
#5645=CARTESIAN_POINT('Origin',(-5.24999999999926,-1.74999999999992,-1.));
#5646=CARTESIAN_POINT('',(-5.24999999999926,-1.94999999999992,0.));
#5647=CARTESIAN_POINT('',(-5.24999999999926,-1.94999999999992,0.));
#5648=CARTESIAN_POINT('',(-5.44999999999926,-1.74999999999992,0.));
#5649=CARTESIAN_POINT('Origin',(-5.24999999999926,-1.74999999999992,0.));
#5650=CARTESIAN_POINT('',(-5.44999999999926,-1.74999999999992,0.));
#5651=CARTESIAN_POINT('Origin',(-5.44999999999925,-1.24999999999994,0.));
#5652=CARTESIAN_POINT('',(-5.44999999999925,-1.24999999999994,0.));
#5653=CARTESIAN_POINT('',(-5.44999999999925,-0.624999999999897,0.));
#5654=CARTESIAN_POINT('',(-5.44999999999925,-1.24999999999994,-7.5));
#5655=CARTESIAN_POINT('',(-5.44999999999925,-1.24999999999994,0.));
#5656=CARTESIAN_POINT('',(-5.44999999999926,-1.7,-6.96371088333253));
#5657=CARTESIAN_POINT('',(-5.44999999999928,-3.09651453689783,-5.2994096668745));
#5658=CARTESIAN_POINT('',(-5.44999999999926,-1.7,-1.));
#5659=CARTESIAN_POINT('',(-5.44999999999926,-1.7,-0.5));
#5660=CARTESIAN_POINT('',(-5.44999999999925,-0.624999999999897,-1.));
#5661=CARTESIAN_POINT('Origin',(7.37188088351104E-13,7.60502771868232E-14,
0.));
#5662=CARTESIAN_POINT('',(-5.24999999999926,1.95000000000008,0.));
#5663=CARTESIAN_POINT('',(-5.49999999999926,1.95000000000008,0.));
#5664=CARTESIAN_POINT('',(-5.44999999999926,1.75000000000008,0.));
#5665=CARTESIAN_POINT('Origin',(-5.24999999999926,1.75000000000008,0.));
#5666=CARTESIAN_POINT('',(-5.44999999999926,1.25000000000009,0.));
#5667=CARTESIAN_POINT('',(-5.44999999999926,0.975000000000072,0.));
#5668=CARTESIAN_POINT('',(-5.49999999999926,1.20000000000007,0.));
#5669=CARTESIAN_POINT('',(-4.39999999999975,2.29999999999998,0.));
#5670=CARTESIAN_POINT('',(-5.49999999999926,-1.19999999999993,0.));
#5671=CARTESIAN_POINT('',(-5.49999999999926,-1.94999999999992,0.));
#5672=CARTESIAN_POINT('',(-4.42499999999933,-2.27499999999991,0.));
#5673=CARTESIAN_POINT('',(5.50000000000074,-1.94999999999992,0.));
#5674=CARTESIAN_POINT('',(-2.15,1.5,0.));
#5675=CARTESIAN_POINT('',(1.57500000000111,1.5,0.));
#5676=CARTESIAN_POINT('',(-2.15,-1.5,0.));
#5677=CARTESIAN_POINT('',(7.37188088351104E-13,-1.5,0.));
#5678=CARTESIAN_POINT('',(-3.15,-0.5,0.));
#5679=CARTESIAN_POINT('Origin',(-2.15,-0.5,0.));
#5680=CARTESIAN_POINT('',(-3.15,0.5,0.));
#5681=CARTESIAN_POINT('',(-3.15,-0.749999999999962,0.));
#5682=CARTESIAN_POINT('Origin',(-2.15,0.5,0.));
#5683=CARTESIAN_POINT('Origin',(-5.24999999999926,1.75000000000008,0.));
#5684=CARTESIAN_POINT('',(-5.24999999999926,1.95000000000008,-1.));
#5685=CARTESIAN_POINT('',(-5.24999999999926,1.95000000000008,0.));
#5686=CARTESIAN_POINT('',(-5.44999999999926,1.75000000000008,-1.));
#5687=CARTESIAN_POINT('Origin',(-5.24999999999926,1.75000000000008,-1.));
#5688=CARTESIAN_POINT('',(-5.44999999999926,1.75000000000008,0.));
#5689=CARTESIAN_POINT('Origin',(-5.49999999999926,1.95000000000008,0.));
#5690=CARTESIAN_POINT('',(-5.49999999999926,1.95000000000008,-1.));
#5691=CARTESIAN_POINT('Origin',(-2.15,-0.5,0.));
#5692=CARTESIAN_POINT('',(-3.15,-0.5,-0.3));
#5693=CARTESIAN_POINT('',(-2.15,-1.5,-0.3));
#5694=CARTESIAN_POINT('Origin',(-2.15,-0.5,-0.3));
#5695=CARTESIAN_POINT('',(-3.15,-0.5,0.));
#5696=CARTESIAN_POINT('',(-2.15,-1.5,0.));
#5697=CARTESIAN_POINT('Origin',(7.37188088351104E-13,-1.5,0.));
#5698=CARTESIAN_POINT('',(3.15,-1.5,-0.3));
#5699=CARTESIAN_POINT('Origin',(-2.15,0.5,0.));
#5700=CARTESIAN_POINT('',(-2.15,1.5,-0.3));
#5701=CARTESIAN_POINT('',(-3.15,0.5,-0.3));
#5702=CARTESIAN_POINT('Origin',(-2.15,0.5,-0.3));
#5703=CARTESIAN_POINT('',(-2.15,1.5,0.));
#5704=CARTESIAN_POINT('',(-3.15,0.5,0.));
#5705=CARTESIAN_POINT('Origin',(-3.15,-1.5,0.));
#5706=CARTESIAN_POINT('',(-3.15,-1.5,-0.3));
#5707=CARTESIAN_POINT('Origin',(-3.15,1.5,0.));
#5708=CARTESIAN_POINT('',(3.15000000000147,1.5,-0.3));
#5709=CARTESIAN_POINT('Origin',(-1.57499999999963,0.,-0.3));
#5710=CARTESIAN_POINT('Origin',(-5.49999999999926,1.7,-6.9637108833324));
#5711=CARTESIAN_POINT('',(-4.80000000000074,1.25000000000009,-7.5));
#5712=CARTESIAN_POINT('',(-4.80000000000074,1.7,-6.9637108833324));
#5713=CARTESIAN_POINT('',(-4.80000000000074,1.2479020602835,-7.5025002271943));
#5714=CARTESIAN_POINT('',(-5.44999999999926,1.25000000000009,-7.5));
#5715=CARTESIAN_POINT('',(-5.49999999999926,1.25000000000009,-7.5));
#5716=CARTESIAN_POINT('',(-5.44999999999926,1.7,-6.9637108833324));
#5717=CARTESIAN_POINT('',(-5.44999999999926,3.46612610580593,-4.85892375176253));
#5718=CARTESIAN_POINT('',(-5.5,1.7,-6.9637108833324));
#5719=CARTESIAN_POINT('Origin',(-5.49999999999926,1.25000000000009,-7.5));
#5720=CARTESIAN_POINT('',(-4.80000000000074,1.25000000000009,-8.15));
#5721=CARTESIAN_POINT('',(-5.44999999999926,1.25000000000009,0.));
#5722=CARTESIAN_POINT('Origin',(-5.49999999999926,-1.24999999999994,-8.8));
#5723=CARTESIAN_POINT('',(-4.80000000000074,-1.24999999999994,-7.5));
#5724=CARTESIAN_POINT('',(-4.80000000000074,-1.24999999999994,-8.8));
#5725=CARTESIAN_POINT('',(-5.49999999999926,-1.24999999999994,-7.5));
#5726=CARTESIAN_POINT('',(-5.44999999999925,-1.24999999999994,0.));
#5727=CARTESIAN_POINT('Origin',(-5.49999999999926,-1.24999999999994,-7.5));
#5728=CARTESIAN_POINT('',(-4.80000000000074,-1.7,-6.96371088333253));
#5729=CARTESIAN_POINT('',(-4.80000000000074,-0.919608082491821,-7.89374575465439));
#5730=CARTESIAN_POINT('',(7.39114344145993E-13,-1.7,-6.96371088333253));
#5731=CARTESIAN_POINT('Origin',(-4.80000000000074,1.7,-8.8));
#5732=CARTESIAN_POINT('',(-4.80000000000074,1.7,-1.));
#5733=CARTESIAN_POINT('',(-4.80000000000074,1.7,-4.9));
#5734=CARTESIAN_POINT('',(-4.80000000000074,1.2,-1.));
#5735=CARTESIAN_POINT('',(-4.80000000000074,0.85,-1.));
#5736=CARTESIAN_POINT('',(-4.80000000000074,1.2,-8.8));
#5737=CARTESIAN_POINT('Origin',(-5.50000000000074,1.7,-1.));
#5738=CARTESIAN_POINT('',(-5.44999999999926,1.7,-1.));
#5739=CARTESIAN_POINT('',(-5.44999999999926,1.7,-0.5));
#5740=CARTESIAN_POINT('',(-2.75,1.7,-1.));
#5741=CARTESIAN_POINT('Origin',(-5.44999999999926,1.25000000000009,0.));
#5742=CARTESIAN_POINT('',(-5.49999999999926,1.20000000000007,0.));
#5743=CARTESIAN_POINT('',(-5.44999999999926,1.25000000000009,0.));
#5744=CARTESIAN_POINT('Origin',(-5.44999999999926,1.95000000000008,0.));
#5745=CARTESIAN_POINT('',(-5.44999999999926,0.975000000000072,-1.));
#5746=CARTESIAN_POINT('Origin',(-5.49999999999926,-1.19999999999993,0.));
#5747=CARTESIAN_POINT('',(-5.49999999999926,-1.19999999999993,0.));
#5748=CARTESIAN_POINT('Origin',(7.37188088351104E-13,7.60502771868232E-14,
-1.));
#5749=CARTESIAN_POINT('',(-3.10000000000074,1.7,-1.));
#5750=CARTESIAN_POINT('',(2.75000000000147,1.7,-1.));
#5751=CARTESIAN_POINT('',(-3.10000000000074,1.2,-1.));
#5752=CARTESIAN_POINT('',(-3.10000000000074,0.600000000000001,-1.));
#5753=CARTESIAN_POINT('',(-4.37500000000074,1.2,-1.));
#5754=CARTESIAN_POINT('Origin',(-5.49999999999926,-1.94999999999992,0.));
#5755=CARTESIAN_POINT('Origin',(5.50000000000074,-1.94999999999992,0.));
#5756=CARTESIAN_POINT('',(5.50000000000074,-1.94999999999992,-1.));
#5757=CARTESIAN_POINT('Origin',(7.37188088351104E-13,7.60502771868232E-14,
-1.));
#5758=CARTESIAN_POINT('',(-4.80000000000074,-1.7,-1.));
#5759=CARTESIAN_POINT('',(2.75000000000074,-1.7,-1.));
#5760=CARTESIAN_POINT('',(-4.80000000000074,-1.2,-1.));
#5761=CARTESIAN_POINT('',(-4.80000000000074,-0.6,-1.));
#5762=CARTESIAN_POINT('',(-3.10000000000074,-1.2,-1.));
#5763=CARTESIAN_POINT('',(-3.52500000000074,-1.2,-1.));
#5764=CARTESIAN_POINT('',(-3.10000000000074,-1.7,-1.));
#5765=CARTESIAN_POINT('',(-3.10000000000074,-0.850000000000001,-1.));
#5766=CARTESIAN_POINT('',(2.75000000000074,-1.7,-1.));
#5767=CARTESIAN_POINT('Origin',(-3.10000000000074,-1.7,-8.8));
#5768=CARTESIAN_POINT('',(-3.10000000000074,-1.2,-8.8));
#5769=CARTESIAN_POINT('',(-3.10000000000074,-1.7,-4.9));
#5770=CARTESIAN_POINT('Origin',(-4.80000000000074,-1.2,-8.8));
#5771=CARTESIAN_POINT('',(-4.80000000000074,-1.2,-8.8));
#5772=CARTESIAN_POINT('',(-4.80000000000074,-1.7,-4.9));
#5773=CARTESIAN_POINT('Origin',(-3.10000000000074,-1.2,-8.8));
#5774=CARTESIAN_POINT('Origin',(-3.10000000000074,1.2,-8.8));
#5775=CARTESIAN_POINT('',(-3.10000000000074,1.7,-4.9));
#5776=CARTESIAN_POINT('',(-3.10000000000074,1.2,-8.8));
#5777=CARTESIAN_POINT('Origin',(-4.80000000000074,1.2,-8.8));
#5778=CARTESIAN_POINT('Origin',(5.50000000000074,-1.7,-1.));
#5779=CARTESIAN_POINT('Origin',(5.50000000000074,-1.7,-1.));
#5780=CARTESIAN_POINT('Origin',(-5.50000000000074,1.7,-1.));
#5781=CARTESIAN_POINT('Origin',(2.30000000000147,0.45,-7.69999993443495));
#5782=CARTESIAN_POINT('',(2.30000000000148,-0.449999999999999,-4.39999996721748));
#5783=CARTESIAN_POINT('',(2.30000000000148,0.450000000000001,-4.39999996721748));
#5784=CARTESIAN_POINT('',(2.30000000000148,-0.449999999999999,-4.39999996721748));
#5785=CARTESIAN_POINT('',(2.30000000000147,-0.45,-1.1));
#5786=CARTESIAN_POINT('',(2.30000000000147,-0.45,-1.));
#5787=CARTESIAN_POINT('',(2.30000000000147,0.45,-1.1));
#5788=CARTESIAN_POINT('',(2.30000000000147,0.45,-1.1));
#5789=CARTESIAN_POINT('',(2.30000000000147,0.45,-1.));
#5790=CARTESIAN_POINT('Origin',(2.30000000000147,0.45,-7.69999993443495));
#5791=CARTESIAN_POINT('',(2.29999994859247,-0.45,-5.60000000596053));
#5792=CARTESIAN_POINT('',(2.29999994859247,0.45,-5.60000000596053));
#5793=CARTESIAN_POINT('',(2.29999994859247,-0.45,-5.60000000596053));
#5794=CARTESIAN_POINT('',(2.30000000000147,0.45,-7.69999993443495));
#5795=CARTESIAN_POINT('',(2.30000000000147,0.45,-1.));
#5796=CARTESIAN_POINT('',(2.30000000000147,-0.45,-7.69999993443495));
#5797=CARTESIAN_POINT('',(2.30000000000147,0.45,-7.69999993443495));
#5798=CARTESIAN_POINT('',(2.30000000000147,-0.45,-1.));
#5799=CARTESIAN_POINT('Origin',(4.29237917172215,0.450000000000002,-15.8));
#5800=CARTESIAN_POINT('',(4.29237917172215,-0.449999999999998,-16.2));
#5801=CARTESIAN_POINT('',(4.67897322249275,-0.449999999999998,-15.9026890447359));
#5802=CARTESIAN_POINT('Origin',(4.29237917172215,-0.449999999999998,-15.8));
#5803=CARTESIAN_POINT('',(4.29237917172215,0.450000000000002,-16.2));
#5804=CARTESIAN_POINT('',(4.29237917172215,0.450000000000002,-16.2));
#5805=CARTESIAN_POINT('',(4.67897322249275,0.450000000000002,-15.9026890447359));
#5806=CARTESIAN_POINT('Origin',(4.29237917172215,0.450000000000002,-15.8));
#5807=CARTESIAN_POINT('',(4.67897322249275,0.450000000000002,-15.9026890447359));
#5808=CARTESIAN_POINT('Origin',(4.60000000000074,0.450000000000002,-16.2));
#5809=CARTESIAN_POINT('',(3.70762082827932,-0.449999999999999,-16.2));
#5810=CARTESIAN_POINT('',(5.45000000000074,-0.449999999999998,-16.2));
#5811=CARTESIAN_POINT('',(3.70762082827932,0.450000000000001,-16.2));
#5812=CARTESIAN_POINT('',(3.70762082827932,0.450000000000001,-16.2));
#5813=CARTESIAN_POINT('',(5.45000000000074,0.450000000000003,-16.2));
#5814=CARTESIAN_POINT('Origin',(3.70762082827932,0.450000000000001,-15.8));
#5815=CARTESIAN_POINT('',(3.32102677750872,-0.449999999999999,-15.9026890447359));
#5816=CARTESIAN_POINT('Origin',(3.70762082827932,-0.449999999999999,-15.8));
#5817=CARTESIAN_POINT('',(3.32102677750872,0.450000000000001,-15.9026890447359));
#5818=CARTESIAN_POINT('',(3.32102677750872,0.450000000000001,-15.9026890447359));
#5819=CARTESIAN_POINT('Origin',(3.70762082827932,0.450000000000001,-15.8));
#5820=CARTESIAN_POINT('Origin',(3.40000000000074,0.450000000000001,-16.2));
#5821=CARTESIAN_POINT('',(2.56340594923014,-0.45,-13.0504694559225));
#5822=CARTESIAN_POINT('',(3.40000000000074,-0.449999999999999,-16.2));
#5823=CARTESIAN_POINT('',(2.56340594923014,0.450000000000001,-13.0504694559225));
#5824=CARTESIAN_POINT('',(2.56340594923014,0.450000000000001,-13.0504694559225));
#5825=CARTESIAN_POINT('',(3.40000000000074,0.450000000000001,-16.2));
#5826=CARTESIAN_POINT('Origin',(2.95000000000074,0.450000000000001,-12.9477804111865));
#5827=CARTESIAN_POINT('',(2.55000000000074,-0.449999999999999,-12.9477804111865));
#5828=CARTESIAN_POINT('Origin',(2.95000000000074,-0.449999999999999,-12.9477804111865));
#5829=CARTESIAN_POINT('',(2.55000000000074,0.450000000000001,-12.9477804111865));
#5830=CARTESIAN_POINT('',(2.55000000000074,0.450000000000001,-12.9477804111865));
#5831=CARTESIAN_POINT('Origin',(2.95000000000074,0.450000000000001,-12.9477804111865));
#5832=CARTESIAN_POINT('Origin',(2.55000000000074,0.450000000000001,-13.));
#5833=CARTESIAN_POINT('',(2.55000000000073,-0.449999999999999,-8.9));
#5834=CARTESIAN_POINT('',(2.55000000000074,-0.449999999999999,-16.2));
#5835=CARTESIAN_POINT('',(2.55000000000073,0.450000000000001,-8.9));
#5836=CARTESIAN_POINT('',(2.55000000000073,0.450000000000001,-8.9));
#5837=CARTESIAN_POINT('',(2.55000000000074,0.450000000000001,-16.2));
#5838=CARTESIAN_POINT('Origin',(5.05000000000074,0.450000000000002,-12.9477804111865));
#5839=CARTESIAN_POINT('',(5.43659405077134,-0.449999999999998,-13.0504694559225));
#5840=CARTESIAN_POINT('',(5.45000000000074,-0.449999999999998,-12.9477804111865));
#5841=CARTESIAN_POINT('Origin',(5.05000000000074,-0.449999999999998,-12.9477804111865));
#5842=CARTESIAN_POINT('',(5.43659405077134,0.450000000000003,-13.0504694559225));
#5843=CARTESIAN_POINT('',(5.43659405077134,0.450000000000003,-13.0504694559225));
#5844=CARTESIAN_POINT('',(5.45000000000074,0.450000000000003,-12.9477804111865));
#5845=CARTESIAN_POINT('Origin',(5.05000000000074,0.450000000000002,-12.9477804111865));
#5846=CARTESIAN_POINT('',(5.45000000000074,0.450000000000003,-12.9477804111865));
#5847=CARTESIAN_POINT('Origin',(5.45000000000074,0.450000000000003,-13.));
#5848=CARTESIAN_POINT('',(4.60000000000074,0.450000000000002,-16.2));
#5849=CARTESIAN_POINT('',(4.60000000000074,-0.449999999999998,-16.2));
#5850=CARTESIAN_POINT('Origin',(2.40000000000147,0.450000000000001,-1.1));
#5851=CARTESIAN_POINT('',(2.40000000000147,-0.45,-1.));
#5852=CARTESIAN_POINT('Origin',(2.40000000000147,-0.449999999999999,-1.1));
#5853=CARTESIAN_POINT('',(2.40000000000147,0.450000000000001,-1.));
#5854=CARTESIAN_POINT('',(2.40000000000147,0.450000000000001,-1.));
#5855=CARTESIAN_POINT('Origin',(2.40000000000147,0.450000000000001,-1.1));
#5856=CARTESIAN_POINT('Origin',(2.30000000000147,0.45,-1.));
#5857=CARTESIAN_POINT('',(3.60000000000147,-0.449999999999999,-1.));
#5858=CARTESIAN_POINT('',(2.50000000000147,-0.45,-1.));
#5859=CARTESIAN_POINT('',(3.60000000000147,0.450000000000001,-1.));
#5860=CARTESIAN_POINT('',(3.60000000000147,0.450000000000001,-1.));
#5861=CARTESIAN_POINT('',(2.50000000000147,0.450000000000001,-1.));
#5862=CARTESIAN_POINT('Origin',(1.40000000000148,0.45,-8.7));
#5863=CARTESIAN_POINT('',(1.30000000000148,-0.45,-8.7));
#5864=CARTESIAN_POINT('',(1.40000000000148,-0.45,-8.8));
#5865=CARTESIAN_POINT('Origin',(1.40000000000148,-0.45,-8.7));
#5866=CARTESIAN_POINT('',(1.30000000000148,0.45,-8.7));
#5867=CARTESIAN_POINT('',(1.30000000000148,0.45,-8.7));
#5868=CARTESIAN_POINT('',(1.40000000000148,0.45,-8.8));
#5869=CARTESIAN_POINT('Origin',(1.40000000000148,0.45,-8.7));
#5870=CARTESIAN_POINT('',(1.40000000000148,0.45,-8.8));
#5871=CARTESIAN_POINT('Origin',(2.55000000000073,0.450000000000001,-8.8));
#5872=CARTESIAN_POINT('',(2.45000000000073,0.450000000000001,-8.8));
#5873=CARTESIAN_POINT('',(4.50000000000147,0.450000000000002,-8.8));
#5874=CARTESIAN_POINT('',(2.45000000000073,-0.45,-8.8));
#5875=CARTESIAN_POINT('',(2.45000000000073,0.450000000000001,-8.8));
#5876=CARTESIAN_POINT('',(4.50000000000147,-0.449999999999998,-8.8));
#5877=CARTESIAN_POINT('Origin',(2.45000000000073,0.450000000000001,-8.9));
#5878=CARTESIAN_POINT('Origin',(2.45000000000073,0.450000000000001,-8.9));
#5879=CARTESIAN_POINT('Origin',(2.45000000000073,-0.449999999999999,-8.9));
#5880=CARTESIAN_POINT('Origin',(1.40000000000148,0.45,-7.79999993443495));
#5881=CARTESIAN_POINT('',(1.40000000000148,-0.45,-7.69999993443495));
#5882=CARTESIAN_POINT('',(1.30000000000148,-0.45,-7.79999993443495));
#5883=CARTESIAN_POINT('Origin',(1.40000000000148,-0.45,-7.79999993443495));
#5884=CARTESIAN_POINT('',(1.40000000000148,0.45,-7.69999993443495));
#5885=CARTESIAN_POINT('',(1.40000000000148,0.45,-7.69999993443495));
#5886=CARTESIAN_POINT('',(1.30000000000148,0.45,-7.79999993443495));
#5887=CARTESIAN_POINT('Origin',(1.40000000000148,0.45,-7.79999993443495));
#5888=CARTESIAN_POINT('',(1.30000000000148,0.45,-7.79999993443495));
#5889=CARTESIAN_POINT('Origin',(1.30000000000147,0.45,-7.69999993443495));
#5890=CARTESIAN_POINT('',(2.30000000000147,-0.45,-7.69999993443495));
#5891=CARTESIAN_POINT('',(2.30000000000147,0.45,-7.69999993443495));
#5892=CARTESIAN_POINT('Origin',(5.35000000000074,0.450000000000002,-8.9));
#5893=CARTESIAN_POINT('',(5.45000000000074,-0.449999999999998,-8.9));
#5894=CARTESIAN_POINT('',(5.35000000000074,-0.449999999999998,-8.8));
#5895=CARTESIAN_POINT('Origin',(5.35000000000074,-0.449999999999998,-8.9));
#5896=CARTESIAN_POINT('',(5.45000000000074,0.450000000000003,-8.9));
#5897=CARTESIAN_POINT('',(5.45000000000074,0.450000000000002,-8.9));
#5898=CARTESIAN_POINT('',(5.35000000000074,0.450000000000002,-8.8));
#5899=CARTESIAN_POINT('Origin',(5.35000000000074,0.450000000000002,-8.9));
#5900=CARTESIAN_POINT('',(5.35000000000074,0.450000000000002,-8.8));
#5901=CARTESIAN_POINT('Origin',(5.45000000000074,0.450000000000003,-8.8));
#5902=CARTESIAN_POINT('',(5.45000000000074,0.450000000000003,-8.8));
#5903=CARTESIAN_POINT('',(5.45000000000074,-0.449999999999998,-8.8));
#5904=CARTESIAN_POINT('Origin',(4.00000000000147,0.450000000000002,-0.4));
#5905=CARTESIAN_POINT('',(4.00000000000147,-0.449999999999999,0.));
#5906=CARTESIAN_POINT('',(3.60000000000147,-0.449999999999999,-0.4));
#5907=CARTESIAN_POINT('Origin',(4.00000000000147,-0.449999999999998,-0.4));
#5908=CARTESIAN_POINT('',(4.00000000000147,0.450000000000002,0.));
#5909=CARTESIAN_POINT('',(4.00000000000147,0.450000000000002,0.));
#5910=CARTESIAN_POINT('',(3.60000000000147,0.450000000000001,-0.4));
#5911=CARTESIAN_POINT('Origin',(4.00000000000147,0.450000000000002,-0.4));
#5912=CARTESIAN_POINT('',(3.60000000000147,0.450000000000001,-0.4));
#5913=CARTESIAN_POINT('Origin',(3.60000000000147,0.450000000000001,0.));
#5914=CARTESIAN_POINT('',(4.10000000000147,-0.449999999999998,0.));
#5915=CARTESIAN_POINT('',(3.60000000000147,-0.449999999999999,0.));
#5916=CARTESIAN_POINT('',(4.10000000000147,0.450000000000002,0.));
#5917=CARTESIAN_POINT('',(4.10000000000147,0.450000000000002,0.));
#5918=CARTESIAN_POINT('',(3.60000000000147,0.450000000000001,0.));
#5919=CARTESIAN_POINT('Origin',(4.10000000000147,0.450000000000002,-0.4));
#5920=CARTESIAN_POINT('',(4.50000000000147,-0.449999999999998,-0.4));
#5921=CARTESIAN_POINT('Origin',(4.10000000000147,-0.449999999999998,-0.4));
#5922=CARTESIAN_POINT('',(4.50000000000147,0.450000000000002,-0.4));
#5923=CARTESIAN_POINT('',(4.50000000000147,0.450000000000002,-0.4));
#5924=CARTESIAN_POINT('Origin',(4.10000000000147,0.450000000000002,-0.4));
#5925=CARTESIAN_POINT('Origin',(4.50000000000147,0.450000000000002,-8.8));
#5926=CARTESIAN_POINT('',(4.50000000000147,0.450000000000002,-8.8));
#5927=CARTESIAN_POINT('',(4.50000000000147,0.450000000000002,-8.8));
#5928=CARTESIAN_POINT('',(4.50000000000147,-0.449999999999998,-8.8));
#5929=CARTESIAN_POINT('',(4.50000000000147,0.450000000000002,-8.8));
#5930=CARTESIAN_POINT('',(4.50000000000147,-0.449999999999998,-8.8));
#5931=CARTESIAN_POINT('Origin',(4.50000000000147,0.450000000000002,0.));
#5932=CARTESIAN_POINT('',(4.50000000000147,-0.449999999999998,0.));
#5933=CARTESIAN_POINT('',(4.50000000000147,0.450000000000002,0.));
#5934=CARTESIAN_POINT('Origin',(3.60000000000147,0.450000000000001,-1.));
#5935=CARTESIAN_POINT('',(3.60000000000147,0.450000000000001,-1.));
#5936=CARTESIAN_POINT('',(3.60000000000147,-0.449999999999999,-1.));
#5937=CARTESIAN_POINT('Origin',(1.30000000000148,0.45,-8.8));
#5938=CARTESIAN_POINT('',(1.30000000000147,-0.45,-7.69999993443495));
#5939=CARTESIAN_POINT('',(1.30000000000147,0.45,-7.69999993443495));
#5940=CARTESIAN_POINT('Origin',(-0.398959246421156,-0.450000000000003,-5.57677667294457));
#5941=CARTESIAN_POINT('',(-0.61109128077712,-0.450000000000002,-5.36464463858861));
#5942=CARTESIAN_POINT('',(-0.61109128077712,-0.450000000000003,-5.78890870730054));
#5943=CARTESIAN_POINT('Origin',(-0.398959246421156,-0.450000000000003,-5.57677667294457));
#5944=CARTESIAN_POINT('',(-0.611091280777121,0.449999999999997,-5.78890870730054));
#5945=CARTESIAN_POINT('',(-0.61109128077712,-0.450000000000003,-5.78890870730054));
#5946=CARTESIAN_POINT('',(-0.61109128077712,0.449999999999997,-5.36464463858861));
#5947=CARTESIAN_POINT('Origin',(-0.398959246421156,0.449999999999997,-5.57677667294457));
#5948=CARTESIAN_POINT('',(-0.61109128077712,-0.450000000000002,-5.36464463858861));
#5949=CARTESIAN_POINT('Origin',(-0.823223315133084,-0.450000000000003,-5.57677667294457));
#5950=CARTESIAN_POINT('',(-0.380391365273915,-0.450000000000003,-6.01960862280374));
#5951=CARTESIAN_POINT('',(-0.199999995528173,-0.450000000000003,-6.19999999254948));
#5952=CARTESIAN_POINT('',(-0.380391365273916,0.449999999999997,-6.01960862280374));
#5953=CARTESIAN_POINT('',(-0.380391365273915,-0.450000000000003,-6.01960862280374));
#5954=CARTESIAN_POINT('',(-0.545780595086191,0.449999999999997,-5.85421939299147));
#5955=CARTESIAN_POINT('Origin',(-0.168259330917951,-0.450000000000003,-5.80747658844778));
#5956=CARTESIAN_POINT('',(0.00703208866669745,-0.450000000000003,-6.05093688956481));
#5957=CARTESIAN_POINT('Origin',(-0.168259330917951,-0.450000000000003,-5.80747658844778));
#5958=CARTESIAN_POINT('',(0.00703208866669668,0.449999999999997,-6.05093688956481));
#5959=CARTESIAN_POINT('',(0.00703208866669734,-0.450000000000003,-6.05093688956481));
#5960=CARTESIAN_POINT('Origin',(-0.168259330917951,0.449999999999997,-5.80747658844778));
#5961=CARTESIAN_POINT('Origin',(-0.199999995528174,-0.450000000000003,-6.19999999254948));
#5962=CARTESIAN_POINT('',(2.30000000000148,-0.449999999999999,-4.39999996721748));
#5963=CARTESIAN_POINT('',(0.163646820939894,0.449999999999997,-5.93817428053953));
#5964=CARTESIAN_POINT('Origin',(-0.398959246421155,-0.450000000000003,-5.57677667294457));
#5965=CARTESIAN_POINT('',(-0.964644671370394,0.449999999999998,-5.01109124799533));
#5966=CARTESIAN_POINT('',(-0.964644671370394,0.449999999999996,-6.14246209789381));
#5967=CARTESIAN_POINT('Origin',(-0.398959246421156,0.449999999999997,-5.57677667294457));
#5968=CARTESIAN_POINT('',(-0.964644671370393,-0.450000000000004,-6.14246209789381));
#5969=CARTESIAN_POINT('',(-0.964644671370393,-0.450000000000004,-6.14246209789381));
#5970=CARTESIAN_POINT('',(-0.964644671370393,-0.450000000000002,-5.01109124799533));
#5971=CARTESIAN_POINT('Origin',(-0.398959246421155,-0.450000000000003,-5.57677667294457));
#5972=CARTESIAN_POINT('',(-0.964644671370393,-0.450000000000002,-5.01109124799533));
#5973=CARTESIAN_POINT('Origin',(-0.189093278655107,-0.450000000000003,-5.78664264071062));
#5974=CARTESIAN_POINT('',(-0.754778703604346,0.449999999999996,-6.35232806565986));
#5975=CARTESIAN_POINT('',(0.123254655085273,0.449999999999997,-6.52314706587595));
#5976=CARTESIAN_POINT('Origin',(-0.189093278655108,0.449999999999997,-5.78664264071062));
#5977=CARTESIAN_POINT('',(0.123254655085274,-0.450000000000003,-6.52314706587595));
#5978=CARTESIAN_POINT('',(0.123254655085274,-0.450000000000003,-6.52314706587595));
#5979=CARTESIAN_POINT('',(-0.754778703604346,-0.450000000000004,-6.35232806565986));
#5980=CARTESIAN_POINT('Origin',(-0.189093278655107,-0.450000000000003,-5.78664264071062));
#5981=CARTESIAN_POINT('',(-0.754778703604346,-0.450000000000004,-6.35232806565986));
#5982=CARTESIAN_POINT('Origin',(2.29999994859247,-0.45,-5.60000000596053));
#5983=CARTESIAN_POINT('',(1.51022906487164,0.449999999999999,-5.93493798491855));
#5984=CARTESIAN_POINT('',(-0.373351468868762,-0.450000000000004,-6.73375530039544));
#5985=CARTESIAN_POINT('Origin',(-0.373351468868762,-0.450000000000004,-6.73375530039544));
#5986=CARTESIAN_POINT('',(-0.497621367250667,0.449999999999996,-6.60948540201354));
#5987=CARTESIAN_POINT('',(-1.53033009631963,-0.450000000000003,-5.57677667294457));
#5988=CARTESIAN_POINT('Origin',(0.398959246422634,-0.450000000000001,-3.22322326149038));
#5989=CARTESIAN_POINT('',(0.611091280778598,-0.450000000000001,-3.43535529584635));
#5990=CARTESIAN_POINT('',(0.611091280778598,-0.450000000000001,-3.01109122713442));
#5991=CARTESIAN_POINT('Origin',(0.398959246422634,-0.450000000000001,-3.22322326149038));
#5992=CARTESIAN_POINT('',(0.611091280778599,0.449999999999999,-3.01109122713442));
#5993=CARTESIAN_POINT('',(0.611091280778598,-0.450000000000001,-3.01109122713442));
#5994=CARTESIAN_POINT('',(0.611091280778598,0.449999999999999,-3.43535529584635));
#5995=CARTESIAN_POINT('Origin',(0.398959246422634,0.449999999999999,-3.22322326149038));
#5996=CARTESIAN_POINT('',(0.611091280778598,-0.450000000000001,-3.43535529584635));
#5997=CARTESIAN_POINT('Origin',(0.823223315134562,-0.450000000000001,-3.22322326149038));
#5998=CARTESIAN_POINT('',(0.380391365275393,-0.450000000000001,-2.78039131163121));
#5999=CARTESIAN_POINT('',(0.199999995529652,-0.450000000000001,-2.59999994188547));
#6000=CARTESIAN_POINT('',(0.380391365275393,0.449999999999999,-2.78039131163121));
#6001=CARTESIAN_POINT('',(0.380391365275393,-0.450000000000001,-2.78039131163121));
#6002=CARTESIAN_POINT('',(0.545780595087669,0.449999999999999,-2.94578054144349));
#6003=CARTESIAN_POINT('Origin',(0.168259330919429,-0.450000000000001,-2.99252334598718));
#6004=CARTESIAN_POINT('',(-0.0070320886652192,-0.450000000000001,-2.74906304487014));
#6005=CARTESIAN_POINT('Origin',(0.168259330919429,-0.450000000000001,-2.99252334598718));
#6006=CARTESIAN_POINT('',(-0.00703208866521917,0.449999999999999,-2.74906304487014));
#6007=CARTESIAN_POINT('',(-0.0070320886652191,-0.450000000000001,-2.74906304487014));
#6008=CARTESIAN_POINT('Origin',(0.168259330919429,0.449999999999999,-2.99252334598718));
#6009=CARTESIAN_POINT('Origin',(0.199999995529652,-0.450000000000001,-2.59999994188547));
#6010=CARTESIAN_POINT('',(-2.3,-0.450000000000001,-4.39999996721748));
#6011=CARTESIAN_POINT('',(-2.3,-0.450000000000001,-4.39999996721748));
#6012=CARTESIAN_POINT('',(-2.3,0.449999999999999,-4.39999996721748));
#6013=CARTESIAN_POINT('',(-2.3,-7.97972798949331E-16,-4.39999996721748));
#6014=CARTESIAN_POINT('',(-0.163646820938417,0.449999999999999,-2.86182565389542));
#6015=CARTESIAN_POINT('Origin',(0.398959246422633,-0.450000000000001,-3.22322326149038));
#6016=CARTESIAN_POINT('',(0.964644671371871,0.449999999999999,-3.78890868643962));
#6017=CARTESIAN_POINT('',(0.964644671371871,0.449999999999999,-2.65753783654114));
#6018=CARTESIAN_POINT('Origin',(0.398959246422633,0.449999999999999,-3.22322326149038));
#6019=CARTESIAN_POINT('',(0.964644671371871,-0.450000000000001,-2.65753783654114));
#6020=CARTESIAN_POINT('',(0.964644671371871,-0.450000000000001,-2.65753783654114));
#6021=CARTESIAN_POINT('',(0.964644671371871,-0.450000000000001,-3.78890868643962));
#6022=CARTESIAN_POINT('Origin',(0.398959246422633,-0.450000000000001,-3.22322326149038));
#6023=CARTESIAN_POINT('',(0.964644671371871,-0.450000000000001,-3.78890868643962));
#6024=CARTESIAN_POINT('Origin',(1.53033009632111,-0.450000000000001,-3.22322326149038));
#6025=CARTESIAN_POINT('',(-0.993858658206276,-0.450000000000001,-5.74741201601776));
#6026=CARTESIAN_POINT('',(0.0033631035222552,0.449999999999999,-4.75019025428923));
#6027=CARTESIAN_POINT('Origin',(0.189093278656586,-0.450000000000001,-3.01335729372433));
#6028=CARTESIAN_POINT('',(0.754778703605824,0.449999999999999,-2.4476718687751));
#6029=CARTESIAN_POINT('',(-0.123254655083796,0.449999999999999,-2.276852868559));
#6030=CARTESIAN_POINT('Origin',(0.189093278656586,0.449999999999999,-3.01335729372433));
#6031=CARTESIAN_POINT('',(-0.123254655083796,-0.450000000000001,-2.276852868559));
#6032=CARTESIAN_POINT('',(-0.123254655083796,-0.450000000000001,-2.276852868559));
#6033=CARTESIAN_POINT('',(0.754778703605824,-0.450000000000001,-2.4476718687751));
#6034=CARTESIAN_POINT('Origin',(0.189093278656586,-0.450000000000001,-3.01335729372433));
#6035=CARTESIAN_POINT('',(0.754778703605824,-0.450000000000001,-2.4476718687751));
#6036=CARTESIAN_POINT('Origin',(-2.29999994859099,-0.450000000000001,-3.19999992847443));
#6037=CARTESIAN_POINT('',(-2.29999994859099,0.449999999999999,-3.19999992847443));
#6038=CARTESIAN_POINT('',(-1.51022906487017,0.449999999999999,-2.8650619495164));
#6039=CARTESIAN_POINT('',(-2.29999994859099,-0.450000000000001,-3.19999992847443));
#6040=CARTESIAN_POINT('',(-2.3,-7.97972798949331E-16,-3.19999995027673));
#6041=CARTESIAN_POINT('',(0.37335146887024,-0.450000000000001,-2.06624463403951));
#6042=CARTESIAN_POINT('Origin',(-0.176776695295898,-0.450000000000001,-4.22322327192084));
#6043=CARTESIAN_POINT('',(-0.00336310352077754,0.449999999999999,-4.04980968014572));
#6044=CARTESIAN_POINT('',(0.823223315134562,-0.450000000000001,-3.22322326149038));
#6045=CARTESIAN_POINT('Origin',(0.37335146887024,-0.450000000000001,-2.06624463403951));
#6046=CARTESIAN_POINT('',(0.497621367252144,0.449999999999999,-2.19051453242142));
#6047=CARTESIAN_POINT('',(1.53033009632111,-0.450000000000001,-3.22322326149038));
#6048=CARTESIAN_POINT('Origin',(-2.3,0.449999999999999,-7.69999993443495));
#6049=CARTESIAN_POINT('',(-2.3,-0.450000000000001,-7.69999993443495));
#6050=CARTESIAN_POINT('',(-2.3,-0.450000000000001,-1.));
#6051=CARTESIAN_POINT('',(-2.3,0.449999999999999,-7.69999993443495));
#6052=CARTESIAN_POINT('',(-2.3,0.449999999999999,-7.69999993443495));
#6053=CARTESIAN_POINT('',(-2.3,0.449999999999999,-1.));
#6054=CARTESIAN_POINT('Origin',(-2.3,0.449999999999999,-7.69999993443495));
#6055=CARTESIAN_POINT('',(-2.3,0.449999999999999,-1.1));
#6056=CARTESIAN_POINT('',(-2.3,0.449999999999999,-1.));
#6057=CARTESIAN_POINT('',(-2.3,-0.450000000000001,-1.1));
#6058=CARTESIAN_POINT('',(-2.3,0.449999999999999,-1.1));
#6059=CARTESIAN_POINT('',(-2.3,-0.450000000000001,-1.));
#6060=CARTESIAN_POINT('Origin',(-4.29237917172068,0.449999999999999,-15.8));
#6061=CARTESIAN_POINT('',(-4.29237917172068,-0.450000000000001,-16.2));
#6062=CARTESIAN_POINT('',(-4.67897322249128,-0.450000000000001,-15.9026890447359));
#6063=CARTESIAN_POINT('Origin',(-4.29237917172068,-0.450000000000001,-15.8));
#6064=CARTESIAN_POINT('',(-4.67897322249128,0.449999999999999,-15.9026890447359));
#6065=CARTESIAN_POINT('',(-4.67897322249128,0.449999999999999,-15.9026890447359));
#6066=CARTESIAN_POINT('',(-4.29237917172068,0.449999999999999,-16.2));
#6067=CARTESIAN_POINT('Origin',(-4.29237917172068,0.449999999999999,-15.8));
#6068=CARTESIAN_POINT('',(-4.29237917172068,0.449999999999999,-16.2));
#6069=CARTESIAN_POINT('Origin',(-4.59999999999926,0.449999999999999,-16.2));
#6070=CARTESIAN_POINT('',(-3.70762082827784,0.449999999999999,-16.2));
#6071=CARTESIAN_POINT('',(-5.44999999999926,0.449999999999999,-16.2));
#6072=CARTESIAN_POINT('',(-3.70762082827784,-0.450000000000001,-16.2));
#6073=CARTESIAN_POINT('',(-3.70762082827784,0.449999999999999,-16.2));
#6074=CARTESIAN_POINT('',(-5.44999999999926,-0.450000000000001,-16.2));
#6075=CARTESIAN_POINT('Origin',(-3.37499999999963,0.449999999999999,-8.1));
#6076=CARTESIAN_POINT('',(-5.43659405076986,0.449999999999999,-13.0504694559225));
#6077=CARTESIAN_POINT('',(-4.59999999999926,0.449999999999999,-16.2));
#6078=CARTESIAN_POINT('',(-5.44999999999926,0.449999999999999,-12.9477804111865));
#6079=CARTESIAN_POINT('Origin',(-5.04999999999926,0.449999999999999,-12.9477804111865));
#6080=CARTESIAN_POINT('',(-5.44999999999926,0.449999999999999,-8.9));
#6081=CARTESIAN_POINT('',(-5.44999999999926,0.449999999999999,-8.8));
#6082=CARTESIAN_POINT('',(-5.34999999999926,0.449999999999999,-8.8));
#6083=CARTESIAN_POINT('Origin',(-5.34999999999926,0.449999999999999,-8.9));
#6084=CARTESIAN_POINT('',(-4.5,0.449999999999999,-8.8));
#6085=CARTESIAN_POINT('',(-4.5,0.449999999999999,-8.8));
#6086=CARTESIAN_POINT('',(-4.5,0.449999999999999,-0.4));
#6087=CARTESIAN_POINT('',(-4.5,0.449999999999999,0.));
#6088=CARTESIAN_POINT('',(-4.1,0.449999999999999,0.));
#6089=CARTESIAN_POINT('Origin',(-4.1,0.449999999999999,-0.4));
#6090=CARTESIAN_POINT('',(-4.,0.449999999999999,0.));
#6091=CARTESIAN_POINT('',(-3.6,0.449999999999999,0.));
#6092=CARTESIAN_POINT('',(-3.6,0.449999999999999,-0.4));
#6093=CARTESIAN_POINT('Origin',(-4.,0.449999999999999,-0.4));
#6094=CARTESIAN_POINT('',(-3.6,0.449999999999999,-1.));
#6095=CARTESIAN_POINT('',(-3.6,0.449999999999999,-1.));
#6096=CARTESIAN_POINT('',(-2.4,0.449999999999999,-1.));
#6097=CARTESIAN_POINT('',(-2.5,0.449999999999999,-1.));
#6098=CARTESIAN_POINT('Origin',(-2.4,0.449999999999999,-1.1));
#6099=CARTESIAN_POINT('',(-1.4,0.449999999999999,-7.69999993443495));
#6100=CARTESIAN_POINT('',(-2.3,0.449999999999999,-7.69999993443495));
#6101=CARTESIAN_POINT('',(-1.3,0.449999999999999,-7.79999993443495));
#6102=CARTESIAN_POINT('Origin',(-1.4,0.449999999999999,-7.79999993443495));
#6103=CARTESIAN_POINT('',(-1.30000000000001,0.449999999999999,-8.7));
#6104=CARTESIAN_POINT('',(-1.3,0.449999999999999,-7.69999993443495));
#6105=CARTESIAN_POINT('',(-1.40000000000001,0.449999999999999,-8.8));
#6106=CARTESIAN_POINT('Origin',(-1.40000000000001,0.449999999999999,-8.7));
#6107=CARTESIAN_POINT('',(-2.44999999999926,0.449999999999999,-8.8));
#6108=CARTESIAN_POINT('',(-4.5,0.449999999999999,-8.8));
#6109=CARTESIAN_POINT('',(-2.54999999999926,0.449999999999999,-8.9));
#6110=CARTESIAN_POINT('Origin',(-2.44999999999926,0.449999999999999,-8.9));
#6111=CARTESIAN_POINT('',(-2.54999999999926,0.449999999999999,-12.9477804111865));
#6112=CARTESIAN_POINT('',(-2.54999999999926,0.449999999999999,-16.2));
#6113=CARTESIAN_POINT('',(-2.56340594922866,0.449999999999999,-13.0504694559225));
#6114=CARTESIAN_POINT('Origin',(-2.94999999999926,0.449999999999999,-12.9477804111865));
#6115=CARTESIAN_POINT('',(-3.32102677750725,0.449999999999999,-15.9026890447359));
#6116=CARTESIAN_POINT('',(-3.39999999999926,0.449999999999999,-16.2));
#6117=CARTESIAN_POINT('Origin',(-3.70762082827784,0.449999999999999,-15.8));
#6118=CARTESIAN_POINT('Origin',(-3.70762082827784,0.449999999999999,-15.8));
#6119=CARTESIAN_POINT('',(-3.32102677750725,-0.450000000000001,-15.9026890447359));
#6120=CARTESIAN_POINT('Origin',(-3.70762082827784,-0.450000000000001,-15.8));
#6121=CARTESIAN_POINT('',(-3.32102677750725,0.449999999999999,-15.9026890447359));
#6122=CARTESIAN_POINT('Origin',(-3.39999999999926,0.449999999999999,-16.2));
#6123=CARTESIAN_POINT('',(-2.56340594922866,-0.450000000000001,-13.0504694559225));
#6124=CARTESIAN_POINT('',(-2.56340594922866,0.449999999999999,-13.0504694559225));
#6125=CARTESIAN_POINT('',(-3.39999999999926,-0.450000000000001,-16.2));
#6126=CARTESIAN_POINT('Origin',(-2.94999999999926,0.449999999999999,-12.9477804111865));
#6127=CARTESIAN_POINT('',(-2.54999999999926,-0.450000000000001,-12.9477804111865));
#6128=CARTESIAN_POINT('Origin',(-2.94999999999926,-0.450000000000001,-12.9477804111865));
#6129=CARTESIAN_POINT('',(-2.54999999999926,0.449999999999999,-12.9477804111865));
#6130=CARTESIAN_POINT('Origin',(-2.54999999999926,0.449999999999999,-13.));
#6131=CARTESIAN_POINT('',(-2.54999999999926,-0.450000000000001,-8.9));
#6132=CARTESIAN_POINT('',(-2.54999999999926,0.449999999999999,-8.9));
#6133=CARTESIAN_POINT('',(-2.54999999999926,-0.450000000000001,-16.2));
#6134=CARTESIAN_POINT('Origin',(-5.04999999999926,0.449999999999999,-12.9477804111865));
#6135=CARTESIAN_POINT('',(-5.43659405076986,-0.450000000000001,-13.0504694559225));
#6136=CARTESIAN_POINT('',(-5.44999999999926,-0.450000000000001,-12.9477804111865));
#6137=CARTESIAN_POINT('Origin',(-5.04999999999926,-0.450000000000001,-12.9477804111865));
#6138=CARTESIAN_POINT('',(-5.44999999999926,0.449999999999999,-12.9477804111865));
#6139=CARTESIAN_POINT('',(-5.43659405076986,0.449999999999999,-13.0504694559225));
#6140=CARTESIAN_POINT('Origin',(-5.44999999999926,0.449999999999999,-13.));
#6141=CARTESIAN_POINT('',(-4.59999999999926,-0.450000000000001,-16.2));
#6142=CARTESIAN_POINT('Origin',(-2.4,0.449999999999999,-1.1));
#6143=CARTESIAN_POINT('',(-2.4,-0.450000000000001,-1.));
#6144=CARTESIAN_POINT('Origin',(-2.4,-0.450000000000001,-1.1));
#6145=CARTESIAN_POINT('',(-2.4,0.449999999999999,-1.));
#6146=CARTESIAN_POINT('Origin',(-2.3,0.449999999999999,-1.));
#6147=CARTESIAN_POINT('',(-3.6,-0.450000000000001,-1.));
#6148=CARTESIAN_POINT('',(-3.6,0.449999999999999,-1.));
#6149=CARTESIAN_POINT('',(-2.5,-0.450000000000001,-1.));
#6150=CARTESIAN_POINT('Origin',(-1.40000000000001,0.449999999999999,-8.7));
#6151=CARTESIAN_POINT('',(-1.30000000000001,-0.450000000000001,-8.7));
#6152=CARTESIAN_POINT('',(-1.40000000000001,-0.450000000000001,-8.8));
#6153=CARTESIAN_POINT('Origin',(-1.40000000000001,-0.450000000000001,-8.7));
#6154=CARTESIAN_POINT('',(-1.40000000000001,0.449999999999999,-8.8));
#6155=CARTESIAN_POINT('',(-1.30000000000001,0.449999999999999,-8.7));
#6156=CARTESIAN_POINT('Origin',(-2.54999999999926,0.449999999999999,-8.8));
#6157=CARTESIAN_POINT('',(-2.44999999999926,-0.450000000000001,-8.8));
#6158=CARTESIAN_POINT('',(-4.5,-0.450000000000001,-8.8));
#6159=CARTESIAN_POINT('',(-2.44999999999926,0.449999999999999,-8.8));
#6160=CARTESIAN_POINT('Origin',(-2.44999999999926,0.449999999999999,-8.9));
#6161=CARTESIAN_POINT('Origin',(-2.44999999999926,-0.450000000000001,-8.9));
#6162=CARTESIAN_POINT('Origin',(-1.4,0.449999999999999,-7.79999993443495));
#6163=CARTESIAN_POINT('',(-1.4,-0.450000000000001,-7.69999993443495));
#6164=CARTESIAN_POINT('',(-1.3,-0.450000000000001,-7.79999993443495));
#6165=CARTESIAN_POINT('Origin',(-1.4,-0.450000000000001,-7.79999993443495));
#6166=CARTESIAN_POINT('',(-1.3,0.449999999999999,-7.79999993443495));
#6167=CARTESIAN_POINT('',(-1.4,0.449999999999999,-7.69999993443495));
#6168=CARTESIAN_POINT('Origin',(-1.3,0.449999999999999,-7.69999993443495));
#6169=CARTESIAN_POINT('',(-2.3,-0.450000000000001,-7.69999993443495));
#6170=CARTESIAN_POINT('Origin',(-5.34999999999926,0.449999999999999,-8.9));
#6171=CARTESIAN_POINT('',(-5.44999999999926,-0.450000000000001,-8.9));
#6172=CARTESIAN_POINT('',(-5.34999999999926,-0.450000000000001,-8.8));
#6173=CARTESIAN_POINT('Origin',(-5.34999999999926,-0.450000000000001,-8.9));
#6174=CARTESIAN_POINT('',(-5.34999999999926,0.449999999999999,-8.8));
#6175=CARTESIAN_POINT('',(-5.44999999999926,0.449999999999999,-8.9));
#6176=CARTESIAN_POINT('Origin',(-5.44999999999926,0.449999999999999,-8.8));
#6177=CARTESIAN_POINT('',(-5.44999999999926,-0.450000000000001,-8.8));
#6178=CARTESIAN_POINT('Origin',(-4.,0.449999999999999,-0.4));
#6179=CARTESIAN_POINT('',(-4.,-0.450000000000001,0.));
#6180=CARTESIAN_POINT('',(-3.6,-0.450000000000001,-0.4));
#6181=CARTESIAN_POINT('Origin',(-4.,-0.450000000000001,-0.4));
#6182=CARTESIAN_POINT('',(-3.6,0.449999999999999,-0.4));
#6183=CARTESIAN_POINT('',(-4.,0.449999999999999,0.));
#6184=CARTESIAN_POINT('Origin',(-3.6,0.449999999999999,0.));
#6185=CARTESIAN_POINT('',(-4.1,-0.450000000000001,0.));
#6186=CARTESIAN_POINT('',(-4.1,0.449999999999999,0.));
#6187=CARTESIAN_POINT('',(-3.6,-0.450000000000001,0.));
#6188=CARTESIAN_POINT('Origin',(-4.1,0.449999999999999,-0.4));
#6189=CARTESIAN_POINT('',(-4.5,-0.450000000000001,-0.4));
#6190=CARTESIAN_POINT('Origin',(-4.1,-0.450000000000001,-0.4));
#6191=CARTESIAN_POINT('',(-4.5,0.449999999999999,-0.4));
#6192=CARTESIAN_POINT('Origin',(-4.5,0.449999999999999,-8.8));
#6193=CARTESIAN_POINT('',(-4.5,-0.450000000000001,-8.8));
#6194=CARTESIAN_POINT('',(-4.5,-0.450000000000001,-8.8));
#6195=CARTESIAN_POINT('',(-4.5,0.449999999999999,-8.8));
#6196=CARTESIAN_POINT('Origin',(-4.5,0.449999999999999,0.));
#6197=CARTESIAN_POINT('',(-4.5,-0.450000000000001,0.));
#6198=CARTESIAN_POINT('Origin',(-3.6,0.449999999999999,-1.));
#6199=CARTESIAN_POINT('',(-3.6,-0.450000000000001,-1.));
#6200=CARTESIAN_POINT('Origin',(-1.30000000000001,0.449999999999999,-8.8));
#6201=CARTESIAN_POINT('',(-1.3,-0.450000000000001,-7.69999993443495));
#6202=CARTESIAN_POINT('Origin',(-3.37499999999963,-0.450000000000001,-8.1));
#6203=UNCERTAINTY_MEASURE_WITH_UNIT(LENGTH_MEASURE(0.01),#6207,
'DISTANCE_ACCURACY_VALUE',
'Maximum model space distance between geometric entities at asserted c
onnectivities');
#6204=UNCERTAINTY_MEASURE_WITH_UNIT(LENGTH_MEASURE(0.01),#6207,
'DISTANCE_ACCURACY_VALUE',
'Maximum model space distance between geometric entities at asserted c
onnectivities');
#6205=(
GEOMETRIC_REPRESENTATION_CONTEXT(3)
GLOBAL_UNCERTAINTY_ASSIGNED_CONTEXT((#6203))
GLOBAL_UNIT_ASSIGNED_CONTEXT((#6207,#6209,#6210))
REPRESENTATION_CONTEXT('','3D')
);
#6206=(
GEOMETRIC_REPRESENTATION_CONTEXT(3)
GLOBAL_UNCERTAINTY_ASSIGNED_CONTEXT((#6204))
GLOBAL_UNIT_ASSIGNED_CONTEXT((#6207,#6209,#6210))
REPRESENTATION_CONTEXT('','3D')
);
#6207=(
LENGTH_UNIT()
NAMED_UNIT(*)
SI_UNIT(.MILLI.,.METRE.)
);
#6208=(
LENGTH_UNIT()
NAMED_UNIT(*)
SI_UNIT($,.METRE.)
);
#6209=(
NAMED_UNIT(*)
PLANE_ANGLE_UNIT()
SI_UNIT($,.RADIAN.)
);
#6210=(
NAMED_UNIT(*)
SI_UNIT($,.STERADIAN.)
SOLID_ANGLE_UNIT()
);
#6211=SHAPE_DEFINITION_REPRESENTATION(#6212,#6213);
#6212=PRODUCT_DEFINITION_SHAPE('',$,#6215);
#6213=SHAPE_REPRESENTATION('',(#3611),#6205);
#6214=PRODUCT_DEFINITION_CONTEXT('part definition',#6219,'design');
#6215=PRODUCT_DEFINITION('Pojistka - mini 25A','Pojistka - mini 25A v2',
#6216,#6214);
#6216=PRODUCT_DEFINITION_FORMATION('',$,#6221);
#6217=PRODUCT_RELATED_PRODUCT_CATEGORY('Pojistka - mini 25A v2',
'Pojistka - mini 25A v2',(#6221));
#6218=APPLICATION_PROTOCOL_DEFINITION('international standard',
'automotive_design',2009,#6219);
#6219=APPLICATION_CONTEXT(
'Core Data for Automotive Mechanical Design Process');
#6220=PRODUCT_CONTEXT('part definition',#6219,'mechanical');
#6221=PRODUCT('Pojistka - mini 25A','Pojistka - mini 25A v2',$,(#6220));
#6222=PRESENTATION_STYLE_ASSIGNMENT((#6225));
#6223=PRESENTATION_STYLE_ASSIGNMENT((#6226));
#6224=PRESENTATION_STYLE_ASSIGNMENT((#6227));
#6225=SURFACE_STYLE_USAGE(.BOTH.,#6228);
#6226=SURFACE_STYLE_USAGE(.BOTH.,#6229);
#6227=SURFACE_STYLE_USAGE(.BOTH.,#6230);
#6228=SURFACE_SIDE_STYLE('',(#6231));
#6229=SURFACE_SIDE_STYLE('',(#6232));
#6230=SURFACE_SIDE_STYLE('',(#6233));
#6231=SURFACE_STYLE_FILL_AREA(#6234);
#6232=SURFACE_STYLE_FILL_AREA(#6235);
#6233=SURFACE_STYLE_FILL_AREA(#6236);
#6234=FILL_AREA_STYLE('Steel - Satin',(#6237));
#6235=FILL_AREA_STYLE('Polycarbonate (Bronze) (2)',(#6238));
#6236=FILL_AREA_STYLE('Aluminum - Satin',(#6239));
#6237=FILL_AREA_STYLE_COLOUR('Steel - Satin',#6240);
#6238=FILL_AREA_STYLE_COLOUR('Polycarbonate (Bronze) (2)',#6241);
#6239=FILL_AREA_STYLE_COLOUR('Aluminum - Satin',#6242);
#6240=COLOUR_RGB('Steel - Satin',0.627450980392157,0.627450980392157,0.627450980392157);
#6241=COLOUR_RGB('Polycarbonate (Bronze) (2)',0.87843137254902,0.87843137254902,
0.87843137254902);
#6242=COLOUR_RGB('Aluminum - Satin',0.96078431372549,0.96078431372549,0.964705882352941);
ENDSEC;
END-ISO-10303-21;
