ISO-10303-21;
HEADER;
/* Generated by software containing ST-Developer
 * from STEP Tools, Inc. (www.steptools.com) 
 */

FILE_DESCRIPTION(
/* description */ ('',
'CAx-IF Rec.Pracs.---Representation and Presentation of Product Manufa
cturing Information (PMI)---4.0---2014-10-13'),
/* implementation_level */ '2;1');

FILE_NAME(
/* name */ 'Sicherungshalter  ESKA 503400.step',
/* time_stamp */ '2025-04-03T20:17:12+02:00',
/* author */ (''),
/* organization */ (''),
/* preprocessor_version */ 'ST-DEVELOPER v20',
/* originating_system */ 'Autodesk Translation Framework v13.20.0.188',

/* authorisation */ '');

FILE_SCHEMA (('AP242_MANAGED_MODEL_BASED_3D_ENGINEERING_MIM_LF { 1 0 10303 442 1 1 4 }'));
ENDSEC;

DATA;
#10=MECHANICAL_DESIGN_GEOMETRIC_PRESENTATION_REPRESENTATION('',(#341,#342,
#343,#344),#13505);
#11=CONTEXT_DEPENDENT_OVER_RIDING_STYLED_ITEM('',(#13546),#13523,#344,(#19));
#12=CONTEXT_DEPENDENT_OVER_RIDING_STYLED_ITEM('',(#13546),#13524,#344,(#20));
#13=MAPPED_ITEM('',#14,#7247);
#14=REPRESENTATION_MAP(#7247,#13521);
#15=ITEM_DEFINED_TRANSFORMATION($,$,#6617,#7244);
#16=ITEM_DEFINED_TRANSFORMATION($,$,#6672,#7245);
#17=ITEM_DEFINED_TRANSFORMATION($,$,#6958,#7246);
#18=(
REPRESENTATION_RELATIONSHIP($,$,#13522,#13521)
REPRESENTATION_RELATIONSHIP_WITH_TRANSFORMATION(#15)
SHAPE_REPRESENTATION_RELATIONSHIP()
);
#19=(
REPRESENTATION_RELATIONSHIP($,$,#13523,#13521)
REPRESENTATION_RELATIONSHIP_WITH_TRANSFORMATION(#16)
SHAPE_REPRESENTATION_RELATIONSHIP()
);
#20=(
REPRESENTATION_RELATIONSHIP($,$,#13524,#13521)
REPRESENTATION_RELATIONSHIP_WITH_TRANSFORMATION(#17)
SHAPE_REPRESENTATION_RELATIONSHIP()
);
#21=CONTEXT_DEPENDENT_SHAPE_REPRESENTATION(#18,#13518);
#22=CONTEXT_DEPENDENT_SHAPE_REPRESENTATION(#19,#13519);
#23=CONTEXT_DEPENDENT_SHAPE_REPRESENTATION(#20,#13520);
#24=NEXT_ASSEMBLY_USAGE_OCCURRENCE('Sockel:1','Sockel:1','Sockel:1',#13526,
#13527,'Sockel:1');
#25=NEXT_ASSEMBLY_USAGE_OCCURRENCE('Kontaktblech1:1','Kontaktblech1:1',
'Kontaktblech1:1',#13526,#13528,'Kontaktblech1:1');
#26=NEXT_ASSEMBLY_USAGE_OCCURRENCE('Kontaktblech2:1','Kontaktblech2:1',
'Kontaktblech2:1',#13526,#13529,'Kontaktblech2:1');
#27=(
BOUNDED_SURFACE()
B_SPLINE_SURFACE(5,1,((#11214,#11215),(#11216,#11217),(#11218,#11219),(#11220,
#11221),(#11222,#11223),(#11224,#11225),(#11226,#11227),(#11228,#11229),
(#11230,#11231),(#11232,#11233),(#11234,#11235),(#11236,#11237),(#11238,
#11239),(#11240,#11241),(#11242,#11243),(#11244,#11245),(#11246,#11247),
(#11248,#11249),(#11250,#11251),(#11252,#11253),(#11254,#11255),(#11256,
#11257),(#11258,#11259),(#11260,#11261),(#11262,#11263)),.UNSPECIFIED.,
 .F.,.F.,.F.)
B_SPLINE_SURFACE_WITH_KNOTS((6,5,1,1,1,1,1,1,1,1,1,5,6),(2,2),(-1.23509100459118,
-1.,-0.9,-0.8,-0.7,-0.6,-0.5,-0.4,-0.3,-0.2,-0.1,0.,0.0550733867693507),
(0.,0.281),.UNSPECIFIED.)
GEOMETRIC_REPRESENTATION_ITEM()
RATIONAL_B_SPLINE_SURFACE(((1.,1.),(1.,1.),(1.,1.),(1.,1.),(1.,1.),(1.,
1.),(1.,1.),(1.,1.),(1.,1.),(1.,1.),(1.,1.),(1.,1.),(1.,1.),(1.,1.),(1.,
1.),(1.,1.),(1.,1.),(1.,1.),(1.,1.),(1.,1.),(1.,1.),(1.,1.),(1.,1.),(1.,
1.),(1.,1.)))
REPRESENTATION_ITEM('')
SURFACE()
);
#28=(
BOUNDED_SURFACE()
B_SPLINE_SURFACE(5,1,((#11348,#11349),(#11350,#11351),(#11352,#11353),(#11354,
#11355),(#11356,#11357),(#11358,#11359),(#11360,#11361),(#11362,#11363),
(#11364,#11365),(#11366,#11367),(#11368,#11369),(#11370,#11371),(#11372,
#11373),(#11374,#11375),(#11376,#11377),(#11378,#11379),(#11380,#11381),
(#11382,#11383),(#11384,#11385),(#11386,#11387),(#11388,#11389),(#11390,
#11391),(#11392,#11393),(#11394,#11395),(#11396,#11397)),.UNSPECIFIED.,
 .F.,.F.,.F.)
B_SPLINE_SURFACE_WITH_KNOTS((6,5,1,1,1,1,1,1,1,1,1,5,6),(2,2),(-1.23509100459118,
-1.,-0.9,-0.8,-0.7,-0.6,-0.5,-0.4,-0.3,-0.2,-0.1,0.,0.0550733867693507),
(0.,0.281),.UNSPECIFIED.)
GEOMETRIC_REPRESENTATION_ITEM()
RATIONAL_B_SPLINE_SURFACE(((1.,1.),(1.,1.),(1.,1.),(1.,1.),(1.,1.),(1.,
1.),(1.,1.),(1.,1.),(1.,1.),(1.,1.),(1.,1.),(1.,1.),(1.,1.),(1.,1.),(1.,
1.),(1.,1.),(1.,1.),(1.,1.),(1.,1.),(1.,1.),(1.,1.),(1.,1.),(1.,1.),(1.,
1.),(1.,1.)))
REPRESENTATION_ITEM('')
SURFACE()
);
#29=(
BOUNDED_SURFACE()
B_SPLINE_SURFACE(5,1,((#13292,#13293),(#13294,#13295),(#13296,#13297),(#13298,
#13299),(#13300,#13301),(#13302,#13303),(#13304,#13305),(#13306,#13307),
(#13308,#13309),(#13310,#13311),(#13312,#13313),(#13314,#13315),(#13316,
#13317),(#13318,#13319),(#13320,#13321),(#13322,#13323),(#13324,#13325),
(#13326,#13327),(#13328,#13329),(#13330,#13331),(#13332,#13333),(#13334,
#13335),(#13336,#13337),(#13338,#13339),(#13340,#13341)),.UNSPECIFIED.,
 .F.,.F.,.F.)
B_SPLINE_SURFACE_WITH_KNOTS((6,5,1,1,1,1,1,1,1,1,1,5,6),(2,2),(-1.23509100459118,
-1.,-0.9,-0.8,-0.7,-0.6,-0.5,-0.4,-0.3,-0.2,-0.1,0.,0.0550733867693507),
(0.,0.281),.UNSPECIFIED.)
GEOMETRIC_REPRESENTATION_ITEM()
RATIONAL_B_SPLINE_SURFACE(((1.,1.),(1.,1.),(1.,1.),(1.,1.),(1.,1.),(1.,
1.),(1.,1.),(1.,1.),(1.,1.),(1.,1.),(1.,1.),(1.,1.),(1.,1.),(1.,1.),(1.,
1.),(1.,1.),(1.,1.),(1.,1.),(1.,1.),(1.,1.),(1.,1.),(1.,1.),(1.,1.),(1.,
1.),(1.,1.)))
REPRESENTATION_ITEM('')
SURFACE()
);
#30=(
BOUNDED_SURFACE()
B_SPLINE_SURFACE(5,1,((#13426,#13427),(#13428,#13429),(#13430,#13431),(#13432,
#13433),(#13434,#13435),(#13436,#13437),(#13438,#13439),(#13440,#13441),
(#13442,#13443),(#13444,#13445),(#13446,#13447),(#13448,#13449),(#13450,
#13451),(#13452,#13453),(#13454,#13455),(#13456,#13457),(#13458,#13459),
(#13460,#13461),(#13462,#13463),(#13464,#13465),(#13466,#13467),(#13468,
#13469),(#13470,#13471),(#13472,#13473),(#13474,#13475)),.UNSPECIFIED.,
 .F.,.F.,.F.)
B_SPLINE_SURFACE_WITH_KNOTS((6,5,1,1,1,1,1,1,1,1,1,5,6),(2,2),(-1.23509100459118,
-1.,-0.9,-0.8,-0.7,-0.6,-0.5,-0.4,-0.3,-0.2,-0.1,0.,0.0550733867693507),
(0.,0.281),.UNSPECIFIED.)
GEOMETRIC_REPRESENTATION_ITEM()
RATIONAL_B_SPLINE_SURFACE(((1.,1.),(1.,1.),(1.,1.),(1.,1.),(1.,1.),(1.,
1.),(1.,1.),(1.,1.),(1.,1.),(1.,1.),(1.,1.),(1.,1.),(1.,1.),(1.,1.),(1.,
1.),(1.,1.),(1.,1.),(1.,1.),(1.,1.),(1.,1.),(1.,1.),(1.,1.),(1.,1.),(1.,
1.),(1.,1.)))
REPRESENTATION_ITEM('')
SURFACE()
);
#31=B_SPLINE_SURFACE_WITH_KNOTS('',3,3,((#9744,#9745,#9746,#9747,#9748,
#9749,#9750,#9751),(#9752,#9753,#9754,#9755,#9756,#9757,#9758,#9759),(#9760,
#9761,#9762,#9763,#9764,#9765,#9766,#9767),(#9768,#9769,#9770,#9771,#9772,
#9773,#9774,#9775),(#9776,#9777,#9778,#9779,#9780,#9781,#9782,#9783)),
 .UNSPECIFIED.,.F.,.F.,.F.,(4,1,4),(4,2,2,4),(0.,0.571428571428571,1.),
(-0.152564974666186,-0.0469954040983407,-0.0144269313497344,7.90565867575844E-13),
 .UNSPECIFIED.);
#32=B_SPLINE_SURFACE_WITH_KNOTS('',3,1,((#9955,#9956),(#9957,#9958),(#9959,
#9960),(#9961,#9962),(#9963,#9964),(#9965,#9966),(#9967,#9968)),
 .UNSPECIFIED.,.F.,.F.,.F.,(4,3,4),(2,2),(-0.0270763972543912,0.,0.417185749268166),
(0.,0.66),.UNSPECIFIED.);
#33=B_SPLINE_SURFACE_WITH_KNOTS('',3,3,((#10048,#10049,#10050,#10051,#10052,
#10053),(#10054,#10055,#10056,#10057,#10058,#10059),(#10060,#10061,#10062,
#10063,#10064,#10065),(#10066,#10067,#10068,#10069,#10070,#10071),(#10072,
#10073,#10074,#10075,#10076,#10077)),.UNSPECIFIED.,.F.,.F.,.F.,(4,1,4),
(4,2,4),(0.,0.571428571428571,1.),(1.71337608956384E-14,0.00826826823301669,
0.142589447984135),.UNSPECIFIED.);
#34=B_SPLINE_SURFACE_WITH_KNOTS('',3,3,((#10152,#10153,#10154,#10155,#10156,
#10157,#10158,#10159),(#10160,#10161,#10162,#10163,#10164,#10165,#10166,
#10167),(#10168,#10169,#10170,#10171,#10172,#10173,#10174,#10175),(#10176,
#10177,#10178,#10179,#10180,#10181,#10182,#10183),(#10184,#10185,#10186,
#10187,#10188,#10189,#10190,#10191)),.UNSPECIFIED.,.F.,.F.,.F.,(4,1,4),
(4,2,2,4),(0.,0.571428571428571,1.),(7.84222033692269E-13,0.105569570568226,
0.138138043316833,0.152564974667358),.UNSPECIFIED.);
#35=B_SPLINE_SURFACE_WITH_KNOTS('',3,1,((#10212,#10213),(#10214,#10215),
(#10216,#10217),(#10218,#10219),(#10220,#10221),(#10222,#10223),(#10224,
#10225),(#10226,#10227),(#10228,#10229),(#10230,#10231)),.UNSPECIFIED.,
 .F.,.F.,.F.,(4,3,3,4),(2,2),(0.588375968097903,0.904624923845314,1.,1.04352139676994),
(0.,0.66),.UNSPECIFIED.);
#36=B_SPLINE_SURFACE_WITH_KNOTS('',3,3,((#10372,#10373,#10374,#10375,#10376,
#10377),(#10378,#10379,#10380,#10381,#10382,#10383),(#10384,#10385,#10386,
#10387,#10388,#10389),(#10390,#10391,#10392,#10393,#10394,#10395),(#10396,
#10397,#10398,#10399,#10400,#10401)),.UNSPECIFIED.,.F.,.F.,.F.,(4,1,4),
(4,2,4),(0.,0.571428571428571,1.),(-0.142589447983978,-0.134321179750978,
1.36485535358747E-13),.UNSPECIFIED.);
#37=B_SPLINE_SURFACE_WITH_KNOTS('',3,1,((#10428,#10429),(#10430,#10431),
(#10432,#10433),(#10434,#10435),(#10436,#10437),(#10438,#10439),(#10440,
#10441),(#10442,#10443),(#10444,#10445),(#10446,#10447)),.UNSPECIFIED.,
 .F.,.F.,.F.,(4,3,3,4),(2,2),(0.588375968097903,0.904624923845314,1.,1.04352139676994),
(0.,0.66),.UNSPECIFIED.);
#38=B_SPLINE_SURFACE_WITH_KNOTS('',3,1,((#10482,#10483),(#10484,#10485),
(#10486,#10487),(#10488,#10489),(#10490,#10491),(#10492,#10493),(#10494,
#10495)),.UNSPECIFIED.,.F.,.F.,.F.,(4,3,4),(2,2),(-0.0270763972543912,0.,
0.417185749268166),(0.,0.66),.UNSPECIFIED.);
#39=B_SPLINE_SURFACE_WITH_KNOTS('',3,3,((#10918,#10919,#10920,#10921,#10922,
#10923,#10924,#10925,#10926,#10927),(#10928,#10929,#10930,#10931,#10932,
#10933,#10934,#10935,#10936,#10937),(#10938,#10939,#10940,#10941,#10942,
#10943,#10944,#10945,#10946,#10947),(#10948,#10949,#10950,#10951,#10952,
#10953,#10954,#10955,#10956,#10957),(#10958,#10959,#10960,#10961,#10962,
#10963,#10964,#10965,#10966,#10967)),.UNSPECIFIED.,.F.,.F.,.F.,(4,1,4),
(4,2,1,1,2,4),(0.,0.5,1.),(-0.00441750470942555,0.,0.160036561432199,0.192043873718639,
0.320073122864398,0.322604758508172),.UNSPECIFIED.);
#40=B_SPLINE_SURFACE_WITH_KNOTS('',3,3,((#11137,#11138,#11139,#11140,#11141,
#11142,#11143,#11144,#11145,#11146),(#11147,#11148,#11149,#11150,#11151,
#11152,#11153,#11154,#11155,#11156),(#11157,#11158,#11159,#11160,#11161,
#11162,#11163,#11164,#11165,#11166),(#11167,#11168,#11169,#11170,#11171,
#11172,#11173,#11174,#11175,#11176),(#11177,#11178,#11179,#11180,#11181,
#11182,#11183,#11184,#11185,#11186)),.UNSPECIFIED.,.F.,.F.,.F.,(4,1,4),
(4,2,1,1,2,4),(0.,0.571428571428571,1.),(-0.00441750470942538,0.,0.137174195513313,
0.182898927351085,0.320073122864398,0.322604758508158),.UNSPECIFIED.);
#41=B_SPLINE_SURFACE_WITH_KNOTS('',3,3,((#11822,#11823,#11824,#11825,#11826,
#11827,#11828,#11829),(#11830,#11831,#11832,#11833,#11834,#11835,#11836,
#11837),(#11838,#11839,#11840,#11841,#11842,#11843,#11844,#11845),(#11846,
#11847,#11848,#11849,#11850,#11851,#11852,#11853),(#11854,#11855,#11856,
#11857,#11858,#11859,#11860,#11861)),.UNSPECIFIED.,.F.,.F.,.F.,(4,1,4),
(4,2,2,4),(0.,0.571428571428571,1.),(-0.152564974666186,-0.0469954040983407,
-0.0144269313497344,7.90565867575844E-13),.UNSPECIFIED.);
#42=B_SPLINE_SURFACE_WITH_KNOTS('',3,1,((#12033,#12034),(#12035,#12036),
(#12037,#12038),(#12039,#12040),(#12041,#12042),(#12043,#12044),(#12045,
#12046)),.UNSPECIFIED.,.F.,.F.,.F.,(4,3,4),(2,2),(-0.0270763972543912,0.,
0.417185749268166),(0.,0.66),.UNSPECIFIED.);
#43=B_SPLINE_SURFACE_WITH_KNOTS('',3,3,((#12126,#12127,#12128,#12129,#12130,
#12131),(#12132,#12133,#12134,#12135,#12136,#12137),(#12138,#12139,#12140,
#12141,#12142,#12143),(#12144,#12145,#12146,#12147,#12148,#12149),(#12150,
#12151,#12152,#12153,#12154,#12155)),.UNSPECIFIED.,.F.,.F.,.F.,(4,1,4),
(4,2,4),(0.,0.571428571428571,1.),(1.71337608956384E-14,0.00826826823301669,
0.142589447984135),.UNSPECIFIED.);
#44=B_SPLINE_SURFACE_WITH_KNOTS('',3,3,((#12230,#12231,#12232,#12233,#12234,
#12235,#12236,#12237),(#12238,#12239,#12240,#12241,#12242,#12243,#12244,
#12245),(#12246,#12247,#12248,#12249,#12250,#12251,#12252,#12253),(#12254,
#12255,#12256,#12257,#12258,#12259,#12260,#12261),(#12262,#12263,#12264,
#12265,#12266,#12267,#12268,#12269)),.UNSPECIFIED.,.F.,.F.,.F.,(4,1,4),
(4,2,2,4),(0.,0.571428571428571,1.),(7.84222033692269E-13,0.105569570568226,
0.138138043316833,0.152564974667358),.UNSPECIFIED.);
#45=B_SPLINE_SURFACE_WITH_KNOTS('',3,1,((#12290,#12291),(#12292,#12293),
(#12294,#12295),(#12296,#12297),(#12298,#12299),(#12300,#12301),(#12302,
#12303),(#12304,#12305),(#12306,#12307),(#12308,#12309)),.UNSPECIFIED.,
 .F.,.F.,.F.,(4,3,3,4),(2,2),(0.588375968097903,0.904624923845314,1.,1.04352139676994),
(0.,0.66),.UNSPECIFIED.);
#46=B_SPLINE_SURFACE_WITH_KNOTS('',3,3,((#12450,#12451,#12452,#12453,#12454,
#12455),(#12456,#12457,#12458,#12459,#12460,#12461),(#12462,#12463,#12464,
#12465,#12466,#12467),(#12468,#12469,#12470,#12471,#12472,#12473),(#12474,
#12475,#12476,#12477,#12478,#12479)),.UNSPECIFIED.,.F.,.F.,.F.,(4,1,4),
(4,2,4),(0.,0.571428571428571,1.),(-0.142589447983978,-0.134321179750978,
1.36485535358747E-13),.UNSPECIFIED.);
#47=B_SPLINE_SURFACE_WITH_KNOTS('',3,1,((#12506,#12507),(#12508,#12509),
(#12510,#12511),(#12512,#12513),(#12514,#12515),(#12516,#12517),(#12518,
#12519),(#12520,#12521),(#12522,#12523),(#12524,#12525)),.UNSPECIFIED.,
 .F.,.F.,.F.,(4,3,3,4),(2,2),(0.588375968097903,0.904624923845314,1.,1.04352139676994),
(0.,0.66),.UNSPECIFIED.);
#48=B_SPLINE_SURFACE_WITH_KNOTS('',3,1,((#12560,#12561),(#12562,#12563),
(#12564,#12565),(#12566,#12567),(#12568,#12569),(#12570,#12571),(#12572,
#12573)),.UNSPECIFIED.,.F.,.F.,.F.,(4,3,4),(2,2),(-0.0270763972543912,0.,
0.417185749268166),(0.,0.66),.UNSPECIFIED.);
#49=B_SPLINE_SURFACE_WITH_KNOTS('',3,3,((#12996,#12997,#12998,#12999,#13000,
#13001,#13002,#13003,#13004,#13005),(#13006,#13007,#13008,#13009,#13010,
#13011,#13012,#13013,#13014,#13015),(#13016,#13017,#13018,#13019,#13020,
#13021,#13022,#13023,#13024,#13025),(#13026,#13027,#13028,#13029,#13030,
#13031,#13032,#13033,#13034,#13035),(#13036,#13037,#13038,#13039,#13040,
#13041,#13042,#13043,#13044,#13045)),.UNSPECIFIED.,.F.,.F.,.F.,(4,1,4),
(4,2,1,1,2,4),(0.,0.5,1.),(-0.00441750470942555,0.,0.160036561432199,0.192043873718639,
0.320073122864398,0.322604758508172),.UNSPECIFIED.);
#50=B_SPLINE_SURFACE_WITH_KNOTS('',3,3,((#13215,#13216,#13217,#13218,#13219,
#13220,#13221,#13222,#13223,#13224),(#13225,#13226,#13227,#13228,#13229,
#13230,#13231,#13232,#13233,#13234),(#13235,#13236,#13237,#13238,#13239,
#13240,#13241,#13242,#13243,#13244),(#13245,#13246,#13247,#13248,#13249,
#13250,#13251,#13252,#13253,#13254),(#13255,#13256,#13257,#13258,#13259,
#13260,#13261,#13262,#13263,#13264)),.UNSPECIFIED.,.F.,.F.,.F.,(4,1,4),
(4,2,1,1,2,4),(0.,0.571428571428571,1.),(-0.00441750470942538,0.,0.137174195513313,
0.182898927351085,0.320073122864398,0.322604758508158),.UNSPECIFIED.);
#51=B_SPLINE_CURVE_WITH_KNOTS('',3,(#9466,#9467,#9468,#9469,#9470,#9471),
 .UNSPECIFIED.,.F.,.F.,(4,2,4),(0.0666610896175569,0.0722172821541161,0.0764867325051681),
 .UNSPECIFIED.);
#52=B_SPLINE_CURVE_WITH_KNOTS('',3,(#9492,#9493,#9494,#9495,#9496,#9497,
#9498,#9499,#9500,#9501),.UNSPECIFIED.,.F.,.F.,(4,2,2,2,4),(0.0540000075889031,
0.0571593432477883,0.0603186789066735,0.0638102356780419,0.0673017924494102),
 .UNSPECIFIED.);
#53=B_SPLINE_CURVE_WITH_KNOTS('',3,(#9506,#9507,#9508,#9509),
 .UNSPECIFIED.,.F.,.F.,(4,4),(-0.00429569527582998,-0.00388637519409517),
 .UNSPECIFIED.);
#54=B_SPLINE_CURVE_WITH_KNOTS('',3,(#9514,#9515,#9516,#9517,#9518,#9519),
 .UNSPECIFIED.,.F.,.F.,(4,2,4),(0.,0.0113992107347824,0.0130486638219367),
 .UNSPECIFIED.);
#55=B_SPLINE_CURVE_WITH_KNOTS('',3,(#9521,#9522,#9523,#9524,#9525,#9526,
#9527,#9528),.UNSPECIFIED.,.F.,.F.,(4,2,2,4),(0.,0.00276113335160689,0.00560851252783112,
0.00566193126962649),.UNSPECIFIED.);
#56=B_SPLINE_CURVE_WITH_KNOTS('',3,(#9531,#9532,#9533,#9534,#9535,#9536),
 .UNSPECIFIED.,.F.,.F.,(4,2,4),(-5.33629610745794E-5,0.,0.000778724969605248),
 .UNSPECIFIED.);
#57=B_SPLINE_CURVE_WITH_KNOTS('',3,(#9541,#9542,#9543,#9544,#9545,#9546,
#9547,#9548),.UNSPECIFIED.,.F.,.F.,(4,2,2,4),(-0.0248495534330716,-0.0205620605729153,
-0.0163879067503347,-0.0127742120123628),.UNSPECIFIED.);
#58=B_SPLINE_CURVE_WITH_KNOTS('',3,(#9553,#9554,#9555,#9556),
 .UNSPECIFIED.,.F.,.F.,(4,4),(0.151326871638305,0.15174788889479),
 .UNSPECIFIED.);
#59=B_SPLINE_CURVE_WITH_KNOTS('',3,(#9566,#9567,#9568,#9569,#9570,#9571),
 .UNSPECIFIED.,.F.,.F.,(4,2,4),(0.0123921319999038,0.0166615823509558,0.022217774887515),
 .UNSPECIFIED.);
#60=B_SPLINE_CURVE_WITH_KNOTS('',3,(#9575,#9576,#9577,#9578,#9579,#9580,
#9581,#9582,#9583,#9584),.UNSPECIFIED.,.F.,.F.,(4,2,2,2,4),(0.000778941071060869,
0.00333237421877814,0.00666474843755629,0.0133294968751126,0.0159666194168848),
 .UNSPECIFIED.);
#61=B_SPLINE_CURVE_WITH_KNOTS('',3,(#9600,#9601,#9602,#9603,#9604,#9605,
#9606,#9607,#9608,#9609),.UNSPECIFIED.,.F.,.F.,(4,2,2,2,4),(0.0465060484375154,
0.049143170979288,0.0558079194168442,0.0591402936356224,0.0616937267833398),
 .UNSPECIFIED.);
#62=B_SPLINE_CURVE_WITH_KNOTS('',3,(#9618,#9619,#9620,#9621,#9622,#9623),
 .UNSPECIFIED.,.F.,.F.,(4,2,4),(0.,0.0132413732006532,0.0159349538163095),
 .UNSPECIFIED.);
#63=B_SPLINE_CURVE_WITH_KNOTS('',3,(#9625,#9626,#9627,#9628,#9629,#9630,
#9631,#9632),.UNSPECIFIED.,.F.,.F.,(4,2,2,4),(0.0985799806832594,0.101587684785999,
0.106055754606352,0.106311132638578),.UNSPECIFIED.);
#64=B_SPLINE_CURVE_WITH_KNOTS('',3,(#9649,#9650,#9651,#9652,#9653,#9654,
#9655,#9656,#9657,#9658,#9659,#9660,#9661,#9662,#9663,#9664,#9665,#9666,
#9667,#9668,#9669,#9670,#9671,#9672,#9673,#9674,#9675,#9676,#9677,#9678,
#9679),.UNSPECIFIED.,.F.,.F.,(4,3,3,3,3,3,3,3,3,3,4),(-0.0240292948985054,
-0.0208159314946112,-0.0183858745992246,-0.0151390784884486,-0.0138198369916742,
-0.0126226375446023,-0.00936549478527557,-0.00661143332188859,-0.00331131602364028,
0.,0.000113920243208741),.UNSPECIFIED.);
#65=B_SPLINE_CURVE_WITH_KNOTS('',3,(#9682,#9683,#9684,#9685),
 .UNSPECIFIED.,.F.,.F.,(4,4),(0.,0.000710940590592836),.UNSPECIFIED.);
#66=B_SPLINE_CURVE_WITH_KNOTS('',3,(#9697,#9698,#9699,#9700),
 .UNSPECIFIED.,.F.,.F.,(4,4),(0.,0.00250756344423915),.UNSPECIFIED.);
#67=B_SPLINE_CURVE_WITH_KNOTS('',3,(#9715,#9716,#9717,#9718),
 .UNSPECIFIED.,.F.,.F.,(4,4),(0.128254466233847,0.128963108143689),
 .UNSPECIFIED.);
#68=B_SPLINE_CURVE_WITH_KNOTS('',3,(#9722,#9723,#9724,#9725,#9726,#9727,
#9728,#9729,#9730,#9731,#9732,#9733,#9734,#9735),.UNSPECIFIED.,.F.,.F.,
(4,2,2,2,2,2,4),(-0.0241077732710516,-0.0239940202611117,-0.0206875651987398,
-0.0173922924222133,-0.0113899125553629,-0.0056351358445928,0.),
 .UNSPECIFIED.);
#69=B_SPLINE_CURVE_WITH_KNOTS('',3,(#9785,#9786,#9787,#9788,#9789,#9790,
#9791,#9792),.UNSPECIFIED.,.F.,.F.,(4,2,2,4),(0.00441712441470933,0.0144269313497344,
0.0469954040983407,0.15226455763889),.UNSPECIFIED.);
#70=B_SPLINE_CURVE_WITH_KNOTS('',3,(#9794,#9795,#9796,#9797,#9798,#9799,
#9800,#9801,#9802,#9803,#9804,#9805),.UNSPECIFIED.,.F.,.F.,(4,2,2,2,2,4),
(-0.0235294990879111,-0.0176708929950123,-0.0118116635203556,-0.00595119802086868,
0.,0.000109387560455214),.UNSPECIFIED.);
#71=B_SPLINE_CURVE_WITH_KNOTS('',3,(#9806,#9807,#9808,#9809,#9810,#9811,
#9812,#9813),.UNSPECIFIED.,.F.,.F.,(4,2,2,4),(-0.152564974666186,-0.0469954040983407,
-0.0144269313497344,7.90565867575844E-13),.UNSPECIFIED.);
#72=B_SPLINE_CURVE_WITH_KNOTS('',3,(#9822,#9823,#9824,#9825,#9826,#9827),
 .UNSPECIFIED.,.F.,.F.,(4,2,4),(-0.00441750470942538,0.,0.022821609360581),
 .UNSPECIFIED.);
#73=B_SPLINE_CURVE_WITH_KNOTS('',3,(#9829,#9830,#9831,#9832,#9833,#9834,
#9835,#9836),.UNSPECIFIED.,.F.,.F.,(4,2,1,1,4),(-0.322604758508158,-0.320073122864398,
-0.182898927351085,-0.137174195513313,-0.0228216093605812),
 .UNSPECIFIED.);
#74=B_SPLINE_CURVE_WITH_KNOTS('',3,(#9844,#9845,#9846,#9847,#9848,#9849),
 .UNSPECIFIED.,.F.,.F.,(4,2,4),(0.000302877832899911,0.134321179750978,
0.14005797813548),.UNSPECIFIED.);
#75=B_SPLINE_CURVE_WITH_KNOTS('',3,(#9863,#9864,#9865,#9866,#9867,#9868,
#9869,#9870),.UNSPECIFIED.,.F.,.F.,(4,2,2,4),(-0.0127908775518215,-0.0107436244761885,
-0.00509151162242218,0.),.UNSPECIFIED.);
#76=B_SPLINE_CURVE_WITH_KNOTS('',3,(#9894,#9895,#9896,#9897),
 .UNSPECIFIED.,.F.,.F.,(4,4),(0.115623013637747,0.118130577082016),
 .UNSPECIFIED.);
#77=B_SPLINE_CURVE_WITH_KNOTS('',3,(#9917,#9918,#9919,#9920,#9921,#9922,
#9923,#9924,#9925,#9926,#9927,#9928),.UNSPECIFIED.,.F.,.F.,(4,2,2,2,2,4),
(-0.021777132838925,-0.0196727807780321,-0.0131879336386463,-0.00672770544843501,
0.,0.000240873859121235),.UNSPECIFIED.);
#78=B_SPLINE_CURVE_WITH_KNOTS('',3,(#9933,#9934,#9935,#9936,#9937,#9938,
#9939,#9940,#9941,#9942,#9943,#9944,#9945,#9946,#9947,#9948),
 .UNSPECIFIED.,.F.,.F.,(4,3,3,3,3,4),(0.,0.000273878208892242,0.000793760388526854,
0.00184471590581781,0.00457588664223554,0.00775676289466817),
 .UNSPECIFIED.);
#79=B_SPLINE_CURVE_WITH_KNOTS('',3,(#9972,#9973,#9974,#9975,#9976,#9977),
 .UNSPECIFIED.,.F.,.F.,(4,2,4),(-0.142589447984135,-0.00826826823301669,
-1.71337608956384E-14),.UNSPECIFIED.);
#80=B_SPLINE_CURVE_WITH_KNOTS('',3,(#9981,#9982,#9983,#9984,#9985,#9986,
#9987),.UNSPECIFIED.,.F.,.F.,(4,3,4),(-0.00843122120958654,0.,0.417185749267886),
 .UNSPECIFIED.);
#81=B_SPLINE_CURVE_WITH_KNOTS('',3,(#9990,#9991,#9992,#9993,#9994,#9995,
#9996,#9997,#9998,#9999),.UNSPECIFIED.,.F.,.F.,(4,2,2,2,4),(-0.0199210827697807,
-0.0195602728426807,-0.0160813379526225,-0.0144426382054551,-0.0133798837966955),
 .UNSPECIFIED.);
#82=B_SPLINE_CURVE_WITH_KNOTS('',3,(#10017,#10018,#10019,#10020,#10021,
#10022,#10023,#10024,#10025,#10026,#10027,#10028,#10029,#10030,#10031,#10032,
#10033,#10034,#10035,#10036,#10037,#10038,#10039,#10040,#10041,#10042,#10043,
#10044,#10045,#10046,#10047),.UNSPECIFIED.,.F.,.F.,(4,3,3,3,3,3,3,3,3,3,
4),(-0.0237972376486497,-0.0236863942750746,-0.0204223491162605,-0.0175189539919554,
-0.0142690733359739,-0.0116085318039714,-0.0101523750179722,-0.00691901877608897,
-0.00578304908083104,-0.00256283974958009,0.),.UNSPECIFIED.);
#83=B_SPLINE_CURVE_WITH_KNOTS('',3,(#10079,#10080,#10081,#10082,#10083,
#10084),.UNSPECIFIED.,.F.,.F.,(4,2,4),(0.00253147797981226,0.00826826823301669,
0.142286570128258),.UNSPECIFIED.);
#84=B_SPLINE_CURVE_WITH_KNOTS('',3,(#10085,#10086,#10087,#10088,#10089,
#10090,#10091,#10092,#10093,#10094,#10095,#10096,#10097,#10098,#10099,#10100,
#10101,#10102,#10103,#10104,#10105,#10106,#10107,#10108,#10109,#10110,#10111,
#10112,#10113,#10114,#10115),.UNSPECIFIED.,.F.,.F.,(4,3,3,3,3,3,3,3,3,3,
4),(-0.000109387961693169,0.,0.00322065799986014,0.00595125242522431,0.00919264613748675,
0.011811731365794,0.0133977065829591,0.0166209950060121,0.0176709535478118,
0.0208958444586254,0.0235295419322895),.UNSPECIFIED.);
#85=B_SPLINE_CURVE_WITH_KNOTS('',3,(#10121,#10122,#10123,#10124,#10125,
#10126,#10127,#10128,#10129,#10130,#10131,#10132,#10133,#10134,#10135,#10136,
#10137,#10138,#10139,#10140,#10141,#10142,#10143,#10144,#10145,#10146,#10147,
#10148,#10149,#10150,#10151),.UNSPECIFIED.,.F.,.F.,(4,3,3,3,3,3,3,3,3,3,
4),(-0.0236386815551058,-0.023529294943598,-0.0203086439681863,-0.0175781485545628,
-0.0143368252298948,-0.0117177339015612,-0.0101317409002973,-0.0069085099128192,
-0.00585855526266629,-0.00263364412770831,0.),.UNSPECIFIED.);
#86=B_SPLINE_CURVE_WITH_KNOTS('',3,(#10192,#10193,#10194,#10195,#10196,
#10197,#10198,#10199),.UNSPECIFIED.,.F.,.F.,(4,2,2,4),(-0.152564974667358,
-0.138138043316833,-0.105569570568226,-7.84222033692269E-13),
 .UNSPECIFIED.);
#87=B_SPLINE_CURVE_WITH_KNOTS('',3,(#10200,#10201,#10202,#10203,#10204,
#10205,#10206,#10207),.UNSPECIFIED.,.F.,.F.,(4,2,2,4),(0.000300415954036889,
0.105569570568226,0.138138043316833,0.14814786532912),.UNSPECIFIED.);
#88=B_SPLINE_CURVE_WITH_KNOTS('',3,(#10233,#10234,#10235,#10236,#10237,
#10238,#10239,#10240,#10241,#10242,#10243,#10244,#10245),.UNSPECIFIED.,
 .F.,.F.,(4,3,3,3,4),(-0.137220277590503,-0.134904740915144,-0.129757471909671,
-0.126035206390992,-0.123466235231594),.UNSPECIFIED.);
#89=B_SPLINE_CURVE_WITH_KNOTS('',3,(#10247,#10248,#10249,#10250,#10251,
#10252,#10253,#10254,#10255,#10256),.UNSPECIFIED.,.F.,.F.,(4,3,3,4),(-0.0140100438928939,
-0.0124479012704942,-0.0103798488686678,-0.00582573147910377),
 .UNSPECIFIED.);
#90=B_SPLINE_CURVE_WITH_KNOTS('',3,(#10259,#10260,#10261,#10262,#10263,
#10264,#10265,#10266,#10267,#10268),.UNSPECIFIED.,.F.,.F.,(4,3,3,4),(0.588375968097903,
0.904624923845314,1.,1.02476139219455),.UNSPECIFIED.);
#91=B_SPLINE_CURVE_WITH_KNOTS('',3,(#10272,#10273,#10274,#10275,#10276,
#10277,#10278,#10279,#10280,#10281,#10282,#10283,#10284,#10285,#10286,#10287),
 .UNSPECIFIED.,.F.,.F.,(4,3,3,3,3,4),(-0.00797782403829368,-0.00493391542341126,
-0.00270998775713242,-0.00105370745022721,-0.000429561320699405,0.),
 .UNSPECIFIED.);
#92=B_SPLINE_CURVE_WITH_KNOTS('',3,(#10291,#10292,#10293,#10294,#10295,
#10296,#10297,#10298,#10299,#10300,#10301,#10302),.UNSPECIFIED.,.F.,.F.,
(4,2,2,2,2,4),(-0.0285680287875413,-0.0283294124471391,-0.0216647604194893,
-0.0152650787993316,-0.00884100896294758,-0.00675637940684578),
 .UNSPECIFIED.);
#93=B_SPLINE_CURVE_WITH_KNOTS('',3,(#10311,#10312,#10313,#10314,#10315,
#10316,#10317,#10318,#10319,#10320),.UNSPECIFIED.,.F.,.F.,(4,2,2,2,4),(-0.000254848058156006,
0.,0.00853016030963246,0.0166058986086438,0.0220046763265982),
 .UNSPECIFIED.);
#94=B_SPLINE_CURVE_WITH_KNOTS('',3,(#10322,#10323,#10324,#10325,#10326,
#10327,#10328,#10329,#10330,#10331,#10332,#10333,#10334),.UNSPECIFIED.,
 .F.,.F.,(4,3,3,3,4),(-0.0221904190786423,-0.0208513812273684,-0.0170181062478209,
-0.0152033203700716,-0.0140100438928993),.UNSPECIFIED.);
#95=B_SPLINE_CURVE_WITH_KNOTS('',3,(#10337,#10338,#10339,#10340,#10341,
#10342,#10343,#10344,#10345,#10346),.UNSPECIFIED.,.F.,.F.,(4,3,3,4),(-0.013379883796695,
-0.0119420986435886,-0.0100417056417759,-0.00683520476412404),
 .UNSPECIFIED.);
#96=B_SPLINE_CURVE_WITH_KNOTS('',3,(#10359,#10360,#10361,#10362,#10363,
#10364,#10365,#10366,#10367,#10368,#10369,#10370),.UNSPECIFIED.,.F.,.F.,
(4,2,2,2,2,4),(-0.023638721302,-0.0235293343055005,-0.0175781343947574,
-0.0117177071675512,-0.0058585366878065,0.),.UNSPECIFIED.);
#97=B_SPLINE_CURVE_WITH_KNOTS('',3,(#10403,#10404,#10405,#10406,#10407,
#10408,#10409,#10410,#10411,#10412,#10413,#10414),.UNSPECIFIED.,.F.,.F.,
(4,2,2,2,2,4),(-0.00011090845481124,0.,0.00617106146382312,0.0120849539257087,
0.017913857050978,0.0237003016193133),.UNSPECIFIED.);
#98=B_SPLINE_CURVE_WITH_KNOTS('',3,(#10415,#10416,#10417,#10418,#10419,
#10420),.UNSPECIFIED.,.F.,.F.,(4,2,4),(-0.142589447983978,-0.134321179750978,
1.36485535358747E-13),.UNSPECIFIED.);
#99=B_SPLINE_CURVE_WITH_KNOTS('',3,(#10451,#10452,#10453,#10454,#10455,
#10456,#10457,#10458,#10459,#10460),.UNSPECIFIED.,.F.,.F.,(4,3,3,4),(0.588375968097903,
0.904624923845314,1.,1.02476139219455),.UNSPECIFIED.);
#100=B_SPLINE_CURVE_WITH_KNOTS('',3,(#10462,#10463,#10464,#10465,#10466,
#10467,#10468,#10469,#10470,#10471,#10472,#10473,#10474,#10475,#10476,#10477),
 .UNSPECIFIED.,.F.,.F.,(4,3,3,3,3,4),(-0.0378170069494919,-0.0375802422402869,
-0.0366264451498709,-0.0350651154359819,-0.0302581113666342,-0.0274985592881433),
 .UNSPECIFIED.);
#101=B_SPLINE_CURVE_WITH_KNOTS('',3,(#10498,#10499,#10500,#10501,#10502,
#10503,#10504),.UNSPECIFIED.,.F.,.F.,(4,3,4),(-0.00843122120958654,0.,0.417185749267886),
 .UNSPECIFIED.);
#102=B_SPLINE_CURVE_WITH_KNOTS('',3,(#10513,#10514,#10515,#10516),
 .UNSPECIFIED.,.F.,.F.,(4,4),(0.0300000000000001,0.0450000000000002),
 .UNSPECIFIED.);
#103=B_SPLINE_CURVE_WITH_KNOTS('',3,(#10608,#10609,#10610,#10611,#10612,
#10613,#10614,#10615,#10616,#10617),.UNSPECIFIED.,.F.,.F.,(4,2,2,2,4),(-0.0307308940328994,
-0.0304659746067627,-0.0220745191388446,-0.0141924004284107,-0.00874570726534112),
 .UNSPECIFIED.);
#104=B_SPLINE_CURVE_WITH_KNOTS('',3,(#10623,#10624,#10625,#10626,#10627,
#10628,#10629,#10630,#10631,#10632),.UNSPECIFIED.,.F.,.F.,(4,2,2,2,4),(0.,
0.00555334493672648,0.0111070979868147,0.0166613780885851,0.0222161526115577),
 .UNSPECIFIED.);
#105=B_SPLINE_CURVE_WITH_KNOTS('',3,(#10636,#10637,#10638,#10639,#10640,
#10641,#10642,#10643,#10644,#10645),.UNSPECIFIED.,.F.,.F.,(4,2,2,2,4),(0.0671309551713378,
0.0727870497828931,0.0783994027694494,0.0839655188338215,0.0894960584528412),
 .UNSPECIFIED.);
#106=B_SPLINE_CURVE_WITH_KNOTS('',3,(#10656,#10657,#10658,#10659),
 .UNSPECIFIED.,.F.,.F.,(4,4),(0.0222164598013783,0.0237682966393571),
 .UNSPECIFIED.);
#107=B_SPLINE_CURVE_WITH_KNOTS('',3,(#10662,#10663,#10664,#10665,#10666,
#10667,#10668,#10669,#10670,#10671,#10672,#10673,#10674,#10675,#10676,#10677),
 .UNSPECIFIED.,.F.,.F.,(4,3,3,3,3,4),(-0.100243213407074,-0.0972750491189521,
-0.0918278236635418,-0.0851733153204437,-0.0783772989879651,-0.0745850084061946),
 .UNSPECIFIED.);
#108=B_SPLINE_CURVE_WITH_KNOTS('',3,(#10678,#10679,#10680,#10681,#10682,
#10683,#10684,#10685,#10686,#10687,#10688,#10689,#10690),.UNSPECIFIED.,
 .F.,.F.,(4,2,2,2,3,4),(-0.0222126246209335,-0.0173382395178458,-0.0108798137662911,
-0.00500607303908756,0.,0.0017369782832443),.UNSPECIFIED.);
#109=B_SPLINE_CURVE_WITH_KNOTS('',3,(#10694,#10695,#10696,#10697,#10698,
#10699,#10700,#10701,#10702,#10703,#10704,#10705,#10706,#10707,#10708,#10709,
#10710,#10711,#10712),.UNSPECIFIED.,.F.,.F.,(4,3,3,3,3,3,4),(-0.00421208747500973,
0.,0.00280451291092358,0.00575857098511288,0.0125518441136093,0.0184909981131691,
0.0197573568150285),.UNSPECIFIED.);
#110=B_SPLINE_CURVE_WITH_KNOTS('',3,(#10716,#10717,#10718,#10719,#10720,
#10721,#10722,#10723,#10724,#10725,#10726,#10727,#10728),.UNSPECIFIED.,
 .F.,.F.,(4,2,2,2,3,4),(-0.0240714203427294,-0.0174588391112714,-0.0106743687072193,
-0.00499477816038379,0.,0.00156858388288653),.UNSPECIFIED.);
#111=B_SPLINE_CURVE_WITH_KNOTS('',3,(#10731,#10732,#10733,#10734),
 .UNSPECIFIED.,.F.,.F.,(4,4),(0.0650980550055917,0.066649888748386),
 .UNSPECIFIED.);
#112=B_SPLINE_CURVE_WITH_KNOTS('',3,(#10737,#10738,#10739,#10740),
 .UNSPECIFIED.,.F.,.F.,(4,4),(-0.00236887361387037,0.),.UNSPECIFIED.);
#113=B_SPLINE_CURVE_WITH_KNOTS('',3,(#10748,#10749,#10750,#10751,#10752,
#10753,#10754,#10755,#10756,#10757),.UNSPECIFIED.,.F.,.F.,(4,2,2,2,4),(0.0666488526268801,
0.0722036271498527,0.0777579072516232,0.0833116603017113,0.0888650052384378),
 .UNSPECIFIED.);
#114=B_SPLINE_CURVE_WITH_KNOTS('',3,(#10759,#10760,#10761,#10762,#10763,
#10764,#10765,#10766,#10767,#10768),.UNSPECIFIED.,.F.,.F.,(4,2,2,2,4),(0.,
0.00553053961901969,0.0110966556833918,0.0167090086699481,0.0223651032815033),
 .UNSPECIFIED.);
#115=B_SPLINE_CURVE_WITH_KNOTS('',3,(#10775,#10776,#10777,#10778,#10779,
#10780,#10781,#10782,#10783,#10784),.UNSPECIFIED.,.F.,.F.,(4,2,2,2,4),(0.161347239758856,
0.165798622717602,0.172040273325442,0.177115821539341,0.182191369753241),
 .UNSPECIFIED.);
#116=B_SPLINE_CURVE_WITH_KNOTS('',3,(#10805,#10806,#10807,#10808,#10809,
#10810,#10811,#10812,#10813,#10814,#10815,#10816,#10817,#10818,#10819,#10820,
#10821,#10822,#10823,#10824,#10825,#10826,#10827,#10828,#10829,#10830,#10831,
#10832,#10833,#10834,#10835),.UNSPECIFIED.,.F.,.F.,(4,3,3,3,3,3,3,3,3,3,
4),(-0.0240292286940284,-0.020824720893822,-0.0183856720264289,-0.0151276679359471,
-0.0126218329576123,-0.0121008945037949,-0.008861552704929,-0.00660982565873981,
-0.00331061173357453,0.,0.000114000547405105),.UNSPECIFIED.);
#117=B_SPLINE_CURVE_WITH_KNOTS('',3,(#10847,#10848,#10849,#10850),
 .UNSPECIFIED.,.F.,.F.,(4,4),(-0.0800868883221407,-0.0800000000000004),
 .UNSPECIFIED.);
#118=B_SPLINE_CURVE_WITH_KNOTS('',3,(#10858,#10859,#10860,#10861,#10862,
#10863,#10864,#10865,#10866,#10867,#10868,#10869,#10870,#10871),
 .UNSPECIFIED.,.F.,.F.,(4,2,2,2,2,2,4),(-0.0241048221082329,-0.0239909873502764,
-0.0188699438976901,-0.0137867562735446,-0.00794002064379554,-0.00227682262744145,
0.),.UNSPECIFIED.);
#119=B_SPLINE_CURVE_WITH_KNOTS('',3,(#10881,#10882,#10883,#10884,#10885,
#10886,#10887,#10888,#10889,#10890),.UNSPECIFIED.,.F.,.F.,(4,2,2,2,4),(0.0910956848766208,
0.0961712330905203,0.10124678130442,0.107488431912259,0.111939814871005),
 .UNSPECIFIED.);
#120=B_SPLINE_CURVE_WITH_KNOTS('',3,(#10909,#10910,#10911,#10912),
 .UNSPECIFIED.,.F.,.F.,(4,4),(-0.0509999999999996,-0.0509131116778577),
 .UNSPECIFIED.);
#121=B_SPLINE_CURVE_WITH_KNOTS('',3,(#10969,#10970,#10971,#10972,#10973,
#10974),.UNSPECIFIED.,.F.,.F.,(4,1,1,4),(-0.320072188588055,-0.192043873718639,
-0.160036561432199,-6.23138757163963E-6),.UNSPECIFIED.);
#122=B_SPLINE_CURVE_WITH_KNOTS('',3,(#10976,#10977,#10978,#10979,#10980,
#10981),.UNSPECIFIED.,.F.,.F.,(4,2,4),(-0.00441750470942555,0.,0.0228238789530862),
 .UNSPECIFIED.);
#123=B_SPLINE_CURVE_WITH_KNOTS('',3,(#10983,#10984,#10985,#10986,#10987,
#10988,#10989,#10990),.UNSPECIFIED.,.F.,.F.,(4,1,1,2,4),(0.0228238789530858,
0.160036561432199,0.192043873718639,0.320073122864398,0.322604758508172),
 .UNSPECIFIED.);
#124=B_SPLINE_CURVE_WITH_KNOTS('',3,(#10991,#10992,#10993,#10994,#10995,
#10996,#10997,#10998,#10999,#11000,#11001,#11002,#11003,#11004,#11005,#11006,
#11007,#11008,#11009,#11010,#11011,#11012,#11013,#11014,#11015,#11016,#11017,
#11018,#11019,#11020,#11021,#11022,#11023,#11024,#11025,#11026,#11027),
 .UNSPECIFIED.,.F.,.F.,(4,3,3,3,3,3,3,3,3,3,3,3,4),(-0.0237770687411983,
-0.0236662127822147,-0.0204362778124761,-0.0195522462462659,-0.0162900226094353,
-0.0154458388119153,-0.012213447693132,-0.0118410091514592,-0.00956697665704442,
-0.0063257725718934,-0.00376281975218012,-0.000565964674389216,0.),
 .UNSPECIFIED.);
#125=B_SPLINE_CURVE_WITH_KNOTS('',3,(#11054,#11055,#11056,#11057,#11058,
#11059,#11060,#11061,#11062,#11063,#11064,#11065,#11066,#11067),
 .UNSPECIFIED.,.F.,.F.,(4,2,2,2,2,2,4),(-0.00023279080543652,0.,0.00583350003556884,
0.0114238055390636,0.017871698594027,0.0229559360978527,0.0275093292798052),
 .UNSPECIFIED.);
#126=B_SPLINE_CURVE_WITH_KNOTS('',3,(#11069,#11070,#11071,#11072,#11073,
#11074,#11075,#11076,#11077,#11078,#11079,#11080,#11081,#11082),
 .UNSPECIFIED.,.F.,.F.,(4,2,2,2,2,2,4),(0.,0.00417423449792014,0.0089431798169166,
0.0153248915598089,0.0218177199783131,0.0287312428686767,0.028983697717551),
 .UNSPECIFIED.);
#127=B_SPLINE_CURVE_WITH_KNOTS('',3,(#11091,#11092,#11093,#11094,#11095,
#11096,#11097,#11098,#11099,#11100,#11101,#11102,#11103,#11104),
 .UNSPECIFIED.,.F.,.F.,(4,2,2,2,2,2,4),(-0.000255002286650945,0.,0.00698328494664427,
0.0135416303336771,0.0199877378037452,0.0248048049612139,0.0290211602688313),
 .UNSPECIFIED.);
#128=B_SPLINE_CURVE_WITH_KNOTS('',3,(#11106,#11107,#11108,#11109,#11110,
#11111,#11112,#11113,#11114,#11115,#11116,#11117,#11118,#11119),
 .UNSPECIFIED.,.F.,.F.,(4,2,2,2,2,2,4),(-0.0552514493630603,-0.0550186585576304,
-0.0491851585222542,-0.0435948530189728,-0.0371469599642537,-0.0320627224606209,
-0.0275093292788348),.UNSPECIFIED.);
#129=B_SPLINE_CURVE_WITH_KNOTS('',3,(#11125,#11126,#11127,#11128,#11129,
#11130,#11131,#11132,#11133,#11134,#11135,#11136),.UNSPECIFIED.,.F.,.F.,
(4,2,2,2,2,4),(-0.000110908979814551,0.,0.006171050658815,0.0120849482325254,
0.0179138555475255,0.0237003010882547),.UNSPECIFIED.);
#130=B_SPLINE_CURVE_WITH_KNOTS('',3,(#11187,#11188,#11189,#11190,#11191,
#11192),.UNSPECIFIED.,.F.,.F.,(4,1,1,4),(2.30823491832524E-5,0.137174195513313,
0.182898927351085,0.320055711263359),.UNSPECIFIED.);
#131=B_SPLINE_CURVE_WITH_KNOTS('',3,(#11264,#11265,#11266,#11267,#11268,
#11269,#11270,#11271,#11272,#11273,#11274,#11275,#11276,#11277,#11278,#11279,
#11280,#11281,#11282,#11283,#11284,#11285,#11286,#11287,#11288,#11289,#11290,
#11291,#11292,#11293,#11294),.UNSPECIFIED.,.F.,.F.,(4,3,3,3,3,3,3,3,3,3,
4),(-0.408420434508,-0.370487132366465,-0.329017018037844,-0.27136226918897,
-0.236873433758667,-0.205479077510347,-0.171675743007337,-0.128703329311357,
-0.0746474423159733,-0.0358900316022886,-0.02059155532059),
 .UNSPECIFIED.);
#132=B_SPLINE_CURVE_WITH_KNOTS('',3,(#11295,#11296,#11297,#11298),
 .UNSPECIFIED.,.F.,.F.,(4,4),(-0.00236887361387052,0.),.UNSPECIFIED.);
#133=B_SPLINE_CURVE_WITH_KNOTS('',3,(#11316,#11317,#11318,#11319,#11320,
#11321,#11322,#11323,#11324,#11325,#11326,#11327,#11328,#11329,#11330,#11331,
#11332,#11333,#11334,#11335,#11336,#11337,#11338,#11339,#11340,#11341,#11342,
#11343,#11344,#11345,#11346),.UNSPECIFIED.,.F.,.F.,(4,3,3,3,3,3,3,3,3,3,
4),(-0.408420434508,-0.370487132366893,-0.329017018037751,-0.271362269189606,
-0.236873433759333,-0.205479077511063,-0.17167574300848,-0.128703329315234,
-0.0746474423179122,-0.0358900316038519,-0.02059155532059),
 .UNSPECIFIED.);
#134=B_SPLINE_CURVE_WITH_KNOTS('',3,(#11401,#11402,#11403,#11404),
 .UNSPECIFIED.,.F.,.F.,(4,4),(0.0300000000000002,0.0450000000000003),
 .UNSPECIFIED.);
#135=B_SPLINE_CURVE_WITH_KNOTS('',3,(#11556,#11557,#11558,#11559,#11560,
#11561),.UNSPECIFIED.,.F.,.F.,(4,2,4),(0.0666610896175569,0.0722172821541161,
0.0764867325051681),.UNSPECIFIED.);
#136=B_SPLINE_CURVE_WITH_KNOTS('',3,(#11570,#11571,#11572,#11573,#11574,
#11575,#11576,#11577,#11578,#11579),.UNSPECIFIED.,.F.,.F.,(4,2,2,2,4),(0.0540000075889031,
0.0571593432477883,0.0603186789066735,0.0638102356780419,0.0673017924494102),
 .UNSPECIFIED.);
#137=B_SPLINE_CURVE_WITH_KNOTS('',3,(#11584,#11585,#11586,#11587),
 .UNSPECIFIED.,.F.,.F.,(4,4),(-0.00429569527582998,-0.00388637519409517),
 .UNSPECIFIED.);
#138=B_SPLINE_CURVE_WITH_KNOTS('',3,(#11589,#11590,#11591,#11592,#11593,
#11594),.UNSPECIFIED.,.F.,.F.,(4,2,4),(-5.33629610745794E-5,0.,0.000778724969605248),
 .UNSPECIFIED.);
#139=B_SPLINE_CURVE_WITH_KNOTS('',3,(#11598,#11599,#11600,#11601,#11602,
#11603,#11604,#11605),.UNSPECIFIED.,.F.,.F.,(4,2,2,4),(0.,0.00276113335160689,
0.00560851252783112,0.00566193126962649),.UNSPECIFIED.);
#140=B_SPLINE_CURVE_WITH_KNOTS('',3,(#11607,#11608,#11609,#11610,#11611,
#11612),.UNSPECIFIED.,.F.,.F.,(4,2,4),(0.,0.0113992107347824,0.0130486638219367),
 .UNSPECIFIED.);
#141=B_SPLINE_CURVE_WITH_KNOTS('',3,(#11619,#11620,#11621,#11622,#11623,
#11624,#11625,#11626),.UNSPECIFIED.,.F.,.F.,(4,2,2,4),(-0.0248495534330716,
-0.0205620605729153,-0.0163879067503347,-0.0127742120123628),
 .UNSPECIFIED.);
#142=B_SPLINE_CURVE_WITH_KNOTS('',3,(#11630,#11631,#11632,#11633),
 .UNSPECIFIED.,.F.,.F.,(4,4),(0.151326871638305,0.15174788889479),
 .UNSPECIFIED.);
#143=B_SPLINE_CURVE_WITH_KNOTS('',3,(#11638,#11639,#11640,#11641,#11642,
#11643),.UNSPECIFIED.,.F.,.F.,(4,2,4),(0.0123921319999038,0.0166615823509558,
0.022217774887515),.UNSPECIFIED.);
#144=B_SPLINE_CURVE_WITH_KNOTS('',3,(#11653,#11654,#11655,#11656,#11657,
#11658,#11659,#11660,#11661,#11662),.UNSPECIFIED.,.F.,.F.,(4,2,2,2,4),(0.000778941071060869,
0.00333237421877814,0.00666474843755629,0.0133294968751126,0.0159666194168848),
 .UNSPECIFIED.);
#145=B_SPLINE_CURVE_WITH_KNOTS('',3,(#11676,#11677,#11678,#11679,#11680,
#11681,#11682,#11683,#11684,#11685),.UNSPECIFIED.,.F.,.F.,(4,2,2,2,4),(0.0465060484375154,
0.049143170979288,0.0558079194168442,0.0591402936356224,0.0616937267833398),
 .UNSPECIFIED.);
#146=B_SPLINE_CURVE_WITH_KNOTS('',3,(#11696,#11697,#11698,#11699,#11700,
#11701),.UNSPECIFIED.,.F.,.F.,(4,2,4),(0.,0.0132413732006532,0.0159349538163095),
 .UNSPECIFIED.);
#147=B_SPLINE_CURVE_WITH_KNOTS('',3,(#11702,#11703,#11704,#11705,#11706,
#11707,#11708,#11709),.UNSPECIFIED.,.F.,.F.,(4,2,2,4),(0.0985799806832594,
0.101587684785999,0.106055754606352,0.106311132638578),.UNSPECIFIED.);
#148=B_SPLINE_CURVE_WITH_KNOTS('',3,(#11725,#11726,#11727,#11728),
 .UNSPECIFIED.,.F.,.F.,(4,4),(0.,0.000710940590592836),.UNSPECIFIED.);
#149=B_SPLINE_CURVE_WITH_KNOTS('',3,(#11732,#11733,#11734,#11735,#11736,
#11737,#11738,#11739,#11740,#11741,#11742,#11743,#11744,#11745,#11746,#11747,
#11748,#11749,#11750,#11751,#11752,#11753,#11754,#11755,#11756,#11757,#11758,
#11759,#11760,#11761,#11762),.UNSPECIFIED.,.F.,.F.,(4,3,3,3,3,3,3,3,3,3,
4),(-0.0240292948985054,-0.0208159314946112,-0.0183858745992246,-0.0151390784884486,
-0.0138198369916742,-0.0126226375446023,-0.00936549478527557,-0.00661143332188859,
-0.00331131602364028,0.,0.000113920243208741),.UNSPECIFIED.);
#150=B_SPLINE_CURVE_WITH_KNOTS('',3,(#11777,#11778,#11779,#11780),
 .UNSPECIFIED.,.F.,.F.,(4,4),(0.,0.00250756344423915),.UNSPECIFIED.);
#151=B_SPLINE_CURVE_WITH_KNOTS('',3,(#11793,#11794,#11795,#11796),
 .UNSPECIFIED.,.F.,.F.,(4,4),(0.128254466233847,0.128963108143689),
 .UNSPECIFIED.);
#152=B_SPLINE_CURVE_WITH_KNOTS('',3,(#11802,#11803,#11804,#11805,#11806,
#11807,#11808,#11809,#11810,#11811,#11812,#11813,#11814,#11815),
 .UNSPECIFIED.,.F.,.F.,(4,2,2,2,2,2,4),(-0.0241077732710516,-0.0239940202611117,
-0.0206875651987398,-0.0173922924222133,-0.0113899125553629,-0.0056351358445928,
0.),.UNSPECIFIED.);
#153=B_SPLINE_CURVE_WITH_KNOTS('',3,(#11863,#11864,#11865,#11866,#11867,
#11868,#11869,#11870),.UNSPECIFIED.,.F.,.F.,(4,2,2,4),(-0.152564974666186,
-0.0469954040983407,-0.0144269313497344,7.90565867575844E-13),
 .UNSPECIFIED.);
#154=B_SPLINE_CURVE_WITH_KNOTS('',3,(#11872,#11873,#11874,#11875,#11876,
#11877,#11878,#11879,#11880,#11881,#11882,#11883),.UNSPECIFIED.,.F.,.F.,
(4,2,2,2,2,4),(-0.0235294990879111,-0.0176708929950123,-0.0118116635203556,
-0.00595119802086868,0.,0.000109387560455214),.UNSPECIFIED.);
#155=B_SPLINE_CURVE_WITH_KNOTS('',3,(#11884,#11885,#11886,#11887,#11888,
#11889,#11890,#11891),.UNSPECIFIED.,.F.,.F.,(4,2,2,4),(0.00441712441470933,
0.0144269313497344,0.0469954040983407,0.15226455763889),.UNSPECIFIED.);
#156=B_SPLINE_CURVE_WITH_KNOTS('',3,(#11896,#11897,#11898,#11899,#11900,
#11901),.UNSPECIFIED.,.F.,.F.,(4,2,4),(0.000302877832899911,0.134321179750978,
0.14005797813548),.UNSPECIFIED.);
#157=B_SPLINE_CURVE_WITH_KNOTS('',3,(#11909,#11910,#11911,#11912,#11913,
#11914,#11915,#11916),.UNSPECIFIED.,.F.,.F.,(4,2,1,1,4),(-0.322604758508158,
-0.320073122864398,-0.182898927351085,-0.137174195513313,-0.0228216093605812),
 .UNSPECIFIED.);
#158=B_SPLINE_CURVE_WITH_KNOTS('',3,(#11918,#11919,#11920,#11921,#11922,
#11923),.UNSPECIFIED.,.F.,.F.,(4,2,4),(-0.00441750470942538,0.,0.022821609360581),
 .UNSPECIFIED.);
#159=B_SPLINE_CURVE_WITH_KNOTS('',3,(#11942,#11943,#11944,#11945,#11946,
#11947,#11948,#11949),.UNSPECIFIED.,.F.,.F.,(4,2,2,4),(-0.0127908775518215,
-0.0107436244761885,-0.00509151162242218,0.),.UNSPECIFIED.);
#160=B_SPLINE_CURVE_WITH_KNOTS('',3,(#11972,#11973,#11974,#11975),
 .UNSPECIFIED.,.F.,.F.,(4,4),(0.115623013637747,0.118130577082016),
 .UNSPECIFIED.);
#161=B_SPLINE_CURVE_WITH_KNOTS('',3,(#11995,#11996,#11997,#11998,#11999,
#12000,#12001,#12002,#12003,#12004,#12005,#12006),.UNSPECIFIED.,.F.,.F.,
(4,2,2,2,2,4),(-0.021777132838925,-0.0196727807780321,-0.0131879336386463,
-0.00672770544843501,0.,0.000240873859121235),.UNSPECIFIED.);
#162=B_SPLINE_CURVE_WITH_KNOTS('',3,(#12008,#12009,#12010,#12011,#12012,
#12013,#12014,#12015,#12016,#12017,#12018,#12019,#12020,#12021,#12022,#12023),
 .UNSPECIFIED.,.F.,.F.,(4,3,3,3,3,4),(0.,0.000273878208892242,0.000793760388526854,
0.00184471590581781,0.00457588664223554,0.00775676289466817),
 .UNSPECIFIED.);
#163=B_SPLINE_CURVE_WITH_KNOTS('',3,(#12048,#12049,#12050,#12051,#12052,
#12053,#12054,#12055,#12056,#12057),.UNSPECIFIED.,.F.,.F.,(4,2,2,2,4),(-0.0199210827697807,
-0.0195602728426807,-0.0160813379526225,-0.0144426382054551,-0.0133798837966955),
 .UNSPECIFIED.);
#164=B_SPLINE_CURVE_WITH_KNOTS('',3,(#12061,#12062,#12063,#12064,#12065,
#12066,#12067),.UNSPECIFIED.,.F.,.F.,(4,3,4),(-0.00843122120958654,0.,0.417185749267886),
 .UNSPECIFIED.);
#165=B_SPLINE_CURVE_WITH_KNOTS('',3,(#12071,#12072,#12073,#12074,#12075,
#12076),.UNSPECIFIED.,.F.,.F.,(4,2,4),(-0.142589447984135,-0.00826826823301669,
-1.71337608956384E-14),.UNSPECIFIED.);
#166=B_SPLINE_CURVE_WITH_KNOTS('',3,(#12094,#12095,#12096,#12097,#12098,
#12099,#12100,#12101,#12102,#12103,#12104,#12105,#12106,#12107,#12108,#12109,
#12110,#12111,#12112,#12113,#12114,#12115,#12116,#12117,#12118,#12119,#12120,
#12121,#12122,#12123,#12124),.UNSPECIFIED.,.F.,.F.,(4,3,3,3,3,3,3,3,3,3,
4),(-0.0237972376486497,-0.0236863942750746,-0.0204223491162605,-0.0175189539919554,
-0.0142690733359739,-0.0116085318039714,-0.0101523750179722,-0.00691901877608897,
-0.00578304908083104,-0.00256283974958009,0.),.UNSPECIFIED.);
#167=B_SPLINE_CURVE_WITH_KNOTS('',3,(#12157,#12158,#12159,#12160,#12161,
#12162,#12163,#12164,#12165,#12166,#12167,#12168,#12169,#12170,#12171,#12172,
#12173,#12174,#12175,#12176,#12177,#12178,#12179,#12180,#12181,#12182,#12183,
#12184,#12185,#12186,#12187),.UNSPECIFIED.,.F.,.F.,(4,3,3,3,3,3,3,3,3,3,
4),(-0.000109387961693169,0.,0.00322065799986014,0.00595125242522431,0.00919264613748675,
0.011811731365794,0.0133977065829591,0.0166209950060121,0.0176709535478118,
0.0208958444586254,0.0235295419322895),.UNSPECIFIED.);
#168=B_SPLINE_CURVE_WITH_KNOTS('',3,(#12188,#12189,#12190,#12191,#12192,
#12193),.UNSPECIFIED.,.F.,.F.,(4,2,4),(0.00253147797981226,0.00826826823301669,
0.142286570128258),.UNSPECIFIED.);
#169=B_SPLINE_CURVE_WITH_KNOTS('',3,(#12198,#12199,#12200,#12201,#12202,
#12203,#12204,#12205,#12206,#12207,#12208,#12209,#12210,#12211,#12212,#12213,
#12214,#12215,#12216,#12217,#12218,#12219,#12220,#12221,#12222,#12223,#12224,
#12225,#12226,#12227,#12228),.UNSPECIFIED.,.F.,.F.,(4,3,3,3,3,3,3,3,3,3,
4),(-0.0236386815551058,-0.023529294943598,-0.0203086439681863,-0.0175781485545628,
-0.0143368252298948,-0.0117177339015612,-0.0101317409002973,-0.0069085099128192,
-0.00585855526266629,-0.00263364412770831,0.),.UNSPECIFIED.);
#170=B_SPLINE_CURVE_WITH_KNOTS('',3,(#12270,#12271,#12272,#12273,#12274,
#12275,#12276,#12277),.UNSPECIFIED.,.F.,.F.,(4,2,2,4),(0.000300415954036889,
0.105569570568226,0.138138043316833,0.14814786532912),.UNSPECIFIED.);
#171=B_SPLINE_CURVE_WITH_KNOTS('',3,(#12278,#12279,#12280,#12281,#12282,
#12283,#12284,#12285),.UNSPECIFIED.,.F.,.F.,(4,2,2,4),(-0.152564974667358,
-0.138138043316833,-0.105569570568226,-7.84222033692269E-13),
 .UNSPECIFIED.);
#172=B_SPLINE_CURVE_WITH_KNOTS('',3,(#12311,#12312,#12313,#12314,#12315,
#12316,#12317,#12318,#12319,#12320),.UNSPECIFIED.,.F.,.F.,(4,3,3,4),(0.588375968097903,
0.904624923845314,1.,1.02476139219455),.UNSPECIFIED.);
#173=B_SPLINE_CURVE_WITH_KNOTS('',3,(#12324,#12325,#12326,#12327,#12328,
#12329,#12330,#12331,#12332,#12333),.UNSPECIFIED.,.F.,.F.,(4,3,3,4),(-0.0140100438928939,
-0.0124479012704942,-0.0103798488686678,-0.00582573147910377),
 .UNSPECIFIED.);
#174=B_SPLINE_CURVE_WITH_KNOTS('',3,(#12334,#12335,#12336,#12337,#12338,
#12339,#12340,#12341,#12342,#12343,#12344,#12345,#12346),.UNSPECIFIED.,
 .F.,.F.,(4,3,3,3,4),(-0.137220277590503,-0.134904740915144,-0.129757471909671,
-0.126035206390992,-0.123466235231594),.UNSPECIFIED.);
#175=B_SPLINE_CURVE_WITH_KNOTS('',3,(#12350,#12351,#12352,#12353,#12354,
#12355,#12356,#12357,#12358,#12359,#12360,#12361,#12362,#12363,#12364,#12365),
 .UNSPECIFIED.,.F.,.F.,(4,3,3,3,3,4),(-0.00797782403829368,-0.00493391542341126,
-0.00270998775713242,-0.00105370745022721,-0.000429561320699405,0.),
 .UNSPECIFIED.);
#176=B_SPLINE_CURVE_WITH_KNOTS('',3,(#12366,#12367,#12368,#12369,#12370,
#12371,#12372,#12373,#12374,#12375,#12376,#12377),.UNSPECIFIED.,.F.,.F.,
(4,2,2,2,2,4),(-0.0285680287875413,-0.0283294124471391,-0.0216647604194893,
-0.0152650787993316,-0.00884100896294758,-0.00675637940684578),
 .UNSPECIFIED.);
#177=B_SPLINE_CURVE_WITH_KNOTS('',3,(#12389,#12390,#12391,#12392,#12393,
#12394,#12395,#12396,#12397,#12398),.UNSPECIFIED.,.F.,.F.,(4,3,3,4),(-0.013379883796695,
-0.0119420986435886,-0.0100417056417759,-0.00683520476412404),
 .UNSPECIFIED.);
#178=B_SPLINE_CURVE_WITH_KNOTS('',3,(#12402,#12403,#12404,#12405,#12406,
#12407,#12408,#12409,#12410,#12411,#12412,#12413,#12414),.UNSPECIFIED.,
 .F.,.F.,(4,3,3,3,4),(-0.0221904190786423,-0.0208513812273684,-0.0170181062478209,
-0.0152033203700716,-0.0140100438928993),.UNSPECIFIED.);
#179=B_SPLINE_CURVE_WITH_KNOTS('',3,(#12415,#12416,#12417,#12418,#12419,
#12420,#12421,#12422,#12423,#12424),.UNSPECIFIED.,.F.,.F.,(4,2,2,2,4),(-0.000254848058156006,
0.,0.00853016030963246,0.0166058986086438,0.0220046763265982),
 .UNSPECIFIED.);
#180=B_SPLINE_CURVE_WITH_KNOTS('',3,(#12438,#12439,#12440,#12441,#12442,
#12443,#12444,#12445,#12446,#12447,#12448,#12449),.UNSPECIFIED.,.F.,.F.,
(4,2,2,2,2,4),(-0.023638721302,-0.0235293343055005,-0.0175781343947574,
-0.0117177071675512,-0.0058585366878065,0.),.UNSPECIFIED.);
#181=B_SPLINE_CURVE_WITH_KNOTS('',3,(#12481,#12482,#12483,#12484,#12485,
#12486),.UNSPECIFIED.,.F.,.F.,(4,2,4),(-0.142589447983978,-0.134321179750978,
1.36485535358747E-13),.UNSPECIFIED.);
#182=B_SPLINE_CURVE_WITH_KNOTS('',3,(#12487,#12488,#12489,#12490,#12491,
#12492,#12493,#12494,#12495,#12496,#12497,#12498),.UNSPECIFIED.,.F.,.F.,
(4,2,2,2,2,4),(-0.00011090845481124,0.,0.00617106146382312,0.0120849539257087,
0.017913857050978,0.0237003016193133),.UNSPECIFIED.);
#183=B_SPLINE_CURVE_WITH_KNOTS('',3,(#12526,#12527,#12528,#12529,#12530,
#12531,#12532,#12533,#12534,#12535,#12536,#12537,#12538,#12539,#12540,#12541),
 .UNSPECIFIED.,.F.,.F.,(4,3,3,3,3,4),(-0.0378170069494919,-0.0375802422402869,
-0.0366264451498709,-0.0350651154359819,-0.0302581113666342,-0.0274985592881433),
 .UNSPECIFIED.);
#184=B_SPLINE_CURVE_WITH_KNOTS('',3,(#12545,#12546,#12547,#12548,#12549,
#12550,#12551,#12552,#12553,#12554),.UNSPECIFIED.,.F.,.F.,(4,3,3,4),(0.588375968097903,
0.904624923845314,1.,1.02476139219455),.UNSPECIFIED.);
#185=B_SPLINE_CURVE_WITH_KNOTS('',3,(#12576,#12577,#12578,#12579,#12580,
#12581,#12582),.UNSPECIFIED.,.F.,.F.,(4,3,4),(-0.00843122120958654,0.,0.417185749267886),
 .UNSPECIFIED.);
#186=B_SPLINE_CURVE_WITH_KNOTS('',3,(#12593,#12594,#12595,#12596),
 .UNSPECIFIED.,.F.,.F.,(4,4),(0.0300000000000001,0.0450000000000002),
 .UNSPECIFIED.);
#187=B_SPLINE_CURVE_WITH_KNOTS('',3,(#12686,#12687,#12688,#12689,#12690,
#12691,#12692,#12693,#12694,#12695),.UNSPECIFIED.,.F.,.F.,(4,2,2,2,4),(-0.0307308940328994,
-0.0304659746067627,-0.0220745191388446,-0.0141924004284107,-0.00874570726534112),
 .UNSPECIFIED.);
#188=B_SPLINE_CURVE_WITH_KNOTS('',3,(#12701,#12702,#12703,#12704,#12705,
#12706,#12707,#12708,#12709,#12710),.UNSPECIFIED.,.F.,.F.,(4,2,2,2,4),(0.,
0.00555334493672648,0.0111070979868147,0.0166613780885851,0.0222161526115577),
 .UNSPECIFIED.);
#189=B_SPLINE_CURVE_WITH_KNOTS('',3,(#12714,#12715,#12716,#12717,#12718,
#12719,#12720,#12721,#12722,#12723),.UNSPECIFIED.,.F.,.F.,(4,2,2,2,4),(0.0671309551713378,
0.0727870497828931,0.0783994027694494,0.0839655188338215,0.0894960584528412),
 .UNSPECIFIED.);
#190=B_SPLINE_CURVE_WITH_KNOTS('',3,(#12734,#12735,#12736,#12737),
 .UNSPECIFIED.,.F.,.F.,(4,4),(0.0222164598013783,0.0237682966393571),
 .UNSPECIFIED.);
#191=B_SPLINE_CURVE_WITH_KNOTS('',3,(#12738,#12739,#12740,#12741,#12742,
#12743,#12744,#12745,#12746,#12747,#12748,#12749,#12750),.UNSPECIFIED.,
 .F.,.F.,(4,2,2,2,3,4),(-0.0222126246209335,-0.0173382395178458,-0.0108798137662911,
-0.00500607303908756,0.,0.0017369782832443),.UNSPECIFIED.);
#192=B_SPLINE_CURVE_WITH_KNOTS('',3,(#12752,#12753,#12754,#12755,#12756,
#12757,#12758,#12759,#12760,#12761,#12762,#12763,#12764,#12765,#12766,#12767),
 .UNSPECIFIED.,.F.,.F.,(4,3,3,3,3,4),(-0.100243213407074,-0.0972750491189521,
-0.0918278236635418,-0.0851733153204437,-0.0783772989879651,-0.0745850084061946),
 .UNSPECIFIED.);
#193=B_SPLINE_CURVE_WITH_KNOTS('',3,(#12772,#12773,#12774,#12775,#12776,
#12777,#12778,#12779,#12780,#12781,#12782,#12783,#12784,#12785,#12786,#12787,
#12788,#12789,#12790),.UNSPECIFIED.,.F.,.F.,(4,3,3,3,3,3,4),(-0.00421208747500973,
0.,0.00280451291092358,0.00575857098511288,0.0125518441136093,0.0184909981131691,
0.0197573568150285),.UNSPECIFIED.);
#194=B_SPLINE_CURVE_WITH_KNOTS('',3,(#12792,#12793,#12794,#12795),
 .UNSPECIFIED.,.F.,.F.,(4,4),(0.0650980550055917,0.066649888748386),
 .UNSPECIFIED.);
#195=B_SPLINE_CURVE_WITH_KNOTS('',3,(#12799,#12800,#12801,#12802,#12803,
#12804,#12805,#12806,#12807,#12808,#12809,#12810,#12811),.UNSPECIFIED.,
 .F.,.F.,(4,2,2,2,3,4),(-0.0240714203427294,-0.0174588391112714,-0.0106743687072193,
-0.00499477816038379,0.,0.00156858388288653),.UNSPECIFIED.);
#196=B_SPLINE_CURVE_WITH_KNOTS('',3,(#12820,#12821,#12822,#12823),
 .UNSPECIFIED.,.F.,.F.,(4,4),(-0.00236887361387037,0.),.UNSPECIFIED.);
#197=B_SPLINE_CURVE_WITH_KNOTS('',3,(#12826,#12827,#12828,#12829,#12830,
#12831,#12832,#12833,#12834,#12835),.UNSPECIFIED.,.F.,.F.,(4,2,2,2,4),(0.0666488526268801,
0.0722036271498527,0.0777579072516232,0.0833116603017113,0.0888650052384378),
 .UNSPECIFIED.);
#198=B_SPLINE_CURVE_WITH_KNOTS('',3,(#12838,#12839,#12840,#12841,#12842,
#12843,#12844,#12845,#12846,#12847),.UNSPECIFIED.,.F.,.F.,(4,2,2,2,4),(0.,
0.00553053961901969,0.0110966556833918,0.0167090086699481,0.0223651032815033),
 .UNSPECIFIED.);
#199=B_SPLINE_CURVE_WITH_KNOTS('',3,(#12859,#12860,#12861,#12862,#12863,
#12864,#12865,#12866,#12867,#12868),.UNSPECIFIED.,.F.,.F.,(4,2,2,2,4),(0.161347239758856,
0.165798622717602,0.172040273325442,0.177115821539341,0.182191369753241),
 .UNSPECIFIED.);
#200=B_SPLINE_CURVE_WITH_KNOTS('',3,(#12884,#12885,#12886,#12887,#12888,
#12889,#12890,#12891,#12892,#12893,#12894,#12895,#12896,#12897,#12898,#12899,
#12900,#12901,#12902,#12903,#12904,#12905,#12906,#12907,#12908,#12909,#12910,
#12911,#12912,#12913,#12914),.UNSPECIFIED.,.F.,.F.,(4,3,3,3,3,3,3,3,3,3,
4),(-0.0240292286940284,-0.020824720893822,-0.0183856720264289,-0.0151276679359471,
-0.0126218329576123,-0.0121008945037949,-0.008861552704929,-0.00660982565873981,
-0.00331061173357453,0.,0.000114000547405105),.UNSPECIFIED.);
#201=B_SPLINE_CURVE_WITH_KNOTS('',3,(#12927,#12928,#12929,#12930),
 .UNSPECIFIED.,.F.,.F.,(4,4),(-0.0800868883221407,-0.0800000000000004),
 .UNSPECIFIED.);
#202=B_SPLINE_CURVE_WITH_KNOTS('',3,(#12937,#12938,#12939,#12940,#12941,
#12942,#12943,#12944,#12945,#12946,#12947,#12948,#12949,#12950),
 .UNSPECIFIED.,.F.,.F.,(4,2,2,2,2,2,4),(-0.0241048221082329,-0.0239909873502764,
-0.0188699438976901,-0.0137867562735446,-0.00794002064379554,-0.00227682262744145,
0.),.UNSPECIFIED.);
#203=B_SPLINE_CURVE_WITH_KNOTS('',3,(#12957,#12958,#12959,#12960,#12961,
#12962,#12963,#12964,#12965,#12966),.UNSPECIFIED.,.F.,.F.,(4,2,2,2,4),(0.0910956848766208,
0.0961712330905203,0.10124678130442,0.107488431912259,0.111939814871005),
 .UNSPECIFIED.);
#204=B_SPLINE_CURVE_WITH_KNOTS('',3,(#12985,#12986,#12987,#12988),
 .UNSPECIFIED.,.F.,.F.,(4,4),(-0.0509999999999996,-0.0509131116778577),
 .UNSPECIFIED.);
#205=B_SPLINE_CURVE_WITH_KNOTS('',3,(#13047,#13048,#13049,#13050,#13051,
#13052),.UNSPECIFIED.,.F.,.F.,(4,1,1,4),(-0.320072188588055,-0.192043873718639,
-0.160036561432199,-6.23138757163963E-6),.UNSPECIFIED.);
#206=B_SPLINE_CURVE_WITH_KNOTS('',3,(#13054,#13055,#13056,#13057,#13058,
#13059,#13060,#13061,#13062,#13063,#13064,#13065,#13066,#13067,#13068,#13069,
#13070,#13071,#13072,#13073,#13074,#13075,#13076,#13077,#13078,#13079,#13080,
#13081,#13082,#13083,#13084,#13085,#13086,#13087,#13088,#13089,#13090),
 .UNSPECIFIED.,.F.,.F.,(4,3,3,3,3,3,3,3,3,3,3,3,4),(-0.0237770687411983,
-0.0236662127822147,-0.0204362778124761,-0.0195522462462659,-0.0162900226094353,
-0.0154458388119153,-0.012213447693132,-0.0118410091514592,-0.00956697665704442,
-0.0063257725718934,-0.00376281975218012,-0.000565964674389216,0.),
 .UNSPECIFIED.);
#207=B_SPLINE_CURVE_WITH_KNOTS('',3,(#13092,#13093,#13094,#13095,#13096,
#13097,#13098,#13099),.UNSPECIFIED.,.F.,.F.,(4,1,1,2,4),(0.0228238789530858,
0.160036561432199,0.192043873718639,0.320073122864398,0.322604758508172),
 .UNSPECIFIED.);
#208=B_SPLINE_CURVE_WITH_KNOTS('',3,(#13100,#13101,#13102,#13103,#13104,
#13105),.UNSPECIFIED.,.F.,.F.,(4,2,4),(-0.00441750470942555,0.,0.0228238789530862),
 .UNSPECIFIED.);
#209=B_SPLINE_CURVE_WITH_KNOTS('',3,(#13132,#13133,#13134,#13135,#13136,
#13137,#13138,#13139,#13140,#13141,#13142,#13143,#13144,#13145),
 .UNSPECIFIED.,.F.,.F.,(4,2,2,2,2,2,4),(-0.00023279080543652,0.,0.00583350003556884,
0.0114238055390636,0.017871698594027,0.0229559360978527,0.0275093292798052),
 .UNSPECIFIED.);
#210=B_SPLINE_CURVE_WITH_KNOTS('',3,(#13147,#13148,#13149,#13150,#13151,
#13152,#13153,#13154,#13155,#13156,#13157,#13158,#13159,#13160),
 .UNSPECIFIED.,.F.,.F.,(4,2,2,2,2,2,4),(0.,0.00417423449792014,0.0089431798169166,
0.0153248915598089,0.0218177199783131,0.0287312428686767,0.028983697717551),
 .UNSPECIFIED.);
#211=B_SPLINE_CURVE_WITH_KNOTS('',3,(#13169,#13170,#13171,#13172,#13173,
#13174,#13175,#13176,#13177,#13178,#13179,#13180,#13181,#13182),
 .UNSPECIFIED.,.F.,.F.,(4,2,2,2,2,2,4),(-0.000255002286650945,0.,0.00698328494664427,
0.0135416303336771,0.0199877378037452,0.0248048049612139,0.0290211602688313),
 .UNSPECIFIED.);
#212=B_SPLINE_CURVE_WITH_KNOTS('',3,(#13184,#13185,#13186,#13187,#13188,
#13189,#13190,#13191,#13192,#13193,#13194,#13195,#13196,#13197),
 .UNSPECIFIED.,.F.,.F.,(4,2,2,2,2,2,4),(-0.0552514493630603,-0.0550186585576304,
-0.0491851585222542,-0.0435948530189728,-0.0371469599642537,-0.0320627224606209,
-0.0275093292788348),.UNSPECIFIED.);
#213=B_SPLINE_CURVE_WITH_KNOTS('',3,(#13202,#13203,#13204,#13205,#13206,
#13207,#13208,#13209,#13210,#13211,#13212,#13213),.UNSPECIFIED.,.F.,.F.,
(4,2,2,2,2,4),(-0.000110908979814551,0.,0.006171050658815,0.0120849482325254,
0.0179138555475255,0.0237003010882547),.UNSPECIFIED.);
#214=B_SPLINE_CURVE_WITH_KNOTS('',3,(#13265,#13266,#13267,#13268,#13269,
#13270),.UNSPECIFIED.,.F.,.F.,(4,1,1,4),(2.30823491832524E-5,0.137174195513313,
0.182898927351085,0.320055711263359),.UNSPECIFIED.);
#215=B_SPLINE_CURVE_WITH_KNOTS('',3,(#13342,#13343,#13344,#13345),
 .UNSPECIFIED.,.F.,.F.,(4,4),(-0.00236887361387052,0.),.UNSPECIFIED.);
#216=B_SPLINE_CURVE_WITH_KNOTS('',3,(#13346,#13347,#13348,#13349,#13350,
#13351,#13352,#13353,#13354,#13355,#13356,#13357,#13358,#13359,#13360,#13361,
#13362,#13363,#13364,#13365,#13366,#13367,#13368,#13369,#13370,#13371,#13372,
#13373,#13374,#13375,#13376),.UNSPECIFIED.,.F.,.F.,(4,3,3,3,3,3,3,3,3,3,
4),(-0.408420434508,-0.370487132366465,-0.329017018037844,-0.27136226918897,
-0.236873433758667,-0.205479077510347,-0.171675743007337,-0.128703329311357,
-0.0746474423159733,-0.0358900316022886,-0.02059155532059),
 .UNSPECIFIED.);
#217=B_SPLINE_CURVE_WITH_KNOTS('',3,(#13394,#13395,#13396,#13397,#13398,
#13399,#13400,#13401,#13402,#13403,#13404,#13405,#13406,#13407,#13408,#13409,
#13410,#13411,#13412,#13413,#13414,#13415,#13416,#13417,#13418,#13419,#13420,
#13421,#13422,#13423,#13424),.UNSPECIFIED.,.F.,.F.,(4,3,3,3,3,3,3,3,3,3,
4),(-0.408420434508,-0.370487132366893,-0.329017018037751,-0.271362269189606,
-0.236873433759333,-0.205479077511063,-0.17167574300848,-0.128703329315234,
-0.0746474423179122,-0.0358900316038519,-0.02059155532059),
 .UNSPECIFIED.);
#218=B_SPLINE_CURVE_WITH_KNOTS('',3,(#13477,#13478,#13479,#13480),
 .UNSPECIFIED.,.F.,.F.,(4,4),(0.0300000000000002,0.0450000000000003),
 .UNSPECIFIED.);
#219=SPHERICAL_SURFACE('',#6701,0.15);
#220=SPHERICAL_SURFACE('',#6703,0.15);
#221=SPHERICAL_SURFACE('',#6705,0.15);
#222=SPHERICAL_SURFACE('',#6707,0.15);
#223=SPHERICAL_SURFACE('',#6987,0.15);
#224=SPHERICAL_SURFACE('',#6989,0.15);
#225=SPHERICAL_SURFACE('',#6991,0.15);
#226=SPHERICAL_SURFACE('',#6993,0.15);
#227=TOROIDAL_SURFACE('',#6676,0.3,0.15);
#228=TOROIDAL_SURFACE('',#6724,0.23,0.08);
#229=TOROIDAL_SURFACE('',#6742,0.25,0.1);
#230=TOROIDAL_SURFACE('',#6761,0.3,0.15);
#231=TOROIDAL_SURFACE('',#6771,0.3,0.15);
#232=TOROIDAL_SURFACE('',#6779,0.3,0.15);
#233=TOROIDAL_SURFACE('',#6791,0.3,0.15);
#234=TOROIDAL_SURFACE('',#6799,0.3,0.15);
#235=TOROIDAL_SURFACE('',#6807,0.3,0.15);
#236=TOROIDAL_SURFACE('',#6811,2.15,0.15);
#237=TOROIDAL_SURFACE('',#6818,0.3,0.15);
#238=TOROIDAL_SURFACE('',#6846,0.35,0.15);
#239=TOROIDAL_SURFACE('',#6850,0.35,0.15);
#240=TOROIDAL_SURFACE('',#6862,2.15,0.15);
#241=TOROIDAL_SURFACE('',#6864,2.34,0.15);
#242=TOROIDAL_SURFACE('',#6869,2.15,0.15);
#243=TOROIDAL_SURFACE('',#6871,2.15,0.15);
#244=TOROIDAL_SURFACE('',#6876,2.34,0.15);
#245=TOROIDAL_SURFACE('',#6881,0.3,0.15);
#246=TOROIDAL_SURFACE('',#6895,0.3,0.15);
#247=TOROIDAL_SURFACE('',#6907,0.3,0.15);
#248=TOROIDAL_SURFACE('',#6913,0.3,0.15);
#249=TOROIDAL_SURFACE('',#6919,2.34,0.15);
#250=TOROIDAL_SURFACE('',#6925,2.34,0.15);
#251=TOROIDAL_SURFACE('',#6928,0.3,0.15);
#252=TOROIDAL_SURFACE('',#6934,0.3,0.15);
#253=TOROIDAL_SURFACE('',#6962,0.3,0.15);
#254=TOROIDAL_SURFACE('',#7010,0.23,0.08);
#255=TOROIDAL_SURFACE('',#7028,0.25,0.1);
#256=TOROIDAL_SURFACE('',#7047,0.3,0.15);
#257=TOROIDAL_SURFACE('',#7057,0.3,0.15);
#258=TOROIDAL_SURFACE('',#7065,0.3,0.15);
#259=TOROIDAL_SURFACE('',#7077,0.3,0.15);
#260=TOROIDAL_SURFACE('',#7085,0.3,0.15);
#261=TOROIDAL_SURFACE('',#7093,0.3,0.15);
#262=TOROIDAL_SURFACE('',#7097,2.15,0.15);
#263=TOROIDAL_SURFACE('',#7104,0.3,0.15);
#264=TOROIDAL_SURFACE('',#7132,0.35,0.15);
#265=TOROIDAL_SURFACE('',#7136,0.35,0.15);
#266=TOROIDAL_SURFACE('',#7148,2.15,0.15);
#267=TOROIDAL_SURFACE('',#7150,2.34,0.15);
#268=TOROIDAL_SURFACE('',#7155,2.15,0.15);
#269=TOROIDAL_SURFACE('',#7157,2.15,0.15);
#270=TOROIDAL_SURFACE('',#7162,2.34,0.15);
#271=TOROIDAL_SURFACE('',#7167,0.3,0.15);
#272=TOROIDAL_SURFACE('',#7181,0.3,0.15);
#273=TOROIDAL_SURFACE('',#7193,0.3,0.15);
#274=TOROIDAL_SURFACE('',#7199,0.3,0.15);
#275=TOROIDAL_SURFACE('',#7205,2.34,0.15);
#276=TOROIDAL_SURFACE('',#7211,2.34,0.15);
#277=TOROIDAL_SURFACE('',#7214,0.3,0.15);
#278=TOROIDAL_SURFACE('',#7220,0.3,0.15);
#279=ELLIPSE('',#6675,0.162674567239609,0.15);
#280=ELLIPSE('',#6710,0.16267456723961,0.15);
#281=ELLIPSE('',#6713,0.16267456723961,0.15);
#282=ELLIPSE('',#6715,0.162674567239609,0.15);
#283=ELLIPSE('',#6718,0.16267456723961,0.15);
#284=ELLIPSE('',#6733,1.93048143975173,0.1);
#285=ELLIPSE('',#6734,0.142757921954643,0.1);
#286=ELLIPSE('',#6735,0.140121641653633,0.1);
#287=ELLIPSE('',#6737,0.142757921954643,0.1);
#288=ELLIPSE('',#6738,1.93048143975173,0.1);
#289=ELLIPSE('',#6739,0.108449711493073,0.1);
#290=ELLIPSE('',#6749,0.214136882931964,0.15);
#291=ELLIPSE('',#6752,0.600806612766819,0.45);
#292=ELLIPSE('',#6753,0.22638850514844,0.15);
#293=ELLIPSE('',#6758,0.214136882931964,0.15);
#294=ELLIPSE('',#6765,0.162674567239609,0.15);
#295=ELLIPSE('',#6777,0.22638850514844,0.15);
#296=ELLIPSE('',#6785,0.600806612766819,0.45);
#297=ELLIPSE('',#6788,0.150201653184538,0.15);
#298=ELLIPSE('',#6835,0.154503708059369,0.15);
#299=ELLIPSE('',#6837,0.154503708059369,0.15);
#300=ELLIPSE('',#6839,0.212132034355964,0.15);
#301=ELLIPSE('',#6841,0.212132034355964,0.15);
#302=ELLIPSE('',#6843,0.153939300062353,0.15);
#303=ELLIPSE('',#6845,0.153939300062353,0.15);
#304=ELLIPSE('',#6885,0.150050370974775,0.15);
#305=ELLIPSE('',#6891,0.150050370974774,0.15);
#306=ELLIPSE('',#6903,0.150201653184538,0.15);
#307=ELLIPSE('',#6961,0.162674567239609,0.15);
#308=ELLIPSE('',#6996,0.16267456723961,0.15);
#309=ELLIPSE('',#6999,0.16267456723961,0.15);
#310=ELLIPSE('',#7001,0.162674567239609,0.15);
#311=ELLIPSE('',#7004,0.16267456723961,0.15);
#312=ELLIPSE('',#7019,0.140121641653633,0.1);
#313=ELLIPSE('',#7020,0.142757921954643,0.1);
#314=ELLIPSE('',#7021,1.93048143975173,0.1);
#315=ELLIPSE('',#7023,0.108449711493073,0.1);
#316=ELLIPSE('',#7024,1.93048143975173,0.1);
#317=ELLIPSE('',#7025,0.142757921954643,0.1);
#318=ELLIPSE('',#7035,0.214136882931964,0.15);
#319=ELLIPSE('',#7038,0.22638850514844,0.15);
#320=ELLIPSE('',#7039,0.600806612766819,0.45);
#321=ELLIPSE('',#7044,0.214136882931964,0.15);
#322=ELLIPSE('',#7051,0.162674567239609,0.15);
#323=ELLIPSE('',#7063,0.22638850514844,0.15);
#324=ELLIPSE('',#7072,0.600806612766819,0.45);
#325=ELLIPSE('',#7074,0.150201653184538,0.15);
#326=ELLIPSE('',#7120,0.154503708059369,0.15);
#327=ELLIPSE('',#7123,0.154503708059369,0.15);
#328=ELLIPSE('',#7125,0.212132034355964,0.15);
#329=ELLIPSE('',#7127,0.212132034355964,0.15);
#330=ELLIPSE('',#7129,0.153939300062353,0.15);
#331=ELLIPSE('',#7131,0.153939300062353,0.15);
#332=ELLIPSE('',#7171,0.150050370974775,0.15);
#333=ELLIPSE('',#7177,0.150050370974774,0.15);
#334=ELLIPSE('',#7189,0.150201653184538,0.15);
#335=SHAPE_REPRESENTATION_RELATIONSHIP('SRR','None',#13522,#338);
#336=SHAPE_REPRESENTATION_RELATIONSHIP('SRR','None',#13523,#339);
#337=SHAPE_REPRESENTATION_RELATIONSHIP('SRR','None',#13524,#340);
#338=ADVANCED_BREP_SHAPE_REPRESENTATION('',(#345),#13502);
#339=ADVANCED_BREP_SHAPE_REPRESENTATION('',(#346),#13503);
#340=ADVANCED_BREP_SHAPE_REPRESENTATION('',(#347),#13504);
#341=STYLED_ITEM('',(#13547),#345);
#342=STYLED_ITEM('',(#13546),#346);
#343=STYLED_ITEM('',(#13546),#347);
#344=STYLED_ITEM('',(#13548),#13);
#345=MANIFOLD_SOLID_BREP('K\X\F6rper1',#6579);
#346=MANIFOLD_SOLID_BREP('K\X\F6rper1',#6580);
#347=MANIFOLD_SOLID_BREP('K\X\F6rper1',#6581);
#348=CIRCLE('',#6650,1.625);
#349=CIRCLE('',#6651,1.625);
#350=CIRCLE('',#6674,0.15);
#351=CIRCLE('',#6677,0.3);
#352=CIRCLE('',#6678,0.15);
#353=CIRCLE('',#6679,0.15);
#354=CIRCLE('',#6681,2.15);
#355=CIRCLE('',#6682,2.34);
#356=CIRCLE('',#6683,2.34);
#357=CIRCLE('',#6684,2.15);
#358=CIRCLE('',#6685,0.3);
#359=CIRCLE('',#6687,0.15);
#360=CIRCLE('',#6688,0.15);
#361=CIRCLE('',#6690,0.15);
#362=CIRCLE('',#6691,0.15);
#363=CIRCLE('',#6693,0.15);
#364=CIRCLE('',#6694,0.15);
#365=CIRCLE('',#6696,0.15);
#366=CIRCLE('',#6697,0.15);
#367=CIRCLE('',#6699,0.149999999999999);
#368=CIRCLE('',#6700,0.15);
#369=CIRCLE('',#6702,0.15);
#370=CIRCLE('',#6704,0.15);
#371=CIRCLE('',#6706,0.15);
#372=CIRCLE('',#6708,0.15);
#373=CIRCLE('',#6720,0.25);
#374=CIRCLE('',#6721,0.15);
#375=CIRCLE('',#6723,0.0800000000000001);
#376=CIRCLE('',#6725,0.23);
#377=CIRCLE('',#6726,0.15);
#378=CIRCLE('',#6727,0.23);
#379=CIRCLE('',#6731,0.15);
#380=CIRCLE('',#6741,0.1);
#381=CIRCLE('',#6743,0.15);
#382=CIRCLE('',#6746,0.15);
#383=CIRCLE('',#6755,0.45);
#384=CIRCLE('',#6756,0.45);
#385=CIRCLE('',#6762,0.15);
#386=CIRCLE('',#6763,0.15);
#387=CIRCLE('',#6770,0.149999999999999);
#388=CIRCLE('',#6772,0.150000000000001);
#389=CIRCLE('',#6773,0.3);
#390=CIRCLE('',#6778,0.150000000000001);
#391=CIRCLE('',#6780,0.3);
#392=CIRCLE('',#6781,0.149999999999999);
#393=CIRCLE('',#6782,0.45);
#394=CIRCLE('',#6786,0.45);
#395=CIRCLE('',#6790,0.15);
#396=CIRCLE('',#6792,0.150000000000001);
#397=CIRCLE('',#6793,0.3);
#398=CIRCLE('',#6794,0.45);
#399=CIRCLE('',#6796,0.3);
#400=CIRCLE('',#6798,0.150000000000002);
#401=CIRCLE('',#6800,0.45);
#402=CIRCLE('',#6801,0.149999999999999);
#403=CIRCLE('',#6806,0.149999999999999);
#404=CIRCLE('',#6808,0.150000000000004);
#405=CIRCLE('',#6809,0.45);
#406=CIRCLE('',#6810,0.3);
#407=CIRCLE('',#6812,2.);
#408=CIRCLE('',#6814,0.45);
#409=CIRCLE('',#6816,0.149999999999998);
#410=CIRCLE('',#6819,0.3);
#411=CIRCLE('',#6820,0.150000000000003);
#412=CIRCLE('',#6821,0.45);
#413=CIRCLE('',#6826,2.);
#414=CIRCLE('',#6827,2.);
#415=CIRCLE('',#6828,2.);
#416=CIRCLE('',#6831,0.5);
#417=CIRCLE('',#6832,0.5);
#418=CIRCLE('',#6834,0.15);
#419=CIRCLE('',#6847,0.15);
#420=CIRCLE('',#6848,0.35);
#421=CIRCLE('',#6851,0.35);
#422=CIRCLE('',#6853,0.15);
#423=CIRCLE('',#6860,0.15);
#424=CIRCLE('',#6863,2.);
#425=CIRCLE('',#6865,2.49);
#426=CIRCLE('',#6866,2.34);
#427=CIRCLE('',#6868,2.49);
#428=CIRCLE('',#6870,2.15);
#429=CIRCLE('',#6872,2.);
#430=CIRCLE('',#6873,2.15);
#431=CIRCLE('',#6875,2.34);
#432=CIRCLE('',#6877,2.49);
#433=CIRCLE('',#6879,0.150000000000001);
#434=CIRCLE('',#6880,0.15);
#435=CIRCLE('',#6882,0.150000000000001);
#436=CIRCLE('',#6883,0.3);
#437=CIRCLE('',#6893,0.15);
#438=CIRCLE('',#6894,0.15);
#439=CIRCLE('',#6896,0.15);
#440=CIRCLE('',#6897,0.3);
#441=CIRCLE('',#6906,0.149999999999999);
#442=CIRCLE('',#6908,0.15);
#443=CIRCLE('',#6909,0.3);
#444=CIRCLE('',#6910,0.45);
#445=CIRCLE('',#6912,0.149999999999997);
#446=CIRCLE('',#6914,0.15);
#447=CIRCLE('',#6915,0.3);
#448=CIRCLE('',#6916,0.45);
#449=CIRCLE('',#6920,2.49);
#450=CIRCLE('',#6927,0.149999999999999);
#451=CIRCLE('',#6929,0.149999999999999);
#452=CIRCLE('',#6930,0.45);
#453=CIRCLE('',#6931,0.3);
#454=CIRCLE('',#6933,0.149999999999999);
#455=CIRCLE('',#6935,0.149999999999999);
#456=CIRCLE('',#6936,0.3);
#457=CIRCLE('',#6949,2.);
#458=CIRCLE('',#6950,2.);
#459=CIRCLE('',#6960,0.15);
#460=CIRCLE('',#6963,0.15);
#461=CIRCLE('',#6964,0.15);
#462=CIRCLE('',#6965,0.3);
#463=CIRCLE('',#6967,0.3);
#464=CIRCLE('',#6968,2.15);
#465=CIRCLE('',#6969,2.34);
#466=CIRCLE('',#6970,2.34);
#467=CIRCLE('',#6971,2.15);
#468=CIRCLE('',#6973,0.15);
#469=CIRCLE('',#6974,0.15);
#470=CIRCLE('',#6976,0.15);
#471=CIRCLE('',#6977,0.15);
#472=CIRCLE('',#6979,0.15);
#473=CIRCLE('',#6980,0.15);
#474=CIRCLE('',#6982,0.15);
#475=CIRCLE('',#6983,0.15);
#476=CIRCLE('',#6985,0.149999999999999);
#477=CIRCLE('',#6986,0.15);
#478=CIRCLE('',#6988,0.15);
#479=CIRCLE('',#6990,0.15);
#480=CIRCLE('',#6992,0.15);
#481=CIRCLE('',#6994,0.15);
#482=CIRCLE('',#7006,0.15);
#483=CIRCLE('',#7007,0.25);
#484=CIRCLE('',#7009,0.0800000000000001);
#485=CIRCLE('',#7011,0.23);
#486=CIRCLE('',#7012,0.15);
#487=CIRCLE('',#7013,0.23);
#488=CIRCLE('',#7017,0.15);
#489=CIRCLE('',#7027,0.1);
#490=CIRCLE('',#7029,0.15);
#491=CIRCLE('',#7032,0.15);
#492=CIRCLE('',#7041,0.45);
#493=CIRCLE('',#7042,0.45);
#494=CIRCLE('',#7048,0.15);
#495=CIRCLE('',#7049,0.15);
#496=CIRCLE('',#7056,0.149999999999999);
#497=CIRCLE('',#7058,0.3);
#498=CIRCLE('',#7059,0.150000000000001);
#499=CIRCLE('',#7064,0.150000000000001);
#500=CIRCLE('',#7066,0.45);
#501=CIRCLE('',#7067,0.149999999999999);
#502=CIRCLE('',#7068,0.3);
#503=CIRCLE('',#7071,0.45);
#504=CIRCLE('',#7076,0.15);
#505=CIRCLE('',#7078,0.150000000000001);
#506=CIRCLE('',#7079,0.45);
#507=CIRCLE('',#7080,0.3);
#508=CIRCLE('',#7082,0.3);
#509=CIRCLE('',#7084,0.150000000000002);
#510=CIRCLE('',#7086,0.149999999999999);
#511=CIRCLE('',#7087,0.45);
#512=CIRCLE('',#7092,0.149999999999999);
#513=CIRCLE('',#7094,0.150000000000004);
#514=CIRCLE('',#7095,0.3);
#515=CIRCLE('',#7096,0.45);
#516=CIRCLE('',#7098,2.);
#517=CIRCLE('',#7100,0.45);
#518=CIRCLE('',#7102,0.149999999999998);
#519=CIRCLE('',#7105,0.45);
#520=CIRCLE('',#7106,0.150000000000003);
#521=CIRCLE('',#7107,0.3);
#522=CIRCLE('',#7112,2.);
#523=CIRCLE('',#7113,2.);
#524=CIRCLE('',#7114,2.);
#525=CIRCLE('',#7117,0.5);
#526=CIRCLE('',#7118,0.5);
#527=CIRCLE('',#7121,0.15);
#528=CIRCLE('',#7133,0.15);
#529=CIRCLE('',#7134,0.35);
#530=CIRCLE('',#7137,0.35);
#531=CIRCLE('',#7139,0.15);
#532=CIRCLE('',#7146,0.15);
#533=CIRCLE('',#7149,2.);
#534=CIRCLE('',#7151,2.34);
#535=CIRCLE('',#7152,2.49);
#536=CIRCLE('',#7154,2.49);
#537=CIRCLE('',#7156,2.15);
#538=CIRCLE('',#7158,2.15);
#539=CIRCLE('',#7159,2.);
#540=CIRCLE('',#7161,2.34);
#541=CIRCLE('',#7163,2.49);
#542=CIRCLE('',#7165,0.15);
#543=CIRCLE('',#7166,0.150000000000001);
#544=CIRCLE('',#7168,0.150000000000001);
#545=CIRCLE('',#7169,0.3);
#546=CIRCLE('',#7179,0.15);
#547=CIRCLE('',#7180,0.15);
#548=CIRCLE('',#7182,0.15);
#549=CIRCLE('',#7183,0.3);
#550=CIRCLE('',#7192,0.149999999999999);
#551=CIRCLE('',#7194,0.15);
#552=CIRCLE('',#7195,0.45);
#553=CIRCLE('',#7196,0.3);
#554=CIRCLE('',#7198,0.149999999999997);
#555=CIRCLE('',#7200,0.15);
#556=CIRCLE('',#7201,0.45);
#557=CIRCLE('',#7202,0.3);
#558=CIRCLE('',#7206,2.49);
#559=CIRCLE('',#7213,0.149999999999999);
#560=CIRCLE('',#7215,0.149999999999999);
#561=CIRCLE('',#7216,0.3);
#562=CIRCLE('',#7217,0.45);
#563=CIRCLE('',#7219,0.149999999999999);
#564=CIRCLE('',#7221,0.149999999999999);
#565=CIRCLE('',#7222,0.3);
#566=CIRCLE('',#7235,2.);
#567=CIRCLE('',#7236,2.);
#568=CYLINDRICAL_SURFACE('',#6649,1.625);
#569=CYLINDRICAL_SURFACE('',#6673,0.15);
#570=CYLINDRICAL_SURFACE('',#6686,0.15);
#571=CYLINDRICAL_SURFACE('',#6689,0.15);
#572=CYLINDRICAL_SURFACE('',#6692,0.15);
#573=CYLINDRICAL_SURFACE('',#6695,0.15);
#574=CYLINDRICAL_SURFACE('',#6698,0.15);
#575=CYLINDRICAL_SURFACE('',#6709,0.15);
#576=CYLINDRICAL_SURFACE('',#6712,0.15);
#577=CYLINDRICAL_SURFACE('',#6714,0.15);
#578=CYLINDRICAL_SURFACE('',#6717,0.15);
#579=CYLINDRICAL_SURFACE('',#6722,0.08);
#580=CYLINDRICAL_SURFACE('',#6728,0.15);
#581=CYLINDRICAL_SURFACE('',#6729,0.15);
#582=CYLINDRICAL_SURFACE('',#6732,0.1);
#583=CYLINDRICAL_SURFACE('',#6736,0.1);
#584=CYLINDRICAL_SURFACE('',#6740,0.1);
#585=CYLINDRICAL_SURFACE('',#6744,0.15);
#586=CYLINDRICAL_SURFACE('',#6745,0.15);
#587=CYLINDRICAL_SURFACE('',#6748,0.15);
#588=CYLINDRICAL_SURFACE('',#6754,0.45);
#589=CYLINDRICAL_SURFACE('',#6757,0.15);
#590=CYLINDRICAL_SURFACE('',#6764,0.15);
#591=CYLINDRICAL_SURFACE('',#6766,0.15);
#592=CYLINDRICAL_SURFACE('',#6767,0.15);
#593=CYLINDRICAL_SURFACE('',#6769,0.15);
#594=CYLINDRICAL_SURFACE('',#6774,0.15);
#595=CYLINDRICAL_SURFACE('',#6776,0.15);
#596=CYLINDRICAL_SURFACE('',#6783,0.15);
#597=CYLINDRICAL_SURFACE('',#6784,0.45);
#598=CYLINDRICAL_SURFACE('',#6789,0.15);
#599=CYLINDRICAL_SURFACE('',#6797,0.150000000000001);
#600=CYLINDRICAL_SURFACE('',#6802,0.15);
#601=CYLINDRICAL_SURFACE('',#6803,0.15);
#602=CYLINDRICAL_SURFACE('',#6805,0.15);
#603=CYLINDRICAL_SURFACE('',#6813,0.45);
#604=CYLINDRICAL_SURFACE('',#6815,0.15);
#605=CYLINDRICAL_SURFACE('',#6817,0.15);
#606=CYLINDRICAL_SURFACE('',#6822,0.15);
#607=CYLINDRICAL_SURFACE('',#6825,2.);
#608=CYLINDRICAL_SURFACE('',#6829,0.15);
#609=CYLINDRICAL_SURFACE('',#6830,0.5);
#610=CYLINDRICAL_SURFACE('',#6833,0.15);
#611=CYLINDRICAL_SURFACE('',#6836,0.15);
#612=CYLINDRICAL_SURFACE('',#6838,0.15);
#613=CYLINDRICAL_SURFACE('',#6840,0.15);
#614=CYLINDRICAL_SURFACE('',#6842,0.15);
#615=CYLINDRICAL_SURFACE('',#6844,0.15);
#616=CYLINDRICAL_SURFACE('',#6849,0.15);
#617=CYLINDRICAL_SURFACE('',#6861,0.15);
#618=CYLINDRICAL_SURFACE('',#6867,2.49);
#619=CYLINDRICAL_SURFACE('',#6878,0.15);
#620=CYLINDRICAL_SURFACE('',#6884,0.15);
#621=CYLINDRICAL_SURFACE('',#6886,0.15);
#622=CYLINDRICAL_SURFACE('',#6890,0.15);
#623=CYLINDRICAL_SURFACE('',#6892,0.15);
#624=CYLINDRICAL_SURFACE('',#6898,0.15);
#625=CYLINDRICAL_SURFACE('',#6902,0.15);
#626=CYLINDRICAL_SURFACE('',#6905,0.15);
#627=CYLINDRICAL_SURFACE('',#6911,0.15);
#628=CYLINDRICAL_SURFACE('',#6917,0.15);
#629=CYLINDRICAL_SURFACE('',#6918,0.15);
#630=CYLINDRICAL_SURFACE('',#6922,2.49);
#631=CYLINDRICAL_SURFACE('',#6923,0.15);
#632=CYLINDRICAL_SURFACE('',#6924,0.15);
#633=CYLINDRICAL_SURFACE('',#6926,0.15);
#634=CYLINDRICAL_SURFACE('',#6932,0.15);
#635=CYLINDRICAL_SURFACE('',#6937,0.15);
#636=CYLINDRICAL_SURFACE('',#6939,0.15);
#637=CYLINDRICAL_SURFACE('',#6943,0.45);
#638=CYLINDRICAL_SURFACE('',#6946,0.45);
#639=CYLINDRICAL_SURFACE('',#6951,2.);
#640=CYLINDRICAL_SURFACE('',#6954,0.45);
#641=CYLINDRICAL_SURFACE('',#6959,0.15);
#642=CYLINDRICAL_SURFACE('',#6972,0.15);
#643=CYLINDRICAL_SURFACE('',#6975,0.15);
#644=CYLINDRICAL_SURFACE('',#6978,0.15);
#645=CYLINDRICAL_SURFACE('',#6981,0.15);
#646=CYLINDRICAL_SURFACE('',#6984,0.15);
#647=CYLINDRICAL_SURFACE('',#6995,0.15);
#648=CYLINDRICAL_SURFACE('',#6998,0.15);
#649=CYLINDRICAL_SURFACE('',#7000,0.15);
#650=CYLINDRICAL_SURFACE('',#7003,0.15);
#651=CYLINDRICAL_SURFACE('',#7008,0.08);
#652=CYLINDRICAL_SURFACE('',#7014,0.15);
#653=CYLINDRICAL_SURFACE('',#7015,0.15);
#654=CYLINDRICAL_SURFACE('',#7018,0.1);
#655=CYLINDRICAL_SURFACE('',#7022,0.1);
#656=CYLINDRICAL_SURFACE('',#7026,0.1);
#657=CYLINDRICAL_SURFACE('',#7030,0.15);
#658=CYLINDRICAL_SURFACE('',#7031,0.15);
#659=CYLINDRICAL_SURFACE('',#7034,0.15);
#660=CYLINDRICAL_SURFACE('',#7040,0.45);
#661=CYLINDRICAL_SURFACE('',#7043,0.15);
#662=CYLINDRICAL_SURFACE('',#7050,0.15);
#663=CYLINDRICAL_SURFACE('',#7052,0.15);
#664=CYLINDRICAL_SURFACE('',#7053,0.15);
#665=CYLINDRICAL_SURFACE('',#7055,0.15);
#666=CYLINDRICAL_SURFACE('',#7060,0.15);
#667=CYLINDRICAL_SURFACE('',#7062,0.15);
#668=CYLINDRICAL_SURFACE('',#7069,0.15);
#669=CYLINDRICAL_SURFACE('',#7070,0.45);
#670=CYLINDRICAL_SURFACE('',#7075,0.15);
#671=CYLINDRICAL_SURFACE('',#7083,0.150000000000001);
#672=CYLINDRICAL_SURFACE('',#7088,0.15);
#673=CYLINDRICAL_SURFACE('',#7089,0.15);
#674=CYLINDRICAL_SURFACE('',#7091,0.15);
#675=CYLINDRICAL_SURFACE('',#7099,0.45);
#676=CYLINDRICAL_SURFACE('',#7101,0.15);
#677=CYLINDRICAL_SURFACE('',#7103,0.15);
#678=CYLINDRICAL_SURFACE('',#7108,0.15);
#679=CYLINDRICAL_SURFACE('',#7111,2.);
#680=CYLINDRICAL_SURFACE('',#7115,0.15);
#681=CYLINDRICAL_SURFACE('',#7116,0.5);
#682=CYLINDRICAL_SURFACE('',#7119,0.15);
#683=CYLINDRICAL_SURFACE('',#7122,0.15);
#684=CYLINDRICAL_SURFACE('',#7124,0.15);
#685=CYLINDRICAL_SURFACE('',#7126,0.15);
#686=CYLINDRICAL_SURFACE('',#7128,0.15);
#687=CYLINDRICAL_SURFACE('',#7130,0.15);
#688=CYLINDRICAL_SURFACE('',#7135,0.15);
#689=CYLINDRICAL_SURFACE('',#7147,0.15);
#690=CYLINDRICAL_SURFACE('',#7153,2.49);
#691=CYLINDRICAL_SURFACE('',#7164,0.15);
#692=CYLINDRICAL_SURFACE('',#7170,0.15);
#693=CYLINDRICAL_SURFACE('',#7172,0.15);
#694=CYLINDRICAL_SURFACE('',#7176,0.15);
#695=CYLINDRICAL_SURFACE('',#7178,0.15);
#696=CYLINDRICAL_SURFACE('',#7184,0.15);
#697=CYLINDRICAL_SURFACE('',#7188,0.15);
#698=CYLINDRICAL_SURFACE('',#7191,0.15);
#699=CYLINDRICAL_SURFACE('',#7197,0.15);
#700=CYLINDRICAL_SURFACE('',#7203,0.15);
#701=CYLINDRICAL_SURFACE('',#7204,0.15);
#702=CYLINDRICAL_SURFACE('',#7208,2.49);
#703=CYLINDRICAL_SURFACE('',#7209,0.15);
#704=CYLINDRICAL_SURFACE('',#7210,0.15);
#705=CYLINDRICAL_SURFACE('',#7212,0.15);
#706=CYLINDRICAL_SURFACE('',#7218,0.15);
#707=CYLINDRICAL_SURFACE('',#7223,0.15);
#708=CYLINDRICAL_SURFACE('',#7225,0.15);
#709=CYLINDRICAL_SURFACE('',#7229,0.45);
#710=CYLINDRICAL_SURFACE('',#7232,0.45);
#711=CYLINDRICAL_SURFACE('',#7237,2.);
#712=CYLINDRICAL_SURFACE('',#7240,0.45);
#713=FACE_BOUND('',#1115,.T.);
#714=FACE_BOUND('',#1126,.T.);
#715=FACE_BOUND('',#1131,.T.);
#716=FACE_OUTER_BOUND('',#1088,.T.);
#717=FACE_OUTER_BOUND('',#1089,.T.);
#718=FACE_OUTER_BOUND('',#1090,.T.);
#719=FACE_OUTER_BOUND('',#1091,.T.);
#720=FACE_OUTER_BOUND('',#1092,.T.);
#721=FACE_OUTER_BOUND('',#1093,.T.);
#722=FACE_OUTER_BOUND('',#1094,.T.);
#723=FACE_OUTER_BOUND('',#1095,.T.);
#724=FACE_OUTER_BOUND('',#1096,.T.);
#725=FACE_OUTER_BOUND('',#1097,.T.);
#726=FACE_OUTER_BOUND('',#1098,.T.);
#727=FACE_OUTER_BOUND('',#1099,.T.);
#728=FACE_OUTER_BOUND('',#1100,.T.);
#729=FACE_OUTER_BOUND('',#1101,.T.);
#730=FACE_OUTER_BOUND('',#1102,.T.);
#731=FACE_OUTER_BOUND('',#1103,.T.);
#732=FACE_OUTER_BOUND('',#1104,.T.);
#733=FACE_OUTER_BOUND('',#1105,.T.);
#734=FACE_OUTER_BOUND('',#1106,.T.);
#735=FACE_OUTER_BOUND('',#1107,.T.);
#736=FACE_OUTER_BOUND('',#1108,.T.);
#737=FACE_OUTER_BOUND('',#1109,.T.);
#738=FACE_OUTER_BOUND('',#1110,.T.);
#739=FACE_OUTER_BOUND('',#1111,.T.);
#740=FACE_OUTER_BOUND('',#1112,.T.);
#741=FACE_OUTER_BOUND('',#1113,.T.);
#742=FACE_OUTER_BOUND('',#1114,.T.);
#743=FACE_OUTER_BOUND('',#1116,.T.);
#744=FACE_OUTER_BOUND('',#1117,.T.);
#745=FACE_OUTER_BOUND('',#1118,.T.);
#746=FACE_OUTER_BOUND('',#1119,.T.);
#747=FACE_OUTER_BOUND('',#1120,.T.);
#748=FACE_OUTER_BOUND('',#1121,.T.);
#749=FACE_OUTER_BOUND('',#1122,.T.);
#750=FACE_OUTER_BOUND('',#1123,.T.);
#751=FACE_OUTER_BOUND('',#1124,.T.);
#752=FACE_OUTER_BOUND('',#1125,.T.);
#753=FACE_OUTER_BOUND('',#1127,.T.);
#754=FACE_OUTER_BOUND('',#1128,.T.);
#755=FACE_OUTER_BOUND('',#1129,.T.);
#756=FACE_OUTER_BOUND('',#1130,.T.);
#757=FACE_OUTER_BOUND('',#1132,.T.);
#758=FACE_OUTER_BOUND('',#1133,.T.);
#759=FACE_OUTER_BOUND('',#1134,.T.);
#760=FACE_OUTER_BOUND('',#1135,.T.);
#761=FACE_OUTER_BOUND('',#1136,.T.);
#762=FACE_OUTER_BOUND('',#1137,.T.);
#763=FACE_OUTER_BOUND('',#1138,.T.);
#764=FACE_OUTER_BOUND('',#1139,.T.);
#765=FACE_OUTER_BOUND('',#1140,.T.);
#766=FACE_OUTER_BOUND('',#1141,.T.);
#767=FACE_OUTER_BOUND('',#1142,.T.);
#768=FACE_OUTER_BOUND('',#1143,.T.);
#769=FACE_OUTER_BOUND('',#1144,.T.);
#770=FACE_OUTER_BOUND('',#1145,.T.);
#771=FACE_OUTER_BOUND('',#1146,.T.);
#772=FACE_OUTER_BOUND('',#1147,.T.);
#773=FACE_OUTER_BOUND('',#1148,.T.);
#774=FACE_OUTER_BOUND('',#1149,.T.);
#775=FACE_OUTER_BOUND('',#1150,.T.);
#776=FACE_OUTER_BOUND('',#1151,.T.);
#777=FACE_OUTER_BOUND('',#1152,.T.);
#778=FACE_OUTER_BOUND('',#1153,.T.);
#779=FACE_OUTER_BOUND('',#1154,.T.);
#780=FACE_OUTER_BOUND('',#1155,.T.);
#781=FACE_OUTER_BOUND('',#1156,.T.);
#782=FACE_OUTER_BOUND('',#1157,.T.);
#783=FACE_OUTER_BOUND('',#1158,.T.);
#784=FACE_OUTER_BOUND('',#1159,.T.);
#785=FACE_OUTER_BOUND('',#1160,.T.);
#786=FACE_OUTER_BOUND('',#1161,.T.);
#787=FACE_OUTER_BOUND('',#1162,.T.);
#788=FACE_OUTER_BOUND('',#1163,.T.);
#789=FACE_OUTER_BOUND('',#1164,.T.);
#790=FACE_OUTER_BOUND('',#1165,.T.);
#791=FACE_OUTER_BOUND('',#1166,.T.);
#792=FACE_OUTER_BOUND('',#1167,.T.);
#793=FACE_OUTER_BOUND('',#1168,.T.);
#794=FACE_OUTER_BOUND('',#1169,.T.);
#795=FACE_OUTER_BOUND('',#1170,.T.);
#796=FACE_OUTER_BOUND('',#1171,.T.);
#797=FACE_OUTER_BOUND('',#1172,.T.);
#798=FACE_OUTER_BOUND('',#1173,.T.);
#799=FACE_OUTER_BOUND('',#1174,.T.);
#800=FACE_OUTER_BOUND('',#1175,.T.);
#801=FACE_OUTER_BOUND('',#1176,.T.);
#802=FACE_OUTER_BOUND('',#1177,.T.);
#803=FACE_OUTER_BOUND('',#1178,.T.);
#804=FACE_OUTER_BOUND('',#1179,.T.);
#805=FACE_OUTER_BOUND('',#1180,.T.);
#806=FACE_OUTER_BOUND('',#1181,.T.);
#807=FACE_OUTER_BOUND('',#1182,.T.);
#808=FACE_OUTER_BOUND('',#1183,.T.);
#809=FACE_OUTER_BOUND('',#1184,.T.);
#810=FACE_OUTER_BOUND('',#1185,.T.);
#811=FACE_OUTER_BOUND('',#1186,.T.);
#812=FACE_OUTER_BOUND('',#1187,.T.);
#813=FACE_OUTER_BOUND('',#1188,.T.);
#814=FACE_OUTER_BOUND('',#1189,.T.);
#815=FACE_OUTER_BOUND('',#1190,.T.);
#816=FACE_OUTER_BOUND('',#1191,.T.);
#817=FACE_OUTER_BOUND('',#1192,.T.);
#818=FACE_OUTER_BOUND('',#1193,.T.);
#819=FACE_OUTER_BOUND('',#1194,.T.);
#820=FACE_OUTER_BOUND('',#1195,.T.);
#821=FACE_OUTER_BOUND('',#1196,.T.);
#822=FACE_OUTER_BOUND('',#1197,.T.);
#823=FACE_OUTER_BOUND('',#1198,.T.);
#824=FACE_OUTER_BOUND('',#1199,.T.);
#825=FACE_OUTER_BOUND('',#1200,.T.);
#826=FACE_OUTER_BOUND('',#1201,.T.);
#827=FACE_OUTER_BOUND('',#1202,.T.);
#828=FACE_OUTER_BOUND('',#1203,.T.);
#829=FACE_OUTER_BOUND('',#1204,.T.);
#830=FACE_OUTER_BOUND('',#1205,.T.);
#831=FACE_OUTER_BOUND('',#1206,.T.);
#832=FACE_OUTER_BOUND('',#1207,.T.);
#833=FACE_OUTER_BOUND('',#1208,.T.);
#834=FACE_OUTER_BOUND('',#1209,.T.);
#835=FACE_OUTER_BOUND('',#1210,.T.);
#836=FACE_OUTER_BOUND('',#1211,.T.);
#837=FACE_OUTER_BOUND('',#1212,.T.);
#838=FACE_OUTER_BOUND('',#1213,.T.);
#839=FACE_OUTER_BOUND('',#1214,.T.);
#840=FACE_OUTER_BOUND('',#1215,.T.);
#841=FACE_OUTER_BOUND('',#1216,.T.);
#842=FACE_OUTER_BOUND('',#1217,.T.);
#843=FACE_OUTER_BOUND('',#1218,.T.);
#844=FACE_OUTER_BOUND('',#1219,.T.);
#845=FACE_OUTER_BOUND('',#1220,.T.);
#846=FACE_OUTER_BOUND('',#1221,.T.);
#847=FACE_OUTER_BOUND('',#1222,.T.);
#848=FACE_OUTER_BOUND('',#1223,.T.);
#849=FACE_OUTER_BOUND('',#1224,.T.);
#850=FACE_OUTER_BOUND('',#1225,.T.);
#851=FACE_OUTER_BOUND('',#1226,.T.);
#852=FACE_OUTER_BOUND('',#1227,.T.);
#853=FACE_OUTER_BOUND('',#1228,.T.);
#854=FACE_OUTER_BOUND('',#1229,.T.);
#855=FACE_OUTER_BOUND('',#1230,.T.);
#856=FACE_OUTER_BOUND('',#1231,.T.);
#857=FACE_OUTER_BOUND('',#1232,.T.);
#858=FACE_OUTER_BOUND('',#1233,.T.);
#859=FACE_OUTER_BOUND('',#1234,.T.);
#860=FACE_OUTER_BOUND('',#1235,.T.);
#861=FACE_OUTER_BOUND('',#1236,.T.);
#862=FACE_OUTER_BOUND('',#1237,.T.);
#863=FACE_OUTER_BOUND('',#1238,.T.);
#864=FACE_OUTER_BOUND('',#1239,.T.);
#865=FACE_OUTER_BOUND('',#1240,.T.);
#866=FACE_OUTER_BOUND('',#1241,.T.);
#867=FACE_OUTER_BOUND('',#1242,.T.);
#868=FACE_OUTER_BOUND('',#1243,.T.);
#869=FACE_OUTER_BOUND('',#1244,.T.);
#870=FACE_OUTER_BOUND('',#1245,.T.);
#871=FACE_OUTER_BOUND('',#1246,.T.);
#872=FACE_OUTER_BOUND('',#1247,.T.);
#873=FACE_OUTER_BOUND('',#1248,.T.);
#874=FACE_OUTER_BOUND('',#1249,.T.);
#875=FACE_OUTER_BOUND('',#1250,.T.);
#876=FACE_OUTER_BOUND('',#1251,.T.);
#877=FACE_OUTER_BOUND('',#1252,.T.);
#878=FACE_OUTER_BOUND('',#1253,.T.);
#879=FACE_OUTER_BOUND('',#1254,.T.);
#880=FACE_OUTER_BOUND('',#1255,.T.);
#881=FACE_OUTER_BOUND('',#1256,.T.);
#882=FACE_OUTER_BOUND('',#1257,.T.);
#883=FACE_OUTER_BOUND('',#1258,.T.);
#884=FACE_OUTER_BOUND('',#1259,.T.);
#885=FACE_OUTER_BOUND('',#1260,.T.);
#886=FACE_OUTER_BOUND('',#1261,.T.);
#887=FACE_OUTER_BOUND('',#1262,.T.);
#888=FACE_OUTER_BOUND('',#1263,.T.);
#889=FACE_OUTER_BOUND('',#1264,.T.);
#890=FACE_OUTER_BOUND('',#1265,.T.);
#891=FACE_OUTER_BOUND('',#1266,.T.);
#892=FACE_OUTER_BOUND('',#1267,.T.);
#893=FACE_OUTER_BOUND('',#1268,.T.);
#894=FACE_OUTER_BOUND('',#1269,.T.);
#895=FACE_OUTER_BOUND('',#1270,.T.);
#896=FACE_OUTER_BOUND('',#1271,.T.);
#897=FACE_OUTER_BOUND('',#1272,.T.);
#898=FACE_OUTER_BOUND('',#1273,.T.);
#899=FACE_OUTER_BOUND('',#1274,.T.);
#900=FACE_OUTER_BOUND('',#1275,.T.);
#901=FACE_OUTER_BOUND('',#1276,.T.);
#902=FACE_OUTER_BOUND('',#1277,.T.);
#903=FACE_OUTER_BOUND('',#1278,.T.);
#904=FACE_OUTER_BOUND('',#1279,.T.);
#905=FACE_OUTER_BOUND('',#1280,.T.);
#906=FACE_OUTER_BOUND('',#1281,.T.);
#907=FACE_OUTER_BOUND('',#1282,.T.);
#908=FACE_OUTER_BOUND('',#1283,.T.);
#909=FACE_OUTER_BOUND('',#1284,.T.);
#910=FACE_OUTER_BOUND('',#1285,.T.);
#911=FACE_OUTER_BOUND('',#1286,.T.);
#912=FACE_OUTER_BOUND('',#1287,.T.);
#913=FACE_OUTER_BOUND('',#1288,.T.);
#914=FACE_OUTER_BOUND('',#1289,.T.);
#915=FACE_OUTER_BOUND('',#1290,.T.);
#916=FACE_OUTER_BOUND('',#1291,.T.);
#917=FACE_OUTER_BOUND('',#1292,.T.);
#918=FACE_OUTER_BOUND('',#1293,.T.);
#919=FACE_OUTER_BOUND('',#1294,.T.);
#920=FACE_OUTER_BOUND('',#1295,.T.);
#921=FACE_OUTER_BOUND('',#1296,.T.);
#922=FACE_OUTER_BOUND('',#1297,.T.);
#923=FACE_OUTER_BOUND('',#1298,.T.);
#924=FACE_OUTER_BOUND('',#1299,.T.);
#925=FACE_OUTER_BOUND('',#1300,.T.);
#926=FACE_OUTER_BOUND('',#1301,.T.);
#927=FACE_OUTER_BOUND('',#1302,.T.);
#928=FACE_OUTER_BOUND('',#1303,.T.);
#929=FACE_OUTER_BOUND('',#1304,.T.);
#930=FACE_OUTER_BOUND('',#1305,.T.);
#931=FACE_OUTER_BOUND('',#1306,.T.);
#932=FACE_OUTER_BOUND('',#1307,.T.);
#933=FACE_OUTER_BOUND('',#1308,.T.);
#934=FACE_OUTER_BOUND('',#1309,.T.);
#935=FACE_OUTER_BOUND('',#1310,.T.);
#936=FACE_OUTER_BOUND('',#1311,.T.);
#937=FACE_OUTER_BOUND('',#1312,.T.);
#938=FACE_OUTER_BOUND('',#1313,.T.);
#939=FACE_OUTER_BOUND('',#1314,.T.);
#940=FACE_OUTER_BOUND('',#1315,.T.);
#941=FACE_OUTER_BOUND('',#1316,.T.);
#942=FACE_OUTER_BOUND('',#1317,.T.);
#943=FACE_OUTER_BOUND('',#1318,.T.);
#944=FACE_OUTER_BOUND('',#1319,.T.);
#945=FACE_OUTER_BOUND('',#1320,.T.);
#946=FACE_OUTER_BOUND('',#1321,.T.);
#947=FACE_OUTER_BOUND('',#1322,.T.);
#948=FACE_OUTER_BOUND('',#1323,.T.);
#949=FACE_OUTER_BOUND('',#1324,.T.);
#950=FACE_OUTER_BOUND('',#1325,.T.);
#951=FACE_OUTER_BOUND('',#1326,.T.);
#952=FACE_OUTER_BOUND('',#1327,.T.);
#953=FACE_OUTER_BOUND('',#1328,.T.);
#954=FACE_OUTER_BOUND('',#1329,.T.);
#955=FACE_OUTER_BOUND('',#1330,.T.);
#956=FACE_OUTER_BOUND('',#1331,.T.);
#957=FACE_OUTER_BOUND('',#1332,.T.);
#958=FACE_OUTER_BOUND('',#1333,.T.);
#959=FACE_OUTER_BOUND('',#1334,.T.);
#960=FACE_OUTER_BOUND('',#1335,.T.);
#961=FACE_OUTER_BOUND('',#1336,.T.);
#962=FACE_OUTER_BOUND('',#1337,.T.);
#963=FACE_OUTER_BOUND('',#1338,.T.);
#964=FACE_OUTER_BOUND('',#1339,.T.);
#965=FACE_OUTER_BOUND('',#1340,.T.);
#966=FACE_OUTER_BOUND('',#1341,.T.);
#967=FACE_OUTER_BOUND('',#1342,.T.);
#968=FACE_OUTER_BOUND('',#1343,.T.);
#969=FACE_OUTER_BOUND('',#1344,.T.);
#970=FACE_OUTER_BOUND('',#1345,.T.);
#971=FACE_OUTER_BOUND('',#1346,.T.);
#972=FACE_OUTER_BOUND('',#1347,.T.);
#973=FACE_OUTER_BOUND('',#1348,.T.);
#974=FACE_OUTER_BOUND('',#1349,.T.);
#975=FACE_OUTER_BOUND('',#1350,.T.);
#976=FACE_OUTER_BOUND('',#1351,.T.);
#977=FACE_OUTER_BOUND('',#1352,.T.);
#978=FACE_OUTER_BOUND('',#1353,.T.);
#979=FACE_OUTER_BOUND('',#1354,.T.);
#980=FACE_OUTER_BOUND('',#1355,.T.);
#981=FACE_OUTER_BOUND('',#1356,.T.);
#982=FACE_OUTER_BOUND('',#1357,.T.);
#983=FACE_OUTER_BOUND('',#1358,.T.);
#984=FACE_OUTER_BOUND('',#1359,.T.);
#985=FACE_OUTER_BOUND('',#1360,.T.);
#986=FACE_OUTER_BOUND('',#1361,.T.);
#987=FACE_OUTER_BOUND('',#1362,.T.);
#988=FACE_OUTER_BOUND('',#1363,.T.);
#989=FACE_OUTER_BOUND('',#1364,.T.);
#990=FACE_OUTER_BOUND('',#1365,.T.);
#991=FACE_OUTER_BOUND('',#1366,.T.);
#992=FACE_OUTER_BOUND('',#1367,.T.);
#993=FACE_OUTER_BOUND('',#1368,.T.);
#994=FACE_OUTER_BOUND('',#1369,.T.);
#995=FACE_OUTER_BOUND('',#1370,.T.);
#996=FACE_OUTER_BOUND('',#1371,.T.);
#997=FACE_OUTER_BOUND('',#1372,.T.);
#998=FACE_OUTER_BOUND('',#1373,.T.);
#999=FACE_OUTER_BOUND('',#1374,.T.);
#1000=FACE_OUTER_BOUND('',#1375,.T.);
#1001=FACE_OUTER_BOUND('',#1376,.T.);
#1002=FACE_OUTER_BOUND('',#1377,.T.);
#1003=FACE_OUTER_BOUND('',#1378,.T.);
#1004=FACE_OUTER_BOUND('',#1379,.T.);
#1005=FACE_OUTER_BOUND('',#1380,.T.);
#1006=FACE_OUTER_BOUND('',#1381,.T.);
#1007=FACE_OUTER_BOUND('',#1382,.T.);
#1008=FACE_OUTER_BOUND('',#1383,.T.);
#1009=FACE_OUTER_BOUND('',#1384,.T.);
#1010=FACE_OUTER_BOUND('',#1385,.T.);
#1011=FACE_OUTER_BOUND('',#1386,.T.);
#1012=FACE_OUTER_BOUND('',#1387,.T.);
#1013=FACE_OUTER_BOUND('',#1388,.T.);
#1014=FACE_OUTER_BOUND('',#1389,.T.);
#1015=FACE_OUTER_BOUND('',#1390,.T.);
#1016=FACE_OUTER_BOUND('',#1391,.T.);
#1017=FACE_OUTER_BOUND('',#1392,.T.);
#1018=FACE_OUTER_BOUND('',#1393,.T.);
#1019=FACE_OUTER_BOUND('',#1394,.T.);
#1020=FACE_OUTER_BOUND('',#1395,.T.);
#1021=FACE_OUTER_BOUND('',#1396,.T.);
#1022=FACE_OUTER_BOUND('',#1397,.T.);
#1023=FACE_OUTER_BOUND('',#1398,.T.);
#1024=FACE_OUTER_BOUND('',#1399,.T.);
#1025=FACE_OUTER_BOUND('',#1400,.T.);
#1026=FACE_OUTER_BOUND('',#1401,.T.);
#1027=FACE_OUTER_BOUND('',#1402,.T.);
#1028=FACE_OUTER_BOUND('',#1403,.T.);
#1029=FACE_OUTER_BOUND('',#1404,.T.);
#1030=FACE_OUTER_BOUND('',#1405,.T.);
#1031=FACE_OUTER_BOUND('',#1406,.T.);
#1032=FACE_OUTER_BOUND('',#1407,.T.);
#1033=FACE_OUTER_BOUND('',#1408,.T.);
#1034=FACE_OUTER_BOUND('',#1409,.T.);
#1035=FACE_OUTER_BOUND('',#1410,.T.);
#1036=FACE_OUTER_BOUND('',#1411,.T.);
#1037=FACE_OUTER_BOUND('',#1412,.T.);
#1038=FACE_OUTER_BOUND('',#1413,.T.);
#1039=FACE_OUTER_BOUND('',#1414,.T.);
#1040=FACE_OUTER_BOUND('',#1415,.T.);
#1041=FACE_OUTER_BOUND('',#1416,.T.);
#1042=FACE_OUTER_BOUND('',#1417,.T.);
#1043=FACE_OUTER_BOUND('',#1418,.T.);
#1044=FACE_OUTER_BOUND('',#1419,.T.);
#1045=FACE_OUTER_BOUND('',#1420,.T.);
#1046=FACE_OUTER_BOUND('',#1421,.T.);
#1047=FACE_OUTER_BOUND('',#1422,.T.);
#1048=FACE_OUTER_BOUND('',#1423,.T.);
#1049=FACE_OUTER_BOUND('',#1424,.T.);
#1050=FACE_OUTER_BOUND('',#1425,.T.);
#1051=FACE_OUTER_BOUND('',#1426,.T.);
#1052=FACE_OUTER_BOUND('',#1427,.T.);
#1053=FACE_OUTER_BOUND('',#1428,.T.);
#1054=FACE_OUTER_BOUND('',#1429,.T.);
#1055=FACE_OUTER_BOUND('',#1430,.T.);
#1056=FACE_OUTER_BOUND('',#1431,.T.);
#1057=FACE_OUTER_BOUND('',#1432,.T.);
#1058=FACE_OUTER_BOUND('',#1433,.T.);
#1059=FACE_OUTER_BOUND('',#1434,.T.);
#1060=FACE_OUTER_BOUND('',#1435,.T.);
#1061=FACE_OUTER_BOUND('',#1436,.T.);
#1062=FACE_OUTER_BOUND('',#1437,.T.);
#1063=FACE_OUTER_BOUND('',#1438,.T.);
#1064=FACE_OUTER_BOUND('',#1439,.T.);
#1065=FACE_OUTER_BOUND('',#1440,.T.);
#1066=FACE_OUTER_BOUND('',#1441,.T.);
#1067=FACE_OUTER_BOUND('',#1442,.T.);
#1068=FACE_OUTER_BOUND('',#1443,.T.);
#1069=FACE_OUTER_BOUND('',#1444,.T.);
#1070=FACE_OUTER_BOUND('',#1445,.T.);
#1071=FACE_OUTER_BOUND('',#1446,.T.);
#1072=FACE_OUTER_BOUND('',#1447,.T.);
#1073=FACE_OUTER_BOUND('',#1448,.T.);
#1074=FACE_OUTER_BOUND('',#1449,.T.);
#1075=FACE_OUTER_BOUND('',#1450,.T.);
#1076=FACE_OUTER_BOUND('',#1451,.T.);
#1077=FACE_OUTER_BOUND('',#1452,.T.);
#1078=FACE_OUTER_BOUND('',#1453,.T.);
#1079=FACE_OUTER_BOUND('',#1454,.T.);
#1080=FACE_OUTER_BOUND('',#1455,.T.);
#1081=FACE_OUTER_BOUND('',#1456,.T.);
#1082=FACE_OUTER_BOUND('',#1457,.T.);
#1083=FACE_OUTER_BOUND('',#1458,.T.);
#1084=FACE_OUTER_BOUND('',#1459,.T.);
#1085=FACE_OUTER_BOUND('',#1460,.T.);
#1086=FACE_OUTER_BOUND('',#1461,.T.);
#1087=FACE_OUTER_BOUND('',#1462,.T.);
#1088=EDGE_LOOP('',(#4110,#4111,#4112,#4113));
#1089=EDGE_LOOP('',(#4114,#4115,#4116,#4117,#4118));
#1090=EDGE_LOOP('',(#4119,#4120,#4121,#4122));
#1091=EDGE_LOOP('',(#4123,#4124,#4125,#4126,#4127));
#1092=EDGE_LOOP('',(#4128,#4129,#4130,#4131));
#1093=EDGE_LOOP('',(#4132,#4133,#4134,#4135));
#1094=EDGE_LOOP('',(#4136,#4137,#4138,#4139));
#1095=EDGE_LOOP('',(#4140,#4141,#4142,#4143,#4144,#4145));
#1096=EDGE_LOOP('',(#4146,#4147,#4148,#4149,#4150,#4151,#4152,#4153,#4154,
#4155,#4156,#4157,#4158,#4159,#4160,#4161,#4162,#4163));
#1097=EDGE_LOOP('',(#4164,#4165,#4166,#4167,#4168));
#1098=EDGE_LOOP('',(#4169,#4170,#4171,#4172));
#1099=EDGE_LOOP('',(#4173,#4174,#4175,#4176));
#1100=EDGE_LOOP('',(#4177,#4178,#4179,#4180,#4181));
#1101=EDGE_LOOP('',(#4182,#4183,#4184,#4185));
#1102=EDGE_LOOP('',(#4186,#4187,#4188,#4189));
#1103=EDGE_LOOP('',(#4190,#4191,#4192,#4193));
#1104=EDGE_LOOP('',(#4194,#4195,#4196,#4197,#4198,#4199));
#1105=EDGE_LOOP('',(#4200,#4201,#4202,#4203));
#1106=EDGE_LOOP('',(#4204,#4205,#4206,#4207));
#1107=EDGE_LOOP('',(#4208,#4209,#4210,#4211));
#1108=EDGE_LOOP('',(#4212,#4213,#4214,#4215,#4216,#4217,#4218,#4219));
#1109=EDGE_LOOP('',(#4220,#4221,#4222,#4223));
#1110=EDGE_LOOP('',(#4224,#4225,#4226,#4227));
#1111=EDGE_LOOP('',(#4228,#4229,#4230,#4231,#4232,#4233,#4234,#4235));
#1112=EDGE_LOOP('',(#4236,#4237,#4238,#4239));
#1113=EDGE_LOOP('',(#4240,#4241,#4242,#4243));
#1114=EDGE_LOOP('',(#4244,#4245,#4246,#4247,#4248,#4249,#4250,#4251,#4252,
#4253,#4254,#4255,#4256,#4257,#4258,#4259));
#1115=EDGE_LOOP('',(#4260,#4261,#4262,#4263));
#1116=EDGE_LOOP('',(#4264,#4265,#4266,#4267));
#1117=EDGE_LOOP('',(#4268,#4269,#4270,#4271));
#1118=EDGE_LOOP('',(#4272,#4273,#4274,#4275));
#1119=EDGE_LOOP('',(#4276,#4277,#4278,#4279,#4280,#4281,#4282,#4283));
#1120=EDGE_LOOP('',(#4284,#4285,#4286,#4287));
#1121=EDGE_LOOP('',(#4288,#4289,#4290,#4291));
#1122=EDGE_LOOP('',(#4292,#4293,#4294,#4295));
#1123=EDGE_LOOP('',(#4296,#4297,#4298,#4299));
#1124=EDGE_LOOP('',(#4300,#4301,#4302,#4303));
#1125=EDGE_LOOP('',(#4304,#4305,#4306,#4307));
#1126=EDGE_LOOP('',(#4308));
#1127=EDGE_LOOP('',(#4309,#4310,#4311,#4312));
#1128=EDGE_LOOP('',(#4313,#4314,#4315,#4316));
#1129=EDGE_LOOP('',(#4317,#4318,#4319,#4320,#4321,#4322,#4323,#4324));
#1130=EDGE_LOOP('',(#4325,#4326,#4327,#4328,#4329,#4330,#4331,#4332,#4333,
#4334,#4335,#4336));
#1131=EDGE_LOOP('',(#4337));
#1132=EDGE_LOOP('',(#4338,#4339,#4340,#4341));
#1133=EDGE_LOOP('',(#4342,#4343,#4344,#4345));
#1134=EDGE_LOOP('',(#4346,#4347,#4348,#4349));
#1135=EDGE_LOOP('',(#4350,#4351,#4352,#4353));
#1136=EDGE_LOOP('',(#4354,#4355,#4356,#4357));
#1137=EDGE_LOOP('',(#4358,#4359,#4360,#4361));
#1138=EDGE_LOOP('',(#4362,#4363,#4364,#4365));
#1139=EDGE_LOOP('',(#4366,#4367,#4368,#4369));
#1140=EDGE_LOOP('',(#4370,#4371,#4372,#4373));
#1141=EDGE_LOOP('',(#4374,#4375,#4376,#4377,#4378,#4379,#4380,#4381,#4382,
#4383,#4384,#4385,#4386,#4387,#4388,#4389,#4390,#4391));
#1142=EDGE_LOOP('',(#4392,#4393,#4394,#4395));
#1143=EDGE_LOOP('',(#4396,#4397,#4398,#4399));
#1144=EDGE_LOOP('',(#4400,#4401,#4402,#4403));
#1145=EDGE_LOOP('',(#4404,#4405,#4406,#4407,#4408,#4409,#4410,#4411,#4412,
#4413,#4414,#4415,#4416,#4417,#4418,#4419,#4420,#4421,#4422,#4423,#4424,
#4425));
#1146=EDGE_LOOP('',(#4426,#4427,#4428,#4429));
#1147=EDGE_LOOP('',(#4430,#4431,#4432,#4433));
#1148=EDGE_LOOP('',(#4434,#4435,#4436,#4437));
#1149=EDGE_LOOP('',(#4438,#4439,#4440,#4441));
#1150=EDGE_LOOP('',(#4442,#4443,#4444,#4445));
#1151=EDGE_LOOP('',(#4446,#4447,#4448));
#1152=EDGE_LOOP('',(#4449,#4450,#4451));
#1153=EDGE_LOOP('',(#4452,#4453,#4454));
#1154=EDGE_LOOP('',(#4455,#4456,#4457));
#1155=EDGE_LOOP('',(#4458,#4459,#4460,#4461));
#1156=EDGE_LOOP('',(#4462,#4463,#4464,#4465));
#1157=EDGE_LOOP('',(#4466,#4467,#4468,#4469));
#1158=EDGE_LOOP('',(#4470,#4471,#4472,#4473));
#1159=EDGE_LOOP('',(#4474,#4475,#4476,#4477));
#1160=EDGE_LOOP('',(#4478,#4479,#4480,#4481));
#1161=EDGE_LOOP('',(#4482,#4483,#4484,#4485,#4486,#4487,#4488,#4489,#4490,
#4491,#4492));
#1162=EDGE_LOOP('',(#4493,#4494,#4495,#4496));
#1163=EDGE_LOOP('',(#4497,#4498,#4499,#4500,#4501,#4502,#4503,#4504));
#1164=EDGE_LOOP('',(#4505,#4506,#4507,#4508));
#1165=EDGE_LOOP('',(#4509,#4510,#4511,#4512));
#1166=EDGE_LOOP('',(#4513,#4514,#4515,#4516,#4517,#4518,#4519,#4520,#4521,
#4522,#4523,#4524,#4525,#4526));
#1167=EDGE_LOOP('',(#4527,#4528,#4529,#4530,#4531,#4532,#4533));
#1168=EDGE_LOOP('',(#4534,#4535,#4536,#4537,#4538,#4539));
#1169=EDGE_LOOP('',(#4540,#4541,#4542,#4543));
#1170=EDGE_LOOP('',(#4544,#4545,#4546,#4547,#4548));
#1171=EDGE_LOOP('',(#4549,#4550,#4551,#4552));
#1172=EDGE_LOOP('',(#4553,#4554,#4555,#4556));
#1173=EDGE_LOOP('',(#4557,#4558,#4559,#4560,#4561));
#1174=EDGE_LOOP('',(#4562,#4563,#4564,#4565,#4566));
#1175=EDGE_LOOP('',(#4567,#4568,#4569,#4570,#4571,#4572));
#1176=EDGE_LOOP('',(#4573,#4574,#4575,#4576,#4577,#4578,#4579));
#1177=EDGE_LOOP('',(#4580,#4581,#4582,#4583,#4584,#4585));
#1178=EDGE_LOOP('',(#4586,#4587,#4588,#4589,#4590));
#1179=EDGE_LOOP('',(#4591,#4592,#4593,#4594,#4595,#4596));
#1180=EDGE_LOOP('',(#4597,#4598,#4599,#4600));
#1181=EDGE_LOOP('',(#4601,#4602,#4603,#4604,#4605,#4606,#4607,#4608,#4609,
#4610,#4611,#4612));
#1182=EDGE_LOOP('',(#4613,#4614,#4615,#4616));
#1183=EDGE_LOOP('',(#4617,#4618,#4619,#4620));
#1184=EDGE_LOOP('',(#4621,#4622,#4623,#4624));
#1185=EDGE_LOOP('',(#4625,#4626,#4627,#4628));
#1186=EDGE_LOOP('',(#4629,#4630,#4631,#4632));
#1187=EDGE_LOOP('',(#4633,#4634,#4635));
#1188=EDGE_LOOP('',(#4636,#4637,#4638,#4639,#4640));
#1189=EDGE_LOOP('',(#4641,#4642,#4643,#4644,#4645));
#1190=EDGE_LOOP('',(#4646,#4647,#4648,#4649,#4650));
#1191=EDGE_LOOP('',(#4651,#4652,#4653));
#1192=EDGE_LOOP('',(#4654,#4655,#4656,#4657,#4658));
#1193=EDGE_LOOP('',(#4659,#4660,#4661,#4662,#4663));
#1194=EDGE_LOOP('',(#4664,#4665,#4666,#4667,#4668,#4669));
#1195=EDGE_LOOP('',(#4670,#4671,#4672,#4673,#4674));
#1196=EDGE_LOOP('',(#4675,#4676,#4677,#4678,#4679));
#1197=EDGE_LOOP('',(#4680,#4681,#4682,#4683));
#1198=EDGE_LOOP('',(#4684,#4685,#4686,#4687,#4688,#4689,#4690));
#1199=EDGE_LOOP('',(#4691,#4692,#4693,#4694,#4695,#4696));
#1200=EDGE_LOOP('',(#4697,#4698,#4699,#4700));
#1201=EDGE_LOOP('',(#4701,#4702,#4703,#4704));
#1202=EDGE_LOOP('',(#4705,#4706,#4707,#4708));
#1203=EDGE_LOOP('',(#4709,#4710,#4711,#4712));
#1204=EDGE_LOOP('',(#4713,#4714,#4715,#4716));
#1205=EDGE_LOOP('',(#4717,#4718,#4719,#4720));
#1206=EDGE_LOOP('',(#4721,#4722,#4723,#4724));
#1207=EDGE_LOOP('',(#4725,#4726,#4727,#4728,#4729,#4730,#4731));
#1208=EDGE_LOOP('',(#4732,#4733,#4734,#4735,#4736));
#1209=EDGE_LOOP('',(#4737,#4738,#4739,#4740));
#1210=EDGE_LOOP('',(#4741,#4742,#4743,#4744,#4745,#4746));
#1211=EDGE_LOOP('',(#4747,#4748,#4749,#4750));
#1212=EDGE_LOOP('',(#4751,#4752,#4753,#4754));
#1213=EDGE_LOOP('',(#4755,#4756,#4757,#4758));
#1214=EDGE_LOOP('',(#4759,#4760,#4761,#4762));
#1215=EDGE_LOOP('',(#4763,#4764,#4765,#4766));
#1216=EDGE_LOOP('',(#4767,#4768,#4769,#4770));
#1217=EDGE_LOOP('',(#4771,#4772,#4773,#4774,#4775,#4776,#4777));
#1218=EDGE_LOOP('',(#4778,#4779,#4780,#4781));
#1219=EDGE_LOOP('',(#4782,#4783,#4784,#4785,#4786,#4787,#4788));
#1220=EDGE_LOOP('',(#4789,#4790,#4791,#4792,#4793,#4794));
#1221=EDGE_LOOP('',(#4795,#4796,#4797,#4798,#4799,#4800,#4801,#4802,#4803));
#1222=EDGE_LOOP('',(#4804,#4805,#4806,#4807,#4808));
#1223=EDGE_LOOP('',(#4809,#4810,#4811,#4812));
#1224=EDGE_LOOP('',(#4813,#4814,#4815,#4816));
#1225=EDGE_LOOP('',(#4817,#4818,#4819,#4820));
#1226=EDGE_LOOP('',(#4821,#4822,#4823,#4824));
#1227=EDGE_LOOP('',(#4825,#4826,#4827,#4828));
#1228=EDGE_LOOP('',(#4829,#4830,#4831,#4832));
#1229=EDGE_LOOP('',(#4833,#4834,#4835,#4836));
#1230=EDGE_LOOP('',(#4837,#4838,#4839,#4840,#4841));
#1231=EDGE_LOOP('',(#4842,#4843,#4844,#4845));
#1232=EDGE_LOOP('',(#4846,#4847,#4848,#4849,#4850));
#1233=EDGE_LOOP('',(#4851,#4852,#4853,#4854,#4855,#4856,#4857));
#1234=EDGE_LOOP('',(#4858,#4859,#4860,#4861));
#1235=EDGE_LOOP('',(#4862,#4863,#4864,#4865));
#1236=EDGE_LOOP('',(#4866,#4867,#4868,#4869));
#1237=EDGE_LOOP('',(#4870,#4871,#4872,#4873));
#1238=EDGE_LOOP('',(#4874,#4875,#4876,#4877));
#1239=EDGE_LOOP('',(#4878,#4879,#4880,#4881,#4882,#4883,#4884));
#1240=EDGE_LOOP('',(#4885,#4886,#4887,#4888,#4889));
#1241=EDGE_LOOP('',(#4890,#4891,#4892,#4893,#4894,#4895));
#1242=EDGE_LOOP('',(#4896,#4897,#4898,#4899));
#1243=EDGE_LOOP('',(#4900,#4901,#4902,#4903));
#1244=EDGE_LOOP('',(#4904,#4905,#4906,#4907,#4908));
#1245=EDGE_LOOP('',(#4909,#4910,#4911,#4912,#4913));
#1246=EDGE_LOOP('',(#4914,#4915,#4916,#4917,#4918));
#1247=EDGE_LOOP('',(#4919,#4920,#4921,#4922));
#1248=EDGE_LOOP('',(#4923,#4924,#4925,#4926,#4927,#4928));
#1249=EDGE_LOOP('',(#4929,#4930,#4931,#4932));
#1250=EDGE_LOOP('',(#4933,#4934,#4935,#4936));
#1251=EDGE_LOOP('',(#4937,#4938,#4939,#4940));
#1252=EDGE_LOOP('',(#4941,#4942,#4943));
#1253=EDGE_LOOP('',(#4944,#4945,#4946,#4947,#4948));
#1254=EDGE_LOOP('',(#4949,#4950,#4951,#4952,#4953,#4954,#4955,#4956,#4957,
#4958,#4959,#4960,#4961));
#1255=EDGE_LOOP('',(#4962,#4963,#4964,#4965));
#1256=EDGE_LOOP('',(#4966,#4967,#4968,#4969,#4970,#4971));
#1257=EDGE_LOOP('',(#4972,#4973,#4974,#4975));
#1258=EDGE_LOOP('',(#4976,#4977,#4978,#4979));
#1259=EDGE_LOOP('',(#4980,#4981,#4982,#4983,#4984));
#1260=EDGE_LOOP('',(#4985,#4986,#4987));
#1261=EDGE_LOOP('',(#4988,#4989,#4990,#4991,#4992,#4993,#4994,#4995,#4996,
#4997,#4998,#4999,#5000));
#1262=EDGE_LOOP('',(#5001,#5002,#5003,#5004,#5005));
#1263=EDGE_LOOP('',(#5006,#5007,#5008,#5009,#5010,#5011));
#1264=EDGE_LOOP('',(#5012,#5013,#5014,#5015,#5016));
#1265=EDGE_LOOP('',(#5017,#5018,#5019,#5020));
#1266=EDGE_LOOP('',(#5021,#5022,#5023,#5024));
#1267=EDGE_LOOP('',(#5025,#5026,#5027,#5028));
#1268=EDGE_LOOP('',(#5029,#5030,#5031,#5032));
#1269=EDGE_LOOP('',(#5033,#5034,#5035,#5036));
#1270=EDGE_LOOP('',(#5037,#5038,#5039,#5040));
#1271=EDGE_LOOP('',(#5041,#5042,#5043,#5044));
#1272=EDGE_LOOP('',(#5045,#5046,#5047,#5048,#5049,#5050,#5051,#5052,#5053));
#1273=EDGE_LOOP('',(#5054,#5055,#5056,#5057));
#1274=EDGE_LOOP('',(#5058,#5059,#5060,#5061,#5062));
#1275=EDGE_LOOP('',(#5063,#5064,#5065,#5066));
#1276=EDGE_LOOP('',(#5067,#5068,#5069,#5070));
#1277=EDGE_LOOP('',(#5071,#5072,#5073,#5074));
#1278=EDGE_LOOP('',(#5075,#5076,#5077,#5078,#5079));
#1279=EDGE_LOOP('',(#5080,#5081,#5082,#5083));
#1280=EDGE_LOOP('',(#5084,#5085,#5086,#5087));
#1281=EDGE_LOOP('',(#5088,#5089,#5090,#5091));
#1282=EDGE_LOOP('',(#5092,#5093,#5094,#5095));
#1283=EDGE_LOOP('',(#5096,#5097,#5098,#5099,#5100,#5101,#5102,#5103,#5104));
#1284=EDGE_LOOP('',(#5105,#5106,#5107,#5108,#5109,#5110,#5111,#5112,#5113,
#5114,#5115));
#1285=EDGE_LOOP('',(#5116,#5117,#5118,#5119));
#1286=EDGE_LOOP('',(#5120,#5121,#5122,#5123,#5124,#5125,#5126,#5127));
#1287=EDGE_LOOP('',(#5128,#5129,#5130,#5131,#5132,#5133,#5134,#5135));
#1288=EDGE_LOOP('',(#5136,#5137,#5138,#5139,#5140,#5141,#5142,#5143));
#1289=EDGE_LOOP('',(#5144,#5145,#5146,#5147));
#1290=EDGE_LOOP('',(#5148,#5149,#5150,#5151));
#1291=EDGE_LOOP('',(#5152,#5153,#5154,#5155,#5156,#5157,#5158,#5159,#5160,
#5161,#5162,#5163));
#1292=EDGE_LOOP('',(#5164,#5165,#5166,#5167));
#1293=EDGE_LOOP('',(#5168,#5169,#5170,#5171,#5172));
#1294=EDGE_LOOP('',(#5173,#5174,#5175,#5176,#5177,#5178));
#1295=EDGE_LOOP('',(#5179,#5180,#5181,#5182,#5183,#5184,#5185,#5186,#5187,
#5188,#5189));
#1296=EDGE_LOOP('',(#5190,#5191,#5192,#5193,#5194,#5195,#5196,#5197,#5198));
#1297=EDGE_LOOP('',(#5199,#5200,#5201,#5202));
#1298=EDGE_LOOP('',(#5203,#5204,#5205,#5206,#5207));
#1299=EDGE_LOOP('',(#5208,#5209,#5210,#5211));
#1300=EDGE_LOOP('',(#5212,#5213,#5214,#5215,#5216,#5217,#5218));
#1301=EDGE_LOOP('',(#5219,#5220,#5221,#5222,#5223,#5224));
#1302=EDGE_LOOP('',(#5225,#5226,#5227,#5228,#5229));
#1303=EDGE_LOOP('',(#5230,#5231,#5232,#5233));
#1304=EDGE_LOOP('',(#5234,#5235,#5236,#5237));
#1305=EDGE_LOOP('',(#5238,#5239,#5240,#5241,#5242,#5243,#5244,#5245,#5246,
#5247,#5248,#5249,#5250,#5251,#5252,#5253,#5254,#5255,#5256,#5257,#5258,
#5259));
#1306=EDGE_LOOP('',(#5260,#5261,#5262,#5263));
#1307=EDGE_LOOP('',(#5264,#5265,#5266,#5267));
#1308=EDGE_LOOP('',(#5268,#5269,#5270,#5271));
#1309=EDGE_LOOP('',(#5272,#5273,#5274,#5275));
#1310=EDGE_LOOP('',(#5276,#5277,#5278,#5279));
#1311=EDGE_LOOP('',(#5280,#5281,#5282));
#1312=EDGE_LOOP('',(#5283,#5284,#5285));
#1313=EDGE_LOOP('',(#5286,#5287,#5288));
#1314=EDGE_LOOP('',(#5289,#5290,#5291));
#1315=EDGE_LOOP('',(#5292,#5293,#5294,#5295));
#1316=EDGE_LOOP('',(#5296,#5297,#5298,#5299));
#1317=EDGE_LOOP('',(#5300,#5301,#5302,#5303));
#1318=EDGE_LOOP('',(#5304,#5305,#5306,#5307));
#1319=EDGE_LOOP('',(#5308,#5309,#5310,#5311));
#1320=EDGE_LOOP('',(#5312,#5313,#5314,#5315));
#1321=EDGE_LOOP('',(#5316,#5317,#5318,#5319,#5320,#5321,#5322,#5323,#5324,
#5325,#5326));
#1322=EDGE_LOOP('',(#5327,#5328,#5329,#5330));
#1323=EDGE_LOOP('',(#5331,#5332,#5333,#5334,#5335,#5336,#5337,#5338));
#1324=EDGE_LOOP('',(#5339,#5340,#5341,#5342));
#1325=EDGE_LOOP('',(#5343,#5344,#5345,#5346));
#1326=EDGE_LOOP('',(#5347,#5348,#5349,#5350,#5351,#5352,#5353,#5354,#5355,
#5356,#5357,#5358,#5359,#5360));
#1327=EDGE_LOOP('',(#5361,#5362,#5363,#5364,#5365,#5366,#5367));
#1328=EDGE_LOOP('',(#5368,#5369,#5370,#5371,#5372,#5373));
#1329=EDGE_LOOP('',(#5374,#5375,#5376,#5377));
#1330=EDGE_LOOP('',(#5378,#5379,#5380,#5381,#5382));
#1331=EDGE_LOOP('',(#5383,#5384,#5385,#5386));
#1332=EDGE_LOOP('',(#5387,#5388,#5389,#5390));
#1333=EDGE_LOOP('',(#5391,#5392,#5393,#5394,#5395));
#1334=EDGE_LOOP('',(#5396,#5397,#5398,#5399,#5400));
#1335=EDGE_LOOP('',(#5401,#5402,#5403,#5404,#5405,#5406));
#1336=EDGE_LOOP('',(#5407,#5408,#5409,#5410,#5411,#5412,#5413));
#1337=EDGE_LOOP('',(#5414,#5415,#5416,#5417,#5418,#5419));
#1338=EDGE_LOOP('',(#5420,#5421,#5422,#5423,#5424));
#1339=EDGE_LOOP('',(#5425,#5426,#5427,#5428,#5429,#5430));
#1340=EDGE_LOOP('',(#5431,#5432,#5433,#5434));
#1341=EDGE_LOOP('',(#5435,#5436,#5437,#5438,#5439,#5440,#5441,#5442,#5443,
#5444,#5445,#5446));
#1342=EDGE_LOOP('',(#5447,#5448,#5449,#5450));
#1343=EDGE_LOOP('',(#5451,#5452,#5453,#5454));
#1344=EDGE_LOOP('',(#5455,#5456,#5457,#5458));
#1345=EDGE_LOOP('',(#5459,#5460,#5461,#5462));
#1346=EDGE_LOOP('',(#5463,#5464,#5465,#5466));
#1347=EDGE_LOOP('',(#5467,#5468,#5469));
#1348=EDGE_LOOP('',(#5470,#5471,#5472,#5473,#5474));
#1349=EDGE_LOOP('',(#5475,#5476,#5477,#5478,#5479));
#1350=EDGE_LOOP('',(#5480,#5481,#5482,#5483,#5484));
#1351=EDGE_LOOP('',(#5485,#5486,#5487));
#1352=EDGE_LOOP('',(#5488,#5489,#5490,#5491,#5492));
#1353=EDGE_LOOP('',(#5493,#5494,#5495,#5496,#5497));
#1354=EDGE_LOOP('',(#5498,#5499,#5500,#5501,#5502,#5503));
#1355=EDGE_LOOP('',(#5504,#5505,#5506,#5507,#5508));
#1356=EDGE_LOOP('',(#5509,#5510,#5511,#5512,#5513));
#1357=EDGE_LOOP('',(#5514,#5515,#5516,#5517));
#1358=EDGE_LOOP('',(#5518,#5519,#5520,#5521,#5522,#5523,#5524));
#1359=EDGE_LOOP('',(#5525,#5526,#5527,#5528,#5529,#5530));
#1360=EDGE_LOOP('',(#5531,#5532,#5533,#5534));
#1361=EDGE_LOOP('',(#5535,#5536,#5537,#5538));
#1362=EDGE_LOOP('',(#5539,#5540,#5541,#5542));
#1363=EDGE_LOOP('',(#5543,#5544,#5545,#5546));
#1364=EDGE_LOOP('',(#5547,#5548,#5549,#5550));
#1365=EDGE_LOOP('',(#5551,#5552,#5553,#5554));
#1366=EDGE_LOOP('',(#5555,#5556,#5557,#5558));
#1367=EDGE_LOOP('',(#5559,#5560,#5561,#5562,#5563,#5564,#5565));
#1368=EDGE_LOOP('',(#5566,#5567,#5568,#5569,#5570));
#1369=EDGE_LOOP('',(#5571,#5572,#5573,#5574));
#1370=EDGE_LOOP('',(#5575,#5576,#5577,#5578,#5579,#5580));
#1371=EDGE_LOOP('',(#5581,#5582,#5583,#5584));
#1372=EDGE_LOOP('',(#5585,#5586,#5587,#5588));
#1373=EDGE_LOOP('',(#5589,#5590,#5591,#5592));
#1374=EDGE_LOOP('',(#5593,#5594,#5595,#5596));
#1375=EDGE_LOOP('',(#5597,#5598,#5599,#5600));
#1376=EDGE_LOOP('',(#5601,#5602,#5603,#5604));
#1377=EDGE_LOOP('',(#5605,#5606,#5607,#5608,#5609,#5610,#5611));
#1378=EDGE_LOOP('',(#5612,#5613,#5614,#5615));
#1379=EDGE_LOOP('',(#5616,#5617,#5618,#5619,#5620,#5621,#5622));
#1380=EDGE_LOOP('',(#5623,#5624,#5625,#5626,#5627,#5628));
#1381=EDGE_LOOP('',(#5629,#5630,#5631,#5632,#5633,#5634,#5635,#5636,#5637));
#1382=EDGE_LOOP('',(#5638,#5639,#5640,#5641,#5642));
#1383=EDGE_LOOP('',(#5643,#5644,#5645,#5646));
#1384=EDGE_LOOP('',(#5647,#5648,#5649,#5650));
#1385=EDGE_LOOP('',(#5651,#5652,#5653,#5654));
#1386=EDGE_LOOP('',(#5655,#5656,#5657,#5658));
#1387=EDGE_LOOP('',(#5659,#5660,#5661,#5662));
#1388=EDGE_LOOP('',(#5663,#5664,#5665,#5666));
#1389=EDGE_LOOP('',(#5667,#5668,#5669,#5670));
#1390=EDGE_LOOP('',(#5671,#5672,#5673,#5674,#5675));
#1391=EDGE_LOOP('',(#5676,#5677,#5678,#5679));
#1392=EDGE_LOOP('',(#5680,#5681,#5682,#5683,#5684));
#1393=EDGE_LOOP('',(#5685,#5686,#5687,#5688,#5689,#5690,#5691));
#1394=EDGE_LOOP('',(#5692,#5693,#5694,#5695));
#1395=EDGE_LOOP('',(#5696,#5697,#5698,#5699));
#1396=EDGE_LOOP('',(#5700,#5701,#5702,#5703));
#1397=EDGE_LOOP('',(#5704,#5705,#5706,#5707));
#1398=EDGE_LOOP('',(#5708,#5709,#5710,#5711));
#1399=EDGE_LOOP('',(#5712,#5713,#5714,#5715,#5716,#5717,#5718));
#1400=EDGE_LOOP('',(#5719,#5720,#5721,#5722,#5723));
#1401=EDGE_LOOP('',(#5724,#5725,#5726,#5727,#5728,#5729));
#1402=EDGE_LOOP('',(#5730,#5731,#5732,#5733));
#1403=EDGE_LOOP('',(#5734,#5735,#5736,#5737));
#1404=EDGE_LOOP('',(#5738,#5739,#5740,#5741,#5742));
#1405=EDGE_LOOP('',(#5743,#5744,#5745,#5746,#5747));
#1406=EDGE_LOOP('',(#5748,#5749,#5750,#5751,#5752));
#1407=EDGE_LOOP('',(#5753,#5754,#5755,#5756));
#1408=EDGE_LOOP('',(#5757,#5758,#5759,#5760,#5761,#5762));
#1409=EDGE_LOOP('',(#5763,#5764,#5765,#5766));
#1410=EDGE_LOOP('',(#5767,#5768,#5769,#5770));
#1411=EDGE_LOOP('',(#5771,#5772,#5773,#5774));
#1412=EDGE_LOOP('',(#5775,#5776,#5777));
#1413=EDGE_LOOP('',(#5778,#5779,#5780,#5781,#5782));
#1414=EDGE_LOOP('',(#5783,#5784,#5785,#5786,#5787,#5788,#5789,#5790,#5791,
#5792,#5793,#5794,#5795));
#1415=EDGE_LOOP('',(#5796,#5797,#5798,#5799));
#1416=EDGE_LOOP('',(#5800,#5801,#5802,#5803,#5804,#5805));
#1417=EDGE_LOOP('',(#5806,#5807,#5808,#5809));
#1418=EDGE_LOOP('',(#5810,#5811,#5812,#5813));
#1419=EDGE_LOOP('',(#5814,#5815,#5816,#5817,#5818));
#1420=EDGE_LOOP('',(#5819,#5820,#5821));
#1421=EDGE_LOOP('',(#5822,#5823,#5824,#5825,#5826,#5827,#5828,#5829,#5830,
#5831,#5832,#5833,#5834));
#1422=EDGE_LOOP('',(#5835,#5836,#5837,#5838,#5839));
#1423=EDGE_LOOP('',(#5840,#5841,#5842,#5843,#5844,#5845));
#1424=EDGE_LOOP('',(#5846,#5847,#5848,#5849,#5850));
#1425=EDGE_LOOP('',(#5851,#5852,#5853,#5854));
#1426=EDGE_LOOP('',(#5855,#5856,#5857,#5858));
#1427=EDGE_LOOP('',(#5859,#5860,#5861,#5862));
#1428=EDGE_LOOP('',(#5863,#5864,#5865,#5866));
#1429=EDGE_LOOP('',(#5867,#5868,#5869,#5870));
#1430=EDGE_LOOP('',(#5871,#5872,#5873,#5874));
#1431=EDGE_LOOP('',(#5875,#5876,#5877,#5878));
#1432=EDGE_LOOP('',(#5879,#5880,#5881,#5882,#5883,#5884,#5885,#5886,#5887));
#1433=EDGE_LOOP('',(#5888,#5889,#5890,#5891));
#1434=EDGE_LOOP('',(#5892,#5893,#5894,#5895,#5896));
#1435=EDGE_LOOP('',(#5897,#5898,#5899,#5900));
#1436=EDGE_LOOP('',(#5901,#5902,#5903,#5904));
#1437=EDGE_LOOP('',(#5905,#5906,#5907,#5908));
#1438=EDGE_LOOP('',(#5909,#5910,#5911,#5912,#5913));
#1439=EDGE_LOOP('',(#5914,#5915,#5916,#5917));
#1440=EDGE_LOOP('',(#5918,#5919,#5920,#5921));
#1441=EDGE_LOOP('',(#5922,#5923,#5924,#5925));
#1442=EDGE_LOOP('',(#5926,#5927,#5928,#5929));
#1443=EDGE_LOOP('',(#5930,#5931,#5932,#5933,#5934,#5935,#5936,#5937,#5938));
#1444=EDGE_LOOP('',(#5939,#5940,#5941,#5942,#5943,#5944,#5945,#5946,#5947,
#5948,#5949));
#1445=EDGE_LOOP('',(#5950,#5951,#5952,#5953));
#1446=EDGE_LOOP('',(#5954,#5955,#5956,#5957,#5958,#5959,#5960,#5961));
#1447=EDGE_LOOP('',(#5962,#5963,#5964,#5965,#5966,#5967,#5968,#5969));
#1448=EDGE_LOOP('',(#5970,#5971,#5972,#5973,#5974,#5975,#5976,#5977));
#1449=EDGE_LOOP('',(#5978,#5979,#5980,#5981));
#1450=EDGE_LOOP('',(#5982,#5983,#5984,#5985));
#1451=EDGE_LOOP('',(#5986,#5987,#5988,#5989,#5990,#5991,#5992,#5993,#5994,
#5995,#5996,#5997));
#1452=EDGE_LOOP('',(#5998,#5999,#6000,#6001));
#1453=EDGE_LOOP('',(#6002,#6003,#6004,#6005,#6006));
#1454=EDGE_LOOP('',(#6007,#6008,#6009,#6010,#6011,#6012));
#1455=EDGE_LOOP('',(#6013,#6014,#6015,#6016,#6017,#6018,#6019,#6020,#6021,
#6022,#6023));
#1456=EDGE_LOOP('',(#6024,#6025,#6026,#6027,#6028,#6029,#6030,#6031,#6032));
#1457=EDGE_LOOP('',(#6033,#6034,#6035,#6036));
#1458=EDGE_LOOP('',(#6037,#6038,#6039,#6040,#6041));
#1459=EDGE_LOOP('',(#6042,#6043,#6044,#6045));
#1460=EDGE_LOOP('',(#6046,#6047,#6048,#6049,#6050,#6051,#6052));
#1461=EDGE_LOOP('',(#6053,#6054,#6055,#6056,#6057,#6058));
#1462=EDGE_LOOP('',(#6059,#6060,#6061,#6062,#6063));
#1463=LINE('',#9050,#1996);
#1464=LINE('',#9052,#1997);
#1465=LINE('',#9054,#1998);
#1466=LINE('',#9055,#1999);
#1467=LINE('',#9059,#2000);
#1468=LINE('',#9060,#2001);
#1469=LINE('',#9062,#2002);
#1470=LINE('',#9063,#2003);
#1471=LINE('',#9066,#2004);
#1472=LINE('',#9067,#2005);
#1473=LINE('',#9070,#2006);
#1474=LINE('',#9072,#2007);
#1475=LINE('',#9073,#2008);
#1476=LINE('',#9076,#2009);
#1477=LINE('',#9078,#2010);
#1478=LINE('',#9079,#2011);
#1479=LINE('',#9082,#2012);
#1480=LINE('',#9084,#2013);
#1481=LINE('',#9085,#2014);
#1482=LINE('',#9087,#2015);
#1483=LINE('',#9088,#2016);
#1484=LINE('',#9092,#2017);
#1485=LINE('',#9094,#2018);
#1486=LINE('',#9096,#2019);
#1487=LINE('',#9098,#2020);
#1488=LINE('',#9100,#2021);
#1489=LINE('',#9102,#2022);
#1490=LINE('',#9104,#2023);
#1491=LINE('',#9106,#2024);
#1492=LINE('',#9108,#2025);
#1493=LINE('',#9110,#2026);
#1494=LINE('',#9112,#2027);
#1495=LINE('',#9114,#2028);
#1496=LINE('',#9115,#2029);
#1497=LINE('',#9119,#2030);
#1498=LINE('',#9121,#2031);
#1499=LINE('',#9123,#2032);
#1500=LINE('',#9125,#2033);
#1501=LINE('',#9126,#2034);
#1502=LINE('',#9129,#2035);
#1503=LINE('',#9131,#2036);
#1504=LINE('',#9132,#2037);
#1505=LINE('',#9135,#2038);
#1506=LINE('',#9136,#2039);
#1507=LINE('',#9139,#2040);
#1508=LINE('',#9141,#2041);
#1509=LINE('',#9142,#2042);
#1510=LINE('',#9145,#2043);
#1511=LINE('',#9147,#2044);
#1512=LINE('',#9148,#2045);
#1513=LINE('',#9151,#2046);
#1514=LINE('',#9153,#2047);
#1515=LINE('',#9154,#2048);
#1516=LINE('',#9156,#2049);
#1517=LINE('',#9157,#2050);
#1518=LINE('',#9162,#2051);
#1519=LINE('',#9163,#2052);
#1520=LINE('',#9164,#2053);
#1521=LINE('',#9167,#2054);
#1522=LINE('',#9168,#2055);
#1523=LINE('',#9171,#2056);
#1524=LINE('',#9172,#2057);
#1525=LINE('',#9175,#2058);
#1526=LINE('',#9177,#2059);
#1527=LINE('',#9179,#2060);
#1528=LINE('',#9181,#2061);
#1529=LINE('',#9182,#2062);
#1530=LINE('',#9186,#2063);
#1531=LINE('',#9187,#2064);
#1532=LINE('',#9188,#2065);
#1533=LINE('',#9191,#2066);
#1534=LINE('',#9192,#2067);
#1535=LINE('',#9195,#2068);
#1536=LINE('',#9197,#2069);
#1537=LINE('',#9199,#2070);
#1538=LINE('',#9201,#2071);
#1539=LINE('',#9203,#2072);
#1540=LINE('',#9204,#2073);
#1541=LINE('',#9208,#2074);
#1542=LINE('',#9210,#2075);
#1543=LINE('',#9212,#2076);
#1544=LINE('',#9213,#2077);
#1545=LINE('',#9216,#2078);
#1546=LINE('',#9218,#2079);
#1547=LINE('',#9219,#2080);
#1548=LINE('',#9222,#2081);
#1549=LINE('',#9224,#2082);
#1550=LINE('',#9226,#2083);
#1551=LINE('',#9227,#2084);
#1552=LINE('',#9228,#2085);
#1553=LINE('',#9230,#2086);
#1554=LINE('',#9231,#2087);
#1555=LINE('',#9234,#2088);
#1556=LINE('',#9236,#2089);
#1557=LINE('',#9238,#2090);
#1558=LINE('',#9239,#2091);
#1559=LINE('',#9242,#2092);
#1560=LINE('',#9244,#2093);
#1561=LINE('',#9245,#2094);
#1562=LINE('',#9248,#2095);
#1563=LINE('',#9250,#2096);
#1564=LINE('',#9251,#2097);
#1565=LINE('',#9254,#2098);
#1566=LINE('',#9256,#2099);
#1567=LINE('',#9257,#2100);
#1568=LINE('',#9260,#2101);
#1569=LINE('',#9262,#2102);
#1570=LINE('',#9264,#2103);
#1571=LINE('',#9265,#2104);
#1572=LINE('',#9270,#2105);
#1573=LINE('',#9274,#2106);
#1574=LINE('',#9276,#2107);
#1575=LINE('',#9277,#2108);
#1576=LINE('',#9280,#2109);
#1577=LINE('',#9281,#2110);
#1578=LINE('',#9284,#2111);
#1579=LINE('',#9285,#2112);
#1580=LINE('',#9287,#2113);
#1581=LINE('',#9291,#2114);
#1582=LINE('',#9293,#2115);
#1583=LINE('',#9294,#2116);
#1584=LINE('',#9298,#2117);
#1585=LINE('',#9300,#2118);
#1586=LINE('',#9302,#2119);
#1587=LINE('',#9303,#2120);
#1588=LINE('',#9306,#2121);
#1589=LINE('',#9307,#2122);
#1590=LINE('',#9309,#2123);
#1591=LINE('',#9310,#2124);
#1592=LINE('',#9312,#2125);
#1593=LINE('',#9313,#2126);
#1594=LINE('',#9314,#2127);
#1595=LINE('',#9315,#2128);
#1596=LINE('',#9316,#2129);
#1597=LINE('',#9318,#2130);
#1598=LINE('',#9320,#2131);
#1599=LINE('',#9322,#2132);
#1600=LINE('',#9324,#2133);
#1601=LINE('',#9328,#2134);
#1602=LINE('',#9329,#2135);
#1603=LINE('',#9333,#2136);
#1604=LINE('',#9342,#2137);
#1605=LINE('',#9345,#2138);
#1606=LINE('',#9354,#2139);
#1607=LINE('',#9358,#2140);
#1608=LINE('',#9360,#2141);
#1609=LINE('',#9362,#2142);
#1610=LINE('',#9366,#2143);
#1611=LINE('',#9368,#2144);
#1612=LINE('',#9370,#2145);
#1613=LINE('',#9372,#2146);
#1614=LINE('',#9374,#2147);
#1615=LINE('',#9378,#2148);
#1616=LINE('',#9380,#2149);
#1617=LINE('',#9382,#2150);
#1618=LINE('',#9386,#2151);
#1619=LINE('',#9388,#2152);
#1620=LINE('',#9391,#2153);
#1621=LINE('',#9397,#2154);
#1622=LINE('',#9400,#2155);
#1623=LINE('',#9405,#2156);
#1624=LINE('',#9408,#2157);
#1625=LINE('',#9413,#2158);
#1626=LINE('',#9419,#2159);
#1627=LINE('',#9421,#2160);
#1628=LINE('',#9426,#2161);
#1629=LINE('',#9429,#2162);
#1630=LINE('',#9440,#2163);
#1631=LINE('',#9443,#2164);
#1632=LINE('',#9446,#2165);
#1633=LINE('',#9447,#2166);
#1634=LINE('',#9452,#2167);
#1635=LINE('',#9456,#2168);
#1636=LINE('',#9457,#2169);
#1637=LINE('',#9460,#2170);
#1638=LINE('',#9464,#2171);
#1639=LINE('',#9473,#2172);
#1640=LINE('',#9477,#2173);
#1641=LINE('',#9479,#2174);
#1642=LINE('',#9483,#2175);
#1643=LINE('',#9484,#2176);
#1644=LINE('',#9490,#2177);
#1645=LINE('',#9502,#2178);
#1646=LINE('',#9539,#2179);
#1647=LINE('',#9549,#2180);
#1648=LINE('',#9552,#2181);
#1649=LINE('',#9559,#2182);
#1650=LINE('',#9561,#2183);
#1651=LINE('',#9564,#2184);
#1652=LINE('',#9572,#2185);
#1653=LINE('',#9590,#2186);
#1654=LINE('',#9595,#2187);
#1655=LINE('',#9614,#2188);
#1656=LINE('',#9634,#2189);
#1657=LINE('',#9635,#2190);
#1658=LINE('',#9639,#2191);
#1659=LINE('',#9641,#2192);
#1660=LINE('',#9647,#2193);
#1661=LINE('',#9681,#2194);
#1662=LINE('',#9688,#2195);
#1663=LINE('',#9690,#2196);
#1664=LINE('',#9691,#2197);
#1665=LINE('',#9692,#2198);
#1666=LINE('',#9703,#2199);
#1667=LINE('',#9706,#2200);
#1668=LINE('',#9710,#2201);
#1669=LINE('',#9720,#2202);
#1670=LINE('',#9737,#2203);
#1671=LINE('',#9740,#2204);
#1672=LINE('',#9742,#2205);
#1673=LINE('',#9743,#2206);
#1674=LINE('',#9816,#2207);
#1675=LINE('',#9818,#2208);
#1676=LINE('',#9820,#2209);
#1677=LINE('',#9838,#2210);
#1678=LINE('',#9840,#2211);
#1679=LINE('',#9842,#2212);
#1680=LINE('',#9850,#2213);
#1681=LINE('',#9857,#2214);
#1682=LINE('',#9859,#2215);
#1683=LINE('',#9860,#2216);
#1684=LINE('',#9871,#2217);
#1685=LINE('',#9876,#2218);
#1686=LINE('',#9882,#2219);
#1687=LINE('',#9883,#2220);
#1688=LINE('',#9890,#2221);
#1689=LINE('',#9904,#2222);
#1690=LINE('',#9905,#2223);
#1691=LINE('',#9909,#2224);
#1692=LINE('',#9914,#2225);
#1693=LINE('',#9932,#2226);
#1694=LINE('',#9970,#2227);
#1695=LINE('',#9979,#2228);
#1696=LINE('',#9989,#2229);
#1697=LINE('',#10002,#2230);
#1698=LINE('',#10005,#2231);
#1699=LINE('',#10008,#2232);
#1700=LINE('',#10016,#2233);
#1701=LINE('',#10118,#2234);
#1702=LINE('',#10120,#2235);
#1703=LINE('',#10210,#2236);
#1704=LINE('',#10211,#2237);
#1705=LINE('',#10258,#2238);
#1706=LINE('',#10289,#2239);
#1707=LINE('',#10349,#2240);
#1708=LINE('',#10353,#2241);
#1709=LINE('',#10356,#2242);
#1710=LINE('',#10371,#2243);
#1711=LINE('',#10427,#2244);
#1712=LINE('',#10449,#2245);
#1713=LINE('',#10461,#2246);
#1714=LINE('',#10480,#2247);
#1715=LINE('',#10481,#2248);
#1716=LINE('',#10497,#2249);
#1717=LINE('',#10505,#2250);
#1718=LINE('',#10511,#2251);
#1719=LINE('',#10520,#2252);
#1720=LINE('',#10527,#2253);
#1721=LINE('',#10529,#2254);
#1722=LINE('',#10533,#2255);
#1723=LINE('',#10536,#2256);
#1724=LINE('',#10540,#2257);
#1725=LINE('',#10543,#2258);
#1726=LINE('',#10546,#2259);
#1727=LINE('',#10549,#2260);
#1728=LINE('',#10552,#2261);
#1729=LINE('',#10555,#2262);
#1730=LINE('',#10558,#2263);
#1731=LINE('',#10561,#2264);
#1732=LINE('',#10564,#2265);
#1733=LINE('',#10567,#2266);
#1734=LINE('',#10573,#2267);
#1735=LINE('',#10574,#2268);
#1736=LINE('',#10579,#2269);
#1737=LINE('',#10581,#2270);
#1738=LINE('',#10585,#2271);
#1739=LINE('',#10586,#2272);
#1740=LINE('',#10589,#2273);
#1741=LINE('',#10590,#2274);
#1742=LINE('',#10593,#2275);
#1743=LINE('',#10594,#2276);
#1744=LINE('',#10597,#2277);
#1745=LINE('',#10598,#2278);
#1746=LINE('',#10601,#2279);
#1747=LINE('',#10602,#2280);
#1748=LINE('',#10606,#2281);
#1749=LINE('',#10649,#2282);
#1750=LINE('',#10652,#2283);
#1751=LINE('',#10742,#2284);
#1752=LINE('',#10745,#2285);
#1753=LINE('',#10773,#2286);
#1754=LINE('',#10785,#2287);
#1755=LINE('',#10789,#2288);
#1756=LINE('',#10797,#2289);
#1757=LINE('',#10799,#2290);
#1758=LINE('',#10803,#2291);
#1759=LINE('',#10836,#2292);
#1760=LINE('',#10839,#2293);
#1761=LINE('',#10840,#2294);
#1762=LINE('',#10842,#2295);
#1763=LINE('',#10844,#2296);
#1764=LINE('',#10846,#2297);
#1765=LINE('',#10852,#2298);
#1766=LINE('',#10853,#2299);
#1767=LINE('',#10857,#2300);
#1768=LINE('',#10878,#2301);
#1769=LINE('',#10891,#2302);
#1770=LINE('',#10897,#2303);
#1771=LINE('',#10900,#2304);
#1772=LINE('',#10901,#2305);
#1773=LINE('',#10903,#2306);
#1774=LINE('',#10905,#2307);
#1775=LINE('',#10906,#2308);
#1776=LINE('',#10907,#2309);
#1777=LINE('',#10913,#2310);
#1778=LINE('',#10917,#2311);
#1779=LINE('',#11030,#2312);
#1780=LINE('',#11033,#2313);
#1781=LINE('',#11044,#2314);
#1782=LINE('',#11045,#2315);
#1783=LINE('',#11053,#2316);
#1784=LINE('',#11086,#2317);
#1785=LINE('',#11087,#2318);
#1786=LINE('',#11123,#2319);
#1787=LINE('',#11202,#2320);
#1788=LINE('',#11203,#2321);
#1789=LINE('',#11209,#2322);
#1790=LINE('',#11212,#2323);
#1791=LINE('',#11213,#2324);
#1792=LINE('',#11300,#2325);
#1793=LINE('',#11305,#2326);
#1794=LINE('',#11307,#2327);
#1795=LINE('',#11309,#2328);
#1796=LINE('',#11398,#2329);
#1797=LINE('',#11400,#2330);
#1798=LINE('',#11407,#2331);
#1799=LINE('',#11409,#2332);
#1800=LINE('',#11420,#2333);
#1801=LINE('',#11423,#2334);
#1802=LINE('',#11432,#2335);
#1803=LINE('',#11436,#2336);
#1804=LINE('',#11438,#2337);
#1805=LINE('',#11442,#2338);
#1806=LINE('',#11444,#2339);
#1807=LINE('',#11446,#2340);
#1808=LINE('',#11450,#2341);
#1809=LINE('',#11452,#2342);
#1810=LINE('',#11454,#2343);
#1811=LINE('',#11456,#2344);
#1812=LINE('',#11458,#2345);
#1813=LINE('',#11462,#2346);
#1814=LINE('',#11464,#2347);
#1815=LINE('',#11466,#2348);
#1816=LINE('',#11469,#2349);
#1817=LINE('',#11475,#2350);
#1818=LINE('',#11478,#2351);
#1819=LINE('',#11483,#2352);
#1820=LINE('',#11486,#2353);
#1821=LINE('',#11490,#2354);
#1822=LINE('',#11496,#2355);
#1823=LINE('',#11499,#2356);
#1824=LINE('',#11504,#2357);
#1825=LINE('',#11507,#2358);
#1826=LINE('',#11518,#2359);
#1827=LINE('',#11521,#2360);
#1828=LINE('',#11524,#2361);
#1829=LINE('',#11525,#2362);
#1830=LINE('',#11531,#2363);
#1831=LINE('',#11534,#2364);
#1832=LINE('',#11535,#2365);
#1833=LINE('',#11539,#2366);
#1834=LINE('',#11542,#2367);
#1835=LINE('',#11544,#2368);
#1836=LINE('',#11548,#2369);
#1837=LINE('',#11550,#2370);
#1838=LINE('',#11554,#2371);
#1839=LINE('',#11562,#2372);
#1840=LINE('',#11568,#2373);
#1841=LINE('',#11580,#2374);
#1842=LINE('',#11617,#2375);
#1843=LINE('',#11627,#2376);
#1844=LINE('',#11634,#2377);
#1845=LINE('',#11637,#2378);
#1846=LINE('',#11645,#2379);
#1847=LINE('',#11649,#2380);
#1848=LINE('',#11650,#2381);
#1849=LINE('',#11666,#2382);
#1850=LINE('',#11673,#2383);
#1851=LINE('',#11691,#2384);
#1852=LINE('',#11712,#2385);
#1853=LINE('',#11713,#2386);
#1854=LINE('',#11716,#2387);
#1855=LINE('',#11719,#2388);
#1856=LINE('',#11730,#2389);
#1857=LINE('',#11763,#2390);
#1858=LINE('',#11765,#2391);
#1859=LINE('',#11767,#2392);
#1860=LINE('',#11769,#2393);
#1861=LINE('',#11770,#2394);
#1862=LINE('',#11773,#2395);
#1863=LINE('',#11786,#2396);
#1864=LINE('',#11789,#2397);
#1865=LINE('',#11800,#2398);
#1866=LINE('',#11816,#2399);
#1867=LINE('',#11818,#2400);
#1868=LINE('',#11820,#2401);
#1869=LINE('',#11821,#2402);
#1870=LINE('',#11894,#2403);
#1871=LINE('',#11903,#2404);
#1872=LINE('',#11905,#2405);
#1873=LINE('',#11907,#2406);
#1874=LINE('',#11925,#2407);
#1875=LINE('',#11927,#2408);
#1876=LINE('',#11928,#2409);
#1877=LINE('',#11935,#2410);
#1878=LINE('',#11937,#2411);
#1879=LINE('',#11938,#2412);
#1880=LINE('',#11941,#2413);
#1881=LINE('',#11953,#2414);
#1882=LINE('',#11960,#2415);
#1883=LINE('',#11961,#2416);
#1884=LINE('',#11969,#2417);
#1885=LINE('',#11982,#2418);
#1886=LINE('',#11983,#2419);
#1887=LINE('',#11987,#2420);
#1888=LINE('',#11991,#2421);
#1889=LINE('',#12025,#2422);
#1890=LINE('',#12059,#2423);
#1891=LINE('',#12069,#2424);
#1892=LINE('',#12077,#2425);
#1893=LINE('',#12080,#2426);
#1894=LINE('',#12083,#2427);
#1895=LINE('',#12087,#2428);
#1896=LINE('',#12125,#2429);
#1897=LINE('',#12196,#2430);
#1898=LINE('',#12229,#2431);
#1899=LINE('',#12288,#2432);
#1900=LINE('',#12289,#2433);
#1901=LINE('',#12322,#2434);
#1902=LINE('',#12380,#2435);
#1903=LINE('',#12428,#2436);
#1904=LINE('',#12431,#2437);
#1905=LINE('',#12434,#2438);
#1906=LINE('',#12437,#2439);
#1907=LINE('',#12505,#2440);
#1908=LINE('',#12543,#2441);
#1909=LINE('',#12555,#2442);
#1910=LINE('',#12558,#2443);
#1911=LINE('',#12559,#2444);
#1912=LINE('',#12574,#2445);
#1913=LINE('',#12583,#2446);
#1914=LINE('',#12589,#2447);
#1915=LINE('',#12598,#2448);
#1916=LINE('',#12604,#2449);
#1917=LINE('',#12607,#2450);
#1918=LINE('',#12611,#2451);
#1919=LINE('',#12614,#2452);
#1920=LINE('',#12618,#2453);
#1921=LINE('',#12620,#2454);
#1922=LINE('',#12624,#2455);
#1923=LINE('',#12626,#2456);
#1924=LINE('',#12630,#2457);
#1925=LINE('',#12632,#2458);
#1926=LINE('',#12636,#2459);
#1927=LINE('',#12638,#2460);
#1928=LINE('',#12642,#2461);
#1929=LINE('',#12644,#2462);
#1930=LINE('',#12651,#2463);
#1931=LINE('',#12652,#2464);
#1932=LINE('',#12659,#2465);
#1933=LINE('',#12660,#2466);
#1934=LINE('',#12663,#2467);
#1935=LINE('',#12664,#2468);
#1936=LINE('',#12667,#2469);
#1937=LINE('',#12668,#2470);
#1938=LINE('',#12671,#2471);
#1939=LINE('',#12672,#2472);
#1940=LINE('',#12675,#2473);
#1941=LINE('',#12676,#2474);
#1942=LINE('',#12679,#2475);
#1943=LINE('',#12680,#2476);
#1944=LINE('',#12683,#2477);
#1945=LINE('',#12727,#2478);
#1946=LINE('',#12730,#2479);
#1947=LINE('',#12815,#2480);
#1948=LINE('',#12819,#2481);
#1949=LINE('',#12851,#2482);
#1950=LINE('',#12855,#2483);
#1951=LINE('',#12858,#2484);
#1952=LINE('',#12875,#2485);
#1953=LINE('',#12878,#2486);
#1954=LINE('',#12881,#2487);
#1955=LINE('',#12883,#2488);
#1956=LINE('',#12917,#2489);
#1957=LINE('',#12918,#2490);
#1958=LINE('',#12920,#2491);
#1959=LINE('',#12922,#2492);
#1960=LINE('',#12924,#2493);
#1961=LINE('',#12925,#2494);
#1962=LINE('',#12931,#2495);
#1963=LINE('',#12935,#2496);
#1964=LINE('',#12956,#2497);
#1965=LINE('',#12969,#2498);
#1966=LINE('',#12975,#2499);
#1967=LINE('',#12978,#2500);
#1968=LINE('',#12979,#2501);
#1969=LINE('',#12981,#2502);
#1970=LINE('',#12984,#2503);
#1971=LINE('',#12989,#2504);
#1972=LINE('',#12990,#2505);
#1973=LINE('',#12991,#2506);
#1974=LINE('',#12995,#2507);
#1975=LINE('',#13108,#2508);
#1976=LINE('',#13110,#2509);
#1977=LINE('',#13122,#2510);
#1978=LINE('',#13123,#2511);
#1979=LINE('',#13131,#2512);
#1980=LINE('',#13164,#2513);
#1981=LINE('',#13165,#2514);
#1982=LINE('',#13201,#2515);
#1983=LINE('',#13280,#2516);
#1984=LINE('',#13281,#2517);
#1985=LINE('',#13287,#2518);
#1986=LINE('',#13290,#2519);
#1987=LINE('',#13291,#2520);
#1988=LINE('',#13378,#2521);
#1989=LINE('',#13383,#2522);
#1990=LINE('',#13385,#2523);
#1991=LINE('',#13387,#2524);
#1992=LINE('',#13481,#2525);
#1993=LINE('',#13482,#2526);
#1994=LINE('',#13485,#2527);
#1995=LINE('',#13487,#2528);
#1996=VECTOR('',#7254,10.);
#1997=VECTOR('',#7255,10.);
#1998=VECTOR('',#7256,10.);
#1999=VECTOR('',#7257,10.);
#2000=VECTOR('',#7260,10.);
#2001=VECTOR('',#7261,10.);
#2002=VECTOR('',#7262,10.);
#2003=VECTOR('',#7263,10.);
#2004=VECTOR('',#7266,10.);
#2005=VECTOR('',#7267,10.);
#2006=VECTOR('',#7270,10.);
#2007=VECTOR('',#7271,10.);
#2008=VECTOR('',#7272,10.);
#2009=VECTOR('',#7275,10.);
#2010=VECTOR('',#7276,10.);
#2011=VECTOR('',#7277,10.);
#2012=VECTOR('',#7280,10.);
#2013=VECTOR('',#7281,10.);
#2014=VECTOR('',#7282,10.);
#2015=VECTOR('',#7285,10.);
#2016=VECTOR('',#7286,10.);
#2017=VECTOR('',#7291,10.);
#2018=VECTOR('',#7292,10.);
#2019=VECTOR('',#7293,10.);
#2020=VECTOR('',#7294,10.);
#2021=VECTOR('',#7295,10.);
#2022=VECTOR('',#7296,10.);
#2023=VECTOR('',#7297,10.);
#2024=VECTOR('',#7298,10.);
#2025=VECTOR('',#7299,10.);
#2026=VECTOR('',#7300,10.);
#2027=VECTOR('',#7301,10.);
#2028=VECTOR('',#7302,10.);
#2029=VECTOR('',#7303,10.);
#2030=VECTOR('',#7306,10.);
#2031=VECTOR('',#7307,10.);
#2032=VECTOR('',#7308,10.);
#2033=VECTOR('',#7309,10.);
#2034=VECTOR('',#7310,10.);
#2035=VECTOR('',#7313,10.);
#2036=VECTOR('',#7314,10.);
#2037=VECTOR('',#7315,10.);
#2038=VECTOR('',#7318,10.);
#2039=VECTOR('',#7319,10.);
#2040=VECTOR('',#7322,10.);
#2041=VECTOR('',#7323,10.);
#2042=VECTOR('',#7324,10.);
#2043=VECTOR('',#7327,10.);
#2044=VECTOR('',#7328,10.);
#2045=VECTOR('',#7329,10.);
#2046=VECTOR('',#7332,10.);
#2047=VECTOR('',#7333,10.);
#2048=VECTOR('',#7334,10.);
#2049=VECTOR('',#7337,10.);
#2050=VECTOR('',#7338,10.);
#2051=VECTOR('',#7343,10.);
#2052=VECTOR('',#7344,10.);
#2053=VECTOR('',#7345,10.);
#2054=VECTOR('',#7348,10.);
#2055=VECTOR('',#7349,10.);
#2056=VECTOR('',#7352,10.);
#2057=VECTOR('',#7353,10.);
#2058=VECTOR('',#7356,10.);
#2059=VECTOR('',#7357,10.);
#2060=VECTOR('',#7358,10.);
#2061=VECTOR('',#7359,10.);
#2062=VECTOR('',#7360,10.);
#2063=VECTOR('',#7363,10.);
#2064=VECTOR('',#7364,10.);
#2065=VECTOR('',#7365,10.);
#2066=VECTOR('',#7368,10.);
#2067=VECTOR('',#7369,10.);
#2068=VECTOR('',#7372,10.);
#2069=VECTOR('',#7373,10.);
#2070=VECTOR('',#7374,10.);
#2071=VECTOR('',#7375,10.);
#2072=VECTOR('',#7376,10.);
#2073=VECTOR('',#7377,10.);
#2074=VECTOR('',#7380,10.);
#2075=VECTOR('',#7381,10.);
#2076=VECTOR('',#7382,10.);
#2077=VECTOR('',#7383,10.);
#2078=VECTOR('',#7386,10.);
#2079=VECTOR('',#7387,10.);
#2080=VECTOR('',#7388,10.);
#2081=VECTOR('',#7391,10.);
#2082=VECTOR('',#7392,10.);
#2083=VECTOR('',#7393,10.);
#2084=VECTOR('',#7394,10.);
#2085=VECTOR('',#7395,10.);
#2086=VECTOR('',#7396,10.);
#2087=VECTOR('',#7397,10.);
#2088=VECTOR('',#7398,10.);
#2089=VECTOR('',#7399,10.);
#2090=VECTOR('',#7400,10.);
#2091=VECTOR('',#7401,10.);
#2092=VECTOR('',#7404,10.);
#2093=VECTOR('',#7405,10.);
#2094=VECTOR('',#7406,10.);
#2095=VECTOR('',#7409,10.);
#2096=VECTOR('',#7410,10.);
#2097=VECTOR('',#7411,10.);
#2098=VECTOR('',#7414,10.);
#2099=VECTOR('',#7415,10.);
#2100=VECTOR('',#7416,10.);
#2101=VECTOR('',#7419,10.);
#2102=VECTOR('',#7420,10.);
#2103=VECTOR('',#7421,10.);
#2104=VECTOR('',#7422,10.);
#2105=VECTOR('',#7427,1.625);
#2106=VECTOR('',#7432,10.);
#2107=VECTOR('',#7433,10.);
#2108=VECTOR('',#7434,10.);
#2109=VECTOR('',#7437,10.);
#2110=VECTOR('',#7438,10.);
#2111=VECTOR('',#7441,10.);
#2112=VECTOR('',#7442,10.);
#2113=VECTOR('',#7445,10.);
#2114=VECTOR('',#7450,10.);
#2115=VECTOR('',#7451,10.);
#2116=VECTOR('',#7452,10.);
#2117=VECTOR('',#7455,10.);
#2118=VECTOR('',#7456,10.);
#2119=VECTOR('',#7457,10.);
#2120=VECTOR('',#7458,10.);
#2121=VECTOR('',#7461,10.);
#2122=VECTOR('',#7462,10.);
#2123=VECTOR('',#7463,10.);
#2124=VECTOR('',#7464,10.);
#2125=VECTOR('',#7467,10.);
#2126=VECTOR('',#7468,10.);
#2127=VECTOR('',#7469,10.);
#2128=VECTOR('',#7470,10.);
#2129=VECTOR('',#7471,10.);
#2130=VECTOR('',#7474,10.);
#2131=VECTOR('',#7477,10.);
#2132=VECTOR('',#7480,10.);
#2133=VECTOR('',#7483,10.);
#2134=VECTOR('',#7488,10.);
#2135=VECTOR('',#7489,10.);
#2136=VECTOR('',#7496,10.);
#2137=VECTOR('',#7507,10.);
#2138=VECTOR('',#7510,10.);
#2139=VECTOR('',#7521,10.);
#2140=VECTOR('',#7524,10.);
#2141=VECTOR('',#7525,10.);
#2142=VECTOR('',#7526,10.);
#2143=VECTOR('',#7529,10.);
#2144=VECTOR('',#7530,10.);
#2145=VECTOR('',#7531,10.);
#2146=VECTOR('',#7532,10.);
#2147=VECTOR('',#7533,10.);
#2148=VECTOR('',#7536,10.);
#2149=VECTOR('',#7537,10.);
#2150=VECTOR('',#7538,10.);
#2151=VECTOR('',#7541,10.);
#2152=VECTOR('',#7542,10.);
#2153=VECTOR('',#7545,10.);
#2154=VECTOR('',#7550,10.);
#2155=VECTOR('',#7553,10.);
#2156=VECTOR('',#7558,10.);
#2157=VECTOR('',#7561,10.);
#2158=VECTOR('',#7568,10.);
#2159=VECTOR('',#7573,10.);
#2160=VECTOR('',#7576,10.);
#2161=VECTOR('',#7581,10.);
#2162=VECTOR('',#7584,10.);
#2163=VECTOR('',#7603,10.);
#2164=VECTOR('',#7606,10.);
#2165=VECTOR('',#7609,10.);
#2166=VECTOR('',#7610,10.);
#2167=VECTOR('',#7617,10.);
#2168=VECTOR('',#7622,10.);
#2169=VECTOR('',#7623,10.);
#2170=VECTOR('',#7626,10.);
#2171=VECTOR('',#7631,10.);
#2172=VECTOR('',#7632,0.15);
#2173=VECTOR('',#7635,10.);
#2174=VECTOR('',#7636,10.);
#2175=VECTOR('',#7639,10.);
#2176=VECTOR('',#7640,10.);
#2177=VECTOR('',#7645,10.);
#2178=VECTOR('',#7646,10.);
#2179=VECTOR('',#7657,10.);
#2180=VECTOR('',#7658,0.15);
#2181=VECTOR('',#7661,0.15);
#2182=VECTOR('',#7664,10.);
#2183=VECTOR('',#7665,10.);
#2184=VECTOR('',#7668,10.);
#2185=VECTOR('',#7669,10.);
#2186=VECTOR('',#7676,10.);
#2187=VECTOR('',#7681,10.);
#2188=VECTOR('',#7692,10.);
#2189=VECTOR('',#7699,10.);
#2190=VECTOR('',#7700,10.);
#2191=VECTOR('',#7705,10.);
#2192=VECTOR('',#7708,10.);
#2193=VECTOR('',#7713,10.);
#2194=VECTOR('',#7714,10.);
#2195=VECTOR('',#7717,10.);
#2196=VECTOR('',#7718,10.);
#2197=VECTOR('',#7719,10.);
#2198=VECTOR('',#7720,10.);
#2199=VECTOR('',#7727,10.);
#2200=VECTOR('',#7730,10.);
#2201=VECTOR('',#7733,10.);
#2202=VECTOR('',#7738,10.);
#2203=VECTOR('',#7739,10.);
#2204=VECTOR('',#7744,10.);
#2205=VECTOR('',#7745,10.);
#2206=VECTOR('',#7746,10.);
#2207=VECTOR('',#7749,10.);
#2208=VECTOR('',#7750,10.);
#2209=VECTOR('',#7751,10.);
#2210=VECTOR('',#7752,10.);
#2211=VECTOR('',#7753,10.);
#2212=VECTOR('',#7754,10.);
#2213=VECTOR('',#7755,10.);
#2214=VECTOR('',#7766,10.);
#2215=VECTOR('',#7769,10.);
#2216=VECTOR('',#7770,10.);
#2217=VECTOR('',#7773,10.);
#2218=VECTOR('',#7780,10.);
#2219=VECTOR('',#7789,10.);
#2220=VECTOR('',#7790,10.);
#2221=VECTOR('',#7797,10.);
#2222=VECTOR('',#7810,10.);
#2223=VECTOR('',#7811,10.);
#2224=VECTOR('',#7816,10.);
#2225=VECTOR('',#7823,10.);
#2226=VECTOR('',#7828,10.);
#2227=VECTOR('',#7837,10.);
#2228=VECTOR('',#7838,10.);
#2229=VECTOR('',#7839,2.);
#2230=VECTOR('',#7842,0.15);
#2231=VECTOR('',#7845,10.);
#2232=VECTOR('',#7848,0.15);
#2233=VECTOR('',#7859,10.);
#2234=VECTOR('',#7862,10.);
#2235=VECTOR('',#7863,10.);
#2236=VECTOR('',#7866,10.);
#2237=VECTOR('',#7867,10.);
#2238=VECTOR('',#7868,2.);
#2239=VECTOR('',#7871,10.);
#2240=VECTOR('',#7888,10.);
#2241=VECTOR('',#7893,0.15);
#2242=VECTOR('',#7896,0.15);
#2243=VECTOR('',#7899,10.);
#2244=VECTOR('',#7910,10.);
#2245=VECTOR('',#7911,10.);
#2246=VECTOR('',#7912,2.);
#2247=VECTOR('',#7915,10.);
#2248=VECTOR('',#7916,10.);
#2249=VECTOR('',#7917,2.);
#2250=VECTOR('',#7918,10.);
#2251=VECTOR('',#7925,2.);
#2252=VECTOR('',#7928,2.);
#2253=VECTOR('',#7937,10.);
#2254=VECTOR('',#7940,10.);
#2255=VECTOR('',#7943,10.);
#2256=VECTOR('',#7946,10.);
#2257=VECTOR('',#7951,10.);
#2258=VECTOR('',#7954,10.);
#2259=VECTOR('',#7957,10.);
#2260=VECTOR('',#7960,10.);
#2261=VECTOR('',#7963,10.);
#2262=VECTOR('',#7966,10.);
#2263=VECTOR('',#7969,10.);
#2264=VECTOR('',#7972,10.);
#2265=VECTOR('',#7975,10.);
#2266=VECTOR('',#7978,10.);
#2267=VECTOR('',#7987,10.);
#2268=VECTOR('',#7988,10.);
#2269=VECTOR('',#7995,10.);
#2270=VECTOR('',#7996,10.);
#2271=VECTOR('',#8001,10.);
#2272=VECTOR('',#8002,10.);
#2273=VECTOR('',#8005,10.);
#2274=VECTOR('',#8006,10.);
#2275=VECTOR('',#8009,10.);
#2276=VECTOR('',#8010,10.);
#2277=VECTOR('',#8013,10.);
#2278=VECTOR('',#8014,10.);
#2279=VECTOR('',#8017,10.);
#2280=VECTOR('',#8018,10.);
#2281=VECTOR('',#8023,10.);
#2282=VECTOR('',#8038,10.);
#2283=VECTOR('',#8041,10.);
#2284=VECTOR('',#8054,10.);
#2285=VECTOR('',#8057,10.);
#2286=VECTOR('',#8064,10.);
#2287=VECTOR('',#8065,10.);
#2288=VECTOR('',#8068,10.);
#2289=VECTOR('',#8079,10.);
#2290=VECTOR('',#8080,10.);
#2291=VECTOR('',#8085,10.);
#2292=VECTOR('',#8086,10.);
#2293=VECTOR('',#8089,10.);
#2294=VECTOR('',#8090,10.);
#2295=VECTOR('',#8093,10.);
#2296=VECTOR('',#8096,10.);
#2297=VECTOR('',#8097,10.);
#2298=VECTOR('',#8098,10.);
#2299=VECTOR('',#8099,10.);
#2300=VECTOR('',#8102,10.);
#2301=VECTOR('',#8109,10.);
#2302=VECTOR('',#8112,10.);
#2303=VECTOR('',#8121,10.);
#2304=VECTOR('',#8124,10.);
#2305=VECTOR('',#8125,10.);
#2306=VECTOR('',#8128,10.);
#2307=VECTOR('',#8131,10.);
#2308=VECTOR('',#8132,10.);
#2309=VECTOR('',#8133,10.);
#2310=VECTOR('',#8134,10.);
#2311=VECTOR('',#8141,10.);
#2312=VECTOR('',#8144,10.);
#2313=VECTOR('',#8147,10.);
#2314=VECTOR('',#8160,10.);
#2315=VECTOR('',#8161,10.);
#2316=VECTOR('',#8172,10.);
#2317=VECTOR('',#8181,10.);
#2318=VECTOR('',#8182,10.);
#2319=VECTOR('',#8193,10.);
#2320=VECTOR('',#8208,10.);
#2321=VECTOR('',#8209,10.);
#2322=VECTOR('',#8218,10.);
#2323=VECTOR('',#8221,10.);
#2324=VECTOR('',#8222,10.);
#2325=VECTOR('',#8225,10.);
#2326=VECTOR('',#8234,10.);
#2327=VECTOR('',#8237,10.);
#2328=VECTOR('',#8240,10.);
#2329=VECTOR('',#8251,2.);
#2330=VECTOR('',#8252,2.);
#2331=VECTOR('',#8257,10.);
#2332=VECTOR('',#8260,10.);
#2333=VECTOR('',#8275,10.);
#2334=VECTOR('',#8278,10.);
#2335=VECTOR('',#8289,10.);
#2336=VECTOR('',#8292,10.);
#2337=VECTOR('',#8293,10.);
#2338=VECTOR('',#8296,10.);
#2339=VECTOR('',#8297,10.);
#2340=VECTOR('',#8298,10.);
#2341=VECTOR('',#8301,10.);
#2342=VECTOR('',#8302,10.);
#2343=VECTOR('',#8303,10.);
#2344=VECTOR('',#8304,10.);
#2345=VECTOR('',#8305,10.);
#2346=VECTOR('',#8308,10.);
#2347=VECTOR('',#8309,10.);
#2348=VECTOR('',#8310,10.);
#2349=VECTOR('',#8313,10.);
#2350=VECTOR('',#8318,10.);
#2351=VECTOR('',#8321,10.);
#2352=VECTOR('',#8326,10.);
#2353=VECTOR('',#8329,10.);
#2354=VECTOR('',#8334,10.);
#2355=VECTOR('',#8341,10.);
#2356=VECTOR('',#8344,10.);
#2357=VECTOR('',#8349,10.);
#2358=VECTOR('',#8352,10.);
#2359=VECTOR('',#8371,10.);
#2360=VECTOR('',#8374,10.);
#2361=VECTOR('',#8377,10.);
#2362=VECTOR('',#8378,10.);
#2363=VECTOR('',#8387,10.);
#2364=VECTOR('',#8390,10.);
#2365=VECTOR('',#8391,10.);
#2366=VECTOR('',#8396,10.);
#2367=VECTOR('',#8399,10.);
#2368=VECTOR('',#8400,10.);
#2369=VECTOR('',#8403,10.);
#2370=VECTOR('',#8404,10.);
#2371=VECTOR('',#8407,0.15);
#2372=VECTOR('',#8408,10.);
#2373=VECTOR('',#8413,10.);
#2374=VECTOR('',#8414,10.);
#2375=VECTOR('',#8425,0.15);
#2376=VECTOR('',#8426,10.);
#2377=VECTOR('',#8429,0.15);
#2378=VECTOR('',#8432,10.);
#2379=VECTOR('',#8433,10.);
#2380=VECTOR('',#8436,10.);
#2381=VECTOR('',#8437,10.);
#2382=VECTOR('',#8442,10.);
#2383=VECTOR('',#8449,10.);
#2384=VECTOR('',#8458,10.);
#2385=VECTOR('',#8467,10.);
#2386=VECTOR('',#8468,10.);
#2387=VECTOR('',#8471,10.);
#2388=VECTOR('',#8476,10.);
#2389=VECTOR('',#8481,10.);
#2390=VECTOR('',#8482,10.);
#2391=VECTOR('',#8485,10.);
#2392=VECTOR('',#8486,10.);
#2393=VECTOR('',#8487,10.);
#2394=VECTOR('',#8488,10.);
#2395=VECTOR('',#8491,10.);
#2396=VECTOR('',#8500,10.);
#2397=VECTOR('',#8503,10.);
#2398=VECTOR('',#8508,10.);
#2399=VECTOR('',#8509,10.);
#2400=VECTOR('',#8512,10.);
#2401=VECTOR('',#8513,10.);
#2402=VECTOR('',#8514,10.);
#2403=VECTOR('',#8517,10.);
#2404=VECTOR('',#8518,10.);
#2405=VECTOR('',#8519,10.);
#2406=VECTOR('',#8520,10.);
#2407=VECTOR('',#8521,10.);
#2408=VECTOR('',#8522,10.);
#2409=VECTOR('',#8523,10.);
#2410=VECTOR('',#8534,10.);
#2411=VECTOR('',#8537,10.);
#2412=VECTOR('',#8538,10.);
#2413=VECTOR('',#8541,10.);
#2414=VECTOR('',#8546,10.);
#2415=VECTOR('',#8557,10.);
#2416=VECTOR('',#8558,10.);
#2417=VECTOR('',#8567,10.);
#2418=VECTOR('',#8578,10.);
#2419=VECTOR('',#8579,10.);
#2420=VECTOR('',#8584,10.);
#2421=VECTOR('',#8589,10.);
#2422=VECTOR('',#8594,10.);
#2423=VECTOR('',#8605,2.);
#2424=VECTOR('',#8606,10.);
#2425=VECTOR('',#8607,10.);
#2426=VECTOR('',#8610,10.);
#2427=VECTOR('',#8613,0.15);
#2428=VECTOR('',#8618,0.15);
#2429=VECTOR('',#8627,10.);
#2430=VECTOR('',#8630,10.);
#2431=VECTOR('',#8631,10.);
#2432=VECTOR('',#8634,10.);
#2433=VECTOR('',#8635,10.);
#2434=VECTOR('',#8636,2.);
#2435=VECTOR('',#8641,10.);
#2436=VECTOR('',#8658,10.);
#2437=VECTOR('',#8661,0.15);
#2438=VECTOR('',#8664,0.15);
#2439=VECTOR('',#8667,10.);
#2440=VECTOR('',#8678,10.);
#2441=VECTOR('',#8679,2.);
#2442=VECTOR('',#8680,10.);
#2443=VECTOR('',#8683,10.);
#2444=VECTOR('',#8684,10.);
#2445=VECTOR('',#8685,10.);
#2446=VECTOR('',#8686,2.);
#2447=VECTOR('',#8693,2.);
#2448=VECTOR('',#8696,2.);
#2449=VECTOR('',#8705,10.);
#2450=VECTOR('',#8708,10.);
#2451=VECTOR('',#8711,10.);
#2452=VECTOR('',#8714,10.);
#2453=VECTOR('',#8719,10.);
#2454=VECTOR('',#8720,10.);
#2455=VECTOR('',#8725,10.);
#2456=VECTOR('',#8726,10.);
#2457=VECTOR('',#8731,10.);
#2458=VECTOR('',#8732,10.);
#2459=VECTOR('',#8737,10.);
#2460=VECTOR('',#8738,10.);
#2461=VECTOR('',#8743,10.);
#2462=VECTOR('',#8744,10.);
#2463=VECTOR('',#8755,10.);
#2464=VECTOR('',#8756,10.);
#2465=VECTOR('',#8765,10.);
#2466=VECTOR('',#8766,10.);
#2467=VECTOR('',#8769,10.);
#2468=VECTOR('',#8770,10.);
#2469=VECTOR('',#8773,10.);
#2470=VECTOR('',#8774,10.);
#2471=VECTOR('',#8777,10.);
#2472=VECTOR('',#8778,10.);
#2473=VECTOR('',#8781,10.);
#2474=VECTOR('',#8782,10.);
#2475=VECTOR('',#8785,10.);
#2476=VECTOR('',#8786,10.);
#2477=VECTOR('',#8789,10.);
#2478=VECTOR('',#8806,10.);
#2479=VECTOR('',#8809,10.);
#2480=VECTOR('',#8822,10.);
#2481=VECTOR('',#8825,10.);
#2482=VECTOR('',#8832,10.);
#2483=VECTOR('',#8835,10.);
#2484=VECTOR('',#8838,10.);
#2485=VECTOR('',#8847,10.);
#2486=VECTOR('',#8850,10.);
#2487=VECTOR('',#8853,10.);
#2488=VECTOR('',#8854,10.);
#2489=VECTOR('',#8857,10.);
#2490=VECTOR('',#8858,10.);
#2491=VECTOR('',#8861,10.);
#2492=VECTOR('',#8864,10.);
#2493=VECTOR('',#8865,10.);
#2494=VECTOR('',#8866,10.);
#2495=VECTOR('',#8867,10.);
#2496=VECTOR('',#8870,10.);
#2497=VECTOR('',#8877,10.);
#2498=VECTOR('',#8880,10.);
#2499=VECTOR('',#8889,10.);
#2500=VECTOR('',#8892,10.);
#2501=VECTOR('',#8893,10.);
#2502=VECTOR('',#8896,10.);
#2503=VECTOR('',#8899,10.);
#2504=VECTOR('',#8900,10.);
#2505=VECTOR('',#8901,10.);
#2506=VECTOR('',#8902,10.);
#2507=VECTOR('',#8909,10.);
#2508=VECTOR('',#8912,10.);
#2509=VECTOR('',#8913,10.);
#2510=VECTOR('',#8928,10.);
#2511=VECTOR('',#8929,10.);
#2512=VECTOR('',#8940,10.);
#2513=VECTOR('',#8949,10.);
#2514=VECTOR('',#8950,10.);
#2515=VECTOR('',#8961,10.);
#2516=VECTOR('',#8976,10.);
#2517=VECTOR('',#8977,10.);
#2518=VECTOR('',#8986,10.);
#2519=VECTOR('',#8989,10.);
#2520=VECTOR('',#8990,10.);
#2521=VECTOR('',#8993,10.);
#2522=VECTOR('',#9002,10.);
#2523=VECTOR('',#9005,10.);
#2524=VECTOR('',#9008,10.);
#2525=VECTOR('',#9019,2.);
#2526=VECTOR('',#9020,2.);
#2527=VECTOR('',#9025,10.);
#2528=VECTOR('',#9028,10.);
#2529=VERTEX_POINT('',#9048);
#2530=VERTEX_POINT('',#9049);
#2531=VERTEX_POINT('',#9051);
#2532=VERTEX_POINT('',#9053);
#2533=VERTEX_POINT('',#9057);
#2534=VERTEX_POINT('',#9058);
#2535=VERTEX_POINT('',#9061);
#2536=VERTEX_POINT('',#9065);
#2537=VERTEX_POINT('',#9069);
#2538=VERTEX_POINT('',#9071);
#2539=VERTEX_POINT('',#9075);
#2540=VERTEX_POINT('',#9077);
#2541=VERTEX_POINT('',#9081);
#2542=VERTEX_POINT('',#9083);
#2543=VERTEX_POINT('',#9091);
#2544=VERTEX_POINT('',#9093);
#2545=VERTEX_POINT('',#9095);
#2546=VERTEX_POINT('',#9097);
#2547=VERTEX_POINT('',#9099);
#2548=VERTEX_POINT('',#9101);
#2549=VERTEX_POINT('',#9103);
#2550=VERTEX_POINT('',#9105);
#2551=VERTEX_POINT('',#9107);
#2552=VERTEX_POINT('',#9109);
#2553=VERTEX_POINT('',#9111);
#2554=VERTEX_POINT('',#9113);
#2555=VERTEX_POINT('',#9117);
#2556=VERTEX_POINT('',#9118);
#2557=VERTEX_POINT('',#9120);
#2558=VERTEX_POINT('',#9122);
#2559=VERTEX_POINT('',#9124);
#2560=VERTEX_POINT('',#9128);
#2561=VERTEX_POINT('',#9130);
#2562=VERTEX_POINT('',#9134);
#2563=VERTEX_POINT('',#9138);
#2564=VERTEX_POINT('',#9140);
#2565=VERTEX_POINT('',#9144);
#2566=VERTEX_POINT('',#9146);
#2567=VERTEX_POINT('',#9150);
#2568=VERTEX_POINT('',#9152);
#2569=VERTEX_POINT('',#9160);
#2570=VERTEX_POINT('',#9161);
#2571=VERTEX_POINT('',#9166);
#2572=VERTEX_POINT('',#9170);
#2573=VERTEX_POINT('',#9174);
#2574=VERTEX_POINT('',#9176);
#2575=VERTEX_POINT('',#9178);
#2576=VERTEX_POINT('',#9180);
#2577=VERTEX_POINT('',#9184);
#2578=VERTEX_POINT('',#9185);
#2579=VERTEX_POINT('',#9190);
#2580=VERTEX_POINT('',#9194);
#2581=VERTEX_POINT('',#9196);
#2582=VERTEX_POINT('',#9198);
#2583=VERTEX_POINT('',#9200);
#2584=VERTEX_POINT('',#9202);
#2585=VERTEX_POINT('',#9206);
#2586=VERTEX_POINT('',#9207);
#2587=VERTEX_POINT('',#9209);
#2588=VERTEX_POINT('',#9211);
#2589=VERTEX_POINT('',#9215);
#2590=VERTEX_POINT('',#9217);
#2591=VERTEX_POINT('',#9221);
#2592=VERTEX_POINT('',#9223);
#2593=VERTEX_POINT('',#9225);
#2594=VERTEX_POINT('',#9229);
#2595=VERTEX_POINT('',#9232);
#2596=VERTEX_POINT('',#9233);
#2597=VERTEX_POINT('',#9235);
#2598=VERTEX_POINT('',#9237);
#2599=VERTEX_POINT('',#9241);
#2600=VERTEX_POINT('',#9243);
#2601=VERTEX_POINT('',#9247);
#2602=VERTEX_POINT('',#9249);
#2603=VERTEX_POINT('',#9253);
#2604=VERTEX_POINT('',#9255);
#2605=VERTEX_POINT('',#9259);
#2606=VERTEX_POINT('',#9261);
#2607=VERTEX_POINT('',#9263);
#2608=VERTEX_POINT('',#9267);
#2609=VERTEX_POINT('',#9269);
#2610=VERTEX_POINT('',#9273);
#2611=VERTEX_POINT('',#9275);
#2612=VERTEX_POINT('',#9279);
#2613=VERTEX_POINT('',#9283);
#2614=VERTEX_POINT('',#9290);
#2615=VERTEX_POINT('',#9292);
#2616=VERTEX_POINT('',#9296);
#2617=VERTEX_POINT('',#9297);
#2618=VERTEX_POINT('',#9299);
#2619=VERTEX_POINT('',#9301);
#2620=VERTEX_POINT('',#9305);
#2621=VERTEX_POINT('',#9308);
#2622=VERTEX_POINT('',#9327);
#2623=VERTEX_POINT('',#9338);
#2624=VERTEX_POINT('',#9339);
#2625=VERTEX_POINT('',#9341);
#2626=VERTEX_POINT('',#9343);
#2627=VERTEX_POINT('',#9347);
#2628=VERTEX_POINT('',#9349);
#2629=VERTEX_POINT('',#9353);
#2630=VERTEX_POINT('',#9355);
#2631=VERTEX_POINT('',#9357);
#2632=VERTEX_POINT('',#9359);
#2633=VERTEX_POINT('',#9361);
#2634=VERTEX_POINT('',#9363);
#2635=VERTEX_POINT('',#9365);
#2636=VERTEX_POINT('',#9367);
#2637=VERTEX_POINT('',#9369);
#2638=VERTEX_POINT('',#9371);
#2639=VERTEX_POINT('',#9373);
#2640=VERTEX_POINT('',#9375);
#2641=VERTEX_POINT('',#9377);
#2642=VERTEX_POINT('',#9379);
#2643=VERTEX_POINT('',#9381);
#2644=VERTEX_POINT('',#9383);
#2645=VERTEX_POINT('',#9385);
#2646=VERTEX_POINT('',#9387);
#2647=VERTEX_POINT('',#9389);
#2648=VERTEX_POINT('',#9393);
#2649=VERTEX_POINT('',#9394);
#2650=VERTEX_POINT('',#9396);
#2651=VERTEX_POINT('',#9398);
#2652=VERTEX_POINT('',#9402);
#2653=VERTEX_POINT('',#9404);
#2654=VERTEX_POINT('',#9406);
#2655=VERTEX_POINT('',#9410);
#2656=VERTEX_POINT('',#9415);
#2657=VERTEX_POINT('',#9416);
#2658=VERTEX_POINT('',#9418);
#2659=VERTEX_POINT('',#9423);
#2660=VERTEX_POINT('',#9425);
#2661=VERTEX_POINT('',#9427);
#2662=VERTEX_POINT('',#9439);
#2663=VERTEX_POINT('',#9441);
#2664=VERTEX_POINT('',#9445);
#2665=VERTEX_POINT('',#9451);
#2666=VERTEX_POINT('',#9455);
#2667=VERTEX_POINT('',#9459);
#2668=VERTEX_POINT('',#9463);
#2669=VERTEX_POINT('',#9465);
#2670=VERTEX_POINT('',#9472);
#2671=VERTEX_POINT('',#9474);
#2672=VERTEX_POINT('',#9476);
#2673=VERTEX_POINT('',#9478);
#2674=VERTEX_POINT('',#9480);
#2675=VERTEX_POINT('',#9482);
#2676=VERTEX_POINT('',#9486);
#2677=VERTEX_POINT('',#9487);
#2678=VERTEX_POINT('',#9489);
#2679=VERTEX_POINT('',#9491);
#2680=VERTEX_POINT('',#9504);
#2681=VERTEX_POINT('',#9505);
#2682=VERTEX_POINT('',#9511);
#2683=VERTEX_POINT('',#9513);
#2684=VERTEX_POINT('',#9520);
#2685=VERTEX_POINT('',#9529);
#2686=VERTEX_POINT('',#9538);
#2687=VERTEX_POINT('',#9540);
#2688=VERTEX_POINT('',#9551);
#2689=VERTEX_POINT('',#9558);
#2690=VERTEX_POINT('',#9560);
#2691=VERTEX_POINT('',#9562);
#2692=VERTEX_POINT('',#9565);
#2693=VERTEX_POINT('',#9574);
#2694=VERTEX_POINT('',#9585);
#2695=VERTEX_POINT('',#9587);
#2696=VERTEX_POINT('',#9589);
#2697=VERTEX_POINT('',#9593);
#2698=VERTEX_POINT('',#9594);
#2699=VERTEX_POINT('',#9596);
#2700=VERTEX_POINT('',#9598);
#2701=VERTEX_POINT('',#9612);
#2702=VERTEX_POINT('',#9616);
#2703=VERTEX_POINT('',#9617);
#2704=VERTEX_POINT('',#9637);
#2705=VERTEX_POINT('',#9643);
#2706=VERTEX_POINT('',#9644);
#2707=VERTEX_POINT('',#9646);
#2708=VERTEX_POINT('',#9648);
#2709=VERTEX_POINT('',#9680);
#2710=VERTEX_POINT('',#9687);
#2711=VERTEX_POINT('',#9689);
#2712=VERTEX_POINT('',#9694);
#2713=VERTEX_POINT('',#9696);
#2714=VERTEX_POINT('',#9701);
#2715=VERTEX_POINT('',#9705);
#2716=VERTEX_POINT('',#9707);
#2717=VERTEX_POINT('',#9709);
#2718=VERTEX_POINT('',#9713);
#2719=VERTEX_POINT('',#9714);
#2720=VERTEX_POINT('',#9719);
#2721=VERTEX_POINT('',#9721);
#2722=VERTEX_POINT('',#9736);
#2723=VERTEX_POINT('',#9741);
#2724=VERTEX_POINT('',#9784);
#2725=VERTEX_POINT('',#9793);
#2726=VERTEX_POINT('',#9815);
#2727=VERTEX_POINT('',#9817);
#2728=VERTEX_POINT('',#9819);
#2729=VERTEX_POINT('',#9821);
#2730=VERTEX_POINT('',#9828);
#2731=VERTEX_POINT('',#9837);
#2732=VERTEX_POINT('',#9839);
#2733=VERTEX_POINT('',#9841);
#2734=VERTEX_POINT('',#9843);
#2735=VERTEX_POINT('',#9852);
#2736=VERTEX_POINT('',#9862);
#2737=VERTEX_POINT('',#9874);
#2738=VERTEX_POINT('',#9878);
#2739=VERTEX_POINT('',#9886);
#2740=VERTEX_POINT('',#9887);
#2741=VERTEX_POINT('',#9889);
#2742=VERTEX_POINT('',#9893);
#2743=VERTEX_POINT('',#9898);
#2744=VERTEX_POINT('',#9900);
#2745=VERTEX_POINT('',#9908);
#2746=VERTEX_POINT('',#9912);
#2747=VERTEX_POINT('',#9916);
#2748=VERTEX_POINT('',#9929);
#2749=VERTEX_POINT('',#9931);
#2750=VERTEX_POINT('',#9950);
#2751=VERTEX_POINT('',#9951);
#2752=VERTEX_POINT('',#9969);
#2753=VERTEX_POINT('',#9971);
#2754=VERTEX_POINT('',#9978);
#2755=VERTEX_POINT('',#9980);
#2756=VERTEX_POINT('',#9988);
#2757=VERTEX_POINT('',#10001);
#2758=VERTEX_POINT('',#10003);
#2759=VERTEX_POINT('',#10007);
#2760=VERTEX_POINT('',#10011);
#2761=VERTEX_POINT('',#10015);
#2762=VERTEX_POINT('',#10078);
#2763=VERTEX_POINT('',#10117);
#2764=VERTEX_POINT('',#10119);
#2765=VERTEX_POINT('',#10209);
#2766=VERTEX_POINT('',#10232);
#2767=VERTEX_POINT('',#10246);
#2768=VERTEX_POINT('',#10257);
#2769=VERTEX_POINT('',#10270);
#2770=VERTEX_POINT('',#10271);
#2771=VERTEX_POINT('',#10288);
#2772=VERTEX_POINT('',#10304);
#2773=VERTEX_POINT('',#10305);
#2774=VERTEX_POINT('',#10310);
#2775=VERTEX_POINT('',#10321);
#2776=VERTEX_POINT('',#10335);
#2777=VERTEX_POINT('',#10348);
#2778=VERTEX_POINT('',#10352);
#2779=VERTEX_POINT('',#10354);
#2780=VERTEX_POINT('',#10358);
#2781=VERTEX_POINT('',#10402);
#2782=VERTEX_POINT('',#10422);
#2783=VERTEX_POINT('',#10448);
#2784=VERTEX_POINT('',#10450);
#2785=VERTEX_POINT('',#10479);
#2786=VERTEX_POINT('',#10496);
#2787=VERTEX_POINT('',#10508);
#2788=VERTEX_POINT('',#10510);
#2789=VERTEX_POINT('',#10512);
#2790=VERTEX_POINT('',#10517);
#2791=VERTEX_POINT('',#10519);
#2792=VERTEX_POINT('',#10524);
#2793=VERTEX_POINT('',#10526);
#2794=VERTEX_POINT('',#10531);
#2795=VERTEX_POINT('',#10532);
#2796=VERTEX_POINT('',#10535);
#2797=VERTEX_POINT('',#10539);
#2798=VERTEX_POINT('',#10541);
#2799=VERTEX_POINT('',#10545);
#2800=VERTEX_POINT('',#10547);
#2801=VERTEX_POINT('',#10551);
#2802=VERTEX_POINT('',#10553);
#2803=VERTEX_POINT('',#10557);
#2804=VERTEX_POINT('',#10559);
#2805=VERTEX_POINT('',#10563);
#2806=VERTEX_POINT('',#10565);
#2807=VERTEX_POINT('',#10569);
#2808=VERTEX_POINT('',#10578);
#2809=VERTEX_POINT('',#10580);
#2810=VERTEX_POINT('',#10584);
#2811=VERTEX_POINT('',#10588);
#2812=VERTEX_POINT('',#10592);
#2813=VERTEX_POINT('',#10596);
#2814=VERTEX_POINT('',#10600);
#2815=VERTEX_POINT('',#10604);
#2816=VERTEX_POINT('',#10621);
#2817=VERTEX_POINT('',#10622);
#2818=VERTEX_POINT('',#10633);
#2819=VERTEX_POINT('',#10635);
#2820=VERTEX_POINT('',#10648);
#2821=VERTEX_POINT('',#10650);
#2822=VERTEX_POINT('',#10654);
#2823=VERTEX_POINT('',#10655);
#2824=VERTEX_POINT('',#10660);
#2825=VERTEX_POINT('',#10692);
#2826=VERTEX_POINT('',#10693);
#2827=VERTEX_POINT('',#10713);
#2828=VERTEX_POINT('',#10715);
#2829=VERTEX_POINT('',#10729);
#2830=VERTEX_POINT('',#10736);
#2831=VERTEX_POINT('',#10741);
#2832=VERTEX_POINT('',#10743);
#2833=VERTEX_POINT('',#10747);
#2834=VERTEX_POINT('',#10758);
#2835=VERTEX_POINT('',#10771);
#2836=VERTEX_POINT('',#10772);
#2837=VERTEX_POINT('',#10774);
#2838=VERTEX_POINT('',#10786);
#2839=VERTEX_POINT('',#10788);
#2840=VERTEX_POINT('',#10792);
#2841=VERTEX_POINT('',#10796);
#2842=VERTEX_POINT('',#10798);
#2843=VERTEX_POINT('',#10802);
#2844=VERTEX_POINT('',#10804);
#2845=VERTEX_POINT('',#10838);
#2846=VERTEX_POINT('',#10845);
#2847=VERTEX_POINT('',#10851);
#2848=VERTEX_POINT('',#10855);
#2849=VERTEX_POINT('',#10856);
#2850=VERTEX_POINT('',#10874);
#2851=VERTEX_POINT('',#10875);
#2852=VERTEX_POINT('',#10877);
#2853=VERTEX_POINT('',#10880);
#2854=VERTEX_POINT('',#10893);
#2855=VERTEX_POINT('',#10899);
#2856=VERTEX_POINT('',#10908);
#2857=VERTEX_POINT('',#10968);
#2858=VERTEX_POINT('',#10975);
#2859=VERTEX_POINT('',#10982);
#2860=VERTEX_POINT('',#11029);
#2861=VERTEX_POINT('',#11031);
#2862=VERTEX_POINT('',#11035);
#2863=VERTEX_POINT('',#11036);
#2864=VERTEX_POINT('',#11041);
#2865=VERTEX_POINT('',#11042);
#2866=VERTEX_POINT('',#11047);
#2867=VERTEX_POINT('',#11052);
#2868=VERTEX_POINT('',#11121);
#2869=VERTEX_POINT('',#11122);
#2870=VERTEX_POINT('',#11194);
#2871=VERTEX_POINT('',#11195);
#2872=VERTEX_POINT('',#11200);
#2873=VERTEX_POINT('',#11205);
#2874=VERTEX_POINT('',#11211);
#2875=VERTEX_POINT('',#11313);
#2876=VERTEX_POINT('',#11315);
#2877=VERTEX_POINT('',#11399);
#2878=VERTEX_POINT('',#11416);
#2879=VERTEX_POINT('',#11417);
#2880=VERTEX_POINT('',#11419);
#2881=VERTEX_POINT('',#11421);
#2882=VERTEX_POINT('',#11425);
#2883=VERTEX_POINT('',#11427);
#2884=VERTEX_POINT('',#11431);
#2885=VERTEX_POINT('',#11433);
#2886=VERTEX_POINT('',#11435);
#2887=VERTEX_POINT('',#11437);
#2888=VERTEX_POINT('',#11439);
#2889=VERTEX_POINT('',#11441);
#2890=VERTEX_POINT('',#11443);
#2891=VERTEX_POINT('',#11445);
#2892=VERTEX_POINT('',#11447);
#2893=VERTEX_POINT('',#11449);
#2894=VERTEX_POINT('',#11451);
#2895=VERTEX_POINT('',#11453);
#2896=VERTEX_POINT('',#11455);
#2897=VERTEX_POINT('',#11457);
#2898=VERTEX_POINT('',#11459);
#2899=VERTEX_POINT('',#11461);
#2900=VERTEX_POINT('',#11463);
#2901=VERTEX_POINT('',#11465);
#2902=VERTEX_POINT('',#11467);
#2903=VERTEX_POINT('',#11471);
#2904=VERTEX_POINT('',#11472);
#2905=VERTEX_POINT('',#11474);
#2906=VERTEX_POINT('',#11476);
#2907=VERTEX_POINT('',#11480);
#2908=VERTEX_POINT('',#11482);
#2909=VERTEX_POINT('',#11484);
#2910=VERTEX_POINT('',#11488);
#2911=VERTEX_POINT('',#11493);
#2912=VERTEX_POINT('',#11494);
#2913=VERTEX_POINT('',#11497);
#2914=VERTEX_POINT('',#11501);
#2915=VERTEX_POINT('',#11503);
#2916=VERTEX_POINT('',#11505);
#2917=VERTEX_POINT('',#11517);
#2918=VERTEX_POINT('',#11519);
#2919=VERTEX_POINT('',#11523);
#2920=VERTEX_POINT('',#11529);
#2921=VERTEX_POINT('',#11533);
#2922=VERTEX_POINT('',#11537);
#2923=VERTEX_POINT('',#11541);
#2924=VERTEX_POINT('',#11543);
#2925=VERTEX_POINT('',#11545);
#2926=VERTEX_POINT('',#11547);
#2927=VERTEX_POINT('',#11549);
#2928=VERTEX_POINT('',#11551);
#2929=VERTEX_POINT('',#11553);
#2930=VERTEX_POINT('',#11555);
#2931=VERTEX_POINT('',#11564);
#2932=VERTEX_POINT('',#11565);
#2933=VERTEX_POINT('',#11567);
#2934=VERTEX_POINT('',#11569);
#2935=VERTEX_POINT('',#11582);
#2936=VERTEX_POINT('',#11583);
#2937=VERTEX_POINT('',#11588);
#2938=VERTEX_POINT('',#11595);
#2939=VERTEX_POINT('',#11597);
#2940=VERTEX_POINT('',#11606);
#2941=VERTEX_POINT('',#11616);
#2942=VERTEX_POINT('',#11618);
#2943=VERTEX_POINT('',#11629);
#2944=VERTEX_POINT('',#11636);
#2945=VERTEX_POINT('',#11644);
#2946=VERTEX_POINT('',#11646);
#2947=VERTEX_POINT('',#11648);
#2948=VERTEX_POINT('',#11652);
#2949=VERTEX_POINT('',#11663);
#2950=VERTEX_POINT('',#11665);
#2951=VERTEX_POINT('',#11667);
#2952=VERTEX_POINT('',#11671);
#2953=VERTEX_POINT('',#11672);
#2954=VERTEX_POINT('',#11675);
#2955=VERTEX_POINT('',#11686);
#2956=VERTEX_POINT('',#11690);
#2957=VERTEX_POINT('',#11694);
#2958=VERTEX_POINT('',#11695);
#2959=VERTEX_POINT('',#11715);
#2960=VERTEX_POINT('',#11721);
#2961=VERTEX_POINT('',#11722);
#2962=VERTEX_POINT('',#11724);
#2963=VERTEX_POINT('',#11729);
#2964=VERTEX_POINT('',#11731);
#2965=VERTEX_POINT('',#11766);
#2966=VERTEX_POINT('',#11768);
#2967=VERTEX_POINT('',#11772);
#2968=VERTEX_POINT('',#11774);
#2969=VERTEX_POINT('',#11776);
#2970=VERTEX_POINT('',#11783);
#2971=VERTEX_POINT('',#11785);
#2972=VERTEX_POINT('',#11787);
#2973=VERTEX_POINT('',#11791);
#2974=VERTEX_POINT('',#11792);
#2975=VERTEX_POINT('',#11797);
#2976=VERTEX_POINT('',#11799);
#2977=VERTEX_POINT('',#11801);
#2978=VERTEX_POINT('',#11819);
#2979=VERTEX_POINT('',#11862);
#2980=VERTEX_POINT('',#11871);
#2981=VERTEX_POINT('',#11893);
#2982=VERTEX_POINT('',#11895);
#2983=VERTEX_POINT('',#11902);
#2984=VERTEX_POINT('',#11904);
#2985=VERTEX_POINT('',#11906);
#2986=VERTEX_POINT('',#11908);
#2987=VERTEX_POINT('',#11917);
#2988=VERTEX_POINT('',#11924);
#2989=VERTEX_POINT('',#11926);
#2990=VERTEX_POINT('',#11930);
#2991=VERTEX_POINT('',#11940);
#2992=VERTEX_POINT('',#11952);
#2993=VERTEX_POINT('',#11956);
#2994=VERTEX_POINT('',#11964);
#2995=VERTEX_POINT('',#11965);
#2996=VERTEX_POINT('',#11967);
#2997=VERTEX_POINT('',#11971);
#2998=VERTEX_POINT('',#11976);
#2999=VERTEX_POINT('',#11978);
#3000=VERTEX_POINT('',#11985);
#3001=VERTEX_POINT('',#11990);
#3002=VERTEX_POINT('',#11994);
#3003=VERTEX_POINT('',#12007);
#3004=VERTEX_POINT('',#12024);
#3005=VERTEX_POINT('',#12028);
#3006=VERTEX_POINT('',#12029);
#3007=VERTEX_POINT('',#12047);
#3008=VERTEX_POINT('',#12058);
#3009=VERTEX_POINT('',#12060);
#3010=VERTEX_POINT('',#12068);
#3011=VERTEX_POINT('',#12070);
#3012=VERTEX_POINT('',#12079);
#3013=VERTEX_POINT('',#12081);
#3014=VERTEX_POINT('',#12085);
#3015=VERTEX_POINT('',#12089);
#3016=VERTEX_POINT('',#12093);
#3017=VERTEX_POINT('',#12156);
#3018=VERTEX_POINT('',#12195);
#3019=VERTEX_POINT('',#12197);
#3020=VERTEX_POINT('',#12287);
#3021=VERTEX_POINT('',#12310);
#3022=VERTEX_POINT('',#12321);
#3023=VERTEX_POINT('',#12323);
#3024=VERTEX_POINT('',#12348);
#3025=VERTEX_POINT('',#12349);
#3026=VERTEX_POINT('',#12378);
#3027=VERTEX_POINT('',#12382);
#3028=VERTEX_POINT('',#12383);
#3029=VERTEX_POINT('',#12388);
#3030=VERTEX_POINT('',#12399);
#3031=VERTEX_POINT('',#12401);
#3032=VERTEX_POINT('',#12426);
#3033=VERTEX_POINT('',#12430);
#3034=VERTEX_POINT('',#12432);
#3035=VERTEX_POINT('',#12436);
#3036=VERTEX_POINT('',#12480);
#3037=VERTEX_POINT('',#12501);
#3038=VERTEX_POINT('',#12542);
#3039=VERTEX_POINT('',#12544);
#3040=VERTEX_POINT('',#12557);
#3041=VERTEX_POINT('',#12575);
#3042=VERTEX_POINT('',#12586);
#3043=VERTEX_POINT('',#12588);
#3044=VERTEX_POINT('',#12590);
#3045=VERTEX_POINT('',#12592);
#3046=VERTEX_POINT('',#12597);
#3047=VERTEX_POINT('',#12602);
#3048=VERTEX_POINT('',#12605);
#3049=VERTEX_POINT('',#12609);
#3050=VERTEX_POINT('',#12610);
#3051=VERTEX_POINT('',#12612);
#3052=VERTEX_POINT('',#12617);
#3053=VERTEX_POINT('',#12619);
#3054=VERTEX_POINT('',#12623);
#3055=VERTEX_POINT('',#12625);
#3056=VERTEX_POINT('',#12629);
#3057=VERTEX_POINT('',#12631);
#3058=VERTEX_POINT('',#12635);
#3059=VERTEX_POINT('',#12637);
#3060=VERTEX_POINT('',#12641);
#3061=VERTEX_POINT('',#12643);
#3062=VERTEX_POINT('',#12647);
#3063=VERTEX_POINT('',#12656);
#3064=VERTEX_POINT('',#12658);
#3065=VERTEX_POINT('',#12662);
#3066=VERTEX_POINT('',#12666);
#3067=VERTEX_POINT('',#12670);
#3068=VERTEX_POINT('',#12674);
#3069=VERTEX_POINT('',#12678);
#3070=VERTEX_POINT('',#12682);
#3071=VERTEX_POINT('',#12699);
#3072=VERTEX_POINT('',#12700);
#3073=VERTEX_POINT('',#12711);
#3074=VERTEX_POINT('',#12713);
#3075=VERTEX_POINT('',#12726);
#3076=VERTEX_POINT('',#12728);
#3077=VERTEX_POINT('',#12732);
#3078=VERTEX_POINT('',#12733);
#3079=VERTEX_POINT('',#12751);
#3080=VERTEX_POINT('',#12770);
#3081=VERTEX_POINT('',#12771);
#3082=VERTEX_POINT('',#12791);
#3083=VERTEX_POINT('',#12796);
#3084=VERTEX_POINT('',#12798);
#3085=VERTEX_POINT('',#12814);
#3086=VERTEX_POINT('',#12816);
#3087=VERTEX_POINT('',#12818);
#3088=VERTEX_POINT('',#12825);
#3089=VERTEX_POINT('',#12836);
#3090=VERTEX_POINT('',#12849);
#3091=VERTEX_POINT('',#12850);
#3092=VERTEX_POINT('',#12852);
#3093=VERTEX_POINT('',#12854);
#3094=VERTEX_POINT('',#12857);
#3095=VERTEX_POINT('',#12870);
#3096=VERTEX_POINT('',#12874);
#3097=VERTEX_POINT('',#12876);
#3098=VERTEX_POINT('',#12880);
#3099=VERTEX_POINT('',#12882);
#3100=VERTEX_POINT('',#12916);
#3101=VERTEX_POINT('',#12923);
#3102=VERTEX_POINT('',#12926);
#3103=VERTEX_POINT('',#12933);
#3104=VERTEX_POINT('',#12934);
#3105=VERTEX_POINT('',#12952);
#3106=VERTEX_POINT('',#12953);
#3107=VERTEX_POINT('',#12955);
#3108=VERTEX_POINT('',#12967);
#3109=VERTEX_POINT('',#12971);
#3110=VERTEX_POINT('',#12977);
#3111=VERTEX_POINT('',#12983);
#3112=VERTEX_POINT('',#13046);
#3113=VERTEX_POINT('',#13053);
#3114=VERTEX_POINT('',#13091);
#3115=VERTEX_POINT('',#13107);
#3116=VERTEX_POINT('',#13109);
#3117=VERTEX_POINT('',#13113);
#3118=VERTEX_POINT('',#13114);
#3119=VERTEX_POINT('',#13119);
#3120=VERTEX_POINT('',#13120);
#3121=VERTEX_POINT('',#13125);
#3122=VERTEX_POINT('',#13130);
#3123=VERTEX_POINT('',#13199);
#3124=VERTEX_POINT('',#13200);
#3125=VERTEX_POINT('',#13272);
#3126=VERTEX_POINT('',#13273);
#3127=VERTEX_POINT('',#13278);
#3128=VERTEX_POINT('',#13283);
#3129=VERTEX_POINT('',#13289);
#3130=VERTEX_POINT('',#13391);
#3131=VERTEX_POINT('',#13393);
#3132=VERTEX_POINT('',#13476);
#3133=EDGE_CURVE('',#2529,#2530,#1463,.T.);
#3134=EDGE_CURVE('',#2529,#2531,#1464,.T.);
#3135=EDGE_CURVE('',#2532,#2531,#1465,.T.);
#3136=EDGE_CURVE('',#2532,#2530,#1466,.T.);
#3137=EDGE_CURVE('',#2533,#2534,#1467,.T.);
#3138=EDGE_CURVE('',#2531,#2533,#1468,.T.);
#3139=EDGE_CURVE('',#2535,#2529,#1469,.T.);
#3140=EDGE_CURVE('',#2534,#2535,#1470,.T.);
#3141=EDGE_CURVE('',#2533,#2536,#1471,.T.);
#3142=EDGE_CURVE('',#2536,#2532,#1472,.T.);
#3143=EDGE_CURVE('',#2537,#2536,#1473,.T.);
#3144=EDGE_CURVE('',#2538,#2537,#1474,.T.);
#3145=EDGE_CURVE('',#2530,#2538,#1475,.T.);
#3146=EDGE_CURVE('',#2539,#2535,#1476,.T.);
#3147=EDGE_CURVE('',#2539,#2540,#1477,.T.);
#3148=EDGE_CURVE('',#2540,#2534,#1478,.T.);
#3149=EDGE_CURVE('',#2541,#2539,#1479,.T.);
#3150=EDGE_CURVE('',#2541,#2542,#1480,.T.);
#3151=EDGE_CURVE('',#2542,#2540,#1481,.T.);
#3152=EDGE_CURVE('',#2537,#2542,#1482,.T.);
#3153=EDGE_CURVE('',#2538,#2541,#1483,.T.);
#3154=EDGE_CURVE('',#2543,#2529,#1484,.T.);
#3155=EDGE_CURVE('',#2544,#2543,#1485,.T.);
#3156=EDGE_CURVE('',#2545,#2544,#1486,.T.);
#3157=EDGE_CURVE('',#2546,#2545,#1487,.T.);
#3158=EDGE_CURVE('',#2546,#2547,#1488,.T.);
#3159=EDGE_CURVE('',#2548,#2547,#1489,.F.);
#3160=EDGE_CURVE('',#2548,#2549,#1490,.T.);
#3161=EDGE_CURVE('',#2550,#2549,#1491,.F.);
#3162=EDGE_CURVE('',#2550,#2551,#1492,.T.);
#3163=EDGE_CURVE('',#2551,#2552,#1493,.T.);
#3164=EDGE_CURVE('',#2552,#2553,#1494,.T.);
#3165=EDGE_CURVE('',#2553,#2554,#1495,.T.);
#3166=EDGE_CURVE('',#2530,#2554,#1496,.T.);
#3167=EDGE_CURVE('',#2555,#2556,#1497,.T.);
#3168=EDGE_CURVE('',#2556,#2557,#1498,.T.);
#3169=EDGE_CURVE('',#2558,#2557,#1499,.T.);
#3170=EDGE_CURVE('',#2558,#2559,#1500,.T.);
#3171=EDGE_CURVE('',#2559,#2555,#1501,.T.);
#3172=EDGE_CURVE('',#2560,#2559,#1502,.T.);
#3173=EDGE_CURVE('',#2561,#2560,#1503,.T.);
#3174=EDGE_CURVE('',#2555,#2561,#1504,.T.);
#3175=EDGE_CURVE('',#2562,#2558,#1505,.T.);
#3176=EDGE_CURVE('',#2560,#2562,#1506,.T.);
#3177=EDGE_CURVE('',#2563,#2561,#1507,.T.);
#3178=EDGE_CURVE('',#2564,#2562,#1508,.T.);
#3179=EDGE_CURVE('',#2564,#2563,#1509,.T.);
#3180=EDGE_CURVE('',#2565,#2556,#1510,.T.);
#3181=EDGE_CURVE('',#2566,#2565,#1511,.T.);
#3182=EDGE_CURVE('',#2557,#2566,#1512,.T.);
#3183=EDGE_CURVE('',#2566,#2567,#1513,.T.);
#3184=EDGE_CURVE('',#2568,#2565,#1514,.T.);
#3185=EDGE_CURVE('',#2567,#2568,#1515,.T.);
#3186=EDGE_CURVE('',#2567,#2564,#1516,.T.);
#3187=EDGE_CURVE('',#2563,#2568,#1517,.T.);
#3188=EDGE_CURVE('',#2569,#2570,#1518,.T.);
#3189=EDGE_CURVE('',#2569,#2544,#1519,.T.);
#3190=EDGE_CURVE('',#2570,#2543,#1520,.T.);
#3191=EDGE_CURVE('',#2571,#2569,#1521,.T.);
#3192=EDGE_CURVE('',#2545,#2571,#1522,.T.);
#3193=EDGE_CURVE('',#2572,#2571,#1523,.T.);
#3194=EDGE_CURVE('',#2572,#2546,#1524,.T.);
#3195=EDGE_CURVE('',#2573,#2570,#1525,.T.);
#3196=EDGE_CURVE('',#2574,#2573,#1526,.T.);
#3197=EDGE_CURVE('',#2575,#2574,#1527,.T.);
#3198=EDGE_CURVE('',#2576,#2575,#1528,.T.);
#3199=EDGE_CURVE('',#2576,#2572,#1529,.T.);
#3200=EDGE_CURVE('',#2577,#2578,#1530,.T.);
#3201=EDGE_CURVE('',#2554,#2577,#1531,.T.);
#3202=EDGE_CURVE('',#2578,#2553,#1532,.T.);
#3203=EDGE_CURVE('',#2578,#2579,#1533,.T.);
#3204=EDGE_CURVE('',#2579,#2552,#1534,.T.);
#3205=EDGE_CURVE('',#2580,#2579,#1535,.T.);
#3206=EDGE_CURVE('',#2580,#2581,#1536,.T.);
#3207=EDGE_CURVE('',#2582,#2581,#1537,.T.);
#3208=EDGE_CURVE('',#2583,#2582,#1538,.T.);
#3209=EDGE_CURVE('',#2583,#2584,#1539,.T.);
#3210=EDGE_CURVE('',#2577,#2584,#1540,.T.);
#3211=EDGE_CURVE('',#2585,#2586,#1541,.T.);
#3212=EDGE_CURVE('',#2587,#2585,#1542,.T.);
#3213=EDGE_CURVE('',#2588,#2587,#1543,.T.);
#3214=EDGE_CURVE('',#2586,#2588,#1544,.T.);
#3215=EDGE_CURVE('',#2586,#2589,#1545,.T.);
#3216=EDGE_CURVE('',#2590,#2588,#1546,.T.);
#3217=EDGE_CURVE('',#2589,#2590,#1547,.T.);
#3218=EDGE_CURVE('',#2584,#2591,#1548,.T.);
#3219=EDGE_CURVE('',#2591,#2592,#1549,.T.);
#3220=EDGE_CURVE('',#2592,#2593,#1550,.T.);
#3221=EDGE_CURVE('',#2593,#2562,#1551,.T.);
#3222=EDGE_CURVE('',#2558,#2587,#1552,.T.);
#3223=EDGE_CURVE('',#2585,#2594,#1553,.T.);
#3224=EDGE_CURVE('',#2594,#2573,#1554,.T.);
#3225=EDGE_CURVE('',#2595,#2596,#1555,.T.);
#3226=EDGE_CURVE('',#2596,#2597,#1556,.T.);
#3227=EDGE_CURVE('',#2597,#2598,#1557,.T.);
#3228=EDGE_CURVE('',#2598,#2595,#1558,.T.);
#3229=EDGE_CURVE('',#2599,#2592,#1559,.T.);
#3230=EDGE_CURVE('',#2599,#2600,#1560,.T.);
#3231=EDGE_CURVE('',#2600,#2593,#1561,.T.);
#3232=EDGE_CURVE('',#2601,#2599,#1562,.T.);
#3233=EDGE_CURVE('',#2602,#2601,#1563,.T.);
#3234=EDGE_CURVE('',#2602,#2600,#1564,.T.);
#3235=EDGE_CURVE('',#2603,#2601,#1565,.T.);
#3236=EDGE_CURVE('',#2603,#2604,#1566,.T.);
#3237=EDGE_CURVE('',#2604,#2602,#1567,.T.);
#3238=EDGE_CURVE('',#2605,#2591,#1568,.T.);
#3239=EDGE_CURVE('',#2606,#2605,#1569,.T.);
#3240=EDGE_CURVE('',#2607,#2606,#1570,.T.);
#3241=EDGE_CURVE('',#2607,#2603,#1571,.T.);
#3242=EDGE_CURVE('',#2608,#2608,#348,.T.);
#3243=EDGE_CURVE('',#2608,#2609,#1572,.T.);
#3244=EDGE_CURVE('',#2609,#2609,#349,.T.);
#3245=EDGE_CURVE('',#2595,#2610,#1573,.T.);
#3246=EDGE_CURVE('',#2610,#2611,#1574,.T.);
#3247=EDGE_CURVE('',#2596,#2611,#1575,.T.);
#3248=EDGE_CURVE('',#2598,#2612,#1576,.T.);
#3249=EDGE_CURVE('',#2612,#2610,#1577,.T.);
#3250=EDGE_CURVE('',#2597,#2613,#1578,.T.);
#3251=EDGE_CURVE('',#2613,#2612,#1579,.T.);
#3252=EDGE_CURVE('',#2611,#2613,#1580,.T.);
#3253=EDGE_CURVE('',#2606,#2614,#1581,.T.);
#3254=EDGE_CURVE('',#2614,#2615,#1582,.F.);
#3255=EDGE_CURVE('',#2615,#2607,#1583,.T.);
#3256=EDGE_CURVE('',#2616,#2617,#1584,.T.);
#3257=EDGE_CURVE('',#2617,#2618,#1585,.T.);
#3258=EDGE_CURVE('',#2618,#2619,#1586,.F.);
#3259=EDGE_CURVE('',#2619,#2616,#1587,.T.);
#3260=EDGE_CURVE('',#2620,#2589,#1588,.T.);
#3261=EDGE_CURVE('',#2620,#2617,#1589,.T.);
#3262=EDGE_CURVE('',#2621,#2616,#1590,.T.);
#3263=EDGE_CURVE('',#2621,#2594,#1591,.T.);
#3264=EDGE_CURVE('',#2605,#2583,#1592,.T.);
#3265=EDGE_CURVE('',#2549,#2582,#1593,.T.);
#3266=EDGE_CURVE('',#2575,#2548,#1594,.T.);
#3267=EDGE_CURVE('',#2574,#2621,#1595,.T.);
#3268=EDGE_CURVE('',#2619,#2614,#1596,.T.);
#3269=EDGE_CURVE('',#2581,#2550,#1597,.T.);
#3270=EDGE_CURVE('',#2547,#2576,#1598,.T.);
#3271=EDGE_CURVE('',#2551,#2580,#1599,.T.);
#3272=EDGE_CURVE('',#2604,#2615,#1600,.T.);
#3273=EDGE_CURVE('',#2618,#2622,#1601,.T.);
#3274=EDGE_CURVE('',#2622,#2620,#1602,.T.);
#3275=EDGE_CURVE('',#2622,#2590,#1603,.T.);
#3276=EDGE_CURVE('',#2623,#2624,#350,.T.);
#3277=EDGE_CURVE('',#2624,#2625,#1604,.T.);
#3278=EDGE_CURVE('',#2625,#2626,#279,.F.);
#3279=EDGE_CURVE('',#2626,#2623,#1605,.T.);
#3280=EDGE_CURVE('',#2623,#2627,#351,.T.);
#3281=EDGE_CURVE('',#2627,#2628,#352,.T.);
#3282=EDGE_CURVE('',#2624,#2628,#353,.T.);
#3283=EDGE_CURVE('',#2629,#2626,#1606,.T.);
#3284=EDGE_CURVE('',#2630,#2629,#354,.T.);
#3285=EDGE_CURVE('',#2631,#2630,#1607,.T.);
#3286=EDGE_CURVE('',#2632,#2631,#1608,.T.);
#3287=EDGE_CURVE('',#2633,#2632,#1609,.T.);
#3288=EDGE_CURVE('',#2634,#2633,#355,.T.);
#3289=EDGE_CURVE('',#2635,#2634,#1610,.T.);
#3290=EDGE_CURVE('',#2636,#2635,#1611,.T.);
#3291=EDGE_CURVE('',#2637,#2636,#1612,.T.);
#3292=EDGE_CURVE('',#2638,#2637,#1613,.T.);
#3293=EDGE_CURVE('',#2639,#2638,#1614,.T.);
#3294=EDGE_CURVE('',#2640,#2639,#356,.T.);
#3295=EDGE_CURVE('',#2641,#2640,#1615,.T.);
#3296=EDGE_CURVE('',#2641,#2642,#1616,.T.);
#3297=EDGE_CURVE('',#2643,#2642,#1617,.T.);
#3298=EDGE_CURVE('',#2644,#2643,#357,.T.);
#3299=EDGE_CURVE('',#2645,#2644,#1618,.T.);
#3300=EDGE_CURVE('',#2646,#2645,#1619,.T.);
#3301=EDGE_CURVE('',#2647,#2646,#358,.T.);
#3302=EDGE_CURVE('',#2627,#2647,#1620,.T.);
#3303=EDGE_CURVE('',#2648,#2649,#359,.T.);
#3304=EDGE_CURVE('',#2649,#2650,#1621,.T.);
#3305=EDGE_CURVE('',#2650,#2651,#360,.F.);
#3306=EDGE_CURVE('',#2651,#2648,#1622,.T.);
#3307=EDGE_CURVE('',#2652,#2648,#361,.T.);
#3308=EDGE_CURVE('',#2648,#2653,#1623,.T.);
#3309=EDGE_CURVE('',#2653,#2654,#362,.T.);
#3310=EDGE_CURVE('',#2654,#2652,#1624,.T.);
#3311=EDGE_CURVE('',#2655,#2637,#363,.T.);
#3312=EDGE_CURVE('',#2636,#2653,#364,.T.);
#3313=EDGE_CURVE('',#2653,#2655,#1625,.T.);
#3314=EDGE_CURVE('',#2656,#2657,#365,.T.);
#3315=EDGE_CURVE('',#2657,#2658,#1626,.T.);
#3316=EDGE_CURVE('',#2658,#2655,#366,.T.);
#3317=EDGE_CURVE('',#2655,#2656,#1627,.T.);
#3318=EDGE_CURVE('',#2659,#2656,#367,.T.);
#3319=EDGE_CURVE('',#2656,#2660,#1628,.T.);
#3320=EDGE_CURVE('',#2660,#2661,#368,.F.);
#3321=EDGE_CURVE('',#2661,#2659,#1629,.T.);
#3322=EDGE_CURVE('',#2659,#2657,#369,.T.);
#3323=EDGE_CURVE('',#2658,#2637,#370,.T.);
#3324=EDGE_CURVE('',#2636,#2654,#371,.T.);
#3325=EDGE_CURVE('',#2652,#2649,#372,.T.);
#3326=EDGE_CURVE('',#2652,#2662,#1630,.T.);
#3327=EDGE_CURVE('',#2662,#2663,#280,.T.);
#3328=EDGE_CURVE('',#2663,#2649,#1631,.T.);
#3329=EDGE_CURVE('',#2664,#2654,#1632,.T.);
#3330=EDGE_CURVE('',#2664,#2662,#1633,.T.);
#3331=EDGE_CURVE('',#2635,#2664,#281,.T.);
#3332=EDGE_CURVE('',#2658,#2665,#1634,.T.);
#3333=EDGE_CURVE('',#2638,#2665,#282,.T.);
#3334=EDGE_CURVE('',#2666,#2657,#1635,.T.);
#3335=EDGE_CURVE('',#2665,#2666,#1636,.T.);
#3336=EDGE_CURVE('',#2659,#2667,#1637,.T.);
#3337=EDGE_CURVE('',#2667,#2666,#283,.T.);
#3338=EDGE_CURVE('',#2661,#2668,#1638,.T.);
#3339=EDGE_CURVE('',#2669,#2668,#51,.F.);
#3340=EDGE_CURVE('',#2670,#2669,#1639,.T.);
#3341=EDGE_CURVE('',#2671,#2670,#373,.T.);
#3342=EDGE_CURVE('',#2672,#2671,#1640,.T.);
#3343=EDGE_CURVE('',#2673,#2672,#1641,.T.);
#3344=EDGE_CURVE('',#2674,#2673,#374,.F.);
#3345=EDGE_CURVE('',#2675,#2674,#1642,.T.);
#3346=EDGE_CURVE('',#2667,#2675,#1643,.T.);
#3347=EDGE_CURVE('',#2676,#2677,#375,.T.);
#3348=EDGE_CURVE('',#2677,#2678,#1644,.T.);
#3349=EDGE_CURVE('',#2678,#2679,#52,.F.);
#3350=EDGE_CURVE('',#2679,#2676,#1645,.T.);
#3351=EDGE_CURVE('',#2680,#2681,#53,.T.);
#3352=EDGE_CURVE('',#2681,#2677,#376,.T.);
#3353=EDGE_CURVE('',#2676,#2682,#377,.T.);
#3354=EDGE_CURVE('',#2682,#2683,#54,.T.);
#3355=EDGE_CURVE('',#2683,#2684,#55,.T.);
#3356=EDGE_CURVE('',#2684,#2685,#378,.T.);
#3357=EDGE_CURVE('',#2685,#2680,#56,.T.);
#3358=EDGE_CURVE('',#2683,#2686,#1646,.T.);
#3359=EDGE_CURVE('',#2686,#2687,#57,.F.);
#3360=EDGE_CURVE('',#2687,#2684,#1647,.T.);
#3361=EDGE_CURVE('',#2685,#2688,#1648,.T.);
#3362=EDGE_CURVE('',#2681,#2688,#58,.F.);
#3363=EDGE_CURVE('',#2689,#2663,#1649,.T.);
#3364=EDGE_CURVE('',#2689,#2690,#1650,.T.);
#3365=EDGE_CURVE('',#2691,#2690,#379,.F.);
#3366=EDGE_CURVE('',#2678,#2691,#1651,.T.);
#3367=EDGE_CURVE('',#2692,#2687,#59,.F.);
#3368=EDGE_CURVE('',#2692,#2650,#1652,.T.);
#3369=EDGE_CURVE('',#2691,#2693,#60,.F.);
#3370=EDGE_CURVE('',#2693,#2694,#284,.F.);
#3371=EDGE_CURVE('',#2695,#2694,#285,.T.);
#3372=EDGE_CURVE('',#2695,#2696,#1653,.T.);
#3373=EDGE_CURVE('',#2696,#2679,#286,.F.);
#3374=EDGE_CURVE('',#2697,#2698,#1654,.T.);
#3375=EDGE_CURVE('',#2698,#2699,#287,.F.);
#3376=EDGE_CURVE('',#2700,#2699,#288,.T.);
#3377=EDGE_CURVE('',#2673,#2700,#61,.T.);
#3378=EDGE_CURVE('',#2672,#2697,#289,.T.);
#3379=EDGE_CURVE('',#2671,#2701,#380,.T.);
#3380=EDGE_CURVE('',#2701,#2697,#1655,.T.);
#3381=EDGE_CURVE('',#2702,#2703,#62,.T.);
#3382=EDGE_CURVE('',#2702,#2701,#381,.T.);
#3383=EDGE_CURVE('',#2670,#2703,#63,.F.);
#3384=EDGE_CURVE('',#2676,#2624,#1656,.T.);
#3385=EDGE_CURVE('',#2628,#2682,#1657,.T.);
#3386=EDGE_CURVE('',#2647,#2704,#382,.T.);
#3387=EDGE_CURVE('',#2704,#2628,#1658,.T.);
#3388=EDGE_CURVE('',#2696,#2625,#1659,.T.);
#3389=EDGE_CURVE('',#2705,#2706,#290,.T.);
#3390=EDGE_CURVE('',#2706,#2707,#1660,.T.);
#3391=EDGE_CURVE('',#2707,#2708,#64,.T.);
#3392=EDGE_CURVE('',#2708,#2709,#1661,.T.);
#3393=EDGE_CURVE('',#2709,#2705,#65,.T.);
#3394=EDGE_CURVE('',#2697,#2710,#1662,.T.);
#3395=EDGE_CURVE('',#2711,#2710,#1663,.T.);
#3396=EDGE_CURVE('',#2707,#2711,#1664,.T.);
#3397=EDGE_CURVE('',#2698,#2706,#1665,.T.);
#3398=EDGE_CURVE('',#2705,#2712,#291,.T.);
#3399=EDGE_CURVE('',#2712,#2713,#66,.T.);
#3400=EDGE_CURVE('',#2713,#2714,#292,.T.);
#3401=EDGE_CURVE('',#2714,#2699,#1666,.T.);
#3402=EDGE_CURVE('',#2715,#2709,#1667,.T.);
#3403=EDGE_CURVE('',#2716,#2715,#383,.T.);
#3404=EDGE_CURVE('',#2717,#2716,#1668,.T.);
#3405=EDGE_CURVE('',#2712,#2717,#384,.T.);
#3406=EDGE_CURVE('',#2718,#2719,#67,.T.);
#3407=EDGE_CURVE('',#2719,#2720,#1669,.T.);
#3408=EDGE_CURVE('',#2720,#2721,#68,.T.);
#3409=EDGE_CURVE('',#2721,#2722,#1670,.T.);
#3410=EDGE_CURVE('',#2722,#2718,#293,.T.);
#3411=EDGE_CURVE('',#2695,#2722,#1671,.T.);
#3412=EDGE_CURVE('',#2721,#2723,#1672,.T.);
#3413=EDGE_CURVE('',#2625,#2723,#1673,.T.);
#3414=EDGE_CURVE('',#2720,#2724,#69,.T.);
#3415=EDGE_CURVE('',#2725,#2724,#70,.T.);
#3416=EDGE_CURVE('',#2725,#2721,#71,.T.);
#3417=EDGE_CURVE('',#2726,#2719,#1674,.T.);
#3418=EDGE_CURVE('',#2727,#2726,#1675,.T.);
#3419=EDGE_CURVE('',#2728,#2727,#1676,.T.);
#3420=EDGE_CURVE('',#2728,#2729,#72,.T.);
#3421=EDGE_CURVE('',#2730,#2729,#73,.T.);
#3422=EDGE_CURVE('',#2731,#2730,#1677,.T.);
#3423=EDGE_CURVE('',#2732,#2731,#1678,.T.);
#3424=EDGE_CURVE('',#2733,#2732,#1679,.T.);
#3425=EDGE_CURVE('',#2734,#2733,#74,.T.);
#3426=EDGE_CURVE('',#2724,#2734,#1680,.T.);
#3427=EDGE_CURVE('',#2704,#2735,#385,.F.);
#3428=EDGE_CURVE('',#2735,#2646,#386,.T.);
#3429=EDGE_CURVE('',#2645,#2710,#294,.F.);
#3430=EDGE_CURVE('',#2710,#2735,#1681,.T.);
#3431=EDGE_CURVE('',#2702,#2704,#1682,.T.);
#3432=EDGE_CURVE('',#2735,#2701,#1683,.T.);
#3433=EDGE_CURVE('',#2736,#2669,#75,.T.);
#3434=EDGE_CURVE('',#2736,#2703,#1684,.T.);
#3435=EDGE_CURVE('',#2713,#2737,#387,.T.);
#3436=EDGE_CURVE('',#2737,#2714,#1685,.T.);
#3437=EDGE_CURVE('',#2717,#2738,#388,.T.);
#3438=EDGE_CURVE('',#2738,#2737,#389,.T.);
#3439=EDGE_CURVE('',#2738,#2700,#1686,.T.);
#3440=EDGE_CURVE('',#2717,#2674,#1687,.T.);
#3441=EDGE_CURVE('',#2739,#2740,#295,.F.);
#3442=EDGE_CURVE('',#2740,#2741,#1688,.T.);
#3443=EDGE_CURVE('',#2741,#2739,#390,.T.);
#3444=EDGE_CURVE('',#2742,#2739,#76,.F.);
#3445=EDGE_CURVE('',#2741,#2743,#391,.T.);
#3446=EDGE_CURVE('',#2743,#2744,#392,.T.);
#3447=EDGE_CURVE('',#2744,#2742,#393,.T.);
#3448=EDGE_CURVE('',#2690,#2744,#1689,.T.);
#3449=EDGE_CURVE('',#2743,#2693,#1690,.T.);
#3450=EDGE_CURVE('',#2742,#2718,#296,.T.);
#3451=EDGE_CURVE('',#2744,#2745,#1691,.T.);
#3452=EDGE_CURVE('',#2726,#2745,#394,.T.);
#3453=EDGE_CURVE('',#2746,#2689,#297,.F.);
#3454=EDGE_CURVE('',#2745,#2746,#1692,.T.);
#3455=EDGE_CURVE('',#2747,#2643,#77,.T.);
#3456=EDGE_CURVE('',#2642,#2748,#395,.T.);
#3457=EDGE_CURVE('',#2748,#2749,#1693,.T.);
#3458=EDGE_CURVE('',#2749,#2747,#78,.T.);
#3459=EDGE_CURVE('',#2750,#2751,#396,.T.);
#3460=EDGE_CURVE('',#2751,#2748,#397,.T.);
#3461=EDGE_CURVE('',#2642,#2750,#398,.T.);
#3462=EDGE_CURVE('',#2752,#2749,#1694,.T.);
#3463=EDGE_CURVE('',#2753,#2752,#79,.T.);
#3464=EDGE_CURVE('',#2753,#2754,#1695,.T.);
#3465=EDGE_CURVE('',#2755,#2754,#80,.T.);
#3466=EDGE_CURVE('',#2756,#2755,#1696,.T.);
#3467=EDGE_CURVE('',#2747,#2756,#81,.T.);
#3468=EDGE_CURVE('',#2757,#2751,#1697,.T.);
#3469=EDGE_CURVE('',#2758,#2757,#399,.T.);
#3470=EDGE_CURVE('',#2752,#2758,#1698,.T.);
#3471=EDGE_CURVE('',#2750,#2759,#1699,.T.);
#3472=EDGE_CURVE('',#2757,#2759,#400,.T.);
#3473=EDGE_CURVE('',#2759,#2760,#401,.T.);
#3474=EDGE_CURVE('',#2760,#2758,#402,.T.);
#3475=EDGE_CURVE('',#2760,#2761,#1700,.T.);
#3476=EDGE_CURVE('',#2761,#2752,#82,.T.);
#3477=EDGE_CURVE('',#2761,#2762,#83,.T.);
#3478=EDGE_CURVE('',#2762,#2753,#84,.T.);
#3479=EDGE_CURVE('',#2763,#2753,#1701,.T.);
#3480=EDGE_CURVE('',#2762,#2764,#1702,.T.);
#3481=EDGE_CURVE('',#2764,#2763,#85,.T.);
#3482=EDGE_CURVE('',#2707,#2763,#86,.T.);
#3483=EDGE_CURVE('',#2764,#2708,#87,.T.);
#3484=EDGE_CURVE('',#2765,#2763,#1703,.T.);
#3485=EDGE_CURVE('',#2754,#2765,#1704,.T.);
#3486=EDGE_CURVE('',#2766,#2711,#88,.T.);
#3487=EDGE_CURVE('',#2767,#2766,#89,.T.);
#3488=EDGE_CURVE('',#2768,#2767,#1705,.T.);
#3489=EDGE_CURVE('',#2765,#2768,#90,.T.);
#3490=EDGE_CURVE('',#2769,#2770,#91,.T.);
#3491=EDGE_CURVE('',#2770,#2771,#1706,.T.);
#3492=EDGE_CURVE('',#2771,#2631,#403,.T.);
#3493=EDGE_CURVE('',#2630,#2769,#92,.T.);
#3494=EDGE_CURVE('',#2772,#2773,#404,.T.);
#3495=EDGE_CURVE('',#2773,#2631,#405,.T.);
#3496=EDGE_CURVE('',#2771,#2772,#406,.T.);
#3497=EDGE_CURVE('',#2629,#2774,#93,.T.);
#3498=EDGE_CURVE('',#2774,#2775,#94,.T.);
#3499=EDGE_CURVE('',#2775,#2776,#407,.T.);
#3500=EDGE_CURVE('',#2776,#2769,#95,.T.);
#3501=EDGE_CURVE('',#2773,#2777,#1707,.T.);
#3502=EDGE_CURVE('',#2632,#2777,#408,.T.);
#3503=EDGE_CURVE('',#2772,#2778,#1708,.T.);
#3504=EDGE_CURVE('',#2779,#2778,#409,.T.);
#3505=EDGE_CURVE('',#2779,#2773,#1709,.T.);
#3506=EDGE_CURVE('',#2734,#2780,#96,.T.);
#3507=EDGE_CURVE('',#2780,#2725,#1710,.T.);
#3508=EDGE_CURVE('',#2733,#2781,#97,.T.);
#3509=EDGE_CURVE('',#2781,#2780,#98,.T.);
#3510=EDGE_CURVE('',#2778,#2782,#410,.T.);
#3511=EDGE_CURVE('',#2782,#2732,#411,.T.);
#3512=EDGE_CURVE('',#2732,#2779,#412,.T.);
#3513=EDGE_CURVE('',#2782,#2781,#1711,.T.);
#3514=EDGE_CURVE('',#2783,#2725,#1712,.T.);
#3515=EDGE_CURVE('',#2783,#2784,#99,.T.);
#3516=EDGE_CURVE('',#2784,#2775,#1713,.T.);
#3517=EDGE_CURVE('',#2723,#2774,#100,.T.);
#3518=EDGE_CURVE('',#2780,#2785,#1714,.T.);
#3519=EDGE_CURVE('',#2785,#2783,#1715,.T.);
#3520=EDGE_CURVE('',#2776,#2786,#1716,.T.);
#3521=EDGE_CURVE('',#2786,#2785,#101,.T.);
#3522=EDGE_CURVE('',#2781,#2770,#1717,.T.);
#3523=EDGE_CURVE('',#2784,#2787,#413,.T.);
#3524=EDGE_CURVE('',#2788,#2787,#1718,.T.);
#3525=EDGE_CURVE('',#2789,#2788,#102,.T.);
#3526=EDGE_CURVE('',#2790,#2789,#414,.T.);
#3527=EDGE_CURVE('',#2791,#2790,#1719,.T.);
#3528=EDGE_CURVE('',#2791,#2786,#415,.T.);
#3529=EDGE_CURVE('',#2792,#2736,#416,.T.);
#3530=EDGE_CURVE('',#2792,#2793,#1720,.T.);
#3531=EDGE_CURVE('',#2793,#2686,#417,.T.);
#3532=EDGE_CURVE('',#2686,#2736,#1721,.T.);
#3533=EDGE_CURVE('',#2794,#2795,#1722,.T.);
#3534=EDGE_CURVE('',#2795,#2793,#418,.T.);
#3535=EDGE_CURVE('',#2793,#2796,#1723,.T.);
#3536=EDGE_CURVE('',#2796,#2794,#298,.T.);
#3537=EDGE_CURVE('',#2796,#2797,#1724,.T.);
#3538=EDGE_CURVE('',#2797,#2798,#299,.T.);
#3539=EDGE_CURVE('',#2798,#2794,#1725,.T.);
#3540=EDGE_CURVE('',#2797,#2799,#1726,.T.);
#3541=EDGE_CURVE('',#2799,#2800,#300,.T.);
#3542=EDGE_CURVE('',#2800,#2798,#1727,.T.);
#3543=EDGE_CURVE('',#2799,#2801,#1728,.T.);
#3544=EDGE_CURVE('',#2801,#2802,#301,.T.);
#3545=EDGE_CURVE('',#2802,#2800,#1729,.T.);
#3546=EDGE_CURVE('',#2801,#2803,#1730,.T.);
#3547=EDGE_CURVE('',#2803,#2804,#302,.T.);
#3548=EDGE_CURVE('',#2804,#2802,#1731,.T.);
#3549=EDGE_CURVE('',#2803,#2805,#1732,.T.);
#3550=EDGE_CURVE('',#2805,#2806,#303,.T.);
#3551=EDGE_CURVE('',#2806,#2804,#1733,.T.);
#3552=EDGE_CURVE('',#2807,#2792,#419,.T.);
#3553=EDGE_CURVE('',#2668,#2807,#420,.T.);
#3554=EDGE_CURVE('',#2805,#2792,#1734,.T.);
#3555=EDGE_CURVE('',#2807,#2806,#1735,.T.);
#3556=EDGE_CURVE('',#2795,#2692,#421,.T.);
#3557=EDGE_CURVE('',#2808,#2794,#1736,.T.);
#3558=EDGE_CURVE('',#2809,#2808,#1737,.T.);
#3559=EDGE_CURVE('',#2651,#2809,#422,.T.);
#3560=EDGE_CURVE('',#2810,#2798,#1738,.T.);
#3561=EDGE_CURVE('',#2808,#2810,#1739,.T.);
#3562=EDGE_CURVE('',#2811,#2800,#1740,.T.);
#3563=EDGE_CURVE('',#2810,#2811,#1741,.T.);
#3564=EDGE_CURVE('',#2812,#2802,#1742,.T.);
#3565=EDGE_CURVE('',#2811,#2812,#1743,.T.);
#3566=EDGE_CURVE('',#2813,#2804,#1744,.T.);
#3567=EDGE_CURVE('',#2812,#2813,#1745,.T.);
#3568=EDGE_CURVE('',#2814,#2806,#1746,.T.);
#3569=EDGE_CURVE('',#2814,#2813,#1747,.T.);
#3570=EDGE_CURVE('',#2660,#2815,#423,.F.);
#3571=EDGE_CURVE('',#2814,#2815,#1748,.T.);
#3572=EDGE_CURVE('',#2644,#2766,#103,.T.);
#3573=EDGE_CURVE('',#2756,#2767,#424,.T.);
#3574=EDGE_CURVE('',#2816,#2817,#104,.F.);
#3575=EDGE_CURVE('',#2817,#2818,#425,.T.);
#3576=EDGE_CURVE('',#2818,#2819,#105,.F.);
#3577=EDGE_CURVE('',#2819,#2816,#426,.T.);
#3578=EDGE_CURVE('',#2820,#2817,#1749,.T.);
#3579=EDGE_CURVE('',#2821,#2820,#427,.T.);
#3580=EDGE_CURVE('',#2818,#2821,#1750,.T.);
#3581=EDGE_CURVE('',#2822,#2823,#106,.T.);
#3582=EDGE_CURVE('',#2822,#2824,#428,.T.);
#3583=EDGE_CURVE('',#2824,#2790,#107,.F.);
#3584=EDGE_CURVE('',#2789,#2823,#108,.F.);
#3585=EDGE_CURVE('',#2825,#2826,#109,.T.);
#3586=EDGE_CURVE('',#2825,#2827,#429,.T.);
#3587=EDGE_CURVE('',#2827,#2828,#110,.F.);
#3588=EDGE_CURVE('',#2828,#2829,#430,.T.);
#3589=EDGE_CURVE('',#2829,#2826,#111,.F.);
#3590=EDGE_CURVE('',#2828,#2830,#112,.T.);
#3591=EDGE_CURVE('',#2830,#2831,#1751,.T.);
#3592=EDGE_CURVE('',#2832,#2831,#431,.T.);
#3593=EDGE_CURVE('',#2832,#2829,#1752,.T.);
#3594=EDGE_CURVE('',#2833,#2832,#113,.F.);
#3595=EDGE_CURVE('',#2831,#2834,#114,.F.);
#3596=EDGE_CURVE('',#2834,#2833,#432,.T.);
#3597=EDGE_CURVE('',#2835,#2836,#1753,.T.);
#3598=EDGE_CURVE('',#2837,#2836,#115,.T.);
#3599=EDGE_CURVE('',#2837,#2716,#1754,.T.);
#3600=EDGE_CURVE('',#2716,#2838,#433,.T.);
#3601=EDGE_CURVE('',#2838,#2839,#1755,.T.);
#3602=EDGE_CURVE('',#2839,#2835,#434,.T.);
#3603=EDGE_CURVE('',#2715,#2840,#435,.T.);
#3604=EDGE_CURVE('',#2840,#2838,#436,.T.);
#3605=EDGE_CURVE('',#2841,#2840,#1756,.T.);
#3606=EDGE_CURVE('',#2715,#2842,#1757,.T.);
#3607=EDGE_CURVE('',#2842,#2841,#304,.T.);
#3608=EDGE_CURVE('',#2842,#2843,#1758,.T.);
#3609=EDGE_CURVE('',#2843,#2844,#116,.F.);
#3610=EDGE_CURVE('',#2844,#2841,#1759,.T.);
#3611=EDGE_CURVE('',#2845,#2839,#1760,.T.);
#3612=EDGE_CURVE('',#2845,#2835,#1761,.T.);
#3613=EDGE_CURVE('',#2845,#2841,#1762,.T.);
#3614=EDGE_CURVE('',#2836,#2666,#1763,.T.);
#3615=EDGE_CURVE('',#2844,#2846,#1764,.T.);
#3616=EDGE_CURVE('',#2826,#2846,#117,.T.);
#3617=EDGE_CURVE('',#2847,#2833,#1765,.T.);
#3618=EDGE_CURVE('',#2665,#2847,#1766,.T.);
#3619=EDGE_CURVE('',#2848,#2849,#1767,.T.);
#3620=EDGE_CURVE('',#2849,#2728,#118,.F.);
#3621=EDGE_CURVE('',#2727,#2848,#305,.T.);
#3622=EDGE_CURVE('',#2850,#2851,#437,.T.);
#3623=EDGE_CURVE('',#2851,#2852,#1768,.T.);
#3624=EDGE_CURVE('',#2852,#2745,#438,.T.);
#3625=EDGE_CURVE('',#2746,#2853,#119,.F.);
#3626=EDGE_CURVE('',#2853,#2850,#1769,.T.);
#3627=EDGE_CURVE('',#2854,#2726,#439,.T.);
#3628=EDGE_CURVE('',#2852,#2854,#440,.T.);
#3629=EDGE_CURVE('',#2854,#2848,#1770,.T.);
#3630=EDGE_CURVE('',#2855,#2851,#1771,.T.);
#3631=EDGE_CURVE('',#2855,#2848,#1772,.T.);
#3632=EDGE_CURVE('',#2855,#2850,#1773,.T.);
#3633=EDGE_CURVE('',#2853,#2662,#1774,.T.);
#3634=EDGE_CURVE('',#2820,#2664,#1775,.T.);
#3635=EDGE_CURVE('',#2816,#2822,#1776,.T.);
#3636=EDGE_CURVE('',#2823,#2856,#120,.F.);
#3637=EDGE_CURVE('',#2849,#2856,#1777,.T.);
#3638=EDGE_CURVE('',#2837,#2675,#306,.T.);
#3639=EDGE_CURVE('',#2660,#2651,#1778,.T.);
#3640=EDGE_CURVE('',#2857,#2844,#121,.T.);
#3641=EDGE_CURVE('',#2843,#2858,#122,.T.);
#3642=EDGE_CURVE('',#2858,#2859,#123,.T.);
#3643=EDGE_CURVE('',#2859,#2857,#124,.T.);
#3644=EDGE_CURVE('',#2859,#2860,#1779,.T.);
#3645=EDGE_CURVE('',#2860,#2861,#441,.T.);
#3646=EDGE_CURVE('',#2861,#2857,#1780,.T.);
#3647=EDGE_CURVE('',#2862,#2863,#442,.T.);
#3648=EDGE_CURVE('',#2863,#2861,#443,.T.);
#3649=EDGE_CURVE('',#2860,#2862,#444,.T.);
#3650=EDGE_CURVE('',#2864,#2865,#445,.T.);
#3651=EDGE_CURVE('',#2865,#2863,#1781,.T.);
#3652=EDGE_CURVE('',#2862,#2864,#1782,.T.);
#3653=EDGE_CURVE('',#2641,#2866,#446,.T.);
#3654=EDGE_CURVE('',#2866,#2865,#447,.T.);
#3655=EDGE_CURVE('',#2864,#2641,#448,.T.);
#3656=EDGE_CURVE('',#2867,#2866,#1783,.T.);
#3657=EDGE_CURVE('',#2640,#2867,#125,.T.);
#3658=EDGE_CURVE('',#2847,#2639,#126,.T.);
#3659=EDGE_CURVE('',#2847,#2867,#449,.T.);
#3660=EDGE_CURVE('',#2834,#2867,#1784,.T.);
#3661=EDGE_CURVE('',#2857,#2830,#1785,.T.);
#3662=EDGE_CURVE('',#2634,#2820,#127,.T.);
#3663=EDGE_CURVE('',#2633,#2821,#128,.T.);
#3664=EDGE_CURVE('',#2868,#2869,#1786,.T.);
#3665=EDGE_CURVE('',#2869,#2731,#450,.T.);
#3666=EDGE_CURVE('',#2730,#2868,#129,.T.);
#3667=EDGE_CURVE('',#2849,#2868,#130,.T.);
#3668=EDGE_CURVE('',#2870,#2871,#451,.T.);
#3669=EDGE_CURVE('',#2871,#2731,#452,.T.);
#3670=EDGE_CURVE('',#2869,#2870,#453,.T.);
#3671=EDGE_CURVE('',#2872,#2777,#454,.T.);
#3672=EDGE_CURVE('',#2777,#2871,#1787,.T.);
#3673=EDGE_CURVE('',#2870,#2872,#1788,.T.);
#3674=EDGE_CURVE('',#2873,#2632,#455,.T.);
#3675=EDGE_CURVE('',#2872,#2873,#456,.T.);
#3676=EDGE_CURVE('',#2873,#2821,#1789,.T.);
#3677=EDGE_CURVE('',#2868,#2874,#1790,.T.);
#3678=EDGE_CURVE('',#2874,#2819,#1791,.T.);
#3679=EDGE_CURVE('',#2787,#2791,#131,.T.);
#3680=EDGE_CURVE('',#2824,#2874,#132,.T.);
#3681=EDGE_CURVE('',#2809,#2815,#1792,.T.);
#3682=EDGE_CURVE('',#2750,#2864,#1793,.T.);
#3683=EDGE_CURVE('',#2862,#2759,#1794,.T.);
#3684=EDGE_CURVE('',#2760,#2860,#1795,.T.);
#3685=EDGE_CURVE('',#2768,#2875,#457,.T.);
#3686=EDGE_CURVE('',#2875,#2876,#133,.T.);
#3687=EDGE_CURVE('',#2876,#2755,#458,.T.);
#3688=EDGE_CURVE('',#2876,#2827,#1796,.T.);
#3689=EDGE_CURVE('',#2877,#2875,#1797,.T.);
#3690=EDGE_CURVE('',#2877,#2825,#134,.T.);
#3691=EDGE_CURVE('',#2871,#2779,#1798,.T.);
#3692=EDGE_CURVE('',#2740,#2694,#1799,.T.);
#3693=EDGE_CURVE('',#2878,#2879,#459,.T.);
#3694=EDGE_CURVE('',#2880,#2878,#1800,.T.);
#3695=EDGE_CURVE('',#2881,#2880,#307,.F.);
#3696=EDGE_CURVE('',#2879,#2881,#1801,.T.);
#3697=EDGE_CURVE('',#2879,#2882,#460,.T.);
#3698=EDGE_CURVE('',#2883,#2882,#461,.T.);
#3699=EDGE_CURVE('',#2878,#2883,#462,.T.);
#3700=EDGE_CURVE('',#2883,#2884,#1802,.T.);
#3701=EDGE_CURVE('',#2884,#2885,#463,.T.);
#3702=EDGE_CURVE('',#2885,#2886,#1803,.T.);
#3703=EDGE_CURVE('',#2886,#2887,#1804,.T.);
#3704=EDGE_CURVE('',#2887,#2888,#464,.T.);
#3705=EDGE_CURVE('',#2888,#2889,#1805,.T.);
#3706=EDGE_CURVE('',#2890,#2889,#1806,.T.);
#3707=EDGE_CURVE('',#2890,#2891,#1807,.T.);
#3708=EDGE_CURVE('',#2891,#2892,#465,.T.);
#3709=EDGE_CURVE('',#2892,#2893,#1808,.T.);
#3710=EDGE_CURVE('',#2893,#2894,#1809,.T.);
#3711=EDGE_CURVE('',#2894,#2895,#1810,.T.);
#3712=EDGE_CURVE('',#2895,#2896,#1811,.T.);
#3713=EDGE_CURVE('',#2896,#2897,#1812,.T.);
#3714=EDGE_CURVE('',#2897,#2898,#466,.T.);
#3715=EDGE_CURVE('',#2898,#2899,#1813,.T.);
#3716=EDGE_CURVE('',#2899,#2900,#1814,.T.);
#3717=EDGE_CURVE('',#2900,#2901,#1815,.T.);
#3718=EDGE_CURVE('',#2901,#2902,#467,.T.);
#3719=EDGE_CURVE('',#2902,#2880,#1816,.T.);
#3720=EDGE_CURVE('',#2903,#2904,#468,.T.);
#3721=EDGE_CURVE('',#2905,#2903,#1817,.T.);
#3722=EDGE_CURVE('',#2906,#2905,#469,.F.);
#3723=EDGE_CURVE('',#2904,#2906,#1818,.T.);
#3724=EDGE_CURVE('',#2907,#2903,#470,.T.);
#3725=EDGE_CURVE('',#2908,#2907,#1819,.T.);
#3726=EDGE_CURVE('',#2909,#2908,#471,.T.);
#3727=EDGE_CURVE('',#2903,#2909,#1820,.T.);
#3728=EDGE_CURVE('',#2910,#2894,#472,.T.);
#3729=EDGE_CURVE('',#2909,#2910,#1821,.T.);
#3730=EDGE_CURVE('',#2895,#2909,#473,.T.);
#3731=EDGE_CURVE('',#2911,#2912,#474,.T.);
#3732=EDGE_CURVE('',#2910,#2911,#1822,.T.);
#3733=EDGE_CURVE('',#2913,#2910,#475,.T.);
#3734=EDGE_CURVE('',#2912,#2913,#1823,.T.);
#3735=EDGE_CURVE('',#2914,#2911,#476,.T.);
#3736=EDGE_CURVE('',#2915,#2914,#1824,.T.);
#3737=EDGE_CURVE('',#2916,#2915,#477,.F.);
#3738=EDGE_CURVE('',#2911,#2916,#1825,.T.);
#3739=EDGE_CURVE('',#2914,#2912,#478,.T.);
#3740=EDGE_CURVE('',#2913,#2894,#479,.T.);
#3741=EDGE_CURVE('',#2895,#2908,#480,.T.);
#3742=EDGE_CURVE('',#2907,#2904,#481,.T.);
#3743=EDGE_CURVE('',#2917,#2904,#1826,.T.);
#3744=EDGE_CURVE('',#2918,#2917,#308,.T.);
#3745=EDGE_CURVE('',#2907,#2918,#1827,.T.);
#3746=EDGE_CURVE('',#2919,#2918,#1828,.T.);
#3747=EDGE_CURVE('',#2919,#2908,#1829,.T.);
#3748=EDGE_CURVE('',#2896,#2919,#309,.T.);
#3749=EDGE_CURVE('',#2893,#2920,#310,.T.);
#3750=EDGE_CURVE('',#2913,#2920,#1830,.T.);
#3751=EDGE_CURVE('',#2920,#2921,#1831,.T.);
#3752=EDGE_CURVE('',#2921,#2912,#1832,.T.);
#3753=EDGE_CURVE('',#2922,#2921,#311,.T.);
#3754=EDGE_CURVE('',#2914,#2922,#1833,.T.);
#3755=EDGE_CURVE('',#2922,#2923,#1834,.T.);
#3756=EDGE_CURVE('',#2923,#2924,#1835,.T.);
#3757=EDGE_CURVE('',#2924,#2925,#482,.F.);
#3758=EDGE_CURVE('',#2925,#2926,#1836,.T.);
#3759=EDGE_CURVE('',#2926,#2927,#1837,.T.);
#3760=EDGE_CURVE('',#2927,#2928,#483,.T.);
#3761=EDGE_CURVE('',#2928,#2929,#1838,.T.);
#3762=EDGE_CURVE('',#2929,#2930,#135,.F.);
#3763=EDGE_CURVE('',#2915,#2930,#1839,.T.);
#3764=EDGE_CURVE('',#2931,#2932,#484,.T.);
#3765=EDGE_CURVE('',#2933,#2931,#1840,.T.);
#3766=EDGE_CURVE('',#2934,#2933,#136,.F.);
#3767=EDGE_CURVE('',#2932,#2934,#1841,.T.);
#3768=EDGE_CURVE('',#2935,#2936,#137,.T.);
#3769=EDGE_CURVE('',#2937,#2935,#138,.T.);
#3770=EDGE_CURVE('',#2938,#2937,#485,.T.);
#3771=EDGE_CURVE('',#2939,#2938,#139,.T.);
#3772=EDGE_CURVE('',#2940,#2939,#140,.T.);
#3773=EDGE_CURVE('',#2931,#2940,#486,.T.);
#3774=EDGE_CURVE('',#2936,#2932,#487,.T.);
#3775=EDGE_CURVE('',#2941,#2938,#1842,.T.);
#3776=EDGE_CURVE('',#2942,#2941,#141,.F.);
#3777=EDGE_CURVE('',#2939,#2942,#1843,.T.);
#3778=EDGE_CURVE('',#2936,#2943,#142,.F.);
#3779=EDGE_CURVE('',#2937,#2943,#1844,.T.);
#3780=EDGE_CURVE('',#2944,#2906,#1845,.T.);
#3781=EDGE_CURVE('',#2944,#2941,#143,.F.);
#3782=EDGE_CURVE('',#2934,#2945,#1846,.T.);
#3783=EDGE_CURVE('',#2945,#2946,#488,.F.);
#3784=EDGE_CURVE('',#2947,#2946,#1847,.T.);
#3785=EDGE_CURVE('',#2947,#2917,#1848,.T.);
#3786=EDGE_CURVE('',#2945,#2948,#144,.F.);
#3787=EDGE_CURVE('',#2949,#2933,#312,.F.);
#3788=EDGE_CURVE('',#2950,#2949,#1849,.T.);
#3789=EDGE_CURVE('',#2950,#2951,#313,.T.);
#3790=EDGE_CURVE('',#2948,#2951,#314,.F.);
#3791=EDGE_CURVE('',#2952,#2953,#1850,.T.);
#3792=EDGE_CURVE('',#2926,#2952,#315,.T.);
#3793=EDGE_CURVE('',#2925,#2954,#145,.T.);
#3794=EDGE_CURVE('',#2954,#2955,#316,.T.);
#3795=EDGE_CURVE('',#2953,#2955,#317,.F.);
#3796=EDGE_CURVE('',#2956,#2952,#1851,.T.);
#3797=EDGE_CURVE('',#2927,#2956,#489,.T.);
#3798=EDGE_CURVE('',#2957,#2958,#146,.T.);
#3799=EDGE_CURVE('',#2928,#2958,#147,.F.);
#3800=EDGE_CURVE('',#2957,#2956,#490,.T.);
#3801=EDGE_CURVE('',#2882,#2940,#1852,.T.);
#3802=EDGE_CURVE('',#2931,#2879,#1853,.T.);
#3803=EDGE_CURVE('',#2959,#2882,#1854,.T.);
#3804=EDGE_CURVE('',#2884,#2959,#491,.T.);
#3805=EDGE_CURVE('',#2949,#2881,#1855,.T.);
#3806=EDGE_CURVE('',#2960,#2961,#318,.T.);
#3807=EDGE_CURVE('',#2962,#2960,#148,.T.);
#3808=EDGE_CURVE('',#2963,#2962,#1856,.T.);
#3809=EDGE_CURVE('',#2964,#2963,#149,.T.);
#3810=EDGE_CURVE('',#2961,#2964,#1857,.T.);
#3811=EDGE_CURVE('',#2953,#2961,#1858,.T.);
#3812=EDGE_CURVE('',#2964,#2965,#1859,.T.);
#3813=EDGE_CURVE('',#2965,#2966,#1860,.T.);
#3814=EDGE_CURVE('',#2952,#2966,#1861,.T.);
#3815=EDGE_CURVE('',#2967,#2955,#1862,.T.);
#3816=EDGE_CURVE('',#2968,#2967,#319,.T.);
#3817=EDGE_CURVE('',#2969,#2968,#150,.T.);
#3818=EDGE_CURVE('',#2960,#2969,#320,.T.);
#3819=EDGE_CURVE('',#2969,#2970,#492,.T.);
#3820=EDGE_CURVE('',#2970,#2971,#1863,.T.);
#3821=EDGE_CURVE('',#2971,#2972,#493,.T.);
#3822=EDGE_CURVE('',#2972,#2962,#1864,.T.);
#3823=EDGE_CURVE('',#2973,#2974,#151,.T.);
#3824=EDGE_CURVE('',#2975,#2973,#321,.T.);
#3825=EDGE_CURVE('',#2976,#2975,#1865,.T.);
#3826=EDGE_CURVE('',#2977,#2976,#152,.T.);
#3827=EDGE_CURVE('',#2974,#2977,#1866,.T.);
#3828=EDGE_CURVE('',#2950,#2975,#1867,.T.);
#3829=EDGE_CURVE('',#2881,#2978,#1868,.T.);
#3830=EDGE_CURVE('',#2976,#2978,#1869,.T.);
#3831=EDGE_CURVE('',#2979,#2976,#153,.T.);
#3832=EDGE_CURVE('',#2979,#2980,#154,.T.);
#3833=EDGE_CURVE('',#2977,#2980,#155,.T.);
#3834=EDGE_CURVE('',#2980,#2981,#1870,.T.);
#3835=EDGE_CURVE('',#2981,#2982,#156,.T.);
#3836=EDGE_CURVE('',#2982,#2983,#1871,.T.);
#3837=EDGE_CURVE('',#2983,#2984,#1872,.T.);
#3838=EDGE_CURVE('',#2984,#2985,#1873,.T.);
#3839=EDGE_CURVE('',#2985,#2986,#157,.T.);
#3840=EDGE_CURVE('',#2987,#2986,#158,.T.);
#3841=EDGE_CURVE('',#2987,#2988,#1874,.T.);
#3842=EDGE_CURVE('',#2988,#2989,#1875,.T.);
#3843=EDGE_CURVE('',#2989,#2974,#1876,.T.);
#3844=EDGE_CURVE('',#2959,#2990,#494,.F.);
#3845=EDGE_CURVE('',#2990,#2885,#495,.T.);
#3846=EDGE_CURVE('',#2886,#2966,#322,.F.);
#3847=EDGE_CURVE('',#2966,#2990,#1877,.T.);
#3848=EDGE_CURVE('',#2990,#2956,#1878,.T.);
#3849=EDGE_CURVE('',#2957,#2959,#1879,.T.);
#3850=EDGE_CURVE('',#2991,#2958,#1880,.T.);
#3851=EDGE_CURVE('',#2991,#2929,#159,.T.);
#3852=EDGE_CURVE('',#2992,#2967,#1881,.T.);
#3853=EDGE_CURVE('',#2968,#2992,#496,.T.);
#3854=EDGE_CURVE('',#2993,#2992,#497,.T.);
#3855=EDGE_CURVE('',#2970,#2993,#498,.T.);
#3856=EDGE_CURVE('',#2970,#2924,#1882,.T.);
#3857=EDGE_CURVE('',#2993,#2954,#1883,.T.);
#3858=EDGE_CURVE('',#2994,#2995,#323,.F.);
#3859=EDGE_CURVE('',#2996,#2994,#499,.T.);
#3860=EDGE_CURVE('',#2995,#2996,#1884,.T.);
#3861=EDGE_CURVE('',#2997,#2994,#160,.F.);
#3862=EDGE_CURVE('',#2998,#2997,#500,.T.);
#3863=EDGE_CURVE('',#2999,#2998,#501,.T.);
#3864=EDGE_CURVE('',#2996,#2999,#502,.T.);
#3865=EDGE_CURVE('',#2999,#2948,#1885,.T.);
#3866=EDGE_CURVE('',#2946,#2998,#1886,.T.);
#3867=EDGE_CURVE('',#2989,#3000,#503,.T.);
#3868=EDGE_CURVE('',#2998,#3000,#1887,.T.);
#3869=EDGE_CURVE('',#2997,#2973,#324,.T.);
#3870=EDGE_CURVE('',#3000,#3001,#1888,.T.);
#3871=EDGE_CURVE('',#3001,#2947,#325,.F.);
#3872=EDGE_CURVE('',#3002,#2888,#161,.T.);
#3873=EDGE_CURVE('',#3003,#3002,#162,.T.);
#3874=EDGE_CURVE('',#3004,#3003,#1889,.T.);
#3875=EDGE_CURVE('',#2889,#3004,#504,.T.);
#3876=EDGE_CURVE('',#3005,#3006,#505,.T.);
#3877=EDGE_CURVE('',#2889,#3005,#506,.T.);
#3878=EDGE_CURVE('',#3006,#3004,#507,.T.);
#3879=EDGE_CURVE('',#3002,#3007,#163,.T.);
#3880=EDGE_CURVE('',#3007,#3008,#1890,.T.);
#3881=EDGE_CURVE('',#3008,#3009,#164,.T.);
#3882=EDGE_CURVE('',#3010,#3009,#1891,.T.);
#3883=EDGE_CURVE('',#3010,#3011,#165,.T.);
#3884=EDGE_CURVE('',#3011,#3003,#1892,.T.);
#3885=EDGE_CURVE('',#3011,#3012,#1893,.T.);
#3886=EDGE_CURVE('',#3012,#3013,#508,.T.);
#3887=EDGE_CURVE('',#3013,#3006,#1894,.T.);
#3888=EDGE_CURVE('',#3013,#3014,#509,.T.);
#3889=EDGE_CURVE('',#3005,#3014,#1895,.T.);
#3890=EDGE_CURVE('',#3015,#3012,#510,.T.);
#3891=EDGE_CURVE('',#3014,#3015,#511,.T.);
#3892=EDGE_CURVE('',#3016,#3011,#166,.T.);
#3893=EDGE_CURVE('',#3015,#3016,#1896,.T.);
#3894=EDGE_CURVE('',#3017,#3010,#167,.T.);
#3895=EDGE_CURVE('',#3016,#3017,#168,.T.);
#3896=EDGE_CURVE('',#3018,#3010,#1897,.T.);
#3897=EDGE_CURVE('',#3019,#3018,#169,.T.);
#3898=EDGE_CURVE('',#3017,#3019,#1898,.T.);
#3899=EDGE_CURVE('',#3019,#2963,#170,.T.);
#3900=EDGE_CURVE('',#2964,#3018,#171,.T.);
#3901=EDGE_CURVE('',#3009,#3020,#1899,.T.);
#3902=EDGE_CURVE('',#3020,#3018,#1900,.T.);
#3903=EDGE_CURVE('',#3020,#3021,#172,.T.);
#3904=EDGE_CURVE('',#3021,#3022,#1901,.T.);
#3905=EDGE_CURVE('',#3022,#3023,#173,.T.);
#3906=EDGE_CURVE('',#3023,#2965,#174,.T.);
#3907=EDGE_CURVE('',#3024,#3025,#175,.T.);
#3908=EDGE_CURVE('',#2901,#3024,#176,.T.);
#3909=EDGE_CURVE('',#3026,#2900,#512,.T.);
#3910=EDGE_CURVE('',#3025,#3026,#1902,.T.);
#3911=EDGE_CURVE('',#3027,#3028,#513,.T.);
#3912=EDGE_CURVE('',#3026,#3027,#514,.T.);
#3913=EDGE_CURVE('',#3028,#2900,#515,.T.);
#3914=EDGE_CURVE('',#3029,#3024,#177,.T.);
#3915=EDGE_CURVE('',#3030,#3029,#516,.T.);
#3916=EDGE_CURVE('',#3031,#3030,#178,.T.);
#3917=EDGE_CURVE('',#2902,#3031,#179,.T.);
#3918=EDGE_CURVE('',#2899,#3032,#517,.T.);
#3919=EDGE_CURVE('',#3028,#3032,#1903,.T.);
#3920=EDGE_CURVE('',#3033,#3028,#1904,.T.);
#3921=EDGE_CURVE('',#3033,#3034,#518,.T.);
#3922=EDGE_CURVE('',#3027,#3034,#1905,.T.);
#3923=EDGE_CURVE('',#3035,#2979,#1906,.T.);
#3924=EDGE_CURVE('',#2981,#3035,#180,.T.);
#3925=EDGE_CURVE('',#3036,#3035,#181,.T.);
#3926=EDGE_CURVE('',#2982,#3036,#182,.T.);
#3927=EDGE_CURVE('',#2983,#3033,#519,.T.);
#3928=EDGE_CURVE('',#3037,#2983,#520,.T.);
#3929=EDGE_CURVE('',#3034,#3037,#521,.T.);
#3930=EDGE_CURVE('',#3037,#3036,#1907,.T.);
#3931=EDGE_CURVE('',#2978,#3031,#183,.T.);
#3932=EDGE_CURVE('',#3038,#3030,#1908,.T.);
#3933=EDGE_CURVE('',#3039,#3038,#184,.T.);
#3934=EDGE_CURVE('',#3039,#2979,#1909,.T.);
#3935=EDGE_CURVE('',#3040,#3039,#1910,.T.);
#3936=EDGE_CURVE('',#3035,#3040,#1911,.T.);
#3937=EDGE_CURVE('',#3036,#3025,#1912,.T.);
#3938=EDGE_CURVE('',#3041,#3040,#185,.T.);
#3939=EDGE_CURVE('',#3029,#3041,#1913,.T.);
#3940=EDGE_CURVE('',#3042,#3041,#522,.T.);
#3941=EDGE_CURVE('',#3042,#3043,#1914,.T.);
#3942=EDGE_CURVE('',#3043,#3044,#523,.T.);
#3943=EDGE_CURVE('',#3044,#3045,#186,.T.);
#3944=EDGE_CURVE('',#3045,#3046,#1915,.T.);
#3945=EDGE_CURVE('',#3038,#3046,#524,.T.);
#3946=EDGE_CURVE('',#3047,#2991,#525,.T.);
#3947=EDGE_CURVE('',#2942,#2991,#1916,.T.);
#3948=EDGE_CURVE('',#3048,#2942,#526,.T.);
#3949=EDGE_CURVE('',#3047,#3048,#1917,.T.);
#3950=EDGE_CURVE('',#3049,#3050,#1918,.T.);
#3951=EDGE_CURVE('',#3051,#3049,#326,.T.);
#3952=EDGE_CURVE('',#3048,#3051,#1919,.T.);
#3953=EDGE_CURVE('',#3050,#3048,#527,.T.);
#3954=EDGE_CURVE('',#3051,#3052,#1920,.T.);
#3955=EDGE_CURVE('',#3053,#3049,#1921,.T.);
#3956=EDGE_CURVE('',#3052,#3053,#327,.T.);
#3957=EDGE_CURVE('',#3052,#3054,#1922,.T.);
#3958=EDGE_CURVE('',#3055,#3053,#1923,.T.);
#3959=EDGE_CURVE('',#3054,#3055,#328,.T.);
#3960=EDGE_CURVE('',#3054,#3056,#1924,.T.);
#3961=EDGE_CURVE('',#3057,#3055,#1925,.T.);
#3962=EDGE_CURVE('',#3056,#3057,#329,.T.);
#3963=EDGE_CURVE('',#3056,#3058,#1926,.T.);
#3964=EDGE_CURVE('',#3059,#3057,#1927,.T.);
#3965=EDGE_CURVE('',#3058,#3059,#330,.T.);
#3966=EDGE_CURVE('',#3058,#3060,#1928,.T.);
#3967=EDGE_CURVE('',#3061,#3059,#1929,.T.);
#3968=EDGE_CURVE('',#3060,#3061,#331,.T.);
#3969=EDGE_CURVE('',#3062,#3047,#528,.T.);
#3970=EDGE_CURVE('',#2930,#3062,#529,.T.);
#3971=EDGE_CURVE('',#3060,#3047,#1930,.T.);
#3972=EDGE_CURVE('',#3062,#3061,#1931,.T.);
#3973=EDGE_CURVE('',#3050,#2944,#530,.T.);
#3974=EDGE_CURVE('',#2905,#3063,#531,.T.);
#3975=EDGE_CURVE('',#3063,#3064,#1932,.T.);
#3976=EDGE_CURVE('',#3064,#3049,#1933,.T.);
#3977=EDGE_CURVE('',#3064,#3065,#1934,.T.);
#3978=EDGE_CURVE('',#3065,#3053,#1935,.T.);
#3979=EDGE_CURVE('',#3065,#3066,#1936,.T.);
#3980=EDGE_CURVE('',#3066,#3055,#1937,.T.);
#3981=EDGE_CURVE('',#3066,#3067,#1938,.T.);
#3982=EDGE_CURVE('',#3067,#3057,#1939,.T.);
#3983=EDGE_CURVE('',#3067,#3068,#1940,.T.);
#3984=EDGE_CURVE('',#3068,#3059,#1941,.T.);
#3985=EDGE_CURVE('',#3069,#3068,#1942,.T.);
#3986=EDGE_CURVE('',#3069,#3061,#1943,.T.);
#3987=EDGE_CURVE('',#3069,#3070,#1944,.T.);
#3988=EDGE_CURVE('',#2916,#3070,#532,.F.);
#3989=EDGE_CURVE('',#2887,#3023,#187,.T.);
#3990=EDGE_CURVE('',#3007,#3022,#533,.T.);
#3991=EDGE_CURVE('',#3071,#3072,#188,.F.);
#3992=EDGE_CURVE('',#3073,#3071,#534,.T.);
#3993=EDGE_CURVE('',#3074,#3073,#189,.F.);
#3994=EDGE_CURVE('',#3072,#3074,#535,.T.);
#3995=EDGE_CURVE('',#3074,#3075,#1945,.T.);
#3996=EDGE_CURVE('',#3075,#3076,#536,.T.);
#3997=EDGE_CURVE('',#3076,#3072,#1946,.T.);
#3998=EDGE_CURVE('',#3077,#3078,#190,.T.);
#3999=EDGE_CURVE('',#3044,#3078,#191,.F.);
#4000=EDGE_CURVE('',#3079,#3043,#192,.F.);
#4001=EDGE_CURVE('',#3077,#3079,#537,.T.);
#4002=EDGE_CURVE('',#3080,#3081,#193,.T.);
#4003=EDGE_CURVE('',#3082,#3081,#194,.F.);
#4004=EDGE_CURVE('',#3083,#3082,#538,.T.);
#4005=EDGE_CURVE('',#3084,#3083,#195,.F.);
#4006=EDGE_CURVE('',#3080,#3084,#539,.T.);
#4007=EDGE_CURVE('',#3085,#3082,#1947,.T.);
#4008=EDGE_CURVE('',#3085,#3086,#540,.T.);
#4009=EDGE_CURVE('',#3087,#3086,#1948,.T.);
#4010=EDGE_CURVE('',#3083,#3087,#196,.T.);
#4011=EDGE_CURVE('',#3088,#3085,#197,.F.);
#4012=EDGE_CURVE('',#3089,#3088,#541,.T.);
#4013=EDGE_CURVE('',#3086,#3089,#198,.F.);
#4014=EDGE_CURVE('',#3090,#3091,#1949,.T.);
#4015=EDGE_CURVE('',#3092,#3090,#542,.T.);
#4016=EDGE_CURVE('',#3093,#3092,#1950,.T.);
#4017=EDGE_CURVE('',#2971,#3093,#543,.T.);
#4018=EDGE_CURVE('',#3094,#2971,#1951,.T.);
#4019=EDGE_CURVE('',#3094,#3091,#199,.T.);
#4020=EDGE_CURVE('',#2972,#3095,#544,.T.);
#4021=EDGE_CURVE('',#3095,#3093,#545,.T.);
#4022=EDGE_CURVE('',#3096,#3095,#1952,.T.);
#4023=EDGE_CURVE('',#3097,#3096,#332,.T.);
#4024=EDGE_CURVE('',#2972,#3097,#1953,.T.);
#4025=EDGE_CURVE('',#3097,#3098,#1954,.T.);
#4026=EDGE_CURVE('',#3099,#3096,#1955,.T.);
#4027=EDGE_CURVE('',#3098,#3099,#200,.F.);
#4028=EDGE_CURVE('',#3100,#3090,#1956,.T.);
#4029=EDGE_CURVE('',#3100,#3092,#1957,.T.);
#4030=EDGE_CURVE('',#3100,#3096,#1958,.T.);
#4031=EDGE_CURVE('',#3091,#2921,#1959,.T.);
#4032=EDGE_CURVE('',#2920,#3101,#1960,.T.);
#4033=EDGE_CURVE('',#3101,#3088,#1961,.T.);
#4034=EDGE_CURVE('',#3081,#3102,#201,.T.);
#4035=EDGE_CURVE('',#3099,#3102,#1962,.T.);
#4036=EDGE_CURVE('',#3103,#3104,#1963,.T.);
#4037=EDGE_CURVE('',#2988,#3103,#333,.T.);
#4038=EDGE_CURVE('',#3104,#2987,#202,.F.);
#4039=EDGE_CURVE('',#3105,#3106,#546,.T.);
#4040=EDGE_CURVE('',#3107,#3105,#1964,.T.);
#4041=EDGE_CURVE('',#3001,#3107,#203,.F.);
#4042=EDGE_CURVE('',#3108,#3000,#547,.T.);
#4043=EDGE_CURVE('',#3106,#3108,#1965,.T.);
#4044=EDGE_CURVE('',#3109,#2989,#548,.T.);
#4045=EDGE_CURVE('',#3108,#3109,#549,.T.);
#4046=EDGE_CURVE('',#3109,#3103,#1966,.T.);
#4047=EDGE_CURVE('',#3110,#3103,#1967,.T.);
#4048=EDGE_CURVE('',#3110,#3106,#1968,.T.);
#4049=EDGE_CURVE('',#3110,#3105,#1969,.T.);
#4050=EDGE_CURVE('',#3104,#3111,#1970,.T.);
#4051=EDGE_CURVE('',#3078,#3111,#204,.F.);
#4052=EDGE_CURVE('',#3071,#3077,#1971,.T.);
#4053=EDGE_CURVE('',#3076,#2919,#1972,.T.);
#4054=EDGE_CURVE('',#3107,#2918,#1973,.T.);
#4055=EDGE_CURVE('',#3094,#2923,#334,.T.);
#4056=EDGE_CURVE('',#2916,#2905,#1974,.T.);
#4057=EDGE_CURVE('',#3112,#3099,#205,.T.);
#4058=EDGE_CURVE('',#3113,#3112,#206,.T.);
#4059=EDGE_CURVE('',#3114,#3113,#207,.T.);
#4060=EDGE_CURVE('',#3098,#3114,#208,.T.);
#4061=EDGE_CURVE('',#3113,#3115,#1975,.T.);
#4062=EDGE_CURVE('',#3116,#3112,#1976,.T.);
#4063=EDGE_CURVE('',#3115,#3116,#550,.T.);
#4064=EDGE_CURVE('',#3117,#3118,#551,.T.);
#4065=EDGE_CURVE('',#3115,#3117,#552,.T.);
#4066=EDGE_CURVE('',#3118,#3116,#553,.T.);
#4067=EDGE_CURVE('',#3119,#3120,#554,.T.);
#4068=EDGE_CURVE('',#3117,#3119,#1977,.T.);
#4069=EDGE_CURVE('',#3120,#3118,#1978,.T.);
#4070=EDGE_CURVE('',#2890,#3121,#555,.T.);
#4071=EDGE_CURVE('',#3119,#2890,#556,.T.);
#4072=EDGE_CURVE('',#3121,#3120,#557,.T.);
#4073=EDGE_CURVE('',#3122,#3121,#1979,.T.);
#4074=EDGE_CURVE('',#2891,#3122,#209,.T.);
#4075=EDGE_CURVE('',#3101,#2892,#210,.T.);
#4076=EDGE_CURVE('',#3101,#3122,#558,.T.);
#4077=EDGE_CURVE('',#3112,#3087,#1980,.T.);
#4078=EDGE_CURVE('',#3089,#3122,#1981,.T.);
#4079=EDGE_CURVE('',#2897,#3076,#211,.T.);
#4080=EDGE_CURVE('',#2898,#3075,#212,.T.);
#4081=EDGE_CURVE('',#3123,#3124,#1982,.T.);
#4082=EDGE_CURVE('',#2985,#3123,#213,.T.);
#4083=EDGE_CURVE('',#3124,#2984,#559,.T.);
#4084=EDGE_CURVE('',#3104,#3123,#214,.T.);
#4085=EDGE_CURVE('',#3125,#3126,#560,.T.);
#4086=EDGE_CURVE('',#3124,#3125,#561,.T.);
#4087=EDGE_CURVE('',#3126,#2984,#562,.T.);
#4088=EDGE_CURVE('',#3127,#3032,#563,.T.);
#4089=EDGE_CURVE('',#3125,#3127,#1983,.T.);
#4090=EDGE_CURVE('',#3032,#3126,#1984,.T.);
#4091=EDGE_CURVE('',#3128,#2899,#564,.T.);
#4092=EDGE_CURVE('',#3127,#3128,#565,.T.);
#4093=EDGE_CURVE('',#3128,#3075,#1985,.T.);
#4094=EDGE_CURVE('',#3129,#3073,#1986,.T.);
#4095=EDGE_CURVE('',#3123,#3129,#1987,.T.);
#4096=EDGE_CURVE('',#3079,#3129,#215,.T.);
#4097=EDGE_CURVE('',#3046,#3042,#216,.T.);
#4098=EDGE_CURVE('',#3063,#3070,#1988,.T.);
#4099=EDGE_CURVE('',#3005,#3119,#1989,.T.);
#4100=EDGE_CURVE('',#3117,#3014,#1990,.T.);
#4101=EDGE_CURVE('',#3015,#3115,#1991,.T.);
#4102=EDGE_CURVE('',#3130,#3008,#566,.T.);
#4103=EDGE_CURVE('',#3131,#3130,#217,.T.);
#4104=EDGE_CURVE('',#3021,#3131,#567,.T.);
#4105=EDGE_CURVE('',#3132,#3080,#218,.T.);
#4106=EDGE_CURVE('',#3132,#3131,#1992,.T.);
#4107=EDGE_CURVE('',#3130,#3084,#1993,.T.);
#4108=EDGE_CURVE('',#3126,#3033,#1994,.T.);
#4109=EDGE_CURVE('',#2995,#2951,#1995,.T.);
#4110=ORIENTED_EDGE('',*,*,#3133,.F.);
#4111=ORIENTED_EDGE('',*,*,#3134,.T.);
#4112=ORIENTED_EDGE('',*,*,#3135,.F.);
#4113=ORIENTED_EDGE('',*,*,#3136,.T.);
#4114=ORIENTED_EDGE('',*,*,#3137,.F.);
#4115=ORIENTED_EDGE('',*,*,#3138,.F.);
#4116=ORIENTED_EDGE('',*,*,#3134,.F.);
#4117=ORIENTED_EDGE('',*,*,#3139,.F.);
#4118=ORIENTED_EDGE('',*,*,#3140,.F.);
#4119=ORIENTED_EDGE('',*,*,#3138,.T.);
#4120=ORIENTED_EDGE('',*,*,#3141,.T.);
#4121=ORIENTED_EDGE('',*,*,#3142,.T.);
#4122=ORIENTED_EDGE('',*,*,#3135,.T.);
#4123=ORIENTED_EDGE('',*,*,#3143,.F.);
#4124=ORIENTED_EDGE('',*,*,#3144,.F.);
#4125=ORIENTED_EDGE('',*,*,#3145,.F.);
#4126=ORIENTED_EDGE('',*,*,#3136,.F.);
#4127=ORIENTED_EDGE('',*,*,#3142,.F.);
#4128=ORIENTED_EDGE('',*,*,#3140,.T.);
#4129=ORIENTED_EDGE('',*,*,#3146,.F.);
#4130=ORIENTED_EDGE('',*,*,#3147,.T.);
#4131=ORIENTED_EDGE('',*,*,#3148,.T.);
#4132=ORIENTED_EDGE('',*,*,#3149,.F.);
#4133=ORIENTED_EDGE('',*,*,#3150,.T.);
#4134=ORIENTED_EDGE('',*,*,#3151,.T.);
#4135=ORIENTED_EDGE('',*,*,#3147,.F.);
#4136=ORIENTED_EDGE('',*,*,#3144,.T.);
#4137=ORIENTED_EDGE('',*,*,#3152,.T.);
#4138=ORIENTED_EDGE('',*,*,#3150,.F.);
#4139=ORIENTED_EDGE('',*,*,#3153,.F.);
#4140=ORIENTED_EDGE('',*,*,#3137,.T.);
#4141=ORIENTED_EDGE('',*,*,#3148,.F.);
#4142=ORIENTED_EDGE('',*,*,#3151,.F.);
#4143=ORIENTED_EDGE('',*,*,#3152,.F.);
#4144=ORIENTED_EDGE('',*,*,#3143,.T.);
#4145=ORIENTED_EDGE('',*,*,#3141,.F.);
#4146=ORIENTED_EDGE('',*,*,#3145,.T.);
#4147=ORIENTED_EDGE('',*,*,#3153,.T.);
#4148=ORIENTED_EDGE('',*,*,#3149,.T.);
#4149=ORIENTED_EDGE('',*,*,#3146,.T.);
#4150=ORIENTED_EDGE('',*,*,#3139,.T.);
#4151=ORIENTED_EDGE('',*,*,#3154,.F.);
#4152=ORIENTED_EDGE('',*,*,#3155,.F.);
#4153=ORIENTED_EDGE('',*,*,#3156,.F.);
#4154=ORIENTED_EDGE('',*,*,#3157,.F.);
#4155=ORIENTED_EDGE('',*,*,#3158,.T.);
#4156=ORIENTED_EDGE('',*,*,#3159,.F.);
#4157=ORIENTED_EDGE('',*,*,#3160,.T.);
#4158=ORIENTED_EDGE('',*,*,#3161,.F.);
#4159=ORIENTED_EDGE('',*,*,#3162,.T.);
#4160=ORIENTED_EDGE('',*,*,#3163,.T.);
#4161=ORIENTED_EDGE('',*,*,#3164,.T.);
#4162=ORIENTED_EDGE('',*,*,#3165,.T.);
#4163=ORIENTED_EDGE('',*,*,#3166,.F.);
#4164=ORIENTED_EDGE('',*,*,#3167,.T.);
#4165=ORIENTED_EDGE('',*,*,#3168,.T.);
#4166=ORIENTED_EDGE('',*,*,#3169,.F.);
#4167=ORIENTED_EDGE('',*,*,#3170,.T.);
#4168=ORIENTED_EDGE('',*,*,#3171,.T.);
#4169=ORIENTED_EDGE('',*,*,#3171,.F.);
#4170=ORIENTED_EDGE('',*,*,#3172,.F.);
#4171=ORIENTED_EDGE('',*,*,#3173,.F.);
#4172=ORIENTED_EDGE('',*,*,#3174,.F.);
#4173=ORIENTED_EDGE('',*,*,#3175,.F.);
#4174=ORIENTED_EDGE('',*,*,#3176,.F.);
#4175=ORIENTED_EDGE('',*,*,#3172,.T.);
#4176=ORIENTED_EDGE('',*,*,#3170,.F.);
#4177=ORIENTED_EDGE('',*,*,#3177,.T.);
#4178=ORIENTED_EDGE('',*,*,#3173,.T.);
#4179=ORIENTED_EDGE('',*,*,#3176,.T.);
#4180=ORIENTED_EDGE('',*,*,#3178,.F.);
#4181=ORIENTED_EDGE('',*,*,#3179,.T.);
#4182=ORIENTED_EDGE('',*,*,#3168,.F.);
#4183=ORIENTED_EDGE('',*,*,#3180,.F.);
#4184=ORIENTED_EDGE('',*,*,#3181,.F.);
#4185=ORIENTED_EDGE('',*,*,#3182,.F.);
#4186=ORIENTED_EDGE('',*,*,#3183,.F.);
#4187=ORIENTED_EDGE('',*,*,#3181,.T.);
#4188=ORIENTED_EDGE('',*,*,#3184,.F.);
#4189=ORIENTED_EDGE('',*,*,#3185,.F.);
#4190=ORIENTED_EDGE('',*,*,#3179,.F.);
#4191=ORIENTED_EDGE('',*,*,#3186,.F.);
#4192=ORIENTED_EDGE('',*,*,#3185,.T.);
#4193=ORIENTED_EDGE('',*,*,#3187,.F.);
#4194=ORIENTED_EDGE('',*,*,#3167,.F.);
#4195=ORIENTED_EDGE('',*,*,#3174,.T.);
#4196=ORIENTED_EDGE('',*,*,#3177,.F.);
#4197=ORIENTED_EDGE('',*,*,#3187,.T.);
#4198=ORIENTED_EDGE('',*,*,#3184,.T.);
#4199=ORIENTED_EDGE('',*,*,#3180,.T.);
#4200=ORIENTED_EDGE('',*,*,#3188,.F.);
#4201=ORIENTED_EDGE('',*,*,#3189,.T.);
#4202=ORIENTED_EDGE('',*,*,#3155,.T.);
#4203=ORIENTED_EDGE('',*,*,#3190,.F.);
#4204=ORIENTED_EDGE('',*,*,#3191,.F.);
#4205=ORIENTED_EDGE('',*,*,#3192,.F.);
#4206=ORIENTED_EDGE('',*,*,#3156,.T.);
#4207=ORIENTED_EDGE('',*,*,#3189,.F.);
#4208=ORIENTED_EDGE('',*,*,#3192,.T.);
#4209=ORIENTED_EDGE('',*,*,#3193,.F.);
#4210=ORIENTED_EDGE('',*,*,#3194,.T.);
#4211=ORIENTED_EDGE('',*,*,#3157,.T.);
#4212=ORIENTED_EDGE('',*,*,#3191,.T.);
#4213=ORIENTED_EDGE('',*,*,#3188,.T.);
#4214=ORIENTED_EDGE('',*,*,#3195,.F.);
#4215=ORIENTED_EDGE('',*,*,#3196,.F.);
#4216=ORIENTED_EDGE('',*,*,#3197,.F.);
#4217=ORIENTED_EDGE('',*,*,#3198,.F.);
#4218=ORIENTED_EDGE('',*,*,#3199,.T.);
#4219=ORIENTED_EDGE('',*,*,#3193,.T.);
#4220=ORIENTED_EDGE('',*,*,#3200,.F.);
#4221=ORIENTED_EDGE('',*,*,#3201,.F.);
#4222=ORIENTED_EDGE('',*,*,#3165,.F.);
#4223=ORIENTED_EDGE('',*,*,#3202,.F.);
#4224=ORIENTED_EDGE('',*,*,#3203,.F.);
#4225=ORIENTED_EDGE('',*,*,#3202,.T.);
#4226=ORIENTED_EDGE('',*,*,#3164,.F.);
#4227=ORIENTED_EDGE('',*,*,#3204,.F.);
#4228=ORIENTED_EDGE('',*,*,#3200,.T.);
#4229=ORIENTED_EDGE('',*,*,#3203,.T.);
#4230=ORIENTED_EDGE('',*,*,#3205,.F.);
#4231=ORIENTED_EDGE('',*,*,#3206,.T.);
#4232=ORIENTED_EDGE('',*,*,#3207,.F.);
#4233=ORIENTED_EDGE('',*,*,#3208,.F.);
#4234=ORIENTED_EDGE('',*,*,#3209,.T.);
#4235=ORIENTED_EDGE('',*,*,#3210,.F.);
#4236=ORIENTED_EDGE('',*,*,#3211,.F.);
#4237=ORIENTED_EDGE('',*,*,#3212,.F.);
#4238=ORIENTED_EDGE('',*,*,#3213,.F.);
#4239=ORIENTED_EDGE('',*,*,#3214,.F.);
#4240=ORIENTED_EDGE('',*,*,#3215,.F.);
#4241=ORIENTED_EDGE('',*,*,#3214,.T.);
#4242=ORIENTED_EDGE('',*,*,#3216,.F.);
#4243=ORIENTED_EDGE('',*,*,#3217,.F.);
#4244=ORIENTED_EDGE('',*,*,#3154,.T.);
#4245=ORIENTED_EDGE('',*,*,#3133,.T.);
#4246=ORIENTED_EDGE('',*,*,#3166,.T.);
#4247=ORIENTED_EDGE('',*,*,#3201,.T.);
#4248=ORIENTED_EDGE('',*,*,#3210,.T.);
#4249=ORIENTED_EDGE('',*,*,#3218,.T.);
#4250=ORIENTED_EDGE('',*,*,#3219,.T.);
#4251=ORIENTED_EDGE('',*,*,#3220,.T.);
#4252=ORIENTED_EDGE('',*,*,#3221,.T.);
#4253=ORIENTED_EDGE('',*,*,#3175,.T.);
#4254=ORIENTED_EDGE('',*,*,#3222,.T.);
#4255=ORIENTED_EDGE('',*,*,#3212,.T.);
#4256=ORIENTED_EDGE('',*,*,#3223,.T.);
#4257=ORIENTED_EDGE('',*,*,#3224,.T.);
#4258=ORIENTED_EDGE('',*,*,#3195,.T.);
#4259=ORIENTED_EDGE('',*,*,#3190,.T.);
#4260=ORIENTED_EDGE('',*,*,#3225,.T.);
#4261=ORIENTED_EDGE('',*,*,#3226,.T.);
#4262=ORIENTED_EDGE('',*,*,#3227,.T.);
#4263=ORIENTED_EDGE('',*,*,#3228,.T.);
#4264=ORIENTED_EDGE('',*,*,#3229,.F.);
#4265=ORIENTED_EDGE('',*,*,#3230,.T.);
#4266=ORIENTED_EDGE('',*,*,#3231,.T.);
#4267=ORIENTED_EDGE('',*,*,#3220,.F.);
#4268=ORIENTED_EDGE('',*,*,#3232,.F.);
#4269=ORIENTED_EDGE('',*,*,#3233,.F.);
#4270=ORIENTED_EDGE('',*,*,#3234,.T.);
#4271=ORIENTED_EDGE('',*,*,#3230,.F.);
#4272=ORIENTED_EDGE('',*,*,#3233,.T.);
#4273=ORIENTED_EDGE('',*,*,#3235,.F.);
#4274=ORIENTED_EDGE('',*,*,#3236,.T.);
#4275=ORIENTED_EDGE('',*,*,#3237,.T.);
#4276=ORIENTED_EDGE('',*,*,#3232,.T.);
#4277=ORIENTED_EDGE('',*,*,#3229,.T.);
#4278=ORIENTED_EDGE('',*,*,#3219,.F.);
#4279=ORIENTED_EDGE('',*,*,#3238,.F.);
#4280=ORIENTED_EDGE('',*,*,#3239,.F.);
#4281=ORIENTED_EDGE('',*,*,#3240,.F.);
#4282=ORIENTED_EDGE('',*,*,#3241,.T.);
#4283=ORIENTED_EDGE('',*,*,#3235,.T.);
#4284=ORIENTED_EDGE('',*,*,#3242,.F.);
#4285=ORIENTED_EDGE('',*,*,#3243,.T.);
#4286=ORIENTED_EDGE('',*,*,#3244,.F.);
#4287=ORIENTED_EDGE('',*,*,#3243,.F.);
#4288=ORIENTED_EDGE('',*,*,#3225,.F.);
#4289=ORIENTED_EDGE('',*,*,#3245,.T.);
#4290=ORIENTED_EDGE('',*,*,#3246,.T.);
#4291=ORIENTED_EDGE('',*,*,#3247,.F.);
#4292=ORIENTED_EDGE('',*,*,#3228,.F.);
#4293=ORIENTED_EDGE('',*,*,#3248,.T.);
#4294=ORIENTED_EDGE('',*,*,#3249,.T.);
#4295=ORIENTED_EDGE('',*,*,#3245,.F.);
#4296=ORIENTED_EDGE('',*,*,#3227,.F.);
#4297=ORIENTED_EDGE('',*,*,#3250,.T.);
#4298=ORIENTED_EDGE('',*,*,#3251,.T.);
#4299=ORIENTED_EDGE('',*,*,#3248,.F.);
#4300=ORIENTED_EDGE('',*,*,#3226,.F.);
#4301=ORIENTED_EDGE('',*,*,#3247,.T.);
#4302=ORIENTED_EDGE('',*,*,#3252,.T.);
#4303=ORIENTED_EDGE('',*,*,#3250,.F.);
#4304=ORIENTED_EDGE('',*,*,#3252,.F.);
#4305=ORIENTED_EDGE('',*,*,#3246,.F.);
#4306=ORIENTED_EDGE('',*,*,#3249,.F.);
#4307=ORIENTED_EDGE('',*,*,#3251,.F.);
#4308=ORIENTED_EDGE('',*,*,#3244,.T.);
#4309=ORIENTED_EDGE('',*,*,#3240,.T.);
#4310=ORIENTED_EDGE('',*,*,#3253,.T.);
#4311=ORIENTED_EDGE('',*,*,#3254,.T.);
#4312=ORIENTED_EDGE('',*,*,#3255,.T.);
#4313=ORIENTED_EDGE('',*,*,#3256,.T.);
#4314=ORIENTED_EDGE('',*,*,#3257,.T.);
#4315=ORIENTED_EDGE('',*,*,#3258,.T.);
#4316=ORIENTED_EDGE('',*,*,#3259,.T.);
#4317=ORIENTED_EDGE('',*,*,#3215,.T.);
#4318=ORIENTED_EDGE('',*,*,#3260,.F.);
#4319=ORIENTED_EDGE('',*,*,#3261,.T.);
#4320=ORIENTED_EDGE('',*,*,#3256,.F.);
#4321=ORIENTED_EDGE('',*,*,#3262,.F.);
#4322=ORIENTED_EDGE('',*,*,#3263,.T.);
#4323=ORIENTED_EDGE('',*,*,#3223,.F.);
#4324=ORIENTED_EDGE('',*,*,#3211,.T.);
#4325=ORIENTED_EDGE('',*,*,#3253,.F.);
#4326=ORIENTED_EDGE('',*,*,#3239,.T.);
#4327=ORIENTED_EDGE('',*,*,#3264,.T.);
#4328=ORIENTED_EDGE('',*,*,#3208,.T.);
#4329=ORIENTED_EDGE('',*,*,#3265,.F.);
#4330=ORIENTED_EDGE('',*,*,#3160,.F.);
#4331=ORIENTED_EDGE('',*,*,#3266,.F.);
#4332=ORIENTED_EDGE('',*,*,#3197,.T.);
#4333=ORIENTED_EDGE('',*,*,#3267,.T.);
#4334=ORIENTED_EDGE('',*,*,#3262,.T.);
#4335=ORIENTED_EDGE('',*,*,#3259,.F.);
#4336=ORIENTED_EDGE('',*,*,#3268,.T.);
#4337=ORIENTED_EDGE('',*,*,#3242,.T.);
#4338=ORIENTED_EDGE('',*,*,#3207,.T.);
#4339=ORIENTED_EDGE('',*,*,#3269,.T.);
#4340=ORIENTED_EDGE('',*,*,#3161,.T.);
#4341=ORIENTED_EDGE('',*,*,#3265,.T.);
#4342=ORIENTED_EDGE('',*,*,#3198,.T.);
#4343=ORIENTED_EDGE('',*,*,#3266,.T.);
#4344=ORIENTED_EDGE('',*,*,#3159,.T.);
#4345=ORIENTED_EDGE('',*,*,#3270,.T.);
#4346=ORIENTED_EDGE('',*,*,#3271,.F.);
#4347=ORIENTED_EDGE('',*,*,#3162,.F.);
#4348=ORIENTED_EDGE('',*,*,#3269,.F.);
#4349=ORIENTED_EDGE('',*,*,#3206,.F.);
#4350=ORIENTED_EDGE('',*,*,#3272,.F.);
#4351=ORIENTED_EDGE('',*,*,#3236,.F.);
#4352=ORIENTED_EDGE('',*,*,#3241,.F.);
#4353=ORIENTED_EDGE('',*,*,#3255,.F.);
#4354=ORIENTED_EDGE('',*,*,#3158,.F.);
#4355=ORIENTED_EDGE('',*,*,#3194,.F.);
#4356=ORIENTED_EDGE('',*,*,#3199,.F.);
#4357=ORIENTED_EDGE('',*,*,#3270,.F.);
#4358=ORIENTED_EDGE('',*,*,#3273,.F.);
#4359=ORIENTED_EDGE('',*,*,#3257,.F.);
#4360=ORIENTED_EDGE('',*,*,#3261,.F.);
#4361=ORIENTED_EDGE('',*,*,#3274,.F.);
#4362=ORIENTED_EDGE('',*,*,#3204,.T.);
#4363=ORIENTED_EDGE('',*,*,#3163,.F.);
#4364=ORIENTED_EDGE('',*,*,#3271,.T.);
#4365=ORIENTED_EDGE('',*,*,#3205,.T.);
#4366=ORIENTED_EDGE('',*,*,#3267,.F.);
#4367=ORIENTED_EDGE('',*,*,#3196,.T.);
#4368=ORIENTED_EDGE('',*,*,#3224,.F.);
#4369=ORIENTED_EDGE('',*,*,#3263,.F.);
#4370=ORIENTED_EDGE('',*,*,#3217,.T.);
#4371=ORIENTED_EDGE('',*,*,#3275,.F.);
#4372=ORIENTED_EDGE('',*,*,#3274,.T.);
#4373=ORIENTED_EDGE('',*,*,#3260,.T.);
#4374=ORIENTED_EDGE('',*,*,#3178,.T.);
#4375=ORIENTED_EDGE('',*,*,#3221,.F.);
#4376=ORIENTED_EDGE('',*,*,#3231,.F.);
#4377=ORIENTED_EDGE('',*,*,#3234,.F.);
#4378=ORIENTED_EDGE('',*,*,#3237,.F.);
#4379=ORIENTED_EDGE('',*,*,#3272,.T.);
#4380=ORIENTED_EDGE('',*,*,#3254,.F.);
#4381=ORIENTED_EDGE('',*,*,#3268,.F.);
#4382=ORIENTED_EDGE('',*,*,#3258,.F.);
#4383=ORIENTED_EDGE('',*,*,#3273,.T.);
#4384=ORIENTED_EDGE('',*,*,#3275,.T.);
#4385=ORIENTED_EDGE('',*,*,#3216,.T.);
#4386=ORIENTED_EDGE('',*,*,#3213,.T.);
#4387=ORIENTED_EDGE('',*,*,#3222,.F.);
#4388=ORIENTED_EDGE('',*,*,#3169,.T.);
#4389=ORIENTED_EDGE('',*,*,#3182,.T.);
#4390=ORIENTED_EDGE('',*,*,#3183,.T.);
#4391=ORIENTED_EDGE('',*,*,#3186,.T.);
#4392=ORIENTED_EDGE('',*,*,#3264,.F.);
#4393=ORIENTED_EDGE('',*,*,#3238,.T.);
#4394=ORIENTED_EDGE('',*,*,#3218,.F.);
#4395=ORIENTED_EDGE('',*,*,#3209,.F.);
#4396=ORIENTED_EDGE('',*,*,#3276,.T.);
#4397=ORIENTED_EDGE('',*,*,#3277,.T.);
#4398=ORIENTED_EDGE('',*,*,#3278,.T.);
#4399=ORIENTED_EDGE('',*,*,#3279,.T.);
#4400=ORIENTED_EDGE('',*,*,#3276,.F.);
#4401=ORIENTED_EDGE('',*,*,#3280,.T.);
#4402=ORIENTED_EDGE('',*,*,#3281,.T.);
#4403=ORIENTED_EDGE('',*,*,#3282,.F.);
#4404=ORIENTED_EDGE('',*,*,#3280,.F.);
#4405=ORIENTED_EDGE('',*,*,#3279,.F.);
#4406=ORIENTED_EDGE('',*,*,#3283,.F.);
#4407=ORIENTED_EDGE('',*,*,#3284,.F.);
#4408=ORIENTED_EDGE('',*,*,#3285,.F.);
#4409=ORIENTED_EDGE('',*,*,#3286,.F.);
#4410=ORIENTED_EDGE('',*,*,#3287,.F.);
#4411=ORIENTED_EDGE('',*,*,#3288,.F.);
#4412=ORIENTED_EDGE('',*,*,#3289,.F.);
#4413=ORIENTED_EDGE('',*,*,#3290,.F.);
#4414=ORIENTED_EDGE('',*,*,#3291,.F.);
#4415=ORIENTED_EDGE('',*,*,#3292,.F.);
#4416=ORIENTED_EDGE('',*,*,#3293,.F.);
#4417=ORIENTED_EDGE('',*,*,#3294,.F.);
#4418=ORIENTED_EDGE('',*,*,#3295,.F.);
#4419=ORIENTED_EDGE('',*,*,#3296,.T.);
#4420=ORIENTED_EDGE('',*,*,#3297,.F.);
#4421=ORIENTED_EDGE('',*,*,#3298,.F.);
#4422=ORIENTED_EDGE('',*,*,#3299,.F.);
#4423=ORIENTED_EDGE('',*,*,#3300,.F.);
#4424=ORIENTED_EDGE('',*,*,#3301,.F.);
#4425=ORIENTED_EDGE('',*,*,#3302,.F.);
#4426=ORIENTED_EDGE('',*,*,#3303,.T.);
#4427=ORIENTED_EDGE('',*,*,#3304,.T.);
#4428=ORIENTED_EDGE('',*,*,#3305,.T.);
#4429=ORIENTED_EDGE('',*,*,#3306,.T.);
#4430=ORIENTED_EDGE('',*,*,#3307,.T.);
#4431=ORIENTED_EDGE('',*,*,#3308,.T.);
#4432=ORIENTED_EDGE('',*,*,#3309,.T.);
#4433=ORIENTED_EDGE('',*,*,#3310,.T.);
#4434=ORIENTED_EDGE('',*,*,#3311,.T.);
#4435=ORIENTED_EDGE('',*,*,#3291,.T.);
#4436=ORIENTED_EDGE('',*,*,#3312,.T.);
#4437=ORIENTED_EDGE('',*,*,#3313,.T.);
#4438=ORIENTED_EDGE('',*,*,#3314,.T.);
#4439=ORIENTED_EDGE('',*,*,#3315,.T.);
#4440=ORIENTED_EDGE('',*,*,#3316,.T.);
#4441=ORIENTED_EDGE('',*,*,#3317,.T.);
#4442=ORIENTED_EDGE('',*,*,#3318,.T.);
#4443=ORIENTED_EDGE('',*,*,#3319,.T.);
#4444=ORIENTED_EDGE('',*,*,#3320,.T.);
#4445=ORIENTED_EDGE('',*,*,#3321,.T.);
#4446=ORIENTED_EDGE('',*,*,#3318,.F.);
#4447=ORIENTED_EDGE('',*,*,#3322,.T.);
#4448=ORIENTED_EDGE('',*,*,#3314,.F.);
#4449=ORIENTED_EDGE('',*,*,#3316,.F.);
#4450=ORIENTED_EDGE('',*,*,#3323,.T.);
#4451=ORIENTED_EDGE('',*,*,#3311,.F.);
#4452=ORIENTED_EDGE('',*,*,#3312,.F.);
#4453=ORIENTED_EDGE('',*,*,#3324,.T.);
#4454=ORIENTED_EDGE('',*,*,#3309,.F.);
#4455=ORIENTED_EDGE('',*,*,#3307,.F.);
#4456=ORIENTED_EDGE('',*,*,#3325,.T.);
#4457=ORIENTED_EDGE('',*,*,#3303,.F.);
#4458=ORIENTED_EDGE('',*,*,#3325,.F.);
#4459=ORIENTED_EDGE('',*,*,#3326,.T.);
#4460=ORIENTED_EDGE('',*,*,#3327,.T.);
#4461=ORIENTED_EDGE('',*,*,#3328,.T.);
#4462=ORIENTED_EDGE('',*,*,#3310,.F.);
#4463=ORIENTED_EDGE('',*,*,#3329,.F.);
#4464=ORIENTED_EDGE('',*,*,#3330,.T.);
#4465=ORIENTED_EDGE('',*,*,#3326,.F.);
#4466=ORIENTED_EDGE('',*,*,#3324,.F.);
#4467=ORIENTED_EDGE('',*,*,#3290,.T.);
#4468=ORIENTED_EDGE('',*,*,#3331,.T.);
#4469=ORIENTED_EDGE('',*,*,#3329,.T.);
#4470=ORIENTED_EDGE('',*,*,#3323,.F.);
#4471=ORIENTED_EDGE('',*,*,#3332,.T.);
#4472=ORIENTED_EDGE('',*,*,#3333,.F.);
#4473=ORIENTED_EDGE('',*,*,#3292,.T.);
#4474=ORIENTED_EDGE('',*,*,#3315,.F.);
#4475=ORIENTED_EDGE('',*,*,#3334,.F.);
#4476=ORIENTED_EDGE('',*,*,#3335,.F.);
#4477=ORIENTED_EDGE('',*,*,#3332,.F.);
#4478=ORIENTED_EDGE('',*,*,#3322,.F.);
#4479=ORIENTED_EDGE('',*,*,#3336,.T.);
#4480=ORIENTED_EDGE('',*,*,#3337,.T.);
#4481=ORIENTED_EDGE('',*,*,#3334,.T.);
#4482=ORIENTED_EDGE('',*,*,#3321,.F.);
#4483=ORIENTED_EDGE('',*,*,#3338,.T.);
#4484=ORIENTED_EDGE('',*,*,#3339,.F.);
#4485=ORIENTED_EDGE('',*,*,#3340,.F.);
#4486=ORIENTED_EDGE('',*,*,#3341,.F.);
#4487=ORIENTED_EDGE('',*,*,#3342,.F.);
#4488=ORIENTED_EDGE('',*,*,#3343,.F.);
#4489=ORIENTED_EDGE('',*,*,#3344,.F.);
#4490=ORIENTED_EDGE('',*,*,#3345,.F.);
#4491=ORIENTED_EDGE('',*,*,#3346,.F.);
#4492=ORIENTED_EDGE('',*,*,#3336,.F.);
#4493=ORIENTED_EDGE('',*,*,#3347,.T.);
#4494=ORIENTED_EDGE('',*,*,#3348,.T.);
#4495=ORIENTED_EDGE('',*,*,#3349,.T.);
#4496=ORIENTED_EDGE('',*,*,#3350,.T.);
#4497=ORIENTED_EDGE('',*,*,#3351,.T.);
#4498=ORIENTED_EDGE('',*,*,#3352,.T.);
#4499=ORIENTED_EDGE('',*,*,#3347,.F.);
#4500=ORIENTED_EDGE('',*,*,#3353,.T.);
#4501=ORIENTED_EDGE('',*,*,#3354,.T.);
#4502=ORIENTED_EDGE('',*,*,#3355,.T.);
#4503=ORIENTED_EDGE('',*,*,#3356,.T.);
#4504=ORIENTED_EDGE('',*,*,#3357,.T.);
#4505=ORIENTED_EDGE('',*,*,#3355,.F.);
#4506=ORIENTED_EDGE('',*,*,#3358,.T.);
#4507=ORIENTED_EDGE('',*,*,#3359,.T.);
#4508=ORIENTED_EDGE('',*,*,#3360,.T.);
#4509=ORIENTED_EDGE('',*,*,#3357,.F.);
#4510=ORIENTED_EDGE('',*,*,#3361,.T.);
#4511=ORIENTED_EDGE('',*,*,#3362,.F.);
#4512=ORIENTED_EDGE('',*,*,#3351,.F.);
#4513=ORIENTED_EDGE('',*,*,#3304,.F.);
#4514=ORIENTED_EDGE('',*,*,#3328,.F.);
#4515=ORIENTED_EDGE('',*,*,#3363,.F.);
#4516=ORIENTED_EDGE('',*,*,#3364,.T.);
#4517=ORIENTED_EDGE('',*,*,#3365,.F.);
#4518=ORIENTED_EDGE('',*,*,#3366,.F.);
#4519=ORIENTED_EDGE('',*,*,#3348,.F.);
#4520=ORIENTED_EDGE('',*,*,#3352,.F.);
#4521=ORIENTED_EDGE('',*,*,#3362,.T.);
#4522=ORIENTED_EDGE('',*,*,#3361,.F.);
#4523=ORIENTED_EDGE('',*,*,#3356,.F.);
#4524=ORIENTED_EDGE('',*,*,#3360,.F.);
#4525=ORIENTED_EDGE('',*,*,#3367,.F.);
#4526=ORIENTED_EDGE('',*,*,#3368,.T.);
#4527=ORIENTED_EDGE('',*,*,#3369,.T.);
#4528=ORIENTED_EDGE('',*,*,#3370,.T.);
#4529=ORIENTED_EDGE('',*,*,#3371,.F.);
#4530=ORIENTED_EDGE('',*,*,#3372,.T.);
#4531=ORIENTED_EDGE('',*,*,#3373,.T.);
#4532=ORIENTED_EDGE('',*,*,#3349,.F.);
#4533=ORIENTED_EDGE('',*,*,#3366,.T.);
#4534=ORIENTED_EDGE('',*,*,#3374,.T.);
#4535=ORIENTED_EDGE('',*,*,#3375,.T.);
#4536=ORIENTED_EDGE('',*,*,#3376,.F.);
#4537=ORIENTED_EDGE('',*,*,#3377,.F.);
#4538=ORIENTED_EDGE('',*,*,#3343,.T.);
#4539=ORIENTED_EDGE('',*,*,#3378,.T.);
#4540=ORIENTED_EDGE('',*,*,#3342,.T.);
#4541=ORIENTED_EDGE('',*,*,#3379,.T.);
#4542=ORIENTED_EDGE('',*,*,#3380,.T.);
#4543=ORIENTED_EDGE('',*,*,#3378,.F.);
#4544=ORIENTED_EDGE('',*,*,#3381,.F.);
#4545=ORIENTED_EDGE('',*,*,#3382,.T.);
#4546=ORIENTED_EDGE('',*,*,#3379,.F.);
#4547=ORIENTED_EDGE('',*,*,#3341,.T.);
#4548=ORIENTED_EDGE('',*,*,#3383,.T.);
#4549=ORIENTED_EDGE('',*,*,#3353,.F.);
#4550=ORIENTED_EDGE('',*,*,#3384,.T.);
#4551=ORIENTED_EDGE('',*,*,#3282,.T.);
#4552=ORIENTED_EDGE('',*,*,#3385,.T.);
#4553=ORIENTED_EDGE('',*,*,#3281,.F.);
#4554=ORIENTED_EDGE('',*,*,#3302,.T.);
#4555=ORIENTED_EDGE('',*,*,#3386,.T.);
#4556=ORIENTED_EDGE('',*,*,#3387,.T.);
#4557=ORIENTED_EDGE('',*,*,#3277,.F.);
#4558=ORIENTED_EDGE('',*,*,#3384,.F.);
#4559=ORIENTED_EDGE('',*,*,#3350,.F.);
#4560=ORIENTED_EDGE('',*,*,#3373,.F.);
#4561=ORIENTED_EDGE('',*,*,#3388,.T.);
#4562=ORIENTED_EDGE('',*,*,#3389,.T.);
#4563=ORIENTED_EDGE('',*,*,#3390,.T.);
#4564=ORIENTED_EDGE('',*,*,#3391,.T.);
#4565=ORIENTED_EDGE('',*,*,#3392,.T.);
#4566=ORIENTED_EDGE('',*,*,#3393,.T.);
#4567=ORIENTED_EDGE('',*,*,#3374,.F.);
#4568=ORIENTED_EDGE('',*,*,#3394,.T.);
#4569=ORIENTED_EDGE('',*,*,#3395,.F.);
#4570=ORIENTED_EDGE('',*,*,#3396,.F.);
#4571=ORIENTED_EDGE('',*,*,#3390,.F.);
#4572=ORIENTED_EDGE('',*,*,#3397,.F.);
#4573=ORIENTED_EDGE('',*,*,#3389,.F.);
#4574=ORIENTED_EDGE('',*,*,#3398,.T.);
#4575=ORIENTED_EDGE('',*,*,#3399,.T.);
#4576=ORIENTED_EDGE('',*,*,#3400,.T.);
#4577=ORIENTED_EDGE('',*,*,#3401,.T.);
#4578=ORIENTED_EDGE('',*,*,#3375,.F.);
#4579=ORIENTED_EDGE('',*,*,#3397,.T.);
#4580=ORIENTED_EDGE('',*,*,#3393,.F.);
#4581=ORIENTED_EDGE('',*,*,#3402,.F.);
#4582=ORIENTED_EDGE('',*,*,#3403,.F.);
#4583=ORIENTED_EDGE('',*,*,#3404,.F.);
#4584=ORIENTED_EDGE('',*,*,#3405,.F.);
#4585=ORIENTED_EDGE('',*,*,#3398,.F.);
#4586=ORIENTED_EDGE('',*,*,#3406,.T.);
#4587=ORIENTED_EDGE('',*,*,#3407,.T.);
#4588=ORIENTED_EDGE('',*,*,#3408,.T.);
#4589=ORIENTED_EDGE('',*,*,#3409,.T.);
#4590=ORIENTED_EDGE('',*,*,#3410,.T.);
#4591=ORIENTED_EDGE('',*,*,#3411,.T.);
#4592=ORIENTED_EDGE('',*,*,#3409,.F.);
#4593=ORIENTED_EDGE('',*,*,#3412,.T.);
#4594=ORIENTED_EDGE('',*,*,#3413,.F.);
#4595=ORIENTED_EDGE('',*,*,#3388,.F.);
#4596=ORIENTED_EDGE('',*,*,#3372,.F.);
#4597=ORIENTED_EDGE('',*,*,#3408,.F.);
#4598=ORIENTED_EDGE('',*,*,#3414,.T.);
#4599=ORIENTED_EDGE('',*,*,#3415,.F.);
#4600=ORIENTED_EDGE('',*,*,#3416,.T.);
#4601=ORIENTED_EDGE('',*,*,#3407,.F.);
#4602=ORIENTED_EDGE('',*,*,#3417,.F.);
#4603=ORIENTED_EDGE('',*,*,#3418,.F.);
#4604=ORIENTED_EDGE('',*,*,#3419,.F.);
#4605=ORIENTED_EDGE('',*,*,#3420,.T.);
#4606=ORIENTED_EDGE('',*,*,#3421,.F.);
#4607=ORIENTED_EDGE('',*,*,#3422,.F.);
#4608=ORIENTED_EDGE('',*,*,#3423,.F.);
#4609=ORIENTED_EDGE('',*,*,#3424,.F.);
#4610=ORIENTED_EDGE('',*,*,#3425,.F.);
#4611=ORIENTED_EDGE('',*,*,#3426,.F.);
#4612=ORIENTED_EDGE('',*,*,#3414,.F.);
#4613=ORIENTED_EDGE('',*,*,#3427,.F.);
#4614=ORIENTED_EDGE('',*,*,#3386,.F.);
#4615=ORIENTED_EDGE('',*,*,#3301,.T.);
#4616=ORIENTED_EDGE('',*,*,#3428,.F.);
#4617=ORIENTED_EDGE('',*,*,#3429,.T.);
#4618=ORIENTED_EDGE('',*,*,#3430,.T.);
#4619=ORIENTED_EDGE('',*,*,#3428,.T.);
#4620=ORIENTED_EDGE('',*,*,#3300,.T.);
#4621=ORIENTED_EDGE('',*,*,#3382,.F.);
#4622=ORIENTED_EDGE('',*,*,#3431,.T.);
#4623=ORIENTED_EDGE('',*,*,#3427,.T.);
#4624=ORIENTED_EDGE('',*,*,#3432,.T.);
#4625=ORIENTED_EDGE('',*,*,#3340,.T.);
#4626=ORIENTED_EDGE('',*,*,#3433,.F.);
#4627=ORIENTED_EDGE('',*,*,#3434,.T.);
#4628=ORIENTED_EDGE('',*,*,#3383,.F.);
#4629=ORIENTED_EDGE('',*,*,#3380,.F.);
#4630=ORIENTED_EDGE('',*,*,#3432,.F.);
#4631=ORIENTED_EDGE('',*,*,#3430,.F.);
#4632=ORIENTED_EDGE('',*,*,#3394,.F.);
#4633=ORIENTED_EDGE('',*,*,#3400,.F.);
#4634=ORIENTED_EDGE('',*,*,#3435,.T.);
#4635=ORIENTED_EDGE('',*,*,#3436,.T.);
#4636=ORIENTED_EDGE('',*,*,#3399,.F.);
#4637=ORIENTED_EDGE('',*,*,#3405,.T.);
#4638=ORIENTED_EDGE('',*,*,#3437,.T.);
#4639=ORIENTED_EDGE('',*,*,#3438,.T.);
#4640=ORIENTED_EDGE('',*,*,#3435,.F.);
#4641=ORIENTED_EDGE('',*,*,#3344,.T.);
#4642=ORIENTED_EDGE('',*,*,#3377,.T.);
#4643=ORIENTED_EDGE('',*,*,#3439,.F.);
#4644=ORIENTED_EDGE('',*,*,#3437,.F.);
#4645=ORIENTED_EDGE('',*,*,#3440,.T.);
#4646=ORIENTED_EDGE('',*,*,#3436,.F.);
#4647=ORIENTED_EDGE('',*,*,#3438,.F.);
#4648=ORIENTED_EDGE('',*,*,#3439,.T.);
#4649=ORIENTED_EDGE('',*,*,#3376,.T.);
#4650=ORIENTED_EDGE('',*,*,#3401,.F.);
#4651=ORIENTED_EDGE('',*,*,#3441,.T.);
#4652=ORIENTED_EDGE('',*,*,#3442,.T.);
#4653=ORIENTED_EDGE('',*,*,#3443,.T.);
#4654=ORIENTED_EDGE('',*,*,#3444,.T.);
#4655=ORIENTED_EDGE('',*,*,#3443,.F.);
#4656=ORIENTED_EDGE('',*,*,#3445,.T.);
#4657=ORIENTED_EDGE('',*,*,#3446,.T.);
#4658=ORIENTED_EDGE('',*,*,#3447,.T.);
#4659=ORIENTED_EDGE('',*,*,#3365,.T.);
#4660=ORIENTED_EDGE('',*,*,#3448,.T.);
#4661=ORIENTED_EDGE('',*,*,#3446,.F.);
#4662=ORIENTED_EDGE('',*,*,#3449,.T.);
#4663=ORIENTED_EDGE('',*,*,#3369,.F.);
#4664=ORIENTED_EDGE('',*,*,#3406,.F.);
#4665=ORIENTED_EDGE('',*,*,#3450,.F.);
#4666=ORIENTED_EDGE('',*,*,#3447,.F.);
#4667=ORIENTED_EDGE('',*,*,#3451,.T.);
#4668=ORIENTED_EDGE('',*,*,#3452,.F.);
#4669=ORIENTED_EDGE('',*,*,#3417,.T.);
#4670=ORIENTED_EDGE('',*,*,#3448,.F.);
#4671=ORIENTED_EDGE('',*,*,#3364,.F.);
#4672=ORIENTED_EDGE('',*,*,#3453,.F.);
#4673=ORIENTED_EDGE('',*,*,#3454,.F.);
#4674=ORIENTED_EDGE('',*,*,#3451,.F.);
#4675=ORIENTED_EDGE('',*,*,#3455,.T.);
#4676=ORIENTED_EDGE('',*,*,#3297,.T.);
#4677=ORIENTED_EDGE('',*,*,#3456,.T.);
#4678=ORIENTED_EDGE('',*,*,#3457,.T.);
#4679=ORIENTED_EDGE('',*,*,#3458,.T.);
#4680=ORIENTED_EDGE('',*,*,#3459,.T.);
#4681=ORIENTED_EDGE('',*,*,#3460,.T.);
#4682=ORIENTED_EDGE('',*,*,#3456,.F.);
#4683=ORIENTED_EDGE('',*,*,#3461,.T.);
#4684=ORIENTED_EDGE('',*,*,#3458,.F.);
#4685=ORIENTED_EDGE('',*,*,#3462,.F.);
#4686=ORIENTED_EDGE('',*,*,#3463,.F.);
#4687=ORIENTED_EDGE('',*,*,#3464,.T.);
#4688=ORIENTED_EDGE('',*,*,#3465,.F.);
#4689=ORIENTED_EDGE('',*,*,#3466,.F.);
#4690=ORIENTED_EDGE('',*,*,#3467,.F.);
#4691=ORIENTED_EDGE('',*,*,#3457,.F.);
#4692=ORIENTED_EDGE('',*,*,#3460,.F.);
#4693=ORIENTED_EDGE('',*,*,#3468,.F.);
#4694=ORIENTED_EDGE('',*,*,#3469,.F.);
#4695=ORIENTED_EDGE('',*,*,#3470,.F.);
#4696=ORIENTED_EDGE('',*,*,#3462,.T.);
#4697=ORIENTED_EDGE('',*,*,#3459,.F.);
#4698=ORIENTED_EDGE('',*,*,#3471,.T.);
#4699=ORIENTED_EDGE('',*,*,#3472,.F.);
#4700=ORIENTED_EDGE('',*,*,#3468,.T.);
#4701=ORIENTED_EDGE('',*,*,#3472,.T.);
#4702=ORIENTED_EDGE('',*,*,#3473,.T.);
#4703=ORIENTED_EDGE('',*,*,#3474,.T.);
#4704=ORIENTED_EDGE('',*,*,#3469,.T.);
#4705=ORIENTED_EDGE('',*,*,#3470,.T.);
#4706=ORIENTED_EDGE('',*,*,#3474,.F.);
#4707=ORIENTED_EDGE('',*,*,#3475,.T.);
#4708=ORIENTED_EDGE('',*,*,#3476,.T.);
#4709=ORIENTED_EDGE('',*,*,#3463,.T.);
#4710=ORIENTED_EDGE('',*,*,#3476,.F.);
#4711=ORIENTED_EDGE('',*,*,#3477,.T.);
#4712=ORIENTED_EDGE('',*,*,#3478,.T.);
#4713=ORIENTED_EDGE('',*,*,#3479,.T.);
#4714=ORIENTED_EDGE('',*,*,#3478,.F.);
#4715=ORIENTED_EDGE('',*,*,#3480,.T.);
#4716=ORIENTED_EDGE('',*,*,#3481,.T.);
#4717=ORIENTED_EDGE('',*,*,#3391,.F.);
#4718=ORIENTED_EDGE('',*,*,#3482,.T.);
#4719=ORIENTED_EDGE('',*,*,#3481,.F.);
#4720=ORIENTED_EDGE('',*,*,#3483,.T.);
#4721=ORIENTED_EDGE('',*,*,#3479,.F.);
#4722=ORIENTED_EDGE('',*,*,#3484,.F.);
#4723=ORIENTED_EDGE('',*,*,#3485,.F.);
#4724=ORIENTED_EDGE('',*,*,#3464,.F.);
#4725=ORIENTED_EDGE('',*,*,#3482,.F.);
#4726=ORIENTED_EDGE('',*,*,#3396,.T.);
#4727=ORIENTED_EDGE('',*,*,#3486,.F.);
#4728=ORIENTED_EDGE('',*,*,#3487,.F.);
#4729=ORIENTED_EDGE('',*,*,#3488,.F.);
#4730=ORIENTED_EDGE('',*,*,#3489,.F.);
#4731=ORIENTED_EDGE('',*,*,#3484,.T.);
#4732=ORIENTED_EDGE('',*,*,#3490,.T.);
#4733=ORIENTED_EDGE('',*,*,#3491,.T.);
#4734=ORIENTED_EDGE('',*,*,#3492,.T.);
#4735=ORIENTED_EDGE('',*,*,#3285,.T.);
#4736=ORIENTED_EDGE('',*,*,#3493,.T.);
#4737=ORIENTED_EDGE('',*,*,#3494,.T.);
#4738=ORIENTED_EDGE('',*,*,#3495,.T.);
#4739=ORIENTED_EDGE('',*,*,#3492,.F.);
#4740=ORIENTED_EDGE('',*,*,#3496,.T.);
#4741=ORIENTED_EDGE('',*,*,#3493,.F.);
#4742=ORIENTED_EDGE('',*,*,#3284,.T.);
#4743=ORIENTED_EDGE('',*,*,#3497,.T.);
#4744=ORIENTED_EDGE('',*,*,#3498,.T.);
#4745=ORIENTED_EDGE('',*,*,#3499,.T.);
#4746=ORIENTED_EDGE('',*,*,#3500,.T.);
#4747=ORIENTED_EDGE('',*,*,#3495,.F.);
#4748=ORIENTED_EDGE('',*,*,#3501,.T.);
#4749=ORIENTED_EDGE('',*,*,#3502,.F.);
#4750=ORIENTED_EDGE('',*,*,#3286,.T.);
#4751=ORIENTED_EDGE('',*,*,#3494,.F.);
#4752=ORIENTED_EDGE('',*,*,#3503,.T.);
#4753=ORIENTED_EDGE('',*,*,#3504,.F.);
#4754=ORIENTED_EDGE('',*,*,#3505,.T.);
#4755=ORIENTED_EDGE('',*,*,#3426,.T.);
#4756=ORIENTED_EDGE('',*,*,#3506,.T.);
#4757=ORIENTED_EDGE('',*,*,#3507,.T.);
#4758=ORIENTED_EDGE('',*,*,#3415,.T.);
#4759=ORIENTED_EDGE('',*,*,#3425,.T.);
#4760=ORIENTED_EDGE('',*,*,#3508,.T.);
#4761=ORIENTED_EDGE('',*,*,#3509,.T.);
#4762=ORIENTED_EDGE('',*,*,#3506,.F.);
#4763=ORIENTED_EDGE('',*,*,#3504,.T.);
#4764=ORIENTED_EDGE('',*,*,#3510,.T.);
#4765=ORIENTED_EDGE('',*,*,#3511,.T.);
#4766=ORIENTED_EDGE('',*,*,#3512,.T.);
#4767=ORIENTED_EDGE('',*,*,#3424,.T.);
#4768=ORIENTED_EDGE('',*,*,#3511,.F.);
#4769=ORIENTED_EDGE('',*,*,#3513,.T.);
#4770=ORIENTED_EDGE('',*,*,#3508,.F.);
#4771=ORIENTED_EDGE('',*,*,#3416,.F.);
#4772=ORIENTED_EDGE('',*,*,#3514,.F.);
#4773=ORIENTED_EDGE('',*,*,#3515,.T.);
#4774=ORIENTED_EDGE('',*,*,#3516,.T.);
#4775=ORIENTED_EDGE('',*,*,#3498,.F.);
#4776=ORIENTED_EDGE('',*,*,#3517,.F.);
#4777=ORIENTED_EDGE('',*,*,#3412,.F.);
#4778=ORIENTED_EDGE('',*,*,#3507,.F.);
#4779=ORIENTED_EDGE('',*,*,#3518,.T.);
#4780=ORIENTED_EDGE('',*,*,#3519,.T.);
#4781=ORIENTED_EDGE('',*,*,#3514,.T.);
#4782=ORIENTED_EDGE('',*,*,#3490,.F.);
#4783=ORIENTED_EDGE('',*,*,#3500,.F.);
#4784=ORIENTED_EDGE('',*,*,#3520,.T.);
#4785=ORIENTED_EDGE('',*,*,#3521,.T.);
#4786=ORIENTED_EDGE('',*,*,#3518,.F.);
#4787=ORIENTED_EDGE('',*,*,#3509,.F.);
#4788=ORIENTED_EDGE('',*,*,#3522,.T.);
#4789=ORIENTED_EDGE('',*,*,#3491,.F.);
#4790=ORIENTED_EDGE('',*,*,#3522,.F.);
#4791=ORIENTED_EDGE('',*,*,#3513,.F.);
#4792=ORIENTED_EDGE('',*,*,#3510,.F.);
#4793=ORIENTED_EDGE('',*,*,#3503,.F.);
#4794=ORIENTED_EDGE('',*,*,#3496,.F.);
#4795=ORIENTED_EDGE('',*,*,#3499,.F.);
#4796=ORIENTED_EDGE('',*,*,#3516,.F.);
#4797=ORIENTED_EDGE('',*,*,#3523,.T.);
#4798=ORIENTED_EDGE('',*,*,#3524,.F.);
#4799=ORIENTED_EDGE('',*,*,#3525,.F.);
#4800=ORIENTED_EDGE('',*,*,#3526,.F.);
#4801=ORIENTED_EDGE('',*,*,#3527,.F.);
#4802=ORIENTED_EDGE('',*,*,#3528,.T.);
#4803=ORIENTED_EDGE('',*,*,#3520,.F.);
#4804=ORIENTED_EDGE('',*,*,#3497,.F.);
#4805=ORIENTED_EDGE('',*,*,#3283,.T.);
#4806=ORIENTED_EDGE('',*,*,#3278,.F.);
#4807=ORIENTED_EDGE('',*,*,#3413,.T.);
#4808=ORIENTED_EDGE('',*,*,#3517,.T.);
#4809=ORIENTED_EDGE('',*,*,#3529,.F.);
#4810=ORIENTED_EDGE('',*,*,#3530,.T.);
#4811=ORIENTED_EDGE('',*,*,#3531,.T.);
#4812=ORIENTED_EDGE('',*,*,#3532,.T.);
#4813=ORIENTED_EDGE('',*,*,#3533,.T.);
#4814=ORIENTED_EDGE('',*,*,#3534,.T.);
#4815=ORIENTED_EDGE('',*,*,#3535,.T.);
#4816=ORIENTED_EDGE('',*,*,#3536,.T.);
#4817=ORIENTED_EDGE('',*,*,#3537,.T.);
#4818=ORIENTED_EDGE('',*,*,#3538,.T.);
#4819=ORIENTED_EDGE('',*,*,#3539,.T.);
#4820=ORIENTED_EDGE('',*,*,#3536,.F.);
#4821=ORIENTED_EDGE('',*,*,#3540,.T.);
#4822=ORIENTED_EDGE('',*,*,#3541,.T.);
#4823=ORIENTED_EDGE('',*,*,#3542,.T.);
#4824=ORIENTED_EDGE('',*,*,#3538,.F.);
#4825=ORIENTED_EDGE('',*,*,#3543,.T.);
#4826=ORIENTED_EDGE('',*,*,#3544,.T.);
#4827=ORIENTED_EDGE('',*,*,#3545,.T.);
#4828=ORIENTED_EDGE('',*,*,#3541,.F.);
#4829=ORIENTED_EDGE('',*,*,#3546,.T.);
#4830=ORIENTED_EDGE('',*,*,#3547,.T.);
#4831=ORIENTED_EDGE('',*,*,#3548,.T.);
#4832=ORIENTED_EDGE('',*,*,#3544,.F.);
#4833=ORIENTED_EDGE('',*,*,#3549,.T.);
#4834=ORIENTED_EDGE('',*,*,#3550,.T.);
#4835=ORIENTED_EDGE('',*,*,#3551,.T.);
#4836=ORIENTED_EDGE('',*,*,#3547,.F.);
#4837=ORIENTED_EDGE('',*,*,#3552,.T.);
#4838=ORIENTED_EDGE('',*,*,#3529,.T.);
#4839=ORIENTED_EDGE('',*,*,#3433,.T.);
#4840=ORIENTED_EDGE('',*,*,#3339,.T.);
#4841=ORIENTED_EDGE('',*,*,#3553,.T.);
#4842=ORIENTED_EDGE('',*,*,#3554,.T.);
#4843=ORIENTED_EDGE('',*,*,#3552,.F.);
#4844=ORIENTED_EDGE('',*,*,#3555,.T.);
#4845=ORIENTED_EDGE('',*,*,#3550,.F.);
#4846=ORIENTED_EDGE('',*,*,#3367,.T.);
#4847=ORIENTED_EDGE('',*,*,#3359,.F.);
#4848=ORIENTED_EDGE('',*,*,#3531,.F.);
#4849=ORIENTED_EDGE('',*,*,#3534,.F.);
#4850=ORIENTED_EDGE('',*,*,#3556,.T.);
#4851=ORIENTED_EDGE('',*,*,#3556,.F.);
#4852=ORIENTED_EDGE('',*,*,#3533,.F.);
#4853=ORIENTED_EDGE('',*,*,#3557,.F.);
#4854=ORIENTED_EDGE('',*,*,#3558,.F.);
#4855=ORIENTED_EDGE('',*,*,#3559,.F.);
#4856=ORIENTED_EDGE('',*,*,#3305,.F.);
#4857=ORIENTED_EDGE('',*,*,#3368,.F.);
#4858=ORIENTED_EDGE('',*,*,#3539,.F.);
#4859=ORIENTED_EDGE('',*,*,#3560,.F.);
#4860=ORIENTED_EDGE('',*,*,#3561,.F.);
#4861=ORIENTED_EDGE('',*,*,#3557,.T.);
#4862=ORIENTED_EDGE('',*,*,#3542,.F.);
#4863=ORIENTED_EDGE('',*,*,#3562,.F.);
#4864=ORIENTED_EDGE('',*,*,#3563,.F.);
#4865=ORIENTED_EDGE('',*,*,#3560,.T.);
#4866=ORIENTED_EDGE('',*,*,#3545,.F.);
#4867=ORIENTED_EDGE('',*,*,#3564,.F.);
#4868=ORIENTED_EDGE('',*,*,#3565,.F.);
#4869=ORIENTED_EDGE('',*,*,#3562,.T.);
#4870=ORIENTED_EDGE('',*,*,#3548,.F.);
#4871=ORIENTED_EDGE('',*,*,#3566,.F.);
#4872=ORIENTED_EDGE('',*,*,#3567,.F.);
#4873=ORIENTED_EDGE('',*,*,#3564,.T.);
#4874=ORIENTED_EDGE('',*,*,#3551,.F.);
#4875=ORIENTED_EDGE('',*,*,#3568,.F.);
#4876=ORIENTED_EDGE('',*,*,#3569,.T.);
#4877=ORIENTED_EDGE('',*,*,#3566,.T.);
#4878=ORIENTED_EDGE('',*,*,#3555,.F.);
#4879=ORIENTED_EDGE('',*,*,#3553,.F.);
#4880=ORIENTED_EDGE('',*,*,#3338,.F.);
#4881=ORIENTED_EDGE('',*,*,#3320,.F.);
#4882=ORIENTED_EDGE('',*,*,#3570,.T.);
#4883=ORIENTED_EDGE('',*,*,#3571,.F.);
#4884=ORIENTED_EDGE('',*,*,#3568,.T.);
#4885=ORIENTED_EDGE('',*,*,#3486,.T.);
#4886=ORIENTED_EDGE('',*,*,#3395,.T.);
#4887=ORIENTED_EDGE('',*,*,#3429,.F.);
#4888=ORIENTED_EDGE('',*,*,#3299,.T.);
#4889=ORIENTED_EDGE('',*,*,#3572,.T.);
#4890=ORIENTED_EDGE('',*,*,#3455,.F.);
#4891=ORIENTED_EDGE('',*,*,#3467,.T.);
#4892=ORIENTED_EDGE('',*,*,#3573,.T.);
#4893=ORIENTED_EDGE('',*,*,#3487,.T.);
#4894=ORIENTED_EDGE('',*,*,#3572,.F.);
#4895=ORIENTED_EDGE('',*,*,#3298,.T.);
#4896=ORIENTED_EDGE('',*,*,#3574,.T.);
#4897=ORIENTED_EDGE('',*,*,#3575,.T.);
#4898=ORIENTED_EDGE('',*,*,#3576,.T.);
#4899=ORIENTED_EDGE('',*,*,#3577,.T.);
#4900=ORIENTED_EDGE('',*,*,#3575,.F.);
#4901=ORIENTED_EDGE('',*,*,#3578,.F.);
#4902=ORIENTED_EDGE('',*,*,#3579,.F.);
#4903=ORIENTED_EDGE('',*,*,#3580,.F.);
#4904=ORIENTED_EDGE('',*,*,#3581,.F.);
#4905=ORIENTED_EDGE('',*,*,#3582,.T.);
#4906=ORIENTED_EDGE('',*,*,#3583,.T.);
#4907=ORIENTED_EDGE('',*,*,#3526,.T.);
#4908=ORIENTED_EDGE('',*,*,#3584,.T.);
#4909=ORIENTED_EDGE('',*,*,#3585,.F.);
#4910=ORIENTED_EDGE('',*,*,#3586,.T.);
#4911=ORIENTED_EDGE('',*,*,#3587,.T.);
#4912=ORIENTED_EDGE('',*,*,#3588,.T.);
#4913=ORIENTED_EDGE('',*,*,#3589,.T.);
#4914=ORIENTED_EDGE('',*,*,#3588,.F.);
#4915=ORIENTED_EDGE('',*,*,#3590,.T.);
#4916=ORIENTED_EDGE('',*,*,#3591,.T.);
#4917=ORIENTED_EDGE('',*,*,#3592,.F.);
#4918=ORIENTED_EDGE('',*,*,#3593,.T.);
#4919=ORIENTED_EDGE('',*,*,#3594,.T.);
#4920=ORIENTED_EDGE('',*,*,#3592,.T.);
#4921=ORIENTED_EDGE('',*,*,#3595,.T.);
#4922=ORIENTED_EDGE('',*,*,#3596,.T.);
#4923=ORIENTED_EDGE('',*,*,#3597,.T.);
#4924=ORIENTED_EDGE('',*,*,#3598,.F.);
#4925=ORIENTED_EDGE('',*,*,#3599,.T.);
#4926=ORIENTED_EDGE('',*,*,#3600,.T.);
#4927=ORIENTED_EDGE('',*,*,#3601,.T.);
#4928=ORIENTED_EDGE('',*,*,#3602,.T.);
#4929=ORIENTED_EDGE('',*,*,#3603,.T.);
#4930=ORIENTED_EDGE('',*,*,#3604,.T.);
#4931=ORIENTED_EDGE('',*,*,#3600,.F.);
#4932=ORIENTED_EDGE('',*,*,#3403,.T.);
#4933=ORIENTED_EDGE('',*,*,#3605,.T.);
#4934=ORIENTED_EDGE('',*,*,#3603,.F.);
#4935=ORIENTED_EDGE('',*,*,#3606,.T.);
#4936=ORIENTED_EDGE('',*,*,#3607,.T.);
#4937=ORIENTED_EDGE('',*,*,#3608,.T.);
#4938=ORIENTED_EDGE('',*,*,#3609,.T.);
#4939=ORIENTED_EDGE('',*,*,#3610,.T.);
#4940=ORIENTED_EDGE('',*,*,#3607,.F.);
#4941=ORIENTED_EDGE('',*,*,#3602,.F.);
#4942=ORIENTED_EDGE('',*,*,#3611,.F.);
#4943=ORIENTED_EDGE('',*,*,#3612,.T.);
#4944=ORIENTED_EDGE('',*,*,#3601,.F.);
#4945=ORIENTED_EDGE('',*,*,#3604,.F.);
#4946=ORIENTED_EDGE('',*,*,#3605,.F.);
#4947=ORIENTED_EDGE('',*,*,#3613,.F.);
#4948=ORIENTED_EDGE('',*,*,#3611,.T.);
#4949=ORIENTED_EDGE('',*,*,#3614,.F.);
#4950=ORIENTED_EDGE('',*,*,#3597,.F.);
#4951=ORIENTED_EDGE('',*,*,#3612,.F.);
#4952=ORIENTED_EDGE('',*,*,#3613,.T.);
#4953=ORIENTED_EDGE('',*,*,#3610,.F.);
#4954=ORIENTED_EDGE('',*,*,#3615,.T.);
#4955=ORIENTED_EDGE('',*,*,#3616,.F.);
#4956=ORIENTED_EDGE('',*,*,#3589,.F.);
#4957=ORIENTED_EDGE('',*,*,#3593,.F.);
#4958=ORIENTED_EDGE('',*,*,#3594,.F.);
#4959=ORIENTED_EDGE('',*,*,#3617,.F.);
#4960=ORIENTED_EDGE('',*,*,#3618,.F.);
#4961=ORIENTED_EDGE('',*,*,#3335,.T.);
#4962=ORIENTED_EDGE('',*,*,#3619,.T.);
#4963=ORIENTED_EDGE('',*,*,#3620,.T.);
#4964=ORIENTED_EDGE('',*,*,#3419,.T.);
#4965=ORIENTED_EDGE('',*,*,#3621,.T.);
#4966=ORIENTED_EDGE('',*,*,#3622,.T.);
#4967=ORIENTED_EDGE('',*,*,#3623,.T.);
#4968=ORIENTED_EDGE('',*,*,#3624,.T.);
#4969=ORIENTED_EDGE('',*,*,#3454,.T.);
#4970=ORIENTED_EDGE('',*,*,#3625,.T.);
#4971=ORIENTED_EDGE('',*,*,#3626,.T.);
#4972=ORIENTED_EDGE('',*,*,#3627,.T.);
#4973=ORIENTED_EDGE('',*,*,#3452,.T.);
#4974=ORIENTED_EDGE('',*,*,#3624,.F.);
#4975=ORIENTED_EDGE('',*,*,#3628,.T.);
#4976=ORIENTED_EDGE('',*,*,#3418,.T.);
#4977=ORIENTED_EDGE('',*,*,#3627,.F.);
#4978=ORIENTED_EDGE('',*,*,#3629,.T.);
#4979=ORIENTED_EDGE('',*,*,#3621,.F.);
#4980=ORIENTED_EDGE('',*,*,#3629,.F.);
#4981=ORIENTED_EDGE('',*,*,#3628,.F.);
#4982=ORIENTED_EDGE('',*,*,#3623,.F.);
#4983=ORIENTED_EDGE('',*,*,#3630,.F.);
#4984=ORIENTED_EDGE('',*,*,#3631,.T.);
#4985=ORIENTED_EDGE('',*,*,#3622,.F.);
#4986=ORIENTED_EDGE('',*,*,#3632,.F.);
#4987=ORIENTED_EDGE('',*,*,#3630,.T.);
#4988=ORIENTED_EDGE('',*,*,#3619,.F.);
#4989=ORIENTED_EDGE('',*,*,#3631,.F.);
#4990=ORIENTED_EDGE('',*,*,#3632,.T.);
#4991=ORIENTED_EDGE('',*,*,#3626,.F.);
#4992=ORIENTED_EDGE('',*,*,#3633,.T.);
#4993=ORIENTED_EDGE('',*,*,#3330,.F.);
#4994=ORIENTED_EDGE('',*,*,#3634,.F.);
#4995=ORIENTED_EDGE('',*,*,#3578,.T.);
#4996=ORIENTED_EDGE('',*,*,#3574,.F.);
#4997=ORIENTED_EDGE('',*,*,#3635,.T.);
#4998=ORIENTED_EDGE('',*,*,#3581,.T.);
#4999=ORIENTED_EDGE('',*,*,#3636,.T.);
#5000=ORIENTED_EDGE('',*,*,#3637,.F.);
#5001=ORIENTED_EDGE('',*,*,#3346,.T.);
#5002=ORIENTED_EDGE('',*,*,#3638,.F.);
#5003=ORIENTED_EDGE('',*,*,#3598,.T.);
#5004=ORIENTED_EDGE('',*,*,#3614,.T.);
#5005=ORIENTED_EDGE('',*,*,#3337,.F.);
#5006=ORIENTED_EDGE('',*,*,#3306,.F.);
#5007=ORIENTED_EDGE('',*,*,#3639,.F.);
#5008=ORIENTED_EDGE('',*,*,#3319,.F.);
#5009=ORIENTED_EDGE('',*,*,#3317,.F.);
#5010=ORIENTED_EDGE('',*,*,#3313,.F.);
#5011=ORIENTED_EDGE('',*,*,#3308,.F.);
#5012=ORIENTED_EDGE('',*,*,#3640,.T.);
#5013=ORIENTED_EDGE('',*,*,#3609,.F.);
#5014=ORIENTED_EDGE('',*,*,#3641,.T.);
#5015=ORIENTED_EDGE('',*,*,#3642,.T.);
#5016=ORIENTED_EDGE('',*,*,#3643,.T.);
#5017=ORIENTED_EDGE('',*,*,#3644,.T.);
#5018=ORIENTED_EDGE('',*,*,#3645,.T.);
#5019=ORIENTED_EDGE('',*,*,#3646,.T.);
#5020=ORIENTED_EDGE('',*,*,#3643,.F.);
#5021=ORIENTED_EDGE('',*,*,#3647,.T.);
#5022=ORIENTED_EDGE('',*,*,#3648,.T.);
#5023=ORIENTED_EDGE('',*,*,#3645,.F.);
#5024=ORIENTED_EDGE('',*,*,#3649,.T.);
#5025=ORIENTED_EDGE('',*,*,#3650,.T.);
#5026=ORIENTED_EDGE('',*,*,#3651,.T.);
#5027=ORIENTED_EDGE('',*,*,#3647,.F.);
#5028=ORIENTED_EDGE('',*,*,#3652,.T.);
#5029=ORIENTED_EDGE('',*,*,#3653,.T.);
#5030=ORIENTED_EDGE('',*,*,#3654,.T.);
#5031=ORIENTED_EDGE('',*,*,#3650,.F.);
#5032=ORIENTED_EDGE('',*,*,#3655,.T.);
#5033=ORIENTED_EDGE('',*,*,#3656,.T.);
#5034=ORIENTED_EDGE('',*,*,#3653,.F.);
#5035=ORIENTED_EDGE('',*,*,#3295,.T.);
#5036=ORIENTED_EDGE('',*,*,#3657,.T.);
#5037=ORIENTED_EDGE('',*,*,#3293,.T.);
#5038=ORIENTED_EDGE('',*,*,#3333,.T.);
#5039=ORIENTED_EDGE('',*,*,#3618,.T.);
#5040=ORIENTED_EDGE('',*,*,#3658,.T.);
#5041=ORIENTED_EDGE('',*,*,#3294,.T.);
#5042=ORIENTED_EDGE('',*,*,#3658,.F.);
#5043=ORIENTED_EDGE('',*,*,#3659,.T.);
#5044=ORIENTED_EDGE('',*,*,#3657,.F.);
#5045=ORIENTED_EDGE('',*,*,#3646,.F.);
#5046=ORIENTED_EDGE('',*,*,#3648,.F.);
#5047=ORIENTED_EDGE('',*,*,#3651,.F.);
#5048=ORIENTED_EDGE('',*,*,#3654,.F.);
#5049=ORIENTED_EDGE('',*,*,#3656,.F.);
#5050=ORIENTED_EDGE('',*,*,#3660,.F.);
#5051=ORIENTED_EDGE('',*,*,#3595,.F.);
#5052=ORIENTED_EDGE('',*,*,#3591,.F.);
#5053=ORIENTED_EDGE('',*,*,#3661,.F.);
#5054=ORIENTED_EDGE('',*,*,#3596,.F.);
#5055=ORIENTED_EDGE('',*,*,#3660,.T.);
#5056=ORIENTED_EDGE('',*,*,#3659,.F.);
#5057=ORIENTED_EDGE('',*,*,#3617,.T.);
#5058=ORIENTED_EDGE('',*,*,#3633,.F.);
#5059=ORIENTED_EDGE('',*,*,#3625,.F.);
#5060=ORIENTED_EDGE('',*,*,#3453,.T.);
#5061=ORIENTED_EDGE('',*,*,#3363,.T.);
#5062=ORIENTED_EDGE('',*,*,#3327,.F.);
#5063=ORIENTED_EDGE('',*,*,#3289,.T.);
#5064=ORIENTED_EDGE('',*,*,#3662,.T.);
#5065=ORIENTED_EDGE('',*,*,#3634,.T.);
#5066=ORIENTED_EDGE('',*,*,#3331,.F.);
#5067=ORIENTED_EDGE('',*,*,#3288,.T.);
#5068=ORIENTED_EDGE('',*,*,#3663,.T.);
#5069=ORIENTED_EDGE('',*,*,#3579,.T.);
#5070=ORIENTED_EDGE('',*,*,#3662,.F.);
#5071=ORIENTED_EDGE('',*,*,#3664,.T.);
#5072=ORIENTED_EDGE('',*,*,#3665,.T.);
#5073=ORIENTED_EDGE('',*,*,#3422,.T.);
#5074=ORIENTED_EDGE('',*,*,#3666,.T.);
#5075=ORIENTED_EDGE('',*,*,#3421,.T.);
#5076=ORIENTED_EDGE('',*,*,#3420,.F.);
#5077=ORIENTED_EDGE('',*,*,#3620,.F.);
#5078=ORIENTED_EDGE('',*,*,#3667,.T.);
#5079=ORIENTED_EDGE('',*,*,#3666,.F.);
#5080=ORIENTED_EDGE('',*,*,#3668,.T.);
#5081=ORIENTED_EDGE('',*,*,#3669,.T.);
#5082=ORIENTED_EDGE('',*,*,#3665,.F.);
#5083=ORIENTED_EDGE('',*,*,#3670,.T.);
#5084=ORIENTED_EDGE('',*,*,#3671,.T.);
#5085=ORIENTED_EDGE('',*,*,#3672,.T.);
#5086=ORIENTED_EDGE('',*,*,#3668,.F.);
#5087=ORIENTED_EDGE('',*,*,#3673,.T.);
#5088=ORIENTED_EDGE('',*,*,#3674,.T.);
#5089=ORIENTED_EDGE('',*,*,#3502,.T.);
#5090=ORIENTED_EDGE('',*,*,#3671,.F.);
#5091=ORIENTED_EDGE('',*,*,#3675,.T.);
#5092=ORIENTED_EDGE('',*,*,#3287,.T.);
#5093=ORIENTED_EDGE('',*,*,#3674,.F.);
#5094=ORIENTED_EDGE('',*,*,#3676,.T.);
#5095=ORIENTED_EDGE('',*,*,#3663,.F.);
#5096=ORIENTED_EDGE('',*,*,#3676,.F.);
#5097=ORIENTED_EDGE('',*,*,#3675,.F.);
#5098=ORIENTED_EDGE('',*,*,#3673,.F.);
#5099=ORIENTED_EDGE('',*,*,#3670,.F.);
#5100=ORIENTED_EDGE('',*,*,#3664,.F.);
#5101=ORIENTED_EDGE('',*,*,#3677,.T.);
#5102=ORIENTED_EDGE('',*,*,#3678,.T.);
#5103=ORIENTED_EDGE('',*,*,#3576,.F.);
#5104=ORIENTED_EDGE('',*,*,#3580,.T.);
#5105=ORIENTED_EDGE('',*,*,#3667,.F.);
#5106=ORIENTED_EDGE('',*,*,#3637,.T.);
#5107=ORIENTED_EDGE('',*,*,#3636,.F.);
#5108=ORIENTED_EDGE('',*,*,#3584,.F.);
#5109=ORIENTED_EDGE('',*,*,#3525,.T.);
#5110=ORIENTED_EDGE('',*,*,#3524,.T.);
#5111=ORIENTED_EDGE('',*,*,#3679,.T.);
#5112=ORIENTED_EDGE('',*,*,#3527,.T.);
#5113=ORIENTED_EDGE('',*,*,#3583,.F.);
#5114=ORIENTED_EDGE('',*,*,#3680,.T.);
#5115=ORIENTED_EDGE('',*,*,#3677,.F.);
#5116=ORIENTED_EDGE('',*,*,#3570,.F.);
#5117=ORIENTED_EDGE('',*,*,#3639,.T.);
#5118=ORIENTED_EDGE('',*,*,#3559,.T.);
#5119=ORIENTED_EDGE('',*,*,#3681,.T.);
#5120=ORIENTED_EDGE('',*,*,#3681,.F.);
#5121=ORIENTED_EDGE('',*,*,#3558,.T.);
#5122=ORIENTED_EDGE('',*,*,#3561,.T.);
#5123=ORIENTED_EDGE('',*,*,#3563,.T.);
#5124=ORIENTED_EDGE('',*,*,#3565,.T.);
#5125=ORIENTED_EDGE('',*,*,#3567,.T.);
#5126=ORIENTED_EDGE('',*,*,#3569,.F.);
#5127=ORIENTED_EDGE('',*,*,#3571,.T.);
#5128=ORIENTED_EDGE('',*,*,#3354,.F.);
#5129=ORIENTED_EDGE('',*,*,#3385,.F.);
#5130=ORIENTED_EDGE('',*,*,#3387,.F.);
#5131=ORIENTED_EDGE('',*,*,#3431,.F.);
#5132=ORIENTED_EDGE('',*,*,#3381,.T.);
#5133=ORIENTED_EDGE('',*,*,#3434,.F.);
#5134=ORIENTED_EDGE('',*,*,#3532,.F.);
#5135=ORIENTED_EDGE('',*,*,#3358,.F.);
#5136=ORIENTED_EDGE('',*,*,#3535,.F.);
#5137=ORIENTED_EDGE('',*,*,#3530,.F.);
#5138=ORIENTED_EDGE('',*,*,#3554,.F.);
#5139=ORIENTED_EDGE('',*,*,#3549,.F.);
#5140=ORIENTED_EDGE('',*,*,#3546,.F.);
#5141=ORIENTED_EDGE('',*,*,#3543,.F.);
#5142=ORIENTED_EDGE('',*,*,#3540,.F.);
#5143=ORIENTED_EDGE('',*,*,#3537,.F.);
#5144=ORIENTED_EDGE('',*,*,#3461,.F.);
#5145=ORIENTED_EDGE('',*,*,#3296,.F.);
#5146=ORIENTED_EDGE('',*,*,#3655,.F.);
#5147=ORIENTED_EDGE('',*,*,#3682,.F.);
#5148=ORIENTED_EDGE('',*,*,#3471,.F.);
#5149=ORIENTED_EDGE('',*,*,#3682,.T.);
#5150=ORIENTED_EDGE('',*,*,#3652,.F.);
#5151=ORIENTED_EDGE('',*,*,#3683,.T.);
#5152=ORIENTED_EDGE('',*,*,#3392,.F.);
#5153=ORIENTED_EDGE('',*,*,#3483,.F.);
#5154=ORIENTED_EDGE('',*,*,#3480,.F.);
#5155=ORIENTED_EDGE('',*,*,#3477,.F.);
#5156=ORIENTED_EDGE('',*,*,#3475,.F.);
#5157=ORIENTED_EDGE('',*,*,#3684,.T.);
#5158=ORIENTED_EDGE('',*,*,#3644,.F.);
#5159=ORIENTED_EDGE('',*,*,#3642,.F.);
#5160=ORIENTED_EDGE('',*,*,#3641,.F.);
#5161=ORIENTED_EDGE('',*,*,#3608,.F.);
#5162=ORIENTED_EDGE('',*,*,#3606,.F.);
#5163=ORIENTED_EDGE('',*,*,#3402,.T.);
#5164=ORIENTED_EDGE('',*,*,#3473,.F.);
#5165=ORIENTED_EDGE('',*,*,#3683,.F.);
#5166=ORIENTED_EDGE('',*,*,#3649,.F.);
#5167=ORIENTED_EDGE('',*,*,#3684,.F.);
#5168=ORIENTED_EDGE('',*,*,#3440,.F.);
#5169=ORIENTED_EDGE('',*,*,#3404,.T.);
#5170=ORIENTED_EDGE('',*,*,#3599,.F.);
#5171=ORIENTED_EDGE('',*,*,#3638,.T.);
#5172=ORIENTED_EDGE('',*,*,#3345,.T.);
#5173=ORIENTED_EDGE('',*,*,#3465,.T.);
#5174=ORIENTED_EDGE('',*,*,#3485,.T.);
#5175=ORIENTED_EDGE('',*,*,#3489,.T.);
#5176=ORIENTED_EDGE('',*,*,#3685,.T.);
#5177=ORIENTED_EDGE('',*,*,#3686,.T.);
#5178=ORIENTED_EDGE('',*,*,#3687,.T.);
#5179=ORIENTED_EDGE('',*,*,#3640,.F.);
#5180=ORIENTED_EDGE('',*,*,#3661,.T.);
#5181=ORIENTED_EDGE('',*,*,#3590,.F.);
#5182=ORIENTED_EDGE('',*,*,#3587,.F.);
#5183=ORIENTED_EDGE('',*,*,#3688,.F.);
#5184=ORIENTED_EDGE('',*,*,#3686,.F.);
#5185=ORIENTED_EDGE('',*,*,#3689,.F.);
#5186=ORIENTED_EDGE('',*,*,#3690,.T.);
#5187=ORIENTED_EDGE('',*,*,#3585,.T.);
#5188=ORIENTED_EDGE('',*,*,#3616,.T.);
#5189=ORIENTED_EDGE('',*,*,#3615,.F.);
#5190=ORIENTED_EDGE('',*,*,#3573,.F.);
#5191=ORIENTED_EDGE('',*,*,#3466,.T.);
#5192=ORIENTED_EDGE('',*,*,#3687,.F.);
#5193=ORIENTED_EDGE('',*,*,#3688,.T.);
#5194=ORIENTED_EDGE('',*,*,#3586,.F.);
#5195=ORIENTED_EDGE('',*,*,#3690,.F.);
#5196=ORIENTED_EDGE('',*,*,#3689,.T.);
#5197=ORIENTED_EDGE('',*,*,#3685,.F.);
#5198=ORIENTED_EDGE('',*,*,#3488,.T.);
#5199=ORIENTED_EDGE('',*,*,#3505,.F.);
#5200=ORIENTED_EDGE('',*,*,#3691,.F.);
#5201=ORIENTED_EDGE('',*,*,#3672,.F.);
#5202=ORIENTED_EDGE('',*,*,#3501,.F.);
#5203=ORIENTED_EDGE('',*,*,#3442,.F.);
#5204=ORIENTED_EDGE('',*,*,#3692,.T.);
#5205=ORIENTED_EDGE('',*,*,#3370,.F.);
#5206=ORIENTED_EDGE('',*,*,#3449,.F.);
#5207=ORIENTED_EDGE('',*,*,#3445,.F.);
#5208=ORIENTED_EDGE('',*,*,#3512,.F.);
#5209=ORIENTED_EDGE('',*,*,#3423,.T.);
#5210=ORIENTED_EDGE('',*,*,#3669,.F.);
#5211=ORIENTED_EDGE('',*,*,#3691,.T.);
#5212=ORIENTED_EDGE('',*,*,#3410,.F.);
#5213=ORIENTED_EDGE('',*,*,#3411,.F.);
#5214=ORIENTED_EDGE('',*,*,#3371,.T.);
#5215=ORIENTED_EDGE('',*,*,#3692,.F.);
#5216=ORIENTED_EDGE('',*,*,#3441,.F.);
#5217=ORIENTED_EDGE('',*,*,#3444,.F.);
#5218=ORIENTED_EDGE('',*,*,#3450,.T.);
#5219=ORIENTED_EDGE('',*,*,#3521,.F.);
#5220=ORIENTED_EDGE('',*,*,#3528,.F.);
#5221=ORIENTED_EDGE('',*,*,#3679,.F.);
#5222=ORIENTED_EDGE('',*,*,#3523,.F.);
#5223=ORIENTED_EDGE('',*,*,#3515,.F.);
#5224=ORIENTED_EDGE('',*,*,#3519,.F.);
#5225=ORIENTED_EDGE('',*,*,#3577,.F.);
#5226=ORIENTED_EDGE('',*,*,#3678,.F.);
#5227=ORIENTED_EDGE('',*,*,#3680,.F.);
#5228=ORIENTED_EDGE('',*,*,#3582,.F.);
#5229=ORIENTED_EDGE('',*,*,#3635,.F.);
#5230=ORIENTED_EDGE('',*,*,#3693,.F.);
#5231=ORIENTED_EDGE('',*,*,#3694,.F.);
#5232=ORIENTED_EDGE('',*,*,#3695,.F.);
#5233=ORIENTED_EDGE('',*,*,#3696,.F.);
#5234=ORIENTED_EDGE('',*,*,#3693,.T.);
#5235=ORIENTED_EDGE('',*,*,#3697,.T.);
#5236=ORIENTED_EDGE('',*,*,#3698,.F.);
#5237=ORIENTED_EDGE('',*,*,#3699,.F.);
#5238=ORIENTED_EDGE('',*,*,#3699,.T.);
#5239=ORIENTED_EDGE('',*,*,#3700,.T.);
#5240=ORIENTED_EDGE('',*,*,#3701,.T.);
#5241=ORIENTED_EDGE('',*,*,#3702,.T.);
#5242=ORIENTED_EDGE('',*,*,#3703,.T.);
#5243=ORIENTED_EDGE('',*,*,#3704,.T.);
#5244=ORIENTED_EDGE('',*,*,#3705,.T.);
#5245=ORIENTED_EDGE('',*,*,#3706,.F.);
#5246=ORIENTED_EDGE('',*,*,#3707,.T.);
#5247=ORIENTED_EDGE('',*,*,#3708,.T.);
#5248=ORIENTED_EDGE('',*,*,#3709,.T.);
#5249=ORIENTED_EDGE('',*,*,#3710,.T.);
#5250=ORIENTED_EDGE('',*,*,#3711,.T.);
#5251=ORIENTED_EDGE('',*,*,#3712,.T.);
#5252=ORIENTED_EDGE('',*,*,#3713,.T.);
#5253=ORIENTED_EDGE('',*,*,#3714,.T.);
#5254=ORIENTED_EDGE('',*,*,#3715,.T.);
#5255=ORIENTED_EDGE('',*,*,#3716,.T.);
#5256=ORIENTED_EDGE('',*,*,#3717,.T.);
#5257=ORIENTED_EDGE('',*,*,#3718,.T.);
#5258=ORIENTED_EDGE('',*,*,#3719,.T.);
#5259=ORIENTED_EDGE('',*,*,#3694,.T.);
#5260=ORIENTED_EDGE('',*,*,#3720,.F.);
#5261=ORIENTED_EDGE('',*,*,#3721,.F.);
#5262=ORIENTED_EDGE('',*,*,#3722,.F.);
#5263=ORIENTED_EDGE('',*,*,#3723,.F.);
#5264=ORIENTED_EDGE('',*,*,#3724,.F.);
#5265=ORIENTED_EDGE('',*,*,#3725,.F.);
#5266=ORIENTED_EDGE('',*,*,#3726,.F.);
#5267=ORIENTED_EDGE('',*,*,#3727,.F.);
#5268=ORIENTED_EDGE('',*,*,#3728,.F.);
#5269=ORIENTED_EDGE('',*,*,#3729,.F.);
#5270=ORIENTED_EDGE('',*,*,#3730,.F.);
#5271=ORIENTED_EDGE('',*,*,#3711,.F.);
#5272=ORIENTED_EDGE('',*,*,#3731,.F.);
#5273=ORIENTED_EDGE('',*,*,#3732,.F.);
#5274=ORIENTED_EDGE('',*,*,#3733,.F.);
#5275=ORIENTED_EDGE('',*,*,#3734,.F.);
#5276=ORIENTED_EDGE('',*,*,#3735,.F.);
#5277=ORIENTED_EDGE('',*,*,#3736,.F.);
#5278=ORIENTED_EDGE('',*,*,#3737,.F.);
#5279=ORIENTED_EDGE('',*,*,#3738,.F.);
#5280=ORIENTED_EDGE('',*,*,#3735,.T.);
#5281=ORIENTED_EDGE('',*,*,#3731,.T.);
#5282=ORIENTED_EDGE('',*,*,#3739,.F.);
#5283=ORIENTED_EDGE('',*,*,#3733,.T.);
#5284=ORIENTED_EDGE('',*,*,#3728,.T.);
#5285=ORIENTED_EDGE('',*,*,#3740,.F.);
#5286=ORIENTED_EDGE('',*,*,#3730,.T.);
#5287=ORIENTED_EDGE('',*,*,#3726,.T.);
#5288=ORIENTED_EDGE('',*,*,#3741,.F.);
#5289=ORIENTED_EDGE('',*,*,#3724,.T.);
#5290=ORIENTED_EDGE('',*,*,#3720,.T.);
#5291=ORIENTED_EDGE('',*,*,#3742,.F.);
#5292=ORIENTED_EDGE('',*,*,#3742,.T.);
#5293=ORIENTED_EDGE('',*,*,#3743,.F.);
#5294=ORIENTED_EDGE('',*,*,#3744,.F.);
#5295=ORIENTED_EDGE('',*,*,#3745,.F.);
#5296=ORIENTED_EDGE('',*,*,#3725,.T.);
#5297=ORIENTED_EDGE('',*,*,#3745,.T.);
#5298=ORIENTED_EDGE('',*,*,#3746,.F.);
#5299=ORIENTED_EDGE('',*,*,#3747,.T.);
#5300=ORIENTED_EDGE('',*,*,#3741,.T.);
#5301=ORIENTED_EDGE('',*,*,#3747,.F.);
#5302=ORIENTED_EDGE('',*,*,#3748,.F.);
#5303=ORIENTED_EDGE('',*,*,#3712,.F.);
#5304=ORIENTED_EDGE('',*,*,#3740,.T.);
#5305=ORIENTED_EDGE('',*,*,#3710,.F.);
#5306=ORIENTED_EDGE('',*,*,#3749,.T.);
#5307=ORIENTED_EDGE('',*,*,#3750,.F.);
#5308=ORIENTED_EDGE('',*,*,#3734,.T.);
#5309=ORIENTED_EDGE('',*,*,#3750,.T.);
#5310=ORIENTED_EDGE('',*,*,#3751,.T.);
#5311=ORIENTED_EDGE('',*,*,#3752,.T.);
#5312=ORIENTED_EDGE('',*,*,#3739,.T.);
#5313=ORIENTED_EDGE('',*,*,#3752,.F.);
#5314=ORIENTED_EDGE('',*,*,#3753,.F.);
#5315=ORIENTED_EDGE('',*,*,#3754,.F.);
#5316=ORIENTED_EDGE('',*,*,#3736,.T.);
#5317=ORIENTED_EDGE('',*,*,#3754,.T.);
#5318=ORIENTED_EDGE('',*,*,#3755,.T.);
#5319=ORIENTED_EDGE('',*,*,#3756,.T.);
#5320=ORIENTED_EDGE('',*,*,#3757,.T.);
#5321=ORIENTED_EDGE('',*,*,#3758,.T.);
#5322=ORIENTED_EDGE('',*,*,#3759,.T.);
#5323=ORIENTED_EDGE('',*,*,#3760,.T.);
#5324=ORIENTED_EDGE('',*,*,#3761,.T.);
#5325=ORIENTED_EDGE('',*,*,#3762,.T.);
#5326=ORIENTED_EDGE('',*,*,#3763,.F.);
#5327=ORIENTED_EDGE('',*,*,#3764,.F.);
#5328=ORIENTED_EDGE('',*,*,#3765,.F.);
#5329=ORIENTED_EDGE('',*,*,#3766,.F.);
#5330=ORIENTED_EDGE('',*,*,#3767,.F.);
#5331=ORIENTED_EDGE('',*,*,#3768,.F.);
#5332=ORIENTED_EDGE('',*,*,#3769,.F.);
#5333=ORIENTED_EDGE('',*,*,#3770,.F.);
#5334=ORIENTED_EDGE('',*,*,#3771,.F.);
#5335=ORIENTED_EDGE('',*,*,#3772,.F.);
#5336=ORIENTED_EDGE('',*,*,#3773,.F.);
#5337=ORIENTED_EDGE('',*,*,#3764,.T.);
#5338=ORIENTED_EDGE('',*,*,#3774,.F.);
#5339=ORIENTED_EDGE('',*,*,#3771,.T.);
#5340=ORIENTED_EDGE('',*,*,#3775,.F.);
#5341=ORIENTED_EDGE('',*,*,#3776,.F.);
#5342=ORIENTED_EDGE('',*,*,#3777,.F.);
#5343=ORIENTED_EDGE('',*,*,#3769,.T.);
#5344=ORIENTED_EDGE('',*,*,#3768,.T.);
#5345=ORIENTED_EDGE('',*,*,#3778,.T.);
#5346=ORIENTED_EDGE('',*,*,#3779,.F.);
#5347=ORIENTED_EDGE('',*,*,#3723,.T.);
#5348=ORIENTED_EDGE('',*,*,#3780,.F.);
#5349=ORIENTED_EDGE('',*,*,#3781,.T.);
#5350=ORIENTED_EDGE('',*,*,#3775,.T.);
#5351=ORIENTED_EDGE('',*,*,#3770,.T.);
#5352=ORIENTED_EDGE('',*,*,#3779,.T.);
#5353=ORIENTED_EDGE('',*,*,#3778,.F.);
#5354=ORIENTED_EDGE('',*,*,#3774,.T.);
#5355=ORIENTED_EDGE('',*,*,#3767,.T.);
#5356=ORIENTED_EDGE('',*,*,#3782,.T.);
#5357=ORIENTED_EDGE('',*,*,#3783,.T.);
#5358=ORIENTED_EDGE('',*,*,#3784,.F.);
#5359=ORIENTED_EDGE('',*,*,#3785,.T.);
#5360=ORIENTED_EDGE('',*,*,#3743,.T.);
#5361=ORIENTED_EDGE('',*,*,#3786,.F.);
#5362=ORIENTED_EDGE('',*,*,#3782,.F.);
#5363=ORIENTED_EDGE('',*,*,#3766,.T.);
#5364=ORIENTED_EDGE('',*,*,#3787,.F.);
#5365=ORIENTED_EDGE('',*,*,#3788,.F.);
#5366=ORIENTED_EDGE('',*,*,#3789,.T.);
#5367=ORIENTED_EDGE('',*,*,#3790,.F.);
#5368=ORIENTED_EDGE('',*,*,#3791,.F.);
#5369=ORIENTED_EDGE('',*,*,#3792,.F.);
#5370=ORIENTED_EDGE('',*,*,#3758,.F.);
#5371=ORIENTED_EDGE('',*,*,#3793,.T.);
#5372=ORIENTED_EDGE('',*,*,#3794,.T.);
#5373=ORIENTED_EDGE('',*,*,#3795,.F.);
#5374=ORIENTED_EDGE('',*,*,#3759,.F.);
#5375=ORIENTED_EDGE('',*,*,#3792,.T.);
#5376=ORIENTED_EDGE('',*,*,#3796,.F.);
#5377=ORIENTED_EDGE('',*,*,#3797,.F.);
#5378=ORIENTED_EDGE('',*,*,#3798,.T.);
#5379=ORIENTED_EDGE('',*,*,#3799,.F.);
#5380=ORIENTED_EDGE('',*,*,#3760,.F.);
#5381=ORIENTED_EDGE('',*,*,#3797,.T.);
#5382=ORIENTED_EDGE('',*,*,#3800,.F.);
#5383=ORIENTED_EDGE('',*,*,#3773,.T.);
#5384=ORIENTED_EDGE('',*,*,#3801,.F.);
#5385=ORIENTED_EDGE('',*,*,#3697,.F.);
#5386=ORIENTED_EDGE('',*,*,#3802,.F.);
#5387=ORIENTED_EDGE('',*,*,#3698,.T.);
#5388=ORIENTED_EDGE('',*,*,#3803,.F.);
#5389=ORIENTED_EDGE('',*,*,#3804,.F.);
#5390=ORIENTED_EDGE('',*,*,#3700,.F.);
#5391=ORIENTED_EDGE('',*,*,#3696,.T.);
#5392=ORIENTED_EDGE('',*,*,#3805,.F.);
#5393=ORIENTED_EDGE('',*,*,#3787,.T.);
#5394=ORIENTED_EDGE('',*,*,#3765,.T.);
#5395=ORIENTED_EDGE('',*,*,#3802,.T.);
#5396=ORIENTED_EDGE('',*,*,#3806,.F.);
#5397=ORIENTED_EDGE('',*,*,#3807,.F.);
#5398=ORIENTED_EDGE('',*,*,#3808,.F.);
#5399=ORIENTED_EDGE('',*,*,#3809,.F.);
#5400=ORIENTED_EDGE('',*,*,#3810,.F.);
#5401=ORIENTED_EDGE('',*,*,#3791,.T.);
#5402=ORIENTED_EDGE('',*,*,#3811,.T.);
#5403=ORIENTED_EDGE('',*,*,#3810,.T.);
#5404=ORIENTED_EDGE('',*,*,#3812,.T.);
#5405=ORIENTED_EDGE('',*,*,#3813,.T.);
#5406=ORIENTED_EDGE('',*,*,#3814,.F.);
#5407=ORIENTED_EDGE('',*,*,#3806,.T.);
#5408=ORIENTED_EDGE('',*,*,#3811,.F.);
#5409=ORIENTED_EDGE('',*,*,#3795,.T.);
#5410=ORIENTED_EDGE('',*,*,#3815,.F.);
#5411=ORIENTED_EDGE('',*,*,#3816,.F.);
#5412=ORIENTED_EDGE('',*,*,#3817,.F.);
#5413=ORIENTED_EDGE('',*,*,#3818,.F.);
#5414=ORIENTED_EDGE('',*,*,#3807,.T.);
#5415=ORIENTED_EDGE('',*,*,#3818,.T.);
#5416=ORIENTED_EDGE('',*,*,#3819,.T.);
#5417=ORIENTED_EDGE('',*,*,#3820,.T.);
#5418=ORIENTED_EDGE('',*,*,#3821,.T.);
#5419=ORIENTED_EDGE('',*,*,#3822,.T.);
#5420=ORIENTED_EDGE('',*,*,#3823,.F.);
#5421=ORIENTED_EDGE('',*,*,#3824,.F.);
#5422=ORIENTED_EDGE('',*,*,#3825,.F.);
#5423=ORIENTED_EDGE('',*,*,#3826,.F.);
#5424=ORIENTED_EDGE('',*,*,#3827,.F.);
#5425=ORIENTED_EDGE('',*,*,#3828,.F.);
#5426=ORIENTED_EDGE('',*,*,#3788,.T.);
#5427=ORIENTED_EDGE('',*,*,#3805,.T.);
#5428=ORIENTED_EDGE('',*,*,#3829,.T.);
#5429=ORIENTED_EDGE('',*,*,#3830,.F.);
#5430=ORIENTED_EDGE('',*,*,#3825,.T.);
#5431=ORIENTED_EDGE('',*,*,#3826,.T.);
#5432=ORIENTED_EDGE('',*,*,#3831,.F.);
#5433=ORIENTED_EDGE('',*,*,#3832,.T.);
#5434=ORIENTED_EDGE('',*,*,#3833,.F.);
#5435=ORIENTED_EDGE('',*,*,#3827,.T.);
#5436=ORIENTED_EDGE('',*,*,#3833,.T.);
#5437=ORIENTED_EDGE('',*,*,#3834,.T.);
#5438=ORIENTED_EDGE('',*,*,#3835,.T.);
#5439=ORIENTED_EDGE('',*,*,#3836,.T.);
#5440=ORIENTED_EDGE('',*,*,#3837,.T.);
#5441=ORIENTED_EDGE('',*,*,#3838,.T.);
#5442=ORIENTED_EDGE('',*,*,#3839,.T.);
#5443=ORIENTED_EDGE('',*,*,#3840,.F.);
#5444=ORIENTED_EDGE('',*,*,#3841,.T.);
#5445=ORIENTED_EDGE('',*,*,#3842,.T.);
#5446=ORIENTED_EDGE('',*,*,#3843,.T.);
#5447=ORIENTED_EDGE('',*,*,#3844,.T.);
#5448=ORIENTED_EDGE('',*,*,#3845,.T.);
#5449=ORIENTED_EDGE('',*,*,#3701,.F.);
#5450=ORIENTED_EDGE('',*,*,#3804,.T.);
#5451=ORIENTED_EDGE('',*,*,#3846,.F.);
#5452=ORIENTED_EDGE('',*,*,#3702,.F.);
#5453=ORIENTED_EDGE('',*,*,#3845,.F.);
#5454=ORIENTED_EDGE('',*,*,#3847,.F.);
#5455=ORIENTED_EDGE('',*,*,#3800,.T.);
#5456=ORIENTED_EDGE('',*,*,#3848,.F.);
#5457=ORIENTED_EDGE('',*,*,#3844,.F.);
#5458=ORIENTED_EDGE('',*,*,#3849,.F.);
#5459=ORIENTED_EDGE('',*,*,#3761,.F.);
#5460=ORIENTED_EDGE('',*,*,#3799,.T.);
#5461=ORIENTED_EDGE('',*,*,#3850,.F.);
#5462=ORIENTED_EDGE('',*,*,#3851,.T.);
#5463=ORIENTED_EDGE('',*,*,#3796,.T.);
#5464=ORIENTED_EDGE('',*,*,#3814,.T.);
#5465=ORIENTED_EDGE('',*,*,#3847,.T.);
#5466=ORIENTED_EDGE('',*,*,#3848,.T.);
#5467=ORIENTED_EDGE('',*,*,#3816,.T.);
#5468=ORIENTED_EDGE('',*,*,#3852,.F.);
#5469=ORIENTED_EDGE('',*,*,#3853,.F.);
#5470=ORIENTED_EDGE('',*,*,#3817,.T.);
#5471=ORIENTED_EDGE('',*,*,#3853,.T.);
#5472=ORIENTED_EDGE('',*,*,#3854,.F.);
#5473=ORIENTED_EDGE('',*,*,#3855,.F.);
#5474=ORIENTED_EDGE('',*,*,#3819,.F.);
#5475=ORIENTED_EDGE('',*,*,#3757,.F.);
#5476=ORIENTED_EDGE('',*,*,#3856,.F.);
#5477=ORIENTED_EDGE('',*,*,#3855,.T.);
#5478=ORIENTED_EDGE('',*,*,#3857,.T.);
#5479=ORIENTED_EDGE('',*,*,#3793,.F.);
#5480=ORIENTED_EDGE('',*,*,#3852,.T.);
#5481=ORIENTED_EDGE('',*,*,#3815,.T.);
#5482=ORIENTED_EDGE('',*,*,#3794,.F.);
#5483=ORIENTED_EDGE('',*,*,#3857,.F.);
#5484=ORIENTED_EDGE('',*,*,#3854,.T.);
#5485=ORIENTED_EDGE('',*,*,#3858,.F.);
#5486=ORIENTED_EDGE('',*,*,#3859,.F.);
#5487=ORIENTED_EDGE('',*,*,#3860,.F.);
#5488=ORIENTED_EDGE('',*,*,#3861,.F.);
#5489=ORIENTED_EDGE('',*,*,#3862,.F.);
#5490=ORIENTED_EDGE('',*,*,#3863,.F.);
#5491=ORIENTED_EDGE('',*,*,#3864,.F.);
#5492=ORIENTED_EDGE('',*,*,#3859,.T.);
#5493=ORIENTED_EDGE('',*,*,#3783,.F.);
#5494=ORIENTED_EDGE('',*,*,#3786,.T.);
#5495=ORIENTED_EDGE('',*,*,#3865,.F.);
#5496=ORIENTED_EDGE('',*,*,#3863,.T.);
#5497=ORIENTED_EDGE('',*,*,#3866,.F.);
#5498=ORIENTED_EDGE('',*,*,#3823,.T.);
#5499=ORIENTED_EDGE('',*,*,#3843,.F.);
#5500=ORIENTED_EDGE('',*,*,#3867,.T.);
#5501=ORIENTED_EDGE('',*,*,#3868,.F.);
#5502=ORIENTED_EDGE('',*,*,#3862,.T.);
#5503=ORIENTED_EDGE('',*,*,#3869,.T.);
#5504=ORIENTED_EDGE('',*,*,#3866,.T.);
#5505=ORIENTED_EDGE('',*,*,#3868,.T.);
#5506=ORIENTED_EDGE('',*,*,#3870,.T.);
#5507=ORIENTED_EDGE('',*,*,#3871,.T.);
#5508=ORIENTED_EDGE('',*,*,#3784,.T.);
#5509=ORIENTED_EDGE('',*,*,#3872,.F.);
#5510=ORIENTED_EDGE('',*,*,#3873,.F.);
#5511=ORIENTED_EDGE('',*,*,#3874,.F.);
#5512=ORIENTED_EDGE('',*,*,#3875,.F.);
#5513=ORIENTED_EDGE('',*,*,#3705,.F.);
#5514=ORIENTED_EDGE('',*,*,#3876,.F.);
#5515=ORIENTED_EDGE('',*,*,#3877,.F.);
#5516=ORIENTED_EDGE('',*,*,#3875,.T.);
#5517=ORIENTED_EDGE('',*,*,#3878,.F.);
#5518=ORIENTED_EDGE('',*,*,#3873,.T.);
#5519=ORIENTED_EDGE('',*,*,#3879,.T.);
#5520=ORIENTED_EDGE('',*,*,#3880,.T.);
#5521=ORIENTED_EDGE('',*,*,#3881,.T.);
#5522=ORIENTED_EDGE('',*,*,#3882,.F.);
#5523=ORIENTED_EDGE('',*,*,#3883,.T.);
#5524=ORIENTED_EDGE('',*,*,#3884,.T.);
#5525=ORIENTED_EDGE('',*,*,#3874,.T.);
#5526=ORIENTED_EDGE('',*,*,#3884,.F.);
#5527=ORIENTED_EDGE('',*,*,#3885,.T.);
#5528=ORIENTED_EDGE('',*,*,#3886,.T.);
#5529=ORIENTED_EDGE('',*,*,#3887,.T.);
#5530=ORIENTED_EDGE('',*,*,#3878,.T.);
#5531=ORIENTED_EDGE('',*,*,#3876,.T.);
#5532=ORIENTED_EDGE('',*,*,#3887,.F.);
#5533=ORIENTED_EDGE('',*,*,#3888,.T.);
#5534=ORIENTED_EDGE('',*,*,#3889,.F.);
#5535=ORIENTED_EDGE('',*,*,#3888,.F.);
#5536=ORIENTED_EDGE('',*,*,#3886,.F.);
#5537=ORIENTED_EDGE('',*,*,#3890,.F.);
#5538=ORIENTED_EDGE('',*,*,#3891,.F.);
#5539=ORIENTED_EDGE('',*,*,#3885,.F.);
#5540=ORIENTED_EDGE('',*,*,#3892,.F.);
#5541=ORIENTED_EDGE('',*,*,#3893,.F.);
#5542=ORIENTED_EDGE('',*,*,#3890,.T.);
#5543=ORIENTED_EDGE('',*,*,#3883,.F.);
#5544=ORIENTED_EDGE('',*,*,#3894,.F.);
#5545=ORIENTED_EDGE('',*,*,#3895,.F.);
#5546=ORIENTED_EDGE('',*,*,#3892,.T.);
#5547=ORIENTED_EDGE('',*,*,#3896,.F.);
#5548=ORIENTED_EDGE('',*,*,#3897,.F.);
#5549=ORIENTED_EDGE('',*,*,#3898,.F.);
#5550=ORIENTED_EDGE('',*,*,#3894,.T.);
#5551=ORIENTED_EDGE('',*,*,#3809,.T.);
#5552=ORIENTED_EDGE('',*,*,#3899,.F.);
#5553=ORIENTED_EDGE('',*,*,#3897,.T.);
#5554=ORIENTED_EDGE('',*,*,#3900,.F.);
#5555=ORIENTED_EDGE('',*,*,#3896,.T.);
#5556=ORIENTED_EDGE('',*,*,#3882,.T.);
#5557=ORIENTED_EDGE('',*,*,#3901,.T.);
#5558=ORIENTED_EDGE('',*,*,#3902,.T.);
#5559=ORIENTED_EDGE('',*,*,#3900,.T.);
#5560=ORIENTED_EDGE('',*,*,#3902,.F.);
#5561=ORIENTED_EDGE('',*,*,#3903,.T.);
#5562=ORIENTED_EDGE('',*,*,#3904,.T.);
#5563=ORIENTED_EDGE('',*,*,#3905,.T.);
#5564=ORIENTED_EDGE('',*,*,#3906,.T.);
#5565=ORIENTED_EDGE('',*,*,#3812,.F.);
#5566=ORIENTED_EDGE('',*,*,#3907,.F.);
#5567=ORIENTED_EDGE('',*,*,#3908,.F.);
#5568=ORIENTED_EDGE('',*,*,#3717,.F.);
#5569=ORIENTED_EDGE('',*,*,#3909,.F.);
#5570=ORIENTED_EDGE('',*,*,#3910,.F.);
#5571=ORIENTED_EDGE('',*,*,#3911,.F.);
#5572=ORIENTED_EDGE('',*,*,#3912,.F.);
#5573=ORIENTED_EDGE('',*,*,#3909,.T.);
#5574=ORIENTED_EDGE('',*,*,#3913,.F.);
#5575=ORIENTED_EDGE('',*,*,#3908,.T.);
#5576=ORIENTED_EDGE('',*,*,#3914,.F.);
#5577=ORIENTED_EDGE('',*,*,#3915,.F.);
#5578=ORIENTED_EDGE('',*,*,#3916,.F.);
#5579=ORIENTED_EDGE('',*,*,#3917,.F.);
#5580=ORIENTED_EDGE('',*,*,#3718,.F.);
#5581=ORIENTED_EDGE('',*,*,#3913,.T.);
#5582=ORIENTED_EDGE('',*,*,#3716,.F.);
#5583=ORIENTED_EDGE('',*,*,#3918,.T.);
#5584=ORIENTED_EDGE('',*,*,#3919,.F.);
#5585=ORIENTED_EDGE('',*,*,#3911,.T.);
#5586=ORIENTED_EDGE('',*,*,#3920,.F.);
#5587=ORIENTED_EDGE('',*,*,#3921,.T.);
#5588=ORIENTED_EDGE('',*,*,#3922,.F.);
#5589=ORIENTED_EDGE('',*,*,#3834,.F.);
#5590=ORIENTED_EDGE('',*,*,#3832,.F.);
#5591=ORIENTED_EDGE('',*,*,#3923,.F.);
#5592=ORIENTED_EDGE('',*,*,#3924,.F.);
#5593=ORIENTED_EDGE('',*,*,#3835,.F.);
#5594=ORIENTED_EDGE('',*,*,#3924,.T.);
#5595=ORIENTED_EDGE('',*,*,#3925,.F.);
#5596=ORIENTED_EDGE('',*,*,#3926,.F.);
#5597=ORIENTED_EDGE('',*,*,#3921,.F.);
#5598=ORIENTED_EDGE('',*,*,#3927,.F.);
#5599=ORIENTED_EDGE('',*,*,#3928,.F.);
#5600=ORIENTED_EDGE('',*,*,#3929,.F.);
#5601=ORIENTED_EDGE('',*,*,#3836,.F.);
#5602=ORIENTED_EDGE('',*,*,#3926,.T.);
#5603=ORIENTED_EDGE('',*,*,#3930,.F.);
#5604=ORIENTED_EDGE('',*,*,#3928,.T.);
#5605=ORIENTED_EDGE('',*,*,#3831,.T.);
#5606=ORIENTED_EDGE('',*,*,#3830,.T.);
#5607=ORIENTED_EDGE('',*,*,#3931,.T.);
#5608=ORIENTED_EDGE('',*,*,#3916,.T.);
#5609=ORIENTED_EDGE('',*,*,#3932,.F.);
#5610=ORIENTED_EDGE('',*,*,#3933,.F.);
#5611=ORIENTED_EDGE('',*,*,#3934,.T.);
#5612=ORIENTED_EDGE('',*,*,#3923,.T.);
#5613=ORIENTED_EDGE('',*,*,#3934,.F.);
#5614=ORIENTED_EDGE('',*,*,#3935,.F.);
#5615=ORIENTED_EDGE('',*,*,#3936,.F.);
#5616=ORIENTED_EDGE('',*,*,#3907,.T.);
#5617=ORIENTED_EDGE('',*,*,#3937,.F.);
#5618=ORIENTED_EDGE('',*,*,#3925,.T.);
#5619=ORIENTED_EDGE('',*,*,#3936,.T.);
#5620=ORIENTED_EDGE('',*,*,#3938,.F.);
#5621=ORIENTED_EDGE('',*,*,#3939,.F.);
#5622=ORIENTED_EDGE('',*,*,#3914,.T.);
#5623=ORIENTED_EDGE('',*,*,#3910,.T.);
#5624=ORIENTED_EDGE('',*,*,#3912,.T.);
#5625=ORIENTED_EDGE('',*,*,#3922,.T.);
#5626=ORIENTED_EDGE('',*,*,#3929,.T.);
#5627=ORIENTED_EDGE('',*,*,#3930,.T.);
#5628=ORIENTED_EDGE('',*,*,#3937,.T.);
#5629=ORIENTED_EDGE('',*,*,#3915,.T.);
#5630=ORIENTED_EDGE('',*,*,#3939,.T.);
#5631=ORIENTED_EDGE('',*,*,#3940,.F.);
#5632=ORIENTED_EDGE('',*,*,#3941,.T.);
#5633=ORIENTED_EDGE('',*,*,#3942,.T.);
#5634=ORIENTED_EDGE('',*,*,#3943,.T.);
#5635=ORIENTED_EDGE('',*,*,#3944,.T.);
#5636=ORIENTED_EDGE('',*,*,#3945,.F.);
#5637=ORIENTED_EDGE('',*,*,#3932,.T.);
#5638=ORIENTED_EDGE('',*,*,#3917,.T.);
#5639=ORIENTED_EDGE('',*,*,#3931,.F.);
#5640=ORIENTED_EDGE('',*,*,#3829,.F.);
#5641=ORIENTED_EDGE('',*,*,#3695,.T.);
#5642=ORIENTED_EDGE('',*,*,#3719,.F.);
#5643=ORIENTED_EDGE('',*,*,#3946,.T.);
#5644=ORIENTED_EDGE('',*,*,#3947,.F.);
#5645=ORIENTED_EDGE('',*,*,#3948,.F.);
#5646=ORIENTED_EDGE('',*,*,#3949,.F.);
#5647=ORIENTED_EDGE('',*,*,#3950,.F.);
#5648=ORIENTED_EDGE('',*,*,#3951,.F.);
#5649=ORIENTED_EDGE('',*,*,#3952,.F.);
#5650=ORIENTED_EDGE('',*,*,#3953,.F.);
#5651=ORIENTED_EDGE('',*,*,#3954,.F.);
#5652=ORIENTED_EDGE('',*,*,#3951,.T.);
#5653=ORIENTED_EDGE('',*,*,#3955,.F.);
#5654=ORIENTED_EDGE('',*,*,#3956,.F.);
#5655=ORIENTED_EDGE('',*,*,#3957,.F.);
#5656=ORIENTED_EDGE('',*,*,#3956,.T.);
#5657=ORIENTED_EDGE('',*,*,#3958,.F.);
#5658=ORIENTED_EDGE('',*,*,#3959,.F.);
#5659=ORIENTED_EDGE('',*,*,#3960,.F.);
#5660=ORIENTED_EDGE('',*,*,#3959,.T.);
#5661=ORIENTED_EDGE('',*,*,#3961,.F.);
#5662=ORIENTED_EDGE('',*,*,#3962,.F.);
#5663=ORIENTED_EDGE('',*,*,#3963,.F.);
#5664=ORIENTED_EDGE('',*,*,#3962,.T.);
#5665=ORIENTED_EDGE('',*,*,#3964,.F.);
#5666=ORIENTED_EDGE('',*,*,#3965,.F.);
#5667=ORIENTED_EDGE('',*,*,#3966,.F.);
#5668=ORIENTED_EDGE('',*,*,#3965,.T.);
#5669=ORIENTED_EDGE('',*,*,#3967,.F.);
#5670=ORIENTED_EDGE('',*,*,#3968,.F.);
#5671=ORIENTED_EDGE('',*,*,#3969,.F.);
#5672=ORIENTED_EDGE('',*,*,#3970,.F.);
#5673=ORIENTED_EDGE('',*,*,#3762,.F.);
#5674=ORIENTED_EDGE('',*,*,#3851,.F.);
#5675=ORIENTED_EDGE('',*,*,#3946,.F.);
#5676=ORIENTED_EDGE('',*,*,#3971,.F.);
#5677=ORIENTED_EDGE('',*,*,#3968,.T.);
#5678=ORIENTED_EDGE('',*,*,#3972,.F.);
#5679=ORIENTED_EDGE('',*,*,#3969,.T.);
#5680=ORIENTED_EDGE('',*,*,#3781,.F.);
#5681=ORIENTED_EDGE('',*,*,#3973,.F.);
#5682=ORIENTED_EDGE('',*,*,#3953,.T.);
#5683=ORIENTED_EDGE('',*,*,#3948,.T.);
#5684=ORIENTED_EDGE('',*,*,#3776,.T.);
#5685=ORIENTED_EDGE('',*,*,#3973,.T.);
#5686=ORIENTED_EDGE('',*,*,#3780,.T.);
#5687=ORIENTED_EDGE('',*,*,#3722,.T.);
#5688=ORIENTED_EDGE('',*,*,#3974,.T.);
#5689=ORIENTED_EDGE('',*,*,#3975,.T.);
#5690=ORIENTED_EDGE('',*,*,#3976,.T.);
#5691=ORIENTED_EDGE('',*,*,#3950,.T.);
#5692=ORIENTED_EDGE('',*,*,#3955,.T.);
#5693=ORIENTED_EDGE('',*,*,#3976,.F.);
#5694=ORIENTED_EDGE('',*,*,#3977,.T.);
#5695=ORIENTED_EDGE('',*,*,#3978,.T.);
#5696=ORIENTED_EDGE('',*,*,#3958,.T.);
#5697=ORIENTED_EDGE('',*,*,#3978,.F.);
#5698=ORIENTED_EDGE('',*,*,#3979,.T.);
#5699=ORIENTED_EDGE('',*,*,#3980,.T.);
#5700=ORIENTED_EDGE('',*,*,#3961,.T.);
#5701=ORIENTED_EDGE('',*,*,#3980,.F.);
#5702=ORIENTED_EDGE('',*,*,#3981,.T.);
#5703=ORIENTED_EDGE('',*,*,#3982,.T.);
#5704=ORIENTED_EDGE('',*,*,#3964,.T.);
#5705=ORIENTED_EDGE('',*,*,#3982,.F.);
#5706=ORIENTED_EDGE('',*,*,#3983,.T.);
#5707=ORIENTED_EDGE('',*,*,#3984,.T.);
#5708=ORIENTED_EDGE('',*,*,#3967,.T.);
#5709=ORIENTED_EDGE('',*,*,#3984,.F.);
#5710=ORIENTED_EDGE('',*,*,#3985,.F.);
#5711=ORIENTED_EDGE('',*,*,#3986,.T.);
#5712=ORIENTED_EDGE('',*,*,#3972,.T.);
#5713=ORIENTED_EDGE('',*,*,#3986,.F.);
#5714=ORIENTED_EDGE('',*,*,#3987,.T.);
#5715=ORIENTED_EDGE('',*,*,#3988,.F.);
#5716=ORIENTED_EDGE('',*,*,#3737,.T.);
#5717=ORIENTED_EDGE('',*,*,#3763,.T.);
#5718=ORIENTED_EDGE('',*,*,#3970,.T.);
#5719=ORIENTED_EDGE('',*,*,#3906,.F.);
#5720=ORIENTED_EDGE('',*,*,#3989,.F.);
#5721=ORIENTED_EDGE('',*,*,#3703,.F.);
#5722=ORIENTED_EDGE('',*,*,#3846,.T.);
#5723=ORIENTED_EDGE('',*,*,#3813,.F.);
#5724=ORIENTED_EDGE('',*,*,#3872,.T.);
#5725=ORIENTED_EDGE('',*,*,#3704,.F.);
#5726=ORIENTED_EDGE('',*,*,#3989,.T.);
#5727=ORIENTED_EDGE('',*,*,#3905,.F.);
#5728=ORIENTED_EDGE('',*,*,#3990,.F.);
#5729=ORIENTED_EDGE('',*,*,#3879,.F.);
#5730=ORIENTED_EDGE('',*,*,#3991,.F.);
#5731=ORIENTED_EDGE('',*,*,#3992,.F.);
#5732=ORIENTED_EDGE('',*,*,#3993,.F.);
#5733=ORIENTED_EDGE('',*,*,#3994,.F.);
#5734=ORIENTED_EDGE('',*,*,#3994,.T.);
#5735=ORIENTED_EDGE('',*,*,#3995,.T.);
#5736=ORIENTED_EDGE('',*,*,#3996,.T.);
#5737=ORIENTED_EDGE('',*,*,#3997,.T.);
#5738=ORIENTED_EDGE('',*,*,#3998,.T.);
#5739=ORIENTED_EDGE('',*,*,#3999,.F.);
#5740=ORIENTED_EDGE('',*,*,#3942,.F.);
#5741=ORIENTED_EDGE('',*,*,#4000,.F.);
#5742=ORIENTED_EDGE('',*,*,#4001,.F.);
#5743=ORIENTED_EDGE('',*,*,#4002,.T.);
#5744=ORIENTED_EDGE('',*,*,#4003,.F.);
#5745=ORIENTED_EDGE('',*,*,#4004,.F.);
#5746=ORIENTED_EDGE('',*,*,#4005,.F.);
#5747=ORIENTED_EDGE('',*,*,#4006,.F.);
#5748=ORIENTED_EDGE('',*,*,#4004,.T.);
#5749=ORIENTED_EDGE('',*,*,#4007,.F.);
#5750=ORIENTED_EDGE('',*,*,#4008,.T.);
#5751=ORIENTED_EDGE('',*,*,#4009,.F.);
#5752=ORIENTED_EDGE('',*,*,#4010,.F.);
#5753=ORIENTED_EDGE('',*,*,#4011,.F.);
#5754=ORIENTED_EDGE('',*,*,#4012,.F.);
#5755=ORIENTED_EDGE('',*,*,#4013,.F.);
#5756=ORIENTED_EDGE('',*,*,#4008,.F.);
#5757=ORIENTED_EDGE('',*,*,#4014,.F.);
#5758=ORIENTED_EDGE('',*,*,#4015,.F.);
#5759=ORIENTED_EDGE('',*,*,#4016,.F.);
#5760=ORIENTED_EDGE('',*,*,#4017,.F.);
#5761=ORIENTED_EDGE('',*,*,#4018,.F.);
#5762=ORIENTED_EDGE('',*,*,#4019,.T.);
#5763=ORIENTED_EDGE('',*,*,#4020,.F.);
#5764=ORIENTED_EDGE('',*,*,#3821,.F.);
#5765=ORIENTED_EDGE('',*,*,#4017,.T.);
#5766=ORIENTED_EDGE('',*,*,#4021,.F.);
#5767=ORIENTED_EDGE('',*,*,#4022,.F.);
#5768=ORIENTED_EDGE('',*,*,#4023,.F.);
#5769=ORIENTED_EDGE('',*,*,#4024,.F.);
#5770=ORIENTED_EDGE('',*,*,#4020,.T.);
#5771=ORIENTED_EDGE('',*,*,#4025,.F.);
#5772=ORIENTED_EDGE('',*,*,#4023,.T.);
#5773=ORIENTED_EDGE('',*,*,#4026,.F.);
#5774=ORIENTED_EDGE('',*,*,#4027,.F.);
#5775=ORIENTED_EDGE('',*,*,#4015,.T.);
#5776=ORIENTED_EDGE('',*,*,#4028,.F.);
#5777=ORIENTED_EDGE('',*,*,#4029,.T.);
#5778=ORIENTED_EDGE('',*,*,#4016,.T.);
#5779=ORIENTED_EDGE('',*,*,#4029,.F.);
#5780=ORIENTED_EDGE('',*,*,#4030,.T.);
#5781=ORIENTED_EDGE('',*,*,#4022,.T.);
#5782=ORIENTED_EDGE('',*,*,#4021,.T.);
#5783=ORIENTED_EDGE('',*,*,#4031,.T.);
#5784=ORIENTED_EDGE('',*,*,#3751,.F.);
#5785=ORIENTED_EDGE('',*,*,#4032,.T.);
#5786=ORIENTED_EDGE('',*,*,#4033,.T.);
#5787=ORIENTED_EDGE('',*,*,#4011,.T.);
#5788=ORIENTED_EDGE('',*,*,#4007,.T.);
#5789=ORIENTED_EDGE('',*,*,#4003,.T.);
#5790=ORIENTED_EDGE('',*,*,#4034,.T.);
#5791=ORIENTED_EDGE('',*,*,#4035,.F.);
#5792=ORIENTED_EDGE('',*,*,#4026,.T.);
#5793=ORIENTED_EDGE('',*,*,#4030,.F.);
#5794=ORIENTED_EDGE('',*,*,#4028,.T.);
#5795=ORIENTED_EDGE('',*,*,#4014,.T.);
#5796=ORIENTED_EDGE('',*,*,#4036,.F.);
#5797=ORIENTED_EDGE('',*,*,#4037,.F.);
#5798=ORIENTED_EDGE('',*,*,#3841,.F.);
#5799=ORIENTED_EDGE('',*,*,#4038,.F.);
#5800=ORIENTED_EDGE('',*,*,#4039,.F.);
#5801=ORIENTED_EDGE('',*,*,#4040,.F.);
#5802=ORIENTED_EDGE('',*,*,#4041,.F.);
#5803=ORIENTED_EDGE('',*,*,#3870,.F.);
#5804=ORIENTED_EDGE('',*,*,#4042,.F.);
#5805=ORIENTED_EDGE('',*,*,#4043,.F.);
#5806=ORIENTED_EDGE('',*,*,#4044,.F.);
#5807=ORIENTED_EDGE('',*,*,#4045,.F.);
#5808=ORIENTED_EDGE('',*,*,#4042,.T.);
#5809=ORIENTED_EDGE('',*,*,#3867,.F.);
#5810=ORIENTED_EDGE('',*,*,#3842,.F.);
#5811=ORIENTED_EDGE('',*,*,#4037,.T.);
#5812=ORIENTED_EDGE('',*,*,#4046,.F.);
#5813=ORIENTED_EDGE('',*,*,#4044,.T.);
#5814=ORIENTED_EDGE('',*,*,#4046,.T.);
#5815=ORIENTED_EDGE('',*,*,#4047,.F.);
#5816=ORIENTED_EDGE('',*,*,#4048,.T.);
#5817=ORIENTED_EDGE('',*,*,#4043,.T.);
#5818=ORIENTED_EDGE('',*,*,#4045,.T.);
#5819=ORIENTED_EDGE('',*,*,#4039,.T.);
#5820=ORIENTED_EDGE('',*,*,#4048,.F.);
#5821=ORIENTED_EDGE('',*,*,#4049,.T.);
#5822=ORIENTED_EDGE('',*,*,#4036,.T.);
#5823=ORIENTED_EDGE('',*,*,#4050,.T.);
#5824=ORIENTED_EDGE('',*,*,#4051,.F.);
#5825=ORIENTED_EDGE('',*,*,#3998,.F.);
#5826=ORIENTED_EDGE('',*,*,#4052,.F.);
#5827=ORIENTED_EDGE('',*,*,#3991,.T.);
#5828=ORIENTED_EDGE('',*,*,#3997,.F.);
#5829=ORIENTED_EDGE('',*,*,#4053,.T.);
#5830=ORIENTED_EDGE('',*,*,#3746,.T.);
#5831=ORIENTED_EDGE('',*,*,#4054,.F.);
#5832=ORIENTED_EDGE('',*,*,#4040,.T.);
#5833=ORIENTED_EDGE('',*,*,#4049,.F.);
#5834=ORIENTED_EDGE('',*,*,#4047,.T.);
#5835=ORIENTED_EDGE('',*,*,#3755,.F.);
#5836=ORIENTED_EDGE('',*,*,#3753,.T.);
#5837=ORIENTED_EDGE('',*,*,#4031,.F.);
#5838=ORIENTED_EDGE('',*,*,#4019,.F.);
#5839=ORIENTED_EDGE('',*,*,#4055,.T.);
#5840=ORIENTED_EDGE('',*,*,#3721,.T.);
#5841=ORIENTED_EDGE('',*,*,#3727,.T.);
#5842=ORIENTED_EDGE('',*,*,#3729,.T.);
#5843=ORIENTED_EDGE('',*,*,#3732,.T.);
#5844=ORIENTED_EDGE('',*,*,#3738,.T.);
#5845=ORIENTED_EDGE('',*,*,#4056,.T.);
#5846=ORIENTED_EDGE('',*,*,#4057,.F.);
#5847=ORIENTED_EDGE('',*,*,#4058,.F.);
#5848=ORIENTED_EDGE('',*,*,#4059,.F.);
#5849=ORIENTED_EDGE('',*,*,#4060,.F.);
#5850=ORIENTED_EDGE('',*,*,#4027,.T.);
#5851=ORIENTED_EDGE('',*,*,#4061,.F.);
#5852=ORIENTED_EDGE('',*,*,#4058,.T.);
#5853=ORIENTED_EDGE('',*,*,#4062,.F.);
#5854=ORIENTED_EDGE('',*,*,#4063,.F.);
#5855=ORIENTED_EDGE('',*,*,#4064,.F.);
#5856=ORIENTED_EDGE('',*,*,#4065,.F.);
#5857=ORIENTED_EDGE('',*,*,#4063,.T.);
#5858=ORIENTED_EDGE('',*,*,#4066,.F.);
#5859=ORIENTED_EDGE('',*,*,#4067,.F.);
#5860=ORIENTED_EDGE('',*,*,#4068,.F.);
#5861=ORIENTED_EDGE('',*,*,#4064,.T.);
#5862=ORIENTED_EDGE('',*,*,#4069,.F.);
#5863=ORIENTED_EDGE('',*,*,#4070,.F.);
#5864=ORIENTED_EDGE('',*,*,#4071,.F.);
#5865=ORIENTED_EDGE('',*,*,#4067,.T.);
#5866=ORIENTED_EDGE('',*,*,#4072,.F.);
#5867=ORIENTED_EDGE('',*,*,#4073,.F.);
#5868=ORIENTED_EDGE('',*,*,#4074,.F.);
#5869=ORIENTED_EDGE('',*,*,#3707,.F.);
#5870=ORIENTED_EDGE('',*,*,#4070,.T.);
#5871=ORIENTED_EDGE('',*,*,#3709,.F.);
#5872=ORIENTED_EDGE('',*,*,#4075,.F.);
#5873=ORIENTED_EDGE('',*,*,#4032,.F.);
#5874=ORIENTED_EDGE('',*,*,#3749,.F.);
#5875=ORIENTED_EDGE('',*,*,#3708,.F.);
#5876=ORIENTED_EDGE('',*,*,#4074,.T.);
#5877=ORIENTED_EDGE('',*,*,#4076,.F.);
#5878=ORIENTED_EDGE('',*,*,#4075,.T.);
#5879=ORIENTED_EDGE('',*,*,#4062,.T.);
#5880=ORIENTED_EDGE('',*,*,#4077,.T.);
#5881=ORIENTED_EDGE('',*,*,#4009,.T.);
#5882=ORIENTED_EDGE('',*,*,#4013,.T.);
#5883=ORIENTED_EDGE('',*,*,#4078,.T.);
#5884=ORIENTED_EDGE('',*,*,#4073,.T.);
#5885=ORIENTED_EDGE('',*,*,#4072,.T.);
#5886=ORIENTED_EDGE('',*,*,#4069,.T.);
#5887=ORIENTED_EDGE('',*,*,#4066,.T.);
#5888=ORIENTED_EDGE('',*,*,#4012,.T.);
#5889=ORIENTED_EDGE('',*,*,#4033,.F.);
#5890=ORIENTED_EDGE('',*,*,#4076,.T.);
#5891=ORIENTED_EDGE('',*,*,#4078,.F.);
#5892=ORIENTED_EDGE('',*,*,#4054,.T.);
#5893=ORIENTED_EDGE('',*,*,#3744,.T.);
#5894=ORIENTED_EDGE('',*,*,#3785,.F.);
#5895=ORIENTED_EDGE('',*,*,#3871,.F.);
#5896=ORIENTED_EDGE('',*,*,#4041,.T.);
#5897=ORIENTED_EDGE('',*,*,#3713,.F.);
#5898=ORIENTED_EDGE('',*,*,#3748,.T.);
#5899=ORIENTED_EDGE('',*,*,#4053,.F.);
#5900=ORIENTED_EDGE('',*,*,#4079,.F.);
#5901=ORIENTED_EDGE('',*,*,#3714,.F.);
#5902=ORIENTED_EDGE('',*,*,#4079,.T.);
#5903=ORIENTED_EDGE('',*,*,#3996,.F.);
#5904=ORIENTED_EDGE('',*,*,#4080,.F.);
#5905=ORIENTED_EDGE('',*,*,#4081,.F.);
#5906=ORIENTED_EDGE('',*,*,#4082,.F.);
#5907=ORIENTED_EDGE('',*,*,#3838,.F.);
#5908=ORIENTED_EDGE('',*,*,#4083,.F.);
#5909=ORIENTED_EDGE('',*,*,#3839,.F.);
#5910=ORIENTED_EDGE('',*,*,#4082,.T.);
#5911=ORIENTED_EDGE('',*,*,#4084,.F.);
#5912=ORIENTED_EDGE('',*,*,#4038,.T.);
#5913=ORIENTED_EDGE('',*,*,#3840,.T.);
#5914=ORIENTED_EDGE('',*,*,#4085,.F.);
#5915=ORIENTED_EDGE('',*,*,#4086,.F.);
#5916=ORIENTED_EDGE('',*,*,#4083,.T.);
#5917=ORIENTED_EDGE('',*,*,#4087,.F.);
#5918=ORIENTED_EDGE('',*,*,#4088,.F.);
#5919=ORIENTED_EDGE('',*,*,#4089,.F.);
#5920=ORIENTED_EDGE('',*,*,#4085,.T.);
#5921=ORIENTED_EDGE('',*,*,#4090,.F.);
#5922=ORIENTED_EDGE('',*,*,#4091,.F.);
#5923=ORIENTED_EDGE('',*,*,#4092,.F.);
#5924=ORIENTED_EDGE('',*,*,#4088,.T.);
#5925=ORIENTED_EDGE('',*,*,#3918,.F.);
#5926=ORIENTED_EDGE('',*,*,#3715,.F.);
#5927=ORIENTED_EDGE('',*,*,#4080,.T.);
#5928=ORIENTED_EDGE('',*,*,#4093,.F.);
#5929=ORIENTED_EDGE('',*,*,#4091,.T.);
#5930=ORIENTED_EDGE('',*,*,#4093,.T.);
#5931=ORIENTED_EDGE('',*,*,#3995,.F.);
#5932=ORIENTED_EDGE('',*,*,#3993,.T.);
#5933=ORIENTED_EDGE('',*,*,#4094,.F.);
#5934=ORIENTED_EDGE('',*,*,#4095,.F.);
#5935=ORIENTED_EDGE('',*,*,#4081,.T.);
#5936=ORIENTED_EDGE('',*,*,#4086,.T.);
#5937=ORIENTED_EDGE('',*,*,#4089,.T.);
#5938=ORIENTED_EDGE('',*,*,#4092,.T.);
#5939=ORIENTED_EDGE('',*,*,#4084,.T.);
#5940=ORIENTED_EDGE('',*,*,#4095,.T.);
#5941=ORIENTED_EDGE('',*,*,#4096,.F.);
#5942=ORIENTED_EDGE('',*,*,#4000,.T.);
#5943=ORIENTED_EDGE('',*,*,#3941,.F.);
#5944=ORIENTED_EDGE('',*,*,#4097,.F.);
#5945=ORIENTED_EDGE('',*,*,#3944,.F.);
#5946=ORIENTED_EDGE('',*,*,#3943,.F.);
#5947=ORIENTED_EDGE('',*,*,#3999,.T.);
#5948=ORIENTED_EDGE('',*,*,#4051,.T.);
#5949=ORIENTED_EDGE('',*,*,#4050,.F.);
#5950=ORIENTED_EDGE('',*,*,#3988,.T.);
#5951=ORIENTED_EDGE('',*,*,#4098,.F.);
#5952=ORIENTED_EDGE('',*,*,#3974,.F.);
#5953=ORIENTED_EDGE('',*,*,#4056,.F.);
#5954=ORIENTED_EDGE('',*,*,#4098,.T.);
#5955=ORIENTED_EDGE('',*,*,#3987,.F.);
#5956=ORIENTED_EDGE('',*,*,#3985,.T.);
#5957=ORIENTED_EDGE('',*,*,#3983,.F.);
#5958=ORIENTED_EDGE('',*,*,#3981,.F.);
#5959=ORIENTED_EDGE('',*,*,#3979,.F.);
#5960=ORIENTED_EDGE('',*,*,#3977,.F.);
#5961=ORIENTED_EDGE('',*,*,#3975,.F.);
#5962=ORIENTED_EDGE('',*,*,#3772,.T.);
#5963=ORIENTED_EDGE('',*,*,#3777,.T.);
#5964=ORIENTED_EDGE('',*,*,#3947,.T.);
#5965=ORIENTED_EDGE('',*,*,#3850,.T.);
#5966=ORIENTED_EDGE('',*,*,#3798,.F.);
#5967=ORIENTED_EDGE('',*,*,#3849,.T.);
#5968=ORIENTED_EDGE('',*,*,#3803,.T.);
#5969=ORIENTED_EDGE('',*,*,#3801,.T.);
#5970=ORIENTED_EDGE('',*,*,#3952,.T.);
#5971=ORIENTED_EDGE('',*,*,#3954,.T.);
#5972=ORIENTED_EDGE('',*,*,#3957,.T.);
#5973=ORIENTED_EDGE('',*,*,#3960,.T.);
#5974=ORIENTED_EDGE('',*,*,#3963,.T.);
#5975=ORIENTED_EDGE('',*,*,#3966,.T.);
#5976=ORIENTED_EDGE('',*,*,#3971,.T.);
#5977=ORIENTED_EDGE('',*,*,#3949,.T.);
#5978=ORIENTED_EDGE('',*,*,#3877,.T.);
#5979=ORIENTED_EDGE('',*,*,#4099,.T.);
#5980=ORIENTED_EDGE('',*,*,#4071,.T.);
#5981=ORIENTED_EDGE('',*,*,#3706,.T.);
#5982=ORIENTED_EDGE('',*,*,#3889,.T.);
#5983=ORIENTED_EDGE('',*,*,#4100,.F.);
#5984=ORIENTED_EDGE('',*,*,#4068,.T.);
#5985=ORIENTED_EDGE('',*,*,#4099,.F.);
#5986=ORIENTED_EDGE('',*,*,#3808,.T.);
#5987=ORIENTED_EDGE('',*,*,#3822,.F.);
#5988=ORIENTED_EDGE('',*,*,#4024,.T.);
#5989=ORIENTED_EDGE('',*,*,#4025,.T.);
#5990=ORIENTED_EDGE('',*,*,#4060,.T.);
#5991=ORIENTED_EDGE('',*,*,#4059,.T.);
#5992=ORIENTED_EDGE('',*,*,#4061,.T.);
#5993=ORIENTED_EDGE('',*,*,#4101,.F.);
#5994=ORIENTED_EDGE('',*,*,#3893,.T.);
#5995=ORIENTED_EDGE('',*,*,#3895,.T.);
#5996=ORIENTED_EDGE('',*,*,#3898,.T.);
#5997=ORIENTED_EDGE('',*,*,#3899,.T.);
#5998=ORIENTED_EDGE('',*,*,#3891,.T.);
#5999=ORIENTED_EDGE('',*,*,#4101,.T.);
#6000=ORIENTED_EDGE('',*,*,#4065,.T.);
#6001=ORIENTED_EDGE('',*,*,#4100,.T.);
#6002=ORIENTED_EDGE('',*,*,#3856,.T.);
#6003=ORIENTED_EDGE('',*,*,#3756,.F.);
#6004=ORIENTED_EDGE('',*,*,#4055,.F.);
#6005=ORIENTED_EDGE('',*,*,#4018,.T.);
#6006=ORIENTED_EDGE('',*,*,#3820,.F.);
#6007=ORIENTED_EDGE('',*,*,#3881,.F.);
#6008=ORIENTED_EDGE('',*,*,#4102,.F.);
#6009=ORIENTED_EDGE('',*,*,#4103,.F.);
#6010=ORIENTED_EDGE('',*,*,#4104,.F.);
#6011=ORIENTED_EDGE('',*,*,#3903,.F.);
#6012=ORIENTED_EDGE('',*,*,#3901,.F.);
#6013=ORIENTED_EDGE('',*,*,#4057,.T.);
#6014=ORIENTED_EDGE('',*,*,#4035,.T.);
#6015=ORIENTED_EDGE('',*,*,#4034,.F.);
#6016=ORIENTED_EDGE('',*,*,#4002,.F.);
#6017=ORIENTED_EDGE('',*,*,#4105,.F.);
#6018=ORIENTED_EDGE('',*,*,#4106,.T.);
#6019=ORIENTED_EDGE('',*,*,#4103,.T.);
#6020=ORIENTED_EDGE('',*,*,#4107,.T.);
#6021=ORIENTED_EDGE('',*,*,#4005,.T.);
#6022=ORIENTED_EDGE('',*,*,#4010,.T.);
#6023=ORIENTED_EDGE('',*,*,#4077,.F.);
#6024=ORIENTED_EDGE('',*,*,#3990,.T.);
#6025=ORIENTED_EDGE('',*,*,#3904,.F.);
#6026=ORIENTED_EDGE('',*,*,#4104,.T.);
#6027=ORIENTED_EDGE('',*,*,#4106,.F.);
#6028=ORIENTED_EDGE('',*,*,#4105,.T.);
#6029=ORIENTED_EDGE('',*,*,#4006,.T.);
#6030=ORIENTED_EDGE('',*,*,#4107,.F.);
#6031=ORIENTED_EDGE('',*,*,#4102,.T.);
#6032=ORIENTED_EDGE('',*,*,#3880,.F.);
#6033=ORIENTED_EDGE('',*,*,#3920,.T.);
#6034=ORIENTED_EDGE('',*,*,#3919,.T.);
#6035=ORIENTED_EDGE('',*,*,#4090,.T.);
#6036=ORIENTED_EDGE('',*,*,#4108,.T.);
#6037=ORIENTED_EDGE('',*,*,#3860,.T.);
#6038=ORIENTED_EDGE('',*,*,#3864,.T.);
#6039=ORIENTED_EDGE('',*,*,#3865,.T.);
#6040=ORIENTED_EDGE('',*,*,#3790,.T.);
#6041=ORIENTED_EDGE('',*,*,#4109,.F.);
#6042=ORIENTED_EDGE('',*,*,#3927,.T.);
#6043=ORIENTED_EDGE('',*,*,#4108,.F.);
#6044=ORIENTED_EDGE('',*,*,#4087,.T.);
#6045=ORIENTED_EDGE('',*,*,#3837,.F.);
#6046=ORIENTED_EDGE('',*,*,#3824,.T.);
#6047=ORIENTED_EDGE('',*,*,#3869,.F.);
#6048=ORIENTED_EDGE('',*,*,#3861,.T.);
#6049=ORIENTED_EDGE('',*,*,#3858,.T.);
#6050=ORIENTED_EDGE('',*,*,#4109,.T.);
#6051=ORIENTED_EDGE('',*,*,#3789,.F.);
#6052=ORIENTED_EDGE('',*,*,#3828,.T.);
#6053=ORIENTED_EDGE('',*,*,#3938,.T.);
#6054=ORIENTED_EDGE('',*,*,#3935,.T.);
#6055=ORIENTED_EDGE('',*,*,#3933,.T.);
#6056=ORIENTED_EDGE('',*,*,#3945,.T.);
#6057=ORIENTED_EDGE('',*,*,#4097,.T.);
#6058=ORIENTED_EDGE('',*,*,#3940,.T.);
#6059=ORIENTED_EDGE('',*,*,#3992,.T.);
#6060=ORIENTED_EDGE('',*,*,#4052,.T.);
#6061=ORIENTED_EDGE('',*,*,#4001,.T.);
#6062=ORIENTED_EDGE('',*,*,#4096,.T.);
#6063=ORIENTED_EDGE('',*,*,#4094,.T.);
#6064=PLANE('',#6618);
#6065=PLANE('',#6619);
#6066=PLANE('',#6620);
#6067=PLANE('',#6621);
#6068=PLANE('',#6622);
#6069=PLANE('',#6623);
#6070=PLANE('',#6624);
#6071=PLANE('',#6625);
#6072=PLANE('',#6626);
#6073=PLANE('',#6627);
#6074=PLANE('',#6628);
#6075=PLANE('',#6629);
#6076=PLANE('',#6630);
#6077=PLANE('',#6631);
#6078=PLANE('',#6632);
#6079=PLANE('',#6633);
#6080=PLANE('',#6634);
#6081=PLANE('',#6635);
#6082=PLANE('',#6636);
#6083=PLANE('',#6637);
#6084=PLANE('',#6638);
#6085=PLANE('',#6639);
#6086=PLANE('',#6640);
#6087=PLANE('',#6641);
#6088=PLANE('',#6642);
#6089=PLANE('',#6643);
#6090=PLANE('',#6644);
#6091=PLANE('',#6645);
#6092=PLANE('',#6646);
#6093=PLANE('',#6647);
#6094=PLANE('',#6648);
#6095=PLANE('',#6652);
#6096=PLANE('',#6653);
#6097=PLANE('',#6654);
#6098=PLANE('',#6655);
#6099=PLANE('',#6656);
#6100=PLANE('',#6657);
#6101=PLANE('',#6658);
#6102=PLANE('',#6659);
#6103=PLANE('',#6660);
#6104=PLANE('',#6661);
#6105=PLANE('',#6662);
#6106=PLANE('',#6663);
#6107=PLANE('',#6664);
#6108=PLANE('',#6665);
#6109=PLANE('',#6666);
#6110=PLANE('',#6667);
#6111=PLANE('',#6668);
#6112=PLANE('',#6669);
#6113=PLANE('',#6670);
#6114=PLANE('',#6671);
#6115=PLANE('',#6680);
#6116=PLANE('',#6711);
#6117=PLANE('',#6716);
#6118=PLANE('',#6719);
#6119=PLANE('',#6730);
#6120=PLANE('',#6747);
#6121=PLANE('',#6750);
#6122=PLANE('',#6751);
#6123=PLANE('',#6759);
#6124=PLANE('',#6760);
#6125=PLANE('',#6768);
#6126=PLANE('',#6775);
#6127=PLANE('',#6787);
#6128=PLANE('',#6795);
#6129=PLANE('',#6804);
#6130=PLANE('',#6823);
#6131=PLANE('',#6824);
#6132=PLANE('',#6852);
#6133=PLANE('',#6854);
#6134=PLANE('',#6855);
#6135=PLANE('',#6856);
#6136=PLANE('',#6857);
#6137=PLANE('',#6858);
#6138=PLANE('',#6859);
#6139=PLANE('',#6874);
#6140=PLANE('',#6887);
#6141=PLANE('',#6888);
#6142=PLANE('',#6889);
#6143=PLANE('',#6899);
#6144=PLANE('',#6900);
#6145=PLANE('',#6901);
#6146=PLANE('',#6904);
#6147=PLANE('',#6921);
#6148=PLANE('',#6938);
#6149=PLANE('',#6940);
#6150=PLANE('',#6941);
#6151=PLANE('',#6942);
#6152=PLANE('',#6944);
#6153=PLANE('',#6945);
#6154=PLANE('',#6947);
#6155=PLANE('',#6948);
#6156=PLANE('',#6952);
#6157=PLANE('',#6953);
#6158=PLANE('',#6955);
#6159=PLANE('',#6956);
#6160=PLANE('',#6957);
#6161=PLANE('',#6966);
#6162=PLANE('',#6997);
#6163=PLANE('',#7002);
#6164=PLANE('',#7005);
#6165=PLANE('',#7016);
#6166=PLANE('',#7033);
#6167=PLANE('',#7036);
#6168=PLANE('',#7037);
#6169=PLANE('',#7045);
#6170=PLANE('',#7046);
#6171=PLANE('',#7054);
#6172=PLANE('',#7061);
#6173=PLANE('',#7073);
#6174=PLANE('',#7081);
#6175=PLANE('',#7090);
#6176=PLANE('',#7109);
#6177=PLANE('',#7110);
#6178=PLANE('',#7138);
#6179=PLANE('',#7140);
#6180=PLANE('',#7141);
#6181=PLANE('',#7142);
#6182=PLANE('',#7143);
#6183=PLANE('',#7144);
#6184=PLANE('',#7145);
#6185=PLANE('',#7160);
#6186=PLANE('',#7173);
#6187=PLANE('',#7174);
#6188=PLANE('',#7175);
#6189=PLANE('',#7185);
#6190=PLANE('',#7186);
#6191=PLANE('',#7187);
#6192=PLANE('',#7190);
#6193=PLANE('',#7207);
#6194=PLANE('',#7224);
#6195=PLANE('',#7226);
#6196=PLANE('',#7227);
#6197=PLANE('',#7228);
#6198=PLANE('',#7230);
#6199=PLANE('',#7231);
#6200=PLANE('',#7233);
#6201=PLANE('',#7234);
#6202=PLANE('',#7238);
#6203=PLANE('',#7239);
#6204=PLANE('',#7241);
#6205=PLANE('',#7242);
#6206=PLANE('',#7243);
#6207=ADVANCED_FACE('',(#716),#6064,.T.);
#6208=ADVANCED_FACE('',(#717),#6065,.F.);
#6209=ADVANCED_FACE('',(#718),#6066,.F.);
#6210=ADVANCED_FACE('',(#719),#6067,.F.);
#6211=ADVANCED_FACE('',(#720),#6068,.F.);
#6212=ADVANCED_FACE('',(#721),#6069,.F.);
#6213=ADVANCED_FACE('',(#722),#6070,.F.);
#6214=ADVANCED_FACE('',(#723),#6071,.F.);
#6215=ADVANCED_FACE('',(#724),#6072,.T.);
#6216=ADVANCED_FACE('',(#725),#6073,.T.);
#6217=ADVANCED_FACE('',(#726),#6074,.T.);
#6218=ADVANCED_FACE('',(#727),#6075,.F.);
#6219=ADVANCED_FACE('',(#728),#6076,.T.);
#6220=ADVANCED_FACE('',(#729),#6077,.T.);
#6221=ADVANCED_FACE('',(#730),#6078,.T.);
#6222=ADVANCED_FACE('',(#731),#6079,.T.);
#6223=ADVANCED_FACE('',(#732),#6080,.T.);
#6224=ADVANCED_FACE('',(#733),#6081,.F.);
#6225=ADVANCED_FACE('',(#734),#6082,.F.);
#6226=ADVANCED_FACE('',(#735),#6083,.T.);
#6227=ADVANCED_FACE('',(#736),#6084,.T.);
#6228=ADVANCED_FACE('',(#737),#6085,.T.);
#6229=ADVANCED_FACE('',(#738),#6086,.T.);
#6230=ADVANCED_FACE('',(#739),#6087,.T.);
#6231=ADVANCED_FACE('',(#740),#6088,.T.);
#6232=ADVANCED_FACE('',(#741),#6089,.T.);
#6233=ADVANCED_FACE('',(#742,#713),#6090,.T.);
#6234=ADVANCED_FACE('',(#743),#6091,.F.);
#6235=ADVANCED_FACE('',(#744),#6092,.F.);
#6236=ADVANCED_FACE('',(#745),#6093,.T.);
#6237=ADVANCED_FACE('',(#746),#6094,.T.);
#6238=ADVANCED_FACE('',(#747),#568,.F.);
#6239=ADVANCED_FACE('',(#748),#6095,.F.);
#6240=ADVANCED_FACE('',(#749),#6096,.F.);
#6241=ADVANCED_FACE('',(#750),#6097,.F.);
#6242=ADVANCED_FACE('',(#751),#6098,.F.);
#6243=ADVANCED_FACE('',(#752,#714),#6099,.F.);
#6244=ADVANCED_FACE('',(#753),#6100,.T.);
#6245=ADVANCED_FACE('',(#754),#6101,.T.);
#6246=ADVANCED_FACE('',(#755),#6102,.T.);
#6247=ADVANCED_FACE('',(#756,#715),#6103,.F.);
#6248=ADVANCED_FACE('',(#757),#6104,.T.);
#6249=ADVANCED_FACE('',(#758),#6105,.T.);
#6250=ADVANCED_FACE('',(#759),#6106,.F.);
#6251=ADVANCED_FACE('',(#760),#6107,.F.);
#6252=ADVANCED_FACE('',(#761),#6108,.F.);
#6253=ADVANCED_FACE('',(#762),#6109,.F.);
#6254=ADVANCED_FACE('',(#763),#6110,.T.);
#6255=ADVANCED_FACE('',(#764),#6111,.T.);
#6256=ADVANCED_FACE('',(#765),#6112,.T.);
#6257=ADVANCED_FACE('',(#766),#6113,.T.);
#6258=ADVANCED_FACE('',(#767),#6114,.T.);
#6259=ADVANCED_FACE('',(#768),#569,.T.);
#6260=ADVANCED_FACE('',(#769),#227,.T.);
#6261=ADVANCED_FACE('',(#770),#6115,.T.);
#6262=ADVANCED_FACE('',(#771),#570,.T.);
#6263=ADVANCED_FACE('',(#772),#571,.T.);
#6264=ADVANCED_FACE('',(#773),#572,.T.);
#6265=ADVANCED_FACE('',(#774),#573,.T.);
#6266=ADVANCED_FACE('',(#775),#574,.T.);
#6267=ADVANCED_FACE('',(#776),#219,.T.);
#6268=ADVANCED_FACE('',(#777),#220,.T.);
#6269=ADVANCED_FACE('',(#778),#221,.T.);
#6270=ADVANCED_FACE('',(#779),#222,.T.);
#6271=ADVANCED_FACE('',(#780),#575,.T.);
#6272=ADVANCED_FACE('',(#781),#6116,.T.);
#6273=ADVANCED_FACE('',(#782),#576,.T.);
#6274=ADVANCED_FACE('',(#783),#577,.T.);
#6275=ADVANCED_FACE('',(#784),#6117,.T.);
#6276=ADVANCED_FACE('',(#785),#578,.T.);
#6277=ADVANCED_FACE('',(#786),#6118,.F.);
#6278=ADVANCED_FACE('',(#787),#579,.T.);
#6279=ADVANCED_FACE('',(#788),#228,.T.);
#6280=ADVANCED_FACE('',(#789),#580,.T.);
#6281=ADVANCED_FACE('',(#790),#581,.T.);
#6282=ADVANCED_FACE('',(#791),#6119,.F.);
#6283=ADVANCED_FACE('',(#792),#582,.T.);
#6284=ADVANCED_FACE('',(#793),#583,.T.);
#6285=ADVANCED_FACE('',(#794),#584,.T.);
#6286=ADVANCED_FACE('',(#795),#229,.T.);
#6287=ADVANCED_FACE('',(#796),#585,.F.);
#6288=ADVANCED_FACE('',(#797),#586,.T.);
#6289=ADVANCED_FACE('',(#798),#6120,.F.);
#6290=ADVANCED_FACE('',(#799),#587,.T.);
#6291=ADVANCED_FACE('',(#800),#6121,.T.);
#6292=ADVANCED_FACE('',(#801),#6122,.T.);
#6293=ADVANCED_FACE('',(#802),#588,.T.);
#6294=ADVANCED_FACE('',(#803),#589,.T.);
#6295=ADVANCED_FACE('',(#804),#6123,.F.);
#6296=ADVANCED_FACE('',(#805),#31,.F.);
#6297=ADVANCED_FACE('',(#806),#6124,.T.);
#6298=ADVANCED_FACE('',(#807),#230,.T.);
#6299=ADVANCED_FACE('',(#808),#590,.T.);
#6300=ADVANCED_FACE('',(#809),#591,.F.);
#6301=ADVANCED_FACE('',(#810),#592,.T.);
#6302=ADVANCED_FACE('',(#811),#6125,.T.);
#6303=ADVANCED_FACE('',(#812),#593,.T.);
#6304=ADVANCED_FACE('',(#813),#231,.T.);
#6305=ADVANCED_FACE('',(#814),#594,.T.);
#6306=ADVANCED_FACE('',(#815),#6126,.F.);
#6307=ADVANCED_FACE('',(#816),#595,.T.);
#6308=ADVANCED_FACE('',(#817),#232,.T.);
#6309=ADVANCED_FACE('',(#818),#596,.T.);
#6310=ADVANCED_FACE('',(#819),#597,.T.);
#6311=ADVANCED_FACE('',(#820),#6127,.T.);
#6312=ADVANCED_FACE('',(#821),#598,.T.);
#6313=ADVANCED_FACE('',(#822),#233,.T.);
#6314=ADVANCED_FACE('',(#823),#32,.T.);
#6315=ADVANCED_FACE('',(#824),#6128,.T.);
#6316=ADVANCED_FACE('',(#825),#599,.T.);
#6317=ADVANCED_FACE('',(#826),#234,.T.);
#6318=ADVANCED_FACE('',(#827),#600,.T.);
#6319=ADVANCED_FACE('',(#828),#33,.F.);
#6320=ADVANCED_FACE('',(#829),#601,.T.);
#6321=ADVANCED_FACE('',(#830),#34,.F.);
#6322=ADVANCED_FACE('',(#831),#6129,.T.);
#6323=ADVANCED_FACE('',(#832),#35,.T.);
#6324=ADVANCED_FACE('',(#833),#602,.T.);
#6325=ADVANCED_FACE('',(#834),#235,.T.);
#6326=ADVANCED_FACE('',(#835),#236,.T.);
#6327=ADVANCED_FACE('',(#836),#603,.T.);
#6328=ADVANCED_FACE('',(#837),#604,.T.);
#6329=ADVANCED_FACE('',(#838),#605,.T.);
#6330=ADVANCED_FACE('',(#839),#36,.F.);
#6331=ADVANCED_FACE('',(#840),#237,.T.);
#6332=ADVANCED_FACE('',(#841),#606,.T.);
#6333=ADVANCED_FACE('',(#842),#37,.F.);
#6334=ADVANCED_FACE('',(#843),#6130,.F.);
#6335=ADVANCED_FACE('',(#844),#38,.F.);
#6336=ADVANCED_FACE('',(#845),#6131,.F.);
#6337=ADVANCED_FACE('',(#846),#607,.F.);
#6338=ADVANCED_FACE('',(#847),#608,.T.);
#6339=ADVANCED_FACE('',(#848),#609,.T.);
#6340=ADVANCED_FACE('',(#849),#610,.T.);
#6341=ADVANCED_FACE('',(#850),#611,.T.);
#6342=ADVANCED_FACE('',(#851),#612,.T.);
#6343=ADVANCED_FACE('',(#852),#613,.T.);
#6344=ADVANCED_FACE('',(#853),#614,.T.);
#6345=ADVANCED_FACE('',(#854),#615,.T.);
#6346=ADVANCED_FACE('',(#855),#238,.T.);
#6347=ADVANCED_FACE('',(#856),#616,.T.);
#6348=ADVANCED_FACE('',(#857),#239,.T.);
#6349=ADVANCED_FACE('',(#858),#6132,.T.);
#6350=ADVANCED_FACE('',(#859),#6133,.T.);
#6351=ADVANCED_FACE('',(#860),#6134,.T.);
#6352=ADVANCED_FACE('',(#861),#6135,.T.);
#6353=ADVANCED_FACE('',(#862),#6136,.T.);
#6354=ADVANCED_FACE('',(#863),#6137,.T.);
#6355=ADVANCED_FACE('',(#864),#6138,.T.);
#6356=ADVANCED_FACE('',(#865),#617,.T.);
#6357=ADVANCED_FACE('',(#866),#240,.T.);
#6358=ADVANCED_FACE('',(#867),#241,.T.);
#6359=ADVANCED_FACE('',(#868),#618,.T.);
#6360=ADVANCED_FACE('',(#869),#242,.T.);
#6361=ADVANCED_FACE('',(#870),#243,.T.);
#6362=ADVANCED_FACE('',(#871),#6139,.T.);
#6363=ADVANCED_FACE('',(#872),#244,.T.);
#6364=ADVANCED_FACE('',(#873),#619,.T.);
#6365=ADVANCED_FACE('',(#874),#245,.T.);
#6366=ADVANCED_FACE('',(#875),#620,.T.);
#6367=ADVANCED_FACE('',(#876),#621,.T.);
#6368=ADVANCED_FACE('',(#877),#6140,.F.);
#6369=ADVANCED_FACE('',(#878),#6141,.F.);
#6370=ADVANCED_FACE('',(#879),#6142,.T.);
#6371=ADVANCED_FACE('',(#880),#622,.T.);
#6372=ADVANCED_FACE('',(#881),#623,.T.);
#6373=ADVANCED_FACE('',(#882),#246,.T.);
#6374=ADVANCED_FACE('',(#883),#624,.T.);
#6375=ADVANCED_FACE('',(#884),#6143,.T.);
#6376=ADVANCED_FACE('',(#885),#6144,.T.);
#6377=ADVANCED_FACE('',(#886),#6145,.F.);
#6378=ADVANCED_FACE('',(#887),#625,.T.);
#6379=ADVANCED_FACE('',(#888),#6146,.T.);
#6380=ADVANCED_FACE('',(#889),#39,.F.);
#6381=ADVANCED_FACE('',(#890),#626,.T.);
#6382=ADVANCED_FACE('',(#891),#247,.T.);
#6383=ADVANCED_FACE('',(#892),#627,.T.);
#6384=ADVANCED_FACE('',(#893),#248,.T.);
#6385=ADVANCED_FACE('',(#894),#628,.T.);
#6386=ADVANCED_FACE('',(#895),#629,.T.);
#6387=ADVANCED_FACE('',(#896),#249,.T.);
#6388=ADVANCED_FACE('',(#897),#6147,.T.);
#6389=ADVANCED_FACE('',(#898),#630,.T.);
#6390=ADVANCED_FACE('',(#899),#631,.T.);
#6391=ADVANCED_FACE('',(#900),#632,.T.);
#6392=ADVANCED_FACE('',(#901),#250,.T.);
#6393=ADVANCED_FACE('',(#902),#633,.T.);
#6394=ADVANCED_FACE('',(#903),#40,.F.);
#6395=ADVANCED_FACE('',(#904),#251,.T.);
#6396=ADVANCED_FACE('',(#905),#634,.T.);
#6397=ADVANCED_FACE('',(#906),#252,.T.);
#6398=ADVANCED_FACE('',(#907),#635,.T.);
#6399=ADVANCED_FACE('',(#908),#6148,.F.);
#6400=ADVANCED_FACE('',(#909),#27,.F.);
#6401=ADVANCED_FACE('',(#910),#636,.F.);
#6402=ADVANCED_FACE('',(#911),#6149,.F.);
#6403=ADVANCED_FACE('',(#912),#6150,.T.);
#6404=ADVANCED_FACE('',(#913),#6151,.T.);
#6405=ADVANCED_FACE('',(#914),#637,.T.);
#6406=ADVANCED_FACE('',(#915),#6152,.T.);
#6407=ADVANCED_FACE('',(#916),#6153,.F.);
#6408=ADVANCED_FACE('',(#917),#638,.T.);
#6409=ADVANCED_FACE('',(#918),#6154,.F.);
#6410=ADVANCED_FACE('',(#919),#6155,.F.);
#6411=ADVANCED_FACE('',(#920),#28,.T.);
#6412=ADVANCED_FACE('',(#921),#639,.F.);
#6413=ADVANCED_FACE('',(#922),#6156,.F.);
#6414=ADVANCED_FACE('',(#923),#6157,.T.);
#6415=ADVANCED_FACE('',(#924),#640,.T.);
#6416=ADVANCED_FACE('',(#925),#6158,.F.);
#6417=ADVANCED_FACE('',(#926),#6159,.T.);
#6418=ADVANCED_FACE('',(#927),#6160,.F.);
#6419=ADVANCED_FACE('',(#928),#641,.T.);
#6420=ADVANCED_FACE('',(#929),#253,.T.);
#6421=ADVANCED_FACE('',(#930),#6161,.F.);
#6422=ADVANCED_FACE('',(#931),#642,.T.);
#6423=ADVANCED_FACE('',(#932),#643,.T.);
#6424=ADVANCED_FACE('',(#933),#644,.T.);
#6425=ADVANCED_FACE('',(#934),#645,.T.);
#6426=ADVANCED_FACE('',(#935),#646,.T.);
#6427=ADVANCED_FACE('',(#936),#223,.T.);
#6428=ADVANCED_FACE('',(#937),#224,.T.);
#6429=ADVANCED_FACE('',(#938),#225,.T.);
#6430=ADVANCED_FACE('',(#939),#226,.T.);
#6431=ADVANCED_FACE('',(#940),#647,.T.);
#6432=ADVANCED_FACE('',(#941),#6162,.F.);
#6433=ADVANCED_FACE('',(#942),#648,.T.);
#6434=ADVANCED_FACE('',(#943),#649,.T.);
#6435=ADVANCED_FACE('',(#944),#6163,.F.);
#6436=ADVANCED_FACE('',(#945),#650,.T.);
#6437=ADVANCED_FACE('',(#946),#6164,.T.);
#6438=ADVANCED_FACE('',(#947),#651,.T.);
#6439=ADVANCED_FACE('',(#948),#254,.T.);
#6440=ADVANCED_FACE('',(#949),#652,.T.);
#6441=ADVANCED_FACE('',(#950),#653,.T.);
#6442=ADVANCED_FACE('',(#951),#6165,.T.);
#6443=ADVANCED_FACE('',(#952),#654,.T.);
#6444=ADVANCED_FACE('',(#953),#655,.T.);
#6445=ADVANCED_FACE('',(#954),#656,.T.);
#6446=ADVANCED_FACE('',(#955),#255,.T.);
#6447=ADVANCED_FACE('',(#956),#657,.F.);
#6448=ADVANCED_FACE('',(#957),#658,.T.);
#6449=ADVANCED_FACE('',(#958),#6166,.T.);
#6450=ADVANCED_FACE('',(#959),#659,.T.);
#6451=ADVANCED_FACE('',(#960),#6167,.F.);
#6452=ADVANCED_FACE('',(#961),#6168,.F.);
#6453=ADVANCED_FACE('',(#962),#660,.T.);
#6454=ADVANCED_FACE('',(#963),#661,.T.);
#6455=ADVANCED_FACE('',(#964),#6169,.T.);
#6456=ADVANCED_FACE('',(#965),#41,.T.);
#6457=ADVANCED_FACE('',(#966),#6170,.F.);
#6458=ADVANCED_FACE('',(#967),#256,.T.);
#6459=ADVANCED_FACE('',(#968),#662,.T.);
#6460=ADVANCED_FACE('',(#969),#663,.F.);
#6461=ADVANCED_FACE('',(#970),#664,.T.);
#6462=ADVANCED_FACE('',(#971),#6171,.F.);
#6463=ADVANCED_FACE('',(#972),#665,.T.);
#6464=ADVANCED_FACE('',(#973),#257,.T.);
#6465=ADVANCED_FACE('',(#974),#666,.T.);
#6466=ADVANCED_FACE('',(#975),#6172,.T.);
#6467=ADVANCED_FACE('',(#976),#667,.T.);
#6468=ADVANCED_FACE('',(#977),#258,.T.);
#6469=ADVANCED_FACE('',(#978),#668,.T.);
#6470=ADVANCED_FACE('',(#979),#669,.T.);
#6471=ADVANCED_FACE('',(#980),#6173,.F.);
#6472=ADVANCED_FACE('',(#981),#670,.T.);
#6473=ADVANCED_FACE('',(#982),#259,.T.);
#6474=ADVANCED_FACE('',(#983),#42,.F.);
#6475=ADVANCED_FACE('',(#984),#6174,.F.);
#6476=ADVANCED_FACE('',(#985),#671,.T.);
#6477=ADVANCED_FACE('',(#986),#260,.T.);
#6478=ADVANCED_FACE('',(#987),#672,.T.);
#6479=ADVANCED_FACE('',(#988),#43,.T.);
#6480=ADVANCED_FACE('',(#989),#673,.T.);
#6481=ADVANCED_FACE('',(#990),#44,.T.);
#6482=ADVANCED_FACE('',(#991),#6175,.F.);
#6483=ADVANCED_FACE('',(#992),#45,.F.);
#6484=ADVANCED_FACE('',(#993),#674,.T.);
#6485=ADVANCED_FACE('',(#994),#261,.T.);
#6486=ADVANCED_FACE('',(#995),#262,.T.);
#6487=ADVANCED_FACE('',(#996),#675,.T.);
#6488=ADVANCED_FACE('',(#997),#676,.T.);
#6489=ADVANCED_FACE('',(#998),#677,.T.);
#6490=ADVANCED_FACE('',(#999),#46,.T.);
#6491=ADVANCED_FACE('',(#1000),#263,.T.);
#6492=ADVANCED_FACE('',(#1001),#678,.T.);
#6493=ADVANCED_FACE('',(#1002),#47,.T.);
#6494=ADVANCED_FACE('',(#1003),#6176,.T.);
#6495=ADVANCED_FACE('',(#1004),#48,.T.);
#6496=ADVANCED_FACE('',(#1005),#6177,.T.);
#6497=ADVANCED_FACE('',(#1006),#679,.F.);
#6498=ADVANCED_FACE('',(#1007),#680,.T.);
#6499=ADVANCED_FACE('',(#1008),#681,.T.);
#6500=ADVANCED_FACE('',(#1009),#682,.T.);
#6501=ADVANCED_FACE('',(#1010),#683,.T.);
#6502=ADVANCED_FACE('',(#1011),#684,.T.);
#6503=ADVANCED_FACE('',(#1012),#685,.T.);
#6504=ADVANCED_FACE('',(#1013),#686,.T.);
#6505=ADVANCED_FACE('',(#1014),#687,.T.);
#6506=ADVANCED_FACE('',(#1015),#264,.T.);
#6507=ADVANCED_FACE('',(#1016),#688,.T.);
#6508=ADVANCED_FACE('',(#1017),#265,.T.);
#6509=ADVANCED_FACE('',(#1018),#6178,.F.);
#6510=ADVANCED_FACE('',(#1019),#6179,.F.);
#6511=ADVANCED_FACE('',(#1020),#6180,.F.);
#6512=ADVANCED_FACE('',(#1021),#6181,.F.);
#6513=ADVANCED_FACE('',(#1022),#6182,.F.);
#6514=ADVANCED_FACE('',(#1023),#6183,.F.);
#6515=ADVANCED_FACE('',(#1024),#6184,.F.);
#6516=ADVANCED_FACE('',(#1025),#689,.T.);
#6517=ADVANCED_FACE('',(#1026),#266,.T.);
#6518=ADVANCED_FACE('',(#1027),#267,.T.);
#6519=ADVANCED_FACE('',(#1028),#690,.T.);
#6520=ADVANCED_FACE('',(#1029),#268,.T.);
#6521=ADVANCED_FACE('',(#1030),#269,.T.);
#6522=ADVANCED_FACE('',(#1031),#6185,.F.);
#6523=ADVANCED_FACE('',(#1032),#270,.T.);
#6524=ADVANCED_FACE('',(#1033),#691,.T.);
#6525=ADVANCED_FACE('',(#1034),#271,.T.);
#6526=ADVANCED_FACE('',(#1035),#692,.T.);
#6527=ADVANCED_FACE('',(#1036),#693,.T.);
#6528=ADVANCED_FACE('',(#1037),#6186,.T.);
#6529=ADVANCED_FACE('',(#1038),#6187,.T.);
#6530=ADVANCED_FACE('',(#1039),#6188,.F.);
#6531=ADVANCED_FACE('',(#1040),#694,.T.);
#6532=ADVANCED_FACE('',(#1041),#695,.T.);
#6533=ADVANCED_FACE('',(#1042),#272,.T.);
#6534=ADVANCED_FACE('',(#1043),#696,.T.);
#6535=ADVANCED_FACE('',(#1044),#6189,.F.);
#6536=ADVANCED_FACE('',(#1045),#6190,.F.);
#6537=ADVANCED_FACE('',(#1046),#6191,.T.);
#6538=ADVANCED_FACE('',(#1047),#697,.T.);
#6539=ADVANCED_FACE('',(#1048),#6192,.F.);
#6540=ADVANCED_FACE('',(#1049),#49,.T.);
#6541=ADVANCED_FACE('',(#1050),#698,.T.);
#6542=ADVANCED_FACE('',(#1051),#273,.T.);
#6543=ADVANCED_FACE('',(#1052),#699,.T.);
#6544=ADVANCED_FACE('',(#1053),#274,.T.);
#6545=ADVANCED_FACE('',(#1054),#700,.T.);
#6546=ADVANCED_FACE('',(#1055),#701,.T.);
#6547=ADVANCED_FACE('',(#1056),#275,.T.);
#6548=ADVANCED_FACE('',(#1057),#6193,.F.);
#6549=ADVANCED_FACE('',(#1058),#702,.T.);
#6550=ADVANCED_FACE('',(#1059),#703,.T.);
#6551=ADVANCED_FACE('',(#1060),#704,.T.);
#6552=ADVANCED_FACE('',(#1061),#276,.T.);
#6553=ADVANCED_FACE('',(#1062),#705,.T.);
#6554=ADVANCED_FACE('',(#1063),#50,.T.);
#6555=ADVANCED_FACE('',(#1064),#277,.T.);
#6556=ADVANCED_FACE('',(#1065),#706,.T.);
#6557=ADVANCED_FACE('',(#1066),#278,.T.);
#6558=ADVANCED_FACE('',(#1067),#707,.T.);
#6559=ADVANCED_FACE('',(#1068),#6194,.T.);
#6560=ADVANCED_FACE('',(#1069),#29,.T.);
#6561=ADVANCED_FACE('',(#1070),#708,.F.);
#6562=ADVANCED_FACE('',(#1071),#6195,.T.);
#6563=ADVANCED_FACE('',(#1072),#6196,.F.);
#6564=ADVANCED_FACE('',(#1073),#6197,.F.);
#6565=ADVANCED_FACE('',(#1074),#709,.T.);
#6566=ADVANCED_FACE('',(#1075),#6198,.F.);
#6567=ADVANCED_FACE('',(#1076),#6199,.T.);
#6568=ADVANCED_FACE('',(#1077),#710,.T.);
#6569=ADVANCED_FACE('',(#1078),#6200,.T.);
#6570=ADVANCED_FACE('',(#1079),#6201,.T.);
#6571=ADVANCED_FACE('',(#1080),#30,.F.);
#6572=ADVANCED_FACE('',(#1081),#711,.F.);
#6573=ADVANCED_FACE('',(#1082),#6202,.T.);
#6574=ADVANCED_FACE('',(#1083),#6203,.F.);
#6575=ADVANCED_FACE('',(#1084),#712,.T.);
#6576=ADVANCED_FACE('',(#1085),#6204,.T.);
#6577=ADVANCED_FACE('',(#1086),#6205,.F.);
#6578=ADVANCED_FACE('',(#1087),#6206,.T.);
#6579=CLOSED_SHELL('',(#6207,#6208,#6209,#6210,#6211,#6212,#6213,#6214,
#6215,#6216,#6217,#6218,#6219,#6220,#6221,#6222,#6223,#6224,#6225,#6226,
#6227,#6228,#6229,#6230,#6231,#6232,#6233,#6234,#6235,#6236,#6237,#6238,
#6239,#6240,#6241,#6242,#6243,#6244,#6245,#6246,#6247,#6248,#6249,#6250,
#6251,#6252,#6253,#6254,#6255,#6256,#6257,#6258));
#6580=CLOSED_SHELL('',(#6259,#6260,#6261,#6262,#6263,#6264,#6265,#6266,
#6267,#6268,#6269,#6270,#6271,#6272,#6273,#6274,#6275,#6276,#6277,#6278,
#6279,#6280,#6281,#6282,#6283,#6284,#6285,#6286,#6287,#6288,#6289,#6290,
#6291,#6292,#6293,#6294,#6295,#6296,#6297,#6298,#6299,#6300,#6301,#6302,
#6303,#6304,#6305,#6306,#6307,#6308,#6309,#6310,#6311,#6312,#6313,#6314,
#6315,#6316,#6317,#6318,#6319,#6320,#6321,#6322,#6323,#6324,#6325,#6326,
#6327,#6328,#6329,#6330,#6331,#6332,#6333,#6334,#6335,#6336,#6337,#6338,
#6339,#6340,#6341,#6342,#6343,#6344,#6345,#6346,#6347,#6348,#6349,#6350,
#6351,#6352,#6353,#6354,#6355,#6356,#6357,#6358,#6359,#6360,#6361,#6362,
#6363,#6364,#6365,#6366,#6367,#6368,#6369,#6370,#6371,#6372,#6373,#6374,
#6375,#6376,#6377,#6378,#6379,#6380,#6381,#6382,#6383,#6384,#6385,#6386,
#6387,#6388,#6389,#6390,#6391,#6392,#6393,#6394,#6395,#6396,#6397,#6398,
#6399,#6400,#6401,#6402,#6403,#6404,#6405,#6406,#6407,#6408,#6409,#6410,
#6411,#6412,#6413,#6414,#6415,#6416,#6417,#6418));
#6581=CLOSED_SHELL('',(#6419,#6420,#6421,#6422,#6423,#6424,#6425,#6426,
#6427,#6428,#6429,#6430,#6431,#6432,#6433,#6434,#6435,#6436,#6437,#6438,
#6439,#6440,#6441,#6442,#6443,#6444,#6445,#6446,#6447,#6448,#6449,#6450,
#6451,#6452,#6453,#6454,#6455,#6456,#6457,#6458,#6459,#6460,#6461,#6462,
#6463,#6464,#6465,#6466,#6467,#6468,#6469,#6470,#6471,#6472,#6473,#6474,
#6475,#6476,#6477,#6478,#6479,#6480,#6481,#6482,#6483,#6484,#6485,#6486,
#6487,#6488,#6489,#6490,#6491,#6492,#6493,#6494,#6495,#6496,#6497,#6498,
#6499,#6500,#6501,#6502,#6503,#6504,#6505,#6506,#6507,#6508,#6509,#6510,
#6511,#6512,#6513,#6514,#6515,#6516,#6517,#6518,#6519,#6520,#6521,#6522,
#6523,#6524,#6525,#6526,#6527,#6528,#6529,#6530,#6531,#6532,#6533,#6534,
#6535,#6536,#6537,#6538,#6539,#6540,#6541,#6542,#6543,#6544,#6545,#6546,
#6547,#6548,#6549,#6550,#6551,#6552,#6553,#6554,#6555,#6556,#6557,#6558,
#6559,#6560,#6561,#6562,#6563,#6564,#6565,#6566,#6567,#6568,#6569,#6570,
#6571,#6572,#6573,#6574,#6575,#6576,#6577,#6578));
#6582=DERIVED_UNIT_ELEMENT(#6588,1.);
#6583=DERIVED_UNIT_ELEMENT(#13507,-3.);
#6584=DERIVED_UNIT_ELEMENT(#6588,1.);
#6585=DERIVED_UNIT_ELEMENT(#13507,-3.);
#6586=DERIVED_UNIT_ELEMENT(#6588,1.);
#6587=DERIVED_UNIT_ELEMENT(#13507,-3.);
#6588=(
MASS_UNIT()
NAMED_UNIT(*)
SI_UNIT(.KILO.,.GRAM.)
);
#6589=DERIVED_UNIT((#6582,#6583));
#6590=DERIVED_UNIT((#6584,#6585));
#6591=DERIVED_UNIT((#6586,#6587));
#6592=MEASURE_REPRESENTATION_ITEM('density measure',
POSITIVE_RATIO_MEASURE(7850.),#6589);
#6593=MEASURE_REPRESENTATION_ITEM('density measure',
POSITIVE_RATIO_MEASURE(7850.),#6590);
#6594=MEASURE_REPRESENTATION_ITEM('density measure',
POSITIVE_RATIO_MEASURE(7850.),#6591);
#6595=PROPERTY_DEFINITION_REPRESENTATION(#6610,#6601);
#6596=PROPERTY_DEFINITION_REPRESENTATION(#6611,#6602);
#6597=PROPERTY_DEFINITION_REPRESENTATION(#6612,#6603);
#6598=PROPERTY_DEFINITION_REPRESENTATION(#6613,#6604);
#6599=PROPERTY_DEFINITION_REPRESENTATION(#6614,#6605);
#6600=PROPERTY_DEFINITION_REPRESENTATION(#6615,#6606);
#6601=REPRESENTATION('material name',(#6607),#13502);
#6602=REPRESENTATION('density',(#6592),#13502);
#6603=REPRESENTATION('material name',(#6608),#13503);
#6604=REPRESENTATION('density',(#6593),#13503);
#6605=REPRESENTATION('material name',(#6609),#13504);
#6606=REPRESENTATION('density',(#6594),#13504);
#6607=DESCRIPTIVE_REPRESENTATION_ITEM('Stahl','Stahl');
#6608=DESCRIPTIVE_REPRESENTATION_ITEM('Stahl','Stahl');
#6609=DESCRIPTIVE_REPRESENTATION_ITEM('Stahl','Stahl');
#6610=PROPERTY_DEFINITION('material property','material name',#13527);
#6611=PROPERTY_DEFINITION('material property','density of part',#13527);
#6612=PROPERTY_DEFINITION('material property','material name',#13528);
#6613=PROPERTY_DEFINITION('material property','density of part',#13528);
#6614=PROPERTY_DEFINITION('material property','material name',#13529);
#6615=PROPERTY_DEFINITION('material property','density of part',#13529);
#6616=AXIS2_PLACEMENT_3D('',#9045,#7248,#7249);
#6617=AXIS2_PLACEMENT_3D('',#9046,#7250,#7251);
#6618=AXIS2_PLACEMENT_3D('',#9047,#7252,#7253);
#6619=AXIS2_PLACEMENT_3D('',#9056,#7258,#7259);
#6620=AXIS2_PLACEMENT_3D('',#9064,#7264,#7265);
#6621=AXIS2_PLACEMENT_3D('',#9068,#7268,#7269);
#6622=AXIS2_PLACEMENT_3D('',#9074,#7273,#7274);
#6623=AXIS2_PLACEMENT_3D('',#9080,#7278,#7279);
#6624=AXIS2_PLACEMENT_3D('',#9086,#7283,#7284);
#6625=AXIS2_PLACEMENT_3D('',#9089,#7287,#7288);
#6626=AXIS2_PLACEMENT_3D('',#9090,#7289,#7290);
#6627=AXIS2_PLACEMENT_3D('',#9116,#7304,#7305);
#6628=AXIS2_PLACEMENT_3D('',#9127,#7311,#7312);
#6629=AXIS2_PLACEMENT_3D('',#9133,#7316,#7317);
#6630=AXIS2_PLACEMENT_3D('',#9137,#7320,#7321);
#6631=AXIS2_PLACEMENT_3D('',#9143,#7325,#7326);
#6632=AXIS2_PLACEMENT_3D('',#9149,#7330,#7331);
#6633=AXIS2_PLACEMENT_3D('',#9155,#7335,#7336);
#6634=AXIS2_PLACEMENT_3D('',#9158,#7339,#7340);
#6635=AXIS2_PLACEMENT_3D('',#9159,#7341,#7342);
#6636=AXIS2_PLACEMENT_3D('',#9165,#7346,#7347);
#6637=AXIS2_PLACEMENT_3D('',#9169,#7350,#7351);
#6638=AXIS2_PLACEMENT_3D('',#9173,#7354,#7355);
#6639=AXIS2_PLACEMENT_3D('',#9183,#7361,#7362);
#6640=AXIS2_PLACEMENT_3D('',#9189,#7366,#7367);
#6641=AXIS2_PLACEMENT_3D('',#9193,#7370,#7371);
#6642=AXIS2_PLACEMENT_3D('',#9205,#7378,#7379);
#6643=AXIS2_PLACEMENT_3D('',#9214,#7384,#7385);
#6644=AXIS2_PLACEMENT_3D('',#9220,#7389,#7390);
#6645=AXIS2_PLACEMENT_3D('',#9240,#7402,#7403);
#6646=AXIS2_PLACEMENT_3D('',#9246,#7407,#7408);
#6647=AXIS2_PLACEMENT_3D('',#9252,#7412,#7413);
#6648=AXIS2_PLACEMENT_3D('',#9258,#7417,#7418);
#6649=AXIS2_PLACEMENT_3D('',#9266,#7423,#7424);
#6650=AXIS2_PLACEMENT_3D('',#9268,#7425,#7426);
#6651=AXIS2_PLACEMENT_3D('',#9271,#7428,#7429);
#6652=AXIS2_PLACEMENT_3D('',#9272,#7430,#7431);
#6653=AXIS2_PLACEMENT_3D('',#9278,#7435,#7436);
#6654=AXIS2_PLACEMENT_3D('',#9282,#7439,#7440);
#6655=AXIS2_PLACEMENT_3D('',#9286,#7443,#7444);
#6656=AXIS2_PLACEMENT_3D('',#9288,#7446,#7447);
#6657=AXIS2_PLACEMENT_3D('',#9289,#7448,#7449);
#6658=AXIS2_PLACEMENT_3D('',#9295,#7453,#7454);
#6659=AXIS2_PLACEMENT_3D('',#9304,#7459,#7460);
#6660=AXIS2_PLACEMENT_3D('',#9311,#7465,#7466);
#6661=AXIS2_PLACEMENT_3D('',#9317,#7472,#7473);
#6662=AXIS2_PLACEMENT_3D('',#9319,#7475,#7476);
#6663=AXIS2_PLACEMENT_3D('',#9321,#7478,#7479);
#6664=AXIS2_PLACEMENT_3D('',#9323,#7481,#7482);
#6665=AXIS2_PLACEMENT_3D('',#9325,#7484,#7485);
#6666=AXIS2_PLACEMENT_3D('',#9326,#7486,#7487);
#6667=AXIS2_PLACEMENT_3D('',#9330,#7490,#7491);
#6668=AXIS2_PLACEMENT_3D('',#9331,#7492,#7493);
#6669=AXIS2_PLACEMENT_3D('',#9332,#7494,#7495);
#6670=AXIS2_PLACEMENT_3D('',#9334,#7497,#7498);
#6671=AXIS2_PLACEMENT_3D('',#9335,#7499,#7500);
#6672=AXIS2_PLACEMENT_3D('',#9336,#7501,#7502);
#6673=AXIS2_PLACEMENT_3D('',#9337,#7503,#7504);
#6674=AXIS2_PLACEMENT_3D('',#9340,#7505,#7506);
#6675=AXIS2_PLACEMENT_3D('',#9344,#7508,#7509);
#6676=AXIS2_PLACEMENT_3D('',#9346,#7511,#7512);
#6677=AXIS2_PLACEMENT_3D('',#9348,#7513,#7514);
#6678=AXIS2_PLACEMENT_3D('',#9350,#7515,#7516);
#6679=AXIS2_PLACEMENT_3D('',#9351,#7517,#7518);
#6680=AXIS2_PLACEMENT_3D('',#9352,#7519,#7520);
#6681=AXIS2_PLACEMENT_3D('',#9356,#7522,#7523);
#6682=AXIS2_PLACEMENT_3D('',#9364,#7527,#7528);
#6683=AXIS2_PLACEMENT_3D('',#9376,#7534,#7535);
#6684=AXIS2_PLACEMENT_3D('',#9384,#7539,#7540);
#6685=AXIS2_PLACEMENT_3D('',#9390,#7543,#7544);
#6686=AXIS2_PLACEMENT_3D('',#9392,#7546,#7547);
#6687=AXIS2_PLACEMENT_3D('',#9395,#7548,#7549);
#6688=AXIS2_PLACEMENT_3D('',#9399,#7551,#7552);
#6689=AXIS2_PLACEMENT_3D('',#9401,#7554,#7555);
#6690=AXIS2_PLACEMENT_3D('',#9403,#7556,#7557);
#6691=AXIS2_PLACEMENT_3D('',#9407,#7559,#7560);
#6692=AXIS2_PLACEMENT_3D('',#9409,#7562,#7563);
#6693=AXIS2_PLACEMENT_3D('',#9411,#7564,#7565);
#6694=AXIS2_PLACEMENT_3D('',#9412,#7566,#7567);
#6695=AXIS2_PLACEMENT_3D('',#9414,#7569,#7570);
#6696=AXIS2_PLACEMENT_3D('',#9417,#7571,#7572);
#6697=AXIS2_PLACEMENT_3D('',#9420,#7574,#7575);
#6698=AXIS2_PLACEMENT_3D('',#9422,#7577,#7578);
#6699=AXIS2_PLACEMENT_3D('',#9424,#7579,#7580);
#6700=AXIS2_PLACEMENT_3D('',#9428,#7582,#7583);
#6701=AXIS2_PLACEMENT_3D('',#9430,#7585,#7586);
#6702=AXIS2_PLACEMENT_3D('',#9431,#7587,#7588);
#6703=AXIS2_PLACEMENT_3D('',#9432,#7589,#7590);
#6704=AXIS2_PLACEMENT_3D('',#9433,#7591,#7592);
#6705=AXIS2_PLACEMENT_3D('',#9434,#7593,#7594);
#6706=AXIS2_PLACEMENT_3D('',#9435,#7595,#7596);
#6707=AXIS2_PLACEMENT_3D('',#9436,#7597,#7598);
#6708=AXIS2_PLACEMENT_3D('',#9437,#7599,#7600);
#6709=AXIS2_PLACEMENT_3D('',#9438,#7601,#7602);
#6710=AXIS2_PLACEMENT_3D('',#9442,#7604,#7605);
#6711=AXIS2_PLACEMENT_3D('',#9444,#7607,#7608);
#6712=AXIS2_PLACEMENT_3D('',#9448,#7611,#7612);
#6713=AXIS2_PLACEMENT_3D('',#9449,#7613,#7614);
#6714=AXIS2_PLACEMENT_3D('',#9450,#7615,#7616);
#6715=AXIS2_PLACEMENT_3D('',#9453,#7618,#7619);
#6716=AXIS2_PLACEMENT_3D('',#9454,#7620,#7621);
#6717=AXIS2_PLACEMENT_3D('',#9458,#7624,#7625);
#6718=AXIS2_PLACEMENT_3D('',#9461,#7627,#7628);
#6719=AXIS2_PLACEMENT_3D('',#9462,#7629,#7630);
#6720=AXIS2_PLACEMENT_3D('',#9475,#7633,#7634);
#6721=AXIS2_PLACEMENT_3D('',#9481,#7637,#7638);
#6722=AXIS2_PLACEMENT_3D('',#9485,#7641,#7642);
#6723=AXIS2_PLACEMENT_3D('',#9488,#7643,#7644);
#6724=AXIS2_PLACEMENT_3D('',#9503,#7647,#7648);
#6725=AXIS2_PLACEMENT_3D('',#9510,#7649,#7650);
#6726=AXIS2_PLACEMENT_3D('',#9512,#7651,#7652);
#6727=AXIS2_PLACEMENT_3D('',#9530,#7653,#7654);
#6728=AXIS2_PLACEMENT_3D('',#9537,#7655,#7656);
#6729=AXIS2_PLACEMENT_3D('',#9550,#7659,#7660);
#6730=AXIS2_PLACEMENT_3D('',#9557,#7662,#7663);
#6731=AXIS2_PLACEMENT_3D('',#9563,#7666,#7667);
#6732=AXIS2_PLACEMENT_3D('',#9573,#7670,#7671);
#6733=AXIS2_PLACEMENT_3D('',#9586,#7672,#7673);
#6734=AXIS2_PLACEMENT_3D('',#9588,#7674,#7675);
#6735=AXIS2_PLACEMENT_3D('',#9591,#7677,#7678);
#6736=AXIS2_PLACEMENT_3D('',#9592,#7679,#7680);
#6737=AXIS2_PLACEMENT_3D('',#9597,#7682,#7683);
#6738=AXIS2_PLACEMENT_3D('',#9599,#7684,#7685);
#6739=AXIS2_PLACEMENT_3D('',#9610,#7686,#7687);
#6740=AXIS2_PLACEMENT_3D('',#9611,#7688,#7689);
#6741=AXIS2_PLACEMENT_3D('',#9613,#7690,#7691);
#6742=AXIS2_PLACEMENT_3D('',#9615,#7693,#7694);
#6743=AXIS2_PLACEMENT_3D('',#9624,#7695,#7696);
#6744=AXIS2_PLACEMENT_3D('',#9633,#7697,#7698);
#6745=AXIS2_PLACEMENT_3D('',#9636,#7701,#7702);
#6746=AXIS2_PLACEMENT_3D('',#9638,#7703,#7704);
#6747=AXIS2_PLACEMENT_3D('',#9640,#7706,#7707);
#6748=AXIS2_PLACEMENT_3D('',#9642,#7709,#7710);
#6749=AXIS2_PLACEMENT_3D('',#9645,#7711,#7712);
#6750=AXIS2_PLACEMENT_3D('',#9686,#7715,#7716);
#6751=AXIS2_PLACEMENT_3D('',#9693,#7721,#7722);
#6752=AXIS2_PLACEMENT_3D('',#9695,#7723,#7724);
#6753=AXIS2_PLACEMENT_3D('',#9702,#7725,#7726);
#6754=AXIS2_PLACEMENT_3D('',#9704,#7728,#7729);
#6755=AXIS2_PLACEMENT_3D('',#9708,#7731,#7732);
#6756=AXIS2_PLACEMENT_3D('',#9711,#7734,#7735);
#6757=AXIS2_PLACEMENT_3D('',#9712,#7736,#7737);
#6758=AXIS2_PLACEMENT_3D('',#9738,#7740,#7741);
#6759=AXIS2_PLACEMENT_3D('',#9739,#7742,#7743);
#6760=AXIS2_PLACEMENT_3D('',#9814,#7747,#7748);
#6761=AXIS2_PLACEMENT_3D('',#9851,#7756,#7757);
#6762=AXIS2_PLACEMENT_3D('',#9853,#7758,#7759);
#6763=AXIS2_PLACEMENT_3D('',#9854,#7760,#7761);
#6764=AXIS2_PLACEMENT_3D('',#9855,#7762,#7763);
#6765=AXIS2_PLACEMENT_3D('',#9856,#7764,#7765);
#6766=AXIS2_PLACEMENT_3D('',#9858,#7767,#7768);
#6767=AXIS2_PLACEMENT_3D('',#9861,#7771,#7772);
#6768=AXIS2_PLACEMENT_3D('',#9872,#7774,#7775);
#6769=AXIS2_PLACEMENT_3D('',#9873,#7776,#7777);
#6770=AXIS2_PLACEMENT_3D('',#9875,#7778,#7779);
#6771=AXIS2_PLACEMENT_3D('',#9877,#7781,#7782);
#6772=AXIS2_PLACEMENT_3D('',#9879,#7783,#7784);
#6773=AXIS2_PLACEMENT_3D('',#9880,#7785,#7786);
#6774=AXIS2_PLACEMENT_3D('',#9881,#7787,#7788);
#6775=AXIS2_PLACEMENT_3D('',#9884,#7791,#7792);
#6776=AXIS2_PLACEMENT_3D('',#9885,#7793,#7794);
#6777=AXIS2_PLACEMENT_3D('',#9888,#7795,#7796);
#6778=AXIS2_PLACEMENT_3D('',#9891,#7798,#7799);
#6779=AXIS2_PLACEMENT_3D('',#9892,#7800,#7801);
#6780=AXIS2_PLACEMENT_3D('',#9899,#7802,#7803);
#6781=AXIS2_PLACEMENT_3D('',#9901,#7804,#7805);
#6782=AXIS2_PLACEMENT_3D('',#9902,#7806,#7807);
#6783=AXIS2_PLACEMENT_3D('',#9903,#7808,#7809);
#6784=AXIS2_PLACEMENT_3D('',#9906,#7812,#7813);
#6785=AXIS2_PLACEMENT_3D('',#9907,#7814,#7815);
#6786=AXIS2_PLACEMENT_3D('',#9910,#7817,#7818);
#6787=AXIS2_PLACEMENT_3D('',#9911,#7819,#7820);
#6788=AXIS2_PLACEMENT_3D('',#9913,#7821,#7822);
#6789=AXIS2_PLACEMENT_3D('',#9915,#7824,#7825);
#6790=AXIS2_PLACEMENT_3D('',#9930,#7826,#7827);
#6791=AXIS2_PLACEMENT_3D('',#9949,#7829,#7830);
#6792=AXIS2_PLACEMENT_3D('',#9952,#7831,#7832);
#6793=AXIS2_PLACEMENT_3D('',#9953,#7833,#7834);
#6794=AXIS2_PLACEMENT_3D('',#9954,#7835,#7836);
#6795=AXIS2_PLACEMENT_3D('',#10000,#7840,#7841);
#6796=AXIS2_PLACEMENT_3D('',#10004,#7843,#7844);
#6797=AXIS2_PLACEMENT_3D('',#10006,#7846,#7847);
#6798=AXIS2_PLACEMENT_3D('',#10009,#7849,#7850);
#6799=AXIS2_PLACEMENT_3D('',#10010,#7851,#7852);
#6800=AXIS2_PLACEMENT_3D('',#10012,#7853,#7854);
#6801=AXIS2_PLACEMENT_3D('',#10013,#7855,#7856);
#6802=AXIS2_PLACEMENT_3D('',#10014,#7857,#7858);
#6803=AXIS2_PLACEMENT_3D('',#10116,#7860,#7861);
#6804=AXIS2_PLACEMENT_3D('',#10208,#7864,#7865);
#6805=AXIS2_PLACEMENT_3D('',#10269,#7869,#7870);
#6806=AXIS2_PLACEMENT_3D('',#10290,#7872,#7873);
#6807=AXIS2_PLACEMENT_3D('',#10303,#7874,#7875);
#6808=AXIS2_PLACEMENT_3D('',#10306,#7876,#7877);
#6809=AXIS2_PLACEMENT_3D('',#10307,#7878,#7879);
#6810=AXIS2_PLACEMENT_3D('',#10308,#7880,#7881);
#6811=AXIS2_PLACEMENT_3D('',#10309,#7882,#7883);
#6812=AXIS2_PLACEMENT_3D('',#10336,#7884,#7885);
#6813=AXIS2_PLACEMENT_3D('',#10347,#7886,#7887);
#6814=AXIS2_PLACEMENT_3D('',#10350,#7889,#7890);
#6815=AXIS2_PLACEMENT_3D('',#10351,#7891,#7892);
#6816=AXIS2_PLACEMENT_3D('',#10355,#7894,#7895);
#6817=AXIS2_PLACEMENT_3D('',#10357,#7897,#7898);
#6818=AXIS2_PLACEMENT_3D('',#10421,#7900,#7901);
#6819=AXIS2_PLACEMENT_3D('',#10423,#7902,#7903);
#6820=AXIS2_PLACEMENT_3D('',#10424,#7904,#7905);
#6821=AXIS2_PLACEMENT_3D('',#10425,#7906,#7907);
#6822=AXIS2_PLACEMENT_3D('',#10426,#7908,#7909);
#6823=AXIS2_PLACEMENT_3D('',#10478,#7913,#7914);
#6824=AXIS2_PLACEMENT_3D('',#10506,#7919,#7920);
#6825=AXIS2_PLACEMENT_3D('',#10507,#7921,#7922);
#6826=AXIS2_PLACEMENT_3D('',#10509,#7923,#7924);
#6827=AXIS2_PLACEMENT_3D('',#10518,#7926,#7927);
#6828=AXIS2_PLACEMENT_3D('',#10521,#7929,#7930);
#6829=AXIS2_PLACEMENT_3D('',#10522,#7931,#7932);
#6830=AXIS2_PLACEMENT_3D('',#10523,#7933,#7934);
#6831=AXIS2_PLACEMENT_3D('',#10525,#7935,#7936);
#6832=AXIS2_PLACEMENT_3D('',#10528,#7938,#7939);
#6833=AXIS2_PLACEMENT_3D('',#10530,#7941,#7942);
#6834=AXIS2_PLACEMENT_3D('',#10534,#7944,#7945);
#6835=AXIS2_PLACEMENT_3D('',#10537,#7947,#7948);
#6836=AXIS2_PLACEMENT_3D('',#10538,#7949,#7950);
#6837=AXIS2_PLACEMENT_3D('',#10542,#7952,#7953);
#6838=AXIS2_PLACEMENT_3D('',#10544,#7955,#7956);
#6839=AXIS2_PLACEMENT_3D('',#10548,#7958,#7959);
#6840=AXIS2_PLACEMENT_3D('',#10550,#7961,#7962);
#6841=AXIS2_PLACEMENT_3D('',#10554,#7964,#7965);
#6842=AXIS2_PLACEMENT_3D('',#10556,#7967,#7968);
#6843=AXIS2_PLACEMENT_3D('',#10560,#7970,#7971);
#6844=AXIS2_PLACEMENT_3D('',#10562,#7973,#7974);
#6845=AXIS2_PLACEMENT_3D('',#10566,#7976,#7977);
#6846=AXIS2_PLACEMENT_3D('',#10568,#7979,#7980);
#6847=AXIS2_PLACEMENT_3D('',#10570,#7981,#7982);
#6848=AXIS2_PLACEMENT_3D('',#10571,#7983,#7984);
#6849=AXIS2_PLACEMENT_3D('',#10572,#7985,#7986);
#6850=AXIS2_PLACEMENT_3D('',#10575,#7989,#7990);
#6851=AXIS2_PLACEMENT_3D('',#10576,#7991,#7992);
#6852=AXIS2_PLACEMENT_3D('',#10577,#7993,#7994);
#6853=AXIS2_PLACEMENT_3D('',#10582,#7997,#7998);
#6854=AXIS2_PLACEMENT_3D('',#10583,#7999,#8000);
#6855=AXIS2_PLACEMENT_3D('',#10587,#8003,#8004);
#6856=AXIS2_PLACEMENT_3D('',#10591,#8007,#8008);
#6857=AXIS2_PLACEMENT_3D('',#10595,#8011,#8012);
#6858=AXIS2_PLACEMENT_3D('',#10599,#8015,#8016);
#6859=AXIS2_PLACEMENT_3D('',#10603,#8019,#8020);
#6860=AXIS2_PLACEMENT_3D('',#10605,#8021,#8022);
#6861=AXIS2_PLACEMENT_3D('',#10607,#8024,#8025);
#6862=AXIS2_PLACEMENT_3D('',#10618,#8026,#8027);
#6863=AXIS2_PLACEMENT_3D('',#10619,#8028,#8029);
#6864=AXIS2_PLACEMENT_3D('',#10620,#8030,#8031);
#6865=AXIS2_PLACEMENT_3D('',#10634,#8032,#8033);
#6866=AXIS2_PLACEMENT_3D('',#10646,#8034,#8035);
#6867=AXIS2_PLACEMENT_3D('',#10647,#8036,#8037);
#6868=AXIS2_PLACEMENT_3D('',#10651,#8039,#8040);
#6869=AXIS2_PLACEMENT_3D('',#10653,#8042,#8043);
#6870=AXIS2_PLACEMENT_3D('',#10661,#8044,#8045);
#6871=AXIS2_PLACEMENT_3D('',#10691,#8046,#8047);
#6872=AXIS2_PLACEMENT_3D('',#10714,#8048,#8049);
#6873=AXIS2_PLACEMENT_3D('',#10730,#8050,#8051);
#6874=AXIS2_PLACEMENT_3D('',#10735,#8052,#8053);
#6875=AXIS2_PLACEMENT_3D('',#10744,#8055,#8056);
#6876=AXIS2_PLACEMENT_3D('',#10746,#8058,#8059);
#6877=AXIS2_PLACEMENT_3D('',#10769,#8060,#8061);
#6878=AXIS2_PLACEMENT_3D('',#10770,#8062,#8063);
#6879=AXIS2_PLACEMENT_3D('',#10787,#8066,#8067);
#6880=AXIS2_PLACEMENT_3D('',#10790,#8069,#8070);
#6881=AXIS2_PLACEMENT_3D('',#10791,#8071,#8072);
#6882=AXIS2_PLACEMENT_3D('',#10793,#8073,#8074);
#6883=AXIS2_PLACEMENT_3D('',#10794,#8075,#8076);
#6884=AXIS2_PLACEMENT_3D('',#10795,#8077,#8078);
#6885=AXIS2_PLACEMENT_3D('',#10800,#8081,#8082);
#6886=AXIS2_PLACEMENT_3D('',#10801,#8083,#8084);
#6887=AXIS2_PLACEMENT_3D('',#10837,#8087,#8088);
#6888=AXIS2_PLACEMENT_3D('',#10841,#8091,#8092);
#6889=AXIS2_PLACEMENT_3D('',#10843,#8094,#8095);
#6890=AXIS2_PLACEMENT_3D('',#10854,#8100,#8101);
#6891=AXIS2_PLACEMENT_3D('',#10872,#8103,#8104);
#6892=AXIS2_PLACEMENT_3D('',#10873,#8105,#8106);
#6893=AXIS2_PLACEMENT_3D('',#10876,#8107,#8108);
#6894=AXIS2_PLACEMENT_3D('',#10879,#8110,#8111);
#6895=AXIS2_PLACEMENT_3D('',#10892,#8113,#8114);
#6896=AXIS2_PLACEMENT_3D('',#10894,#8115,#8116);
#6897=AXIS2_PLACEMENT_3D('',#10895,#8117,#8118);
#6898=AXIS2_PLACEMENT_3D('',#10896,#8119,#8120);
#6899=AXIS2_PLACEMENT_3D('',#10898,#8122,#8123);
#6900=AXIS2_PLACEMENT_3D('',#10902,#8126,#8127);
#6901=AXIS2_PLACEMENT_3D('',#10904,#8129,#8130);
#6902=AXIS2_PLACEMENT_3D('',#10914,#8135,#8136);
#6903=AXIS2_PLACEMENT_3D('',#10915,#8137,#8138);
#6904=AXIS2_PLACEMENT_3D('',#10916,#8139,#8140);
#6905=AXIS2_PLACEMENT_3D('',#11028,#8142,#8143);
#6906=AXIS2_PLACEMENT_3D('',#11032,#8145,#8146);
#6907=AXIS2_PLACEMENT_3D('',#11034,#8148,#8149);
#6908=AXIS2_PLACEMENT_3D('',#11037,#8150,#8151);
#6909=AXIS2_PLACEMENT_3D('',#11038,#8152,#8153);
#6910=AXIS2_PLACEMENT_3D('',#11039,#8154,#8155);
#6911=AXIS2_PLACEMENT_3D('',#11040,#8156,#8157);
#6912=AXIS2_PLACEMENT_3D('',#11043,#8158,#8159);
#6913=AXIS2_PLACEMENT_3D('',#11046,#8162,#8163);
#6914=AXIS2_PLACEMENT_3D('',#11048,#8164,#8165);
#6915=AXIS2_PLACEMENT_3D('',#11049,#8166,#8167);
#6916=AXIS2_PLACEMENT_3D('',#11050,#8168,#8169);
#6917=AXIS2_PLACEMENT_3D('',#11051,#8170,#8171);
#6918=AXIS2_PLACEMENT_3D('',#11068,#8173,#8174);
#6919=AXIS2_PLACEMENT_3D('',#11083,#8175,#8176);
#6920=AXIS2_PLACEMENT_3D('',#11084,#8177,#8178);
#6921=AXIS2_PLACEMENT_3D('',#11085,#8179,#8180);
#6922=AXIS2_PLACEMENT_3D('',#11088,#8183,#8184);
#6923=AXIS2_PLACEMENT_3D('',#11089,#8185,#8186);
#6924=AXIS2_PLACEMENT_3D('',#11090,#8187,#8188);
#6925=AXIS2_PLACEMENT_3D('',#11105,#8189,#8190);
#6926=AXIS2_PLACEMENT_3D('',#11120,#8191,#8192);
#6927=AXIS2_PLACEMENT_3D('',#11124,#8194,#8195);
#6928=AXIS2_PLACEMENT_3D('',#11193,#8196,#8197);
#6929=AXIS2_PLACEMENT_3D('',#11196,#8198,#8199);
#6930=AXIS2_PLACEMENT_3D('',#11197,#8200,#8201);
#6931=AXIS2_PLACEMENT_3D('',#11198,#8202,#8203);
#6932=AXIS2_PLACEMENT_3D('',#11199,#8204,#8205);
#6933=AXIS2_PLACEMENT_3D('',#11201,#8206,#8207);
#6934=AXIS2_PLACEMENT_3D('',#11204,#8210,#8211);
#6935=AXIS2_PLACEMENT_3D('',#11206,#8212,#8213);
#6936=AXIS2_PLACEMENT_3D('',#11207,#8214,#8215);
#6937=AXIS2_PLACEMENT_3D('',#11208,#8216,#8217);
#6938=AXIS2_PLACEMENT_3D('',#11210,#8219,#8220);
#6939=AXIS2_PLACEMENT_3D('',#11299,#8223,#8224);
#6940=AXIS2_PLACEMENT_3D('',#11301,#8226,#8227);
#6941=AXIS2_PLACEMENT_3D('',#11302,#8228,#8229);
#6942=AXIS2_PLACEMENT_3D('',#11303,#8230,#8231);
#6943=AXIS2_PLACEMENT_3D('',#11304,#8232,#8233);
#6944=AXIS2_PLACEMENT_3D('',#11306,#8235,#8236);
#6945=AXIS2_PLACEMENT_3D('',#11308,#8238,#8239);
#6946=AXIS2_PLACEMENT_3D('',#11310,#8241,#8242);
#6947=AXIS2_PLACEMENT_3D('',#11311,#8243,#8244);
#6948=AXIS2_PLACEMENT_3D('',#11312,#8245,#8246);
#6949=AXIS2_PLACEMENT_3D('',#11314,#8247,#8248);
#6950=AXIS2_PLACEMENT_3D('',#11347,#8249,#8250);
#6951=AXIS2_PLACEMENT_3D('',#11405,#8253,#8254);
#6952=AXIS2_PLACEMENT_3D('',#11406,#8255,#8256);
#6953=AXIS2_PLACEMENT_3D('',#11408,#8258,#8259);
#6954=AXIS2_PLACEMENT_3D('',#11410,#8261,#8262);
#6955=AXIS2_PLACEMENT_3D('',#11411,#8263,#8264);
#6956=AXIS2_PLACEMENT_3D('',#11412,#8265,#8266);
#6957=AXIS2_PLACEMENT_3D('',#11413,#8267,#8268);
#6958=AXIS2_PLACEMENT_3D('',#11414,#8269,#8270);
#6959=AXIS2_PLACEMENT_3D('',#11415,#8271,#8272);
#6960=AXIS2_PLACEMENT_3D('',#11418,#8273,#8274);
#6961=AXIS2_PLACEMENT_3D('',#11422,#8276,#8277);
#6962=AXIS2_PLACEMENT_3D('',#11424,#8279,#8280);
#6963=AXIS2_PLACEMENT_3D('',#11426,#8281,#8282);
#6964=AXIS2_PLACEMENT_3D('',#11428,#8283,#8284);
#6965=AXIS2_PLACEMENT_3D('',#11429,#8285,#8286);
#6966=AXIS2_PLACEMENT_3D('',#11430,#8287,#8288);
#6967=AXIS2_PLACEMENT_3D('',#11434,#8290,#8291);
#6968=AXIS2_PLACEMENT_3D('',#11440,#8294,#8295);
#6969=AXIS2_PLACEMENT_3D('',#11448,#8299,#8300);
#6970=AXIS2_PLACEMENT_3D('',#11460,#8306,#8307);
#6971=AXIS2_PLACEMENT_3D('',#11468,#8311,#8312);
#6972=AXIS2_PLACEMENT_3D('',#11470,#8314,#8315);
#6973=AXIS2_PLACEMENT_3D('',#11473,#8316,#8317);
#6974=AXIS2_PLACEMENT_3D('',#11477,#8319,#8320);
#6975=AXIS2_PLACEMENT_3D('',#11479,#8322,#8323);
#6976=AXIS2_PLACEMENT_3D('',#11481,#8324,#8325);
#6977=AXIS2_PLACEMENT_3D('',#11485,#8327,#8328);
#6978=AXIS2_PLACEMENT_3D('',#11487,#8330,#8331);
#6979=AXIS2_PLACEMENT_3D('',#11489,#8332,#8333);
#6980=AXIS2_PLACEMENT_3D('',#11491,#8335,#8336);
#6981=AXIS2_PLACEMENT_3D('',#11492,#8337,#8338);
#6982=AXIS2_PLACEMENT_3D('',#11495,#8339,#8340);
#6983=AXIS2_PLACEMENT_3D('',#11498,#8342,#8343);
#6984=AXIS2_PLACEMENT_3D('',#11500,#8345,#8346);
#6985=AXIS2_PLACEMENT_3D('',#11502,#8347,#8348);
#6986=AXIS2_PLACEMENT_3D('',#11506,#8350,#8351);
#6987=AXIS2_PLACEMENT_3D('',#11508,#8353,#8354);
#6988=AXIS2_PLACEMENT_3D('',#11509,#8355,#8356);
#6989=AXIS2_PLACEMENT_3D('',#11510,#8357,#8358);
#6990=AXIS2_PLACEMENT_3D('',#11511,#8359,#8360);
#6991=AXIS2_PLACEMENT_3D('',#11512,#8361,#8362);
#6992=AXIS2_PLACEMENT_3D('',#11513,#8363,#8364);
#6993=AXIS2_PLACEMENT_3D('',#11514,#8365,#8366);
#6994=AXIS2_PLACEMENT_3D('',#11515,#8367,#8368);
#6995=AXIS2_PLACEMENT_3D('',#11516,#8369,#8370);
#6996=AXIS2_PLACEMENT_3D('',#11520,#8372,#8373);
#6997=AXIS2_PLACEMENT_3D('',#11522,#8375,#8376);
#6998=AXIS2_PLACEMENT_3D('',#11526,#8379,#8380);
#6999=AXIS2_PLACEMENT_3D('',#11527,#8381,#8382);
#7000=AXIS2_PLACEMENT_3D('',#11528,#8383,#8384);
#7001=AXIS2_PLACEMENT_3D('',#11530,#8385,#8386);
#7002=AXIS2_PLACEMENT_3D('',#11532,#8388,#8389);
#7003=AXIS2_PLACEMENT_3D('',#11536,#8392,#8393);
#7004=AXIS2_PLACEMENT_3D('',#11538,#8394,#8395);
#7005=AXIS2_PLACEMENT_3D('',#11540,#8397,#8398);
#7006=AXIS2_PLACEMENT_3D('',#11546,#8401,#8402);
#7007=AXIS2_PLACEMENT_3D('',#11552,#8405,#8406);
#7008=AXIS2_PLACEMENT_3D('',#11563,#8409,#8410);
#7009=AXIS2_PLACEMENT_3D('',#11566,#8411,#8412);
#7010=AXIS2_PLACEMENT_3D('',#11581,#8415,#8416);
#7011=AXIS2_PLACEMENT_3D('',#11596,#8417,#8418);
#7012=AXIS2_PLACEMENT_3D('',#11613,#8419,#8420);
#7013=AXIS2_PLACEMENT_3D('',#11614,#8421,#8422);
#7014=AXIS2_PLACEMENT_3D('',#11615,#8423,#8424);
#7015=AXIS2_PLACEMENT_3D('',#11628,#8427,#8428);
#7016=AXIS2_PLACEMENT_3D('',#11635,#8430,#8431);
#7017=AXIS2_PLACEMENT_3D('',#11647,#8434,#8435);
#7018=AXIS2_PLACEMENT_3D('',#11651,#8438,#8439);
#7019=AXIS2_PLACEMENT_3D('',#11664,#8440,#8441);
#7020=AXIS2_PLACEMENT_3D('',#11668,#8443,#8444);
#7021=AXIS2_PLACEMENT_3D('',#11669,#8445,#8446);
#7022=AXIS2_PLACEMENT_3D('',#11670,#8447,#8448);
#7023=AXIS2_PLACEMENT_3D('',#11674,#8450,#8451);
#7024=AXIS2_PLACEMENT_3D('',#11687,#8452,#8453);
#7025=AXIS2_PLACEMENT_3D('',#11688,#8454,#8455);
#7026=AXIS2_PLACEMENT_3D('',#11689,#8456,#8457);
#7027=AXIS2_PLACEMENT_3D('',#11692,#8459,#8460);
#7028=AXIS2_PLACEMENT_3D('',#11693,#8461,#8462);
#7029=AXIS2_PLACEMENT_3D('',#11710,#8463,#8464);
#7030=AXIS2_PLACEMENT_3D('',#11711,#8465,#8466);
#7031=AXIS2_PLACEMENT_3D('',#11714,#8469,#8470);
#7032=AXIS2_PLACEMENT_3D('',#11717,#8472,#8473);
#7033=AXIS2_PLACEMENT_3D('',#11718,#8474,#8475);
#7034=AXIS2_PLACEMENT_3D('',#11720,#8477,#8478);
#7035=AXIS2_PLACEMENT_3D('',#11723,#8479,#8480);
#7036=AXIS2_PLACEMENT_3D('',#11764,#8483,#8484);
#7037=AXIS2_PLACEMENT_3D('',#11771,#8489,#8490);
#7038=AXIS2_PLACEMENT_3D('',#11775,#8492,#8493);
#7039=AXIS2_PLACEMENT_3D('',#11781,#8494,#8495);
#7040=AXIS2_PLACEMENT_3D('',#11782,#8496,#8497);
#7041=AXIS2_PLACEMENT_3D('',#11784,#8498,#8499);
#7042=AXIS2_PLACEMENT_3D('',#11788,#8501,#8502);
#7043=AXIS2_PLACEMENT_3D('',#11790,#8504,#8505);
#7044=AXIS2_PLACEMENT_3D('',#11798,#8506,#8507);
#7045=AXIS2_PLACEMENT_3D('',#11817,#8510,#8511);
#7046=AXIS2_PLACEMENT_3D('',#11892,#8515,#8516);
#7047=AXIS2_PLACEMENT_3D('',#11929,#8524,#8525);
#7048=AXIS2_PLACEMENT_3D('',#11931,#8526,#8527);
#7049=AXIS2_PLACEMENT_3D('',#11932,#8528,#8529);
#7050=AXIS2_PLACEMENT_3D('',#11933,#8530,#8531);
#7051=AXIS2_PLACEMENT_3D('',#11934,#8532,#8533);
#7052=AXIS2_PLACEMENT_3D('',#11936,#8535,#8536);
#7053=AXIS2_PLACEMENT_3D('',#11939,#8539,#8540);
#7054=AXIS2_PLACEMENT_3D('',#11950,#8542,#8543);
#7055=AXIS2_PLACEMENT_3D('',#11951,#8544,#8545);
#7056=AXIS2_PLACEMENT_3D('',#11954,#8547,#8548);
#7057=AXIS2_PLACEMENT_3D('',#11955,#8549,#8550);
#7058=AXIS2_PLACEMENT_3D('',#11957,#8551,#8552);
#7059=AXIS2_PLACEMENT_3D('',#11958,#8553,#8554);
#7060=AXIS2_PLACEMENT_3D('',#11959,#8555,#8556);
#7061=AXIS2_PLACEMENT_3D('',#11962,#8559,#8560);
#7062=AXIS2_PLACEMENT_3D('',#11963,#8561,#8562);
#7063=AXIS2_PLACEMENT_3D('',#11966,#8563,#8564);
#7064=AXIS2_PLACEMENT_3D('',#11968,#8565,#8566);
#7065=AXIS2_PLACEMENT_3D('',#11970,#8568,#8569);
#7066=AXIS2_PLACEMENT_3D('',#11977,#8570,#8571);
#7067=AXIS2_PLACEMENT_3D('',#11979,#8572,#8573);
#7068=AXIS2_PLACEMENT_3D('',#11980,#8574,#8575);
#7069=AXIS2_PLACEMENT_3D('',#11981,#8576,#8577);
#7070=AXIS2_PLACEMENT_3D('',#11984,#8580,#8581);
#7071=AXIS2_PLACEMENT_3D('',#11986,#8582,#8583);
#7072=AXIS2_PLACEMENT_3D('',#11988,#8585,#8586);
#7073=AXIS2_PLACEMENT_3D('',#11989,#8587,#8588);
#7074=AXIS2_PLACEMENT_3D('',#11992,#8590,#8591);
#7075=AXIS2_PLACEMENT_3D('',#11993,#8592,#8593);
#7076=AXIS2_PLACEMENT_3D('',#12026,#8595,#8596);
#7077=AXIS2_PLACEMENT_3D('',#12027,#8597,#8598);
#7078=AXIS2_PLACEMENT_3D('',#12030,#8599,#8600);
#7079=AXIS2_PLACEMENT_3D('',#12031,#8601,#8602);
#7080=AXIS2_PLACEMENT_3D('',#12032,#8603,#8604);
#7081=AXIS2_PLACEMENT_3D('',#12078,#8608,#8609);
#7082=AXIS2_PLACEMENT_3D('',#12082,#8611,#8612);
#7083=AXIS2_PLACEMENT_3D('',#12084,#8614,#8615);
#7084=AXIS2_PLACEMENT_3D('',#12086,#8616,#8617);
#7085=AXIS2_PLACEMENT_3D('',#12088,#8619,#8620);
#7086=AXIS2_PLACEMENT_3D('',#12090,#8621,#8622);
#7087=AXIS2_PLACEMENT_3D('',#12091,#8623,#8624);
#7088=AXIS2_PLACEMENT_3D('',#12092,#8625,#8626);
#7089=AXIS2_PLACEMENT_3D('',#12194,#8628,#8629);
#7090=AXIS2_PLACEMENT_3D('',#12286,#8632,#8633);
#7091=AXIS2_PLACEMENT_3D('',#12347,#8637,#8638);
#7092=AXIS2_PLACEMENT_3D('',#12379,#8639,#8640);
#7093=AXIS2_PLACEMENT_3D('',#12381,#8642,#8643);
#7094=AXIS2_PLACEMENT_3D('',#12384,#8644,#8645);
#7095=AXIS2_PLACEMENT_3D('',#12385,#8646,#8647);
#7096=AXIS2_PLACEMENT_3D('',#12386,#8648,#8649);
#7097=AXIS2_PLACEMENT_3D('',#12387,#8650,#8651);
#7098=AXIS2_PLACEMENT_3D('',#12400,#8652,#8653);
#7099=AXIS2_PLACEMENT_3D('',#12425,#8654,#8655);
#7100=AXIS2_PLACEMENT_3D('',#12427,#8656,#8657);
#7101=AXIS2_PLACEMENT_3D('',#12429,#8659,#8660);
#7102=AXIS2_PLACEMENT_3D('',#12433,#8662,#8663);
#7103=AXIS2_PLACEMENT_3D('',#12435,#8665,#8666);
#7104=AXIS2_PLACEMENT_3D('',#12499,#8668,#8669);
#7105=AXIS2_PLACEMENT_3D('',#12500,#8670,#8671);
#7106=AXIS2_PLACEMENT_3D('',#12502,#8672,#8673);
#7107=AXIS2_PLACEMENT_3D('',#12503,#8674,#8675);
#7108=AXIS2_PLACEMENT_3D('',#12504,#8676,#8677);
#7109=AXIS2_PLACEMENT_3D('',#12556,#8681,#8682);
#7110=AXIS2_PLACEMENT_3D('',#12584,#8687,#8688);
#7111=AXIS2_PLACEMENT_3D('',#12585,#8689,#8690);
#7112=AXIS2_PLACEMENT_3D('',#12587,#8691,#8692);
#7113=AXIS2_PLACEMENT_3D('',#12591,#8694,#8695);
#7114=AXIS2_PLACEMENT_3D('',#12599,#8697,#8698);
#7115=AXIS2_PLACEMENT_3D('',#12600,#8699,#8700);
#7116=AXIS2_PLACEMENT_3D('',#12601,#8701,#8702);
#7117=AXIS2_PLACEMENT_3D('',#12603,#8703,#8704);
#7118=AXIS2_PLACEMENT_3D('',#12606,#8706,#8707);
#7119=AXIS2_PLACEMENT_3D('',#12608,#8709,#8710);
#7120=AXIS2_PLACEMENT_3D('',#12613,#8712,#8713);
#7121=AXIS2_PLACEMENT_3D('',#12615,#8715,#8716);
#7122=AXIS2_PLACEMENT_3D('',#12616,#8717,#8718);
#7123=AXIS2_PLACEMENT_3D('',#12621,#8721,#8722);
#7124=AXIS2_PLACEMENT_3D('',#12622,#8723,#8724);
#7125=AXIS2_PLACEMENT_3D('',#12627,#8727,#8728);
#7126=AXIS2_PLACEMENT_3D('',#12628,#8729,#8730);
#7127=AXIS2_PLACEMENT_3D('',#12633,#8733,#8734);
#7128=AXIS2_PLACEMENT_3D('',#12634,#8735,#8736);
#7129=AXIS2_PLACEMENT_3D('',#12639,#8739,#8740);
#7130=AXIS2_PLACEMENT_3D('',#12640,#8741,#8742);
#7131=AXIS2_PLACEMENT_3D('',#12645,#8745,#8746);
#7132=AXIS2_PLACEMENT_3D('',#12646,#8747,#8748);
#7133=AXIS2_PLACEMENT_3D('',#12648,#8749,#8750);
#7134=AXIS2_PLACEMENT_3D('',#12649,#8751,#8752);
#7135=AXIS2_PLACEMENT_3D('',#12650,#8753,#8754);
#7136=AXIS2_PLACEMENT_3D('',#12653,#8757,#8758);
#7137=AXIS2_PLACEMENT_3D('',#12654,#8759,#8760);
#7138=AXIS2_PLACEMENT_3D('',#12655,#8761,#8762);
#7139=AXIS2_PLACEMENT_3D('',#12657,#8763,#8764);
#7140=AXIS2_PLACEMENT_3D('',#12661,#8767,#8768);
#7141=AXIS2_PLACEMENT_3D('',#12665,#8771,#8772);
#7142=AXIS2_PLACEMENT_3D('',#12669,#8775,#8776);
#7143=AXIS2_PLACEMENT_3D('',#12673,#8779,#8780);
#7144=AXIS2_PLACEMENT_3D('',#12677,#8783,#8784);
#7145=AXIS2_PLACEMENT_3D('',#12681,#8787,#8788);
#7146=AXIS2_PLACEMENT_3D('',#12684,#8790,#8791);
#7147=AXIS2_PLACEMENT_3D('',#12685,#8792,#8793);
#7148=AXIS2_PLACEMENT_3D('',#12696,#8794,#8795);
#7149=AXIS2_PLACEMENT_3D('',#12697,#8796,#8797);
#7150=AXIS2_PLACEMENT_3D('',#12698,#8798,#8799);
#7151=AXIS2_PLACEMENT_3D('',#12712,#8800,#8801);
#7152=AXIS2_PLACEMENT_3D('',#12724,#8802,#8803);
#7153=AXIS2_PLACEMENT_3D('',#12725,#8804,#8805);
#7154=AXIS2_PLACEMENT_3D('',#12729,#8807,#8808);
#7155=AXIS2_PLACEMENT_3D('',#12731,#8810,#8811);
#7156=AXIS2_PLACEMENT_3D('',#12768,#8812,#8813);
#7157=AXIS2_PLACEMENT_3D('',#12769,#8814,#8815);
#7158=AXIS2_PLACEMENT_3D('',#12797,#8816,#8817);
#7159=AXIS2_PLACEMENT_3D('',#12812,#8818,#8819);
#7160=AXIS2_PLACEMENT_3D('',#12813,#8820,#8821);
#7161=AXIS2_PLACEMENT_3D('',#12817,#8823,#8824);
#7162=AXIS2_PLACEMENT_3D('',#12824,#8826,#8827);
#7163=AXIS2_PLACEMENT_3D('',#12837,#8828,#8829);
#7164=AXIS2_PLACEMENT_3D('',#12848,#8830,#8831);
#7165=AXIS2_PLACEMENT_3D('',#12853,#8833,#8834);
#7166=AXIS2_PLACEMENT_3D('',#12856,#8836,#8837);
#7167=AXIS2_PLACEMENT_3D('',#12869,#8839,#8840);
#7168=AXIS2_PLACEMENT_3D('',#12871,#8841,#8842);
#7169=AXIS2_PLACEMENT_3D('',#12872,#8843,#8844);
#7170=AXIS2_PLACEMENT_3D('',#12873,#8845,#8846);
#7171=AXIS2_PLACEMENT_3D('',#12877,#8848,#8849);
#7172=AXIS2_PLACEMENT_3D('',#12879,#8851,#8852);
#7173=AXIS2_PLACEMENT_3D('',#12915,#8855,#8856);
#7174=AXIS2_PLACEMENT_3D('',#12919,#8859,#8860);
#7175=AXIS2_PLACEMENT_3D('',#12921,#8862,#8863);
#7176=AXIS2_PLACEMENT_3D('',#12932,#8868,#8869);
#7177=AXIS2_PLACEMENT_3D('',#12936,#8871,#8872);
#7178=AXIS2_PLACEMENT_3D('',#12951,#8873,#8874);
#7179=AXIS2_PLACEMENT_3D('',#12954,#8875,#8876);
#7180=AXIS2_PLACEMENT_3D('',#12968,#8878,#8879);
#7181=AXIS2_PLACEMENT_3D('',#12970,#8881,#8882);
#7182=AXIS2_PLACEMENT_3D('',#12972,#8883,#8884);
#7183=AXIS2_PLACEMENT_3D('',#12973,#8885,#8886);
#7184=AXIS2_PLACEMENT_3D('',#12974,#8887,#8888);
#7185=AXIS2_PLACEMENT_3D('',#12976,#8890,#8891);
#7186=AXIS2_PLACEMENT_3D('',#12980,#8894,#8895);
#7187=AXIS2_PLACEMENT_3D('',#12982,#8897,#8898);
#7188=AXIS2_PLACEMENT_3D('',#12992,#8903,#8904);
#7189=AXIS2_PLACEMENT_3D('',#12993,#8905,#8906);
#7190=AXIS2_PLACEMENT_3D('',#12994,#8907,#8908);
#7191=AXIS2_PLACEMENT_3D('',#13106,#8910,#8911);
#7192=AXIS2_PLACEMENT_3D('',#13111,#8914,#8915);
#7193=AXIS2_PLACEMENT_3D('',#13112,#8916,#8917);
#7194=AXIS2_PLACEMENT_3D('',#13115,#8918,#8919);
#7195=AXIS2_PLACEMENT_3D('',#13116,#8920,#8921);
#7196=AXIS2_PLACEMENT_3D('',#13117,#8922,#8923);
#7197=AXIS2_PLACEMENT_3D('',#13118,#8924,#8925);
#7198=AXIS2_PLACEMENT_3D('',#13121,#8926,#8927);
#7199=AXIS2_PLACEMENT_3D('',#13124,#8930,#8931);
#7200=AXIS2_PLACEMENT_3D('',#13126,#8932,#8933);
#7201=AXIS2_PLACEMENT_3D('',#13127,#8934,#8935);
#7202=AXIS2_PLACEMENT_3D('',#13128,#8936,#8937);
#7203=AXIS2_PLACEMENT_3D('',#13129,#8938,#8939);
#7204=AXIS2_PLACEMENT_3D('',#13146,#8941,#8942);
#7205=AXIS2_PLACEMENT_3D('',#13161,#8943,#8944);
#7206=AXIS2_PLACEMENT_3D('',#13162,#8945,#8946);
#7207=AXIS2_PLACEMENT_3D('',#13163,#8947,#8948);
#7208=AXIS2_PLACEMENT_3D('',#13166,#8951,#8952);
#7209=AXIS2_PLACEMENT_3D('',#13167,#8953,#8954);
#7210=AXIS2_PLACEMENT_3D('',#13168,#8955,#8956);
#7211=AXIS2_PLACEMENT_3D('',#13183,#8957,#8958);
#7212=AXIS2_PLACEMENT_3D('',#13198,#8959,#8960);
#7213=AXIS2_PLACEMENT_3D('',#13214,#8962,#8963);
#7214=AXIS2_PLACEMENT_3D('',#13271,#8964,#8965);
#7215=AXIS2_PLACEMENT_3D('',#13274,#8966,#8967);
#7216=AXIS2_PLACEMENT_3D('',#13275,#8968,#8969);
#7217=AXIS2_PLACEMENT_3D('',#13276,#8970,#8971);
#7218=AXIS2_PLACEMENT_3D('',#13277,#8972,#8973);
#7219=AXIS2_PLACEMENT_3D('',#13279,#8974,#8975);
#7220=AXIS2_PLACEMENT_3D('',#13282,#8978,#8979);
#7221=AXIS2_PLACEMENT_3D('',#13284,#8980,#8981);
#7222=AXIS2_PLACEMENT_3D('',#13285,#8982,#8983);
#7223=AXIS2_PLACEMENT_3D('',#13286,#8984,#8985);
#7224=AXIS2_PLACEMENT_3D('',#13288,#8987,#8988);
#7225=AXIS2_PLACEMENT_3D('',#13377,#8991,#8992);
#7226=AXIS2_PLACEMENT_3D('',#13379,#8994,#8995);
#7227=AXIS2_PLACEMENT_3D('',#13380,#8996,#8997);
#7228=AXIS2_PLACEMENT_3D('',#13381,#8998,#8999);
#7229=AXIS2_PLACEMENT_3D('',#13382,#9000,#9001);
#7230=AXIS2_PLACEMENT_3D('',#13384,#9003,#9004);
#7231=AXIS2_PLACEMENT_3D('',#13386,#9006,#9007);
#7232=AXIS2_PLACEMENT_3D('',#13388,#9009,#9010);
#7233=AXIS2_PLACEMENT_3D('',#13389,#9011,#9012);
#7234=AXIS2_PLACEMENT_3D('',#13390,#9013,#9014);
#7235=AXIS2_PLACEMENT_3D('',#13392,#9015,#9016);
#7236=AXIS2_PLACEMENT_3D('',#13425,#9017,#9018);
#7237=AXIS2_PLACEMENT_3D('',#13483,#9021,#9022);
#7238=AXIS2_PLACEMENT_3D('',#13484,#9023,#9024);
#7239=AXIS2_PLACEMENT_3D('',#13486,#9026,#9027);
#7240=AXIS2_PLACEMENT_3D('',#13488,#9029,#9030);
#7241=AXIS2_PLACEMENT_3D('',#13489,#9031,#9032);
#7242=AXIS2_PLACEMENT_3D('',#13490,#9033,#9034);
#7243=AXIS2_PLACEMENT_3D('',#13491,#9035,#9036);
#7244=AXIS2_PLACEMENT_3D('',#13492,#9037,#9038);
#7245=AXIS2_PLACEMENT_3D('',#13493,#9039,#9040);
#7246=AXIS2_PLACEMENT_3D('',#13494,#9041,#9042);
#7247=AXIS2_PLACEMENT_3D('',#13495,#9043,#9044);
#7248=DIRECTION('axis',(0.,0.,1.));
#7249=DIRECTION('refdir',(1.,0.,0.));
#7250=DIRECTION('axis',(0.,0.,1.));
#7251=DIRECTION('refdir',(1.,0.,0.));
#7252=DIRECTION('center_axis',(1.,0.,0.));
#7253=DIRECTION('ref_axis',(0.,1.,0.));
#7254=DIRECTION('',(0.,-1.,0.));
#7255=DIRECTION('',(0.,-0.609710760849693,0.7926239891046));
#7256=DIRECTION('',(0.,1.,0.));
#7257=DIRECTION('',(0.,-0.609710760849692,-0.7926239891046));
#7258=DIRECTION('center_axis',(0.,-0.7926239891046,-0.609710760849693));
#7259=DIRECTION('ref_axis',(-1.,0.,0.));
#7260=DIRECTION('',(0.,0.609710760849693,-0.7926239891046));
#7261=DIRECTION('',(-1.,0.,0.));
#7262=DIRECTION('',(0.,-0.609710760849693,0.7926239891046));
#7263=DIRECTION('',(1.,0.,0.));
#7264=DIRECTION('center_axis',(0.,0.,-1.));
#7265=DIRECTION('ref_axis',(0.,-1.,0.));
#7266=DIRECTION('',(0.,-1.,0.));
#7267=DIRECTION('',(1.,0.,0.));
#7268=DIRECTION('center_axis',(0.,0.7926239891046,-0.609710760849692));
#7269=DIRECTION('ref_axis',(-1.,0.,0.));
#7270=DIRECTION('',(0.,0.609710760849692,0.7926239891046));
#7271=DIRECTION('',(-1.,0.,0.));
#7272=DIRECTION('',(0.,-0.609710760849692,-0.7926239891046));
#7273=DIRECTION('center_axis',(0.,-1.,-1.2335811384724E-16));
#7274=DIRECTION('ref_axis',(0.,-1.2335811384724E-16,1.));
#7275=DIRECTION('',(0.,-1.2335811384724E-16,1.));
#7276=DIRECTION('',(-1.,0.,0.));
#7277=DIRECTION('',(0.,-1.2335811384724E-16,1.));
#7278=DIRECTION('center_axis',(0.,0.,1.));
#7279=DIRECTION('ref_axis',(0.,1.,0.));
#7280=DIRECTION('',(0.,1.,0.));
#7281=DIRECTION('',(-1.,0.,0.));
#7282=DIRECTION('',(0.,1.,0.));
#7283=DIRECTION('center_axis',(0.,1.,0.));
#7284=DIRECTION('ref_axis',(0.,0.,-1.));
#7285=DIRECTION('',(0.,0.,-1.));
#7286=DIRECTION('',(0.,0.,-1.));
#7287=DIRECTION('center_axis',(1.,0.,0.));
#7288=DIRECTION('ref_axis',(0.,0.,-1.));
#7289=DIRECTION('center_axis',(-1.,0.,0.));
#7290=DIRECTION('ref_axis',(0.,-1.,0.));
#7291=DIRECTION('',(0.,-1.,0.));
#7292=DIRECTION('',(0.,0.,1.));
#7293=DIRECTION('',(0.,1.,1.24047266715328E-16));
#7294=DIRECTION('',(0.,0.,1.));
#7295=DIRECTION('',(0.,1.,0.));
#7296=DIRECTION('',(0.,0.148340452930245,-0.988936352868298));
#7297=DIRECTION('',(0.,-1.,0.));
#7298=DIRECTION('',(0.,0.148340452930245,0.988936352868298));
#7299=DIRECTION('',(0.,1.,0.));
#7300=DIRECTION('',(0.,0.,1.));
#7301=DIRECTION('',(0.,-1.,1.24047266715328E-16));
#7302=DIRECTION('',(0.,0.,1.));
#7303=DIRECTION('',(0.,-1.,0.));
#7304=DIRECTION('center_axis',(0.,0.7926239891046,0.609710760849693));
#7305=DIRECTION('ref_axis',(1.,0.,0.));
#7306=DIRECTION('',(0.,0.609710760849693,-0.7926239891046));
#7307=DIRECTION('',(-1.,0.,0.));
#7308=DIRECTION('',(0.,0.609710760849693,-0.7926239891046));
#7309=DIRECTION('',(0.,-0.609710760849693,0.7926239891046));
#7310=DIRECTION('',(1.,0.,0.));
#7311=DIRECTION('center_axis',(0.,0.,1.));
#7312=DIRECTION('ref_axis',(0.,-1.,0.));
#7313=DIRECTION('',(0.,1.,0.));
#7314=DIRECTION('',(-1.,0.,0.));
#7315=DIRECTION('',(0.,-1.,0.));
#7316=DIRECTION('center_axis',(1.,0.,0.));
#7317=DIRECTION('ref_axis',(0.,1.,0.));
#7318=DIRECTION('',(0.,1.,0.));
#7319=DIRECTION('',(0.,-0.609710760849692,-0.7926239891046));
#7320=DIRECTION('center_axis',(0.,-0.7926239891046,0.609710760849692));
#7321=DIRECTION('ref_axis',(1.,0.,0.));
#7322=DIRECTION('',(0.,0.609710760849692,0.7926239891046));
#7323=DIRECTION('',(0.,0.609710760849692,0.7926239891046));
#7324=DIRECTION('',(1.,0.,0.));
#7325=DIRECTION('center_axis',(0.,1.,1.2335811384724E-16));
#7326=DIRECTION('ref_axis',(0.,-1.2335811384724E-16,1.));
#7327=DIRECTION('',(0.,-1.2335811384724E-16,1.));
#7328=DIRECTION('',(1.,0.,0.));
#7329=DIRECTION('',(0.,1.2335811384724E-16,-1.));
#7330=DIRECTION('center_axis',(0.,0.,-1.));
#7331=DIRECTION('ref_axis',(0.,1.,0.));
#7332=DIRECTION('',(0.,-1.,0.));
#7333=DIRECTION('',(0.,1.,0.));
#7334=DIRECTION('',(1.,0.,0.));
#7335=DIRECTION('center_axis',(0.,-1.,0.));
#7336=DIRECTION('ref_axis',(0.,0.,-1.));
#7337=DIRECTION('',(0.,0.,1.));
#7338=DIRECTION('',(0.,0.,-1.));
#7339=DIRECTION('center_axis',(1.,0.,0.));
#7340=DIRECTION('ref_axis',(0.,0.,-1.));
#7341=DIRECTION('center_axis',(0.,1.,0.));
#7342=DIRECTION('ref_axis',(0.,0.,1.));
#7343=DIRECTION('',(0.,0.,1.));
#7344=DIRECTION('',(1.,0.,0.));
#7345=DIRECTION('',(1.,0.,0.));
#7346=DIRECTION('center_axis',(0.,1.24047266715328E-16,-1.));
#7347=DIRECTION('ref_axis',(0.,1.,1.24047266715328E-16));
#7348=DIRECTION('',(0.,1.,1.24047266715328E-16));
#7349=DIRECTION('',(-1.,-9.91270557701033E-17,-1.22964403258192E-32));
#7350=DIRECTION('center_axis',(9.91270557701033E-17,-1.,0.));
#7351=DIRECTION('ref_axis',(1.,9.91270557701033E-17,0.));
#7352=DIRECTION('',(0.,0.,1.));
#7353=DIRECTION('',(1.,9.91270557701033E-17,0.));
#7354=DIRECTION('center_axis',(-1.,0.,0.));
#7355=DIRECTION('ref_axis',(0.,-1.,0.));
#7356=DIRECTION('',(0.,-1.,0.));
#7357=DIRECTION('',(0.,0.,1.));
#7358=DIRECTION('',(0.,1.,0.));
#7359=DIRECTION('',(0.,0.148340452930245,-0.988936352868298));
#7360=DIRECTION('',(0.,-1.,0.));
#7361=DIRECTION('center_axis',(0.,1.,0.));
#7362=DIRECTION('ref_axis',(0.,0.,1.));
#7363=DIRECTION('',(0.,0.,-1.));
#7364=DIRECTION('',(-1.,0.,0.));
#7365=DIRECTION('',(1.,0.,0.));
#7366=DIRECTION('center_axis',(0.,1.24047266715328E-16,1.));
#7367=DIRECTION('ref_axis',(0.,-1.,1.24047266715328E-16));
#7368=DIRECTION('',(0.,1.,-1.24047266715328E-16));
#7369=DIRECTION('',(1.,-9.91270557701033E-17,1.22964403258192E-32));
#7370=DIRECTION('center_axis',(-1.,0.,0.));
#7371=DIRECTION('ref_axis',(0.,-1.,0.));
#7372=DIRECTION('',(0.,0.,1.));
#7373=DIRECTION('',(0.,-1.,0.));
#7374=DIRECTION('',(0.,0.148340452930245,0.988936352868298));
#7375=DIRECTION('',(0.,1.,0.));
#7376=DIRECTION('',(0.,0.,1.));
#7377=DIRECTION('',(0.,-1.,0.));
#7378=DIRECTION('center_axis',(0.,-1.,0.));
#7379=DIRECTION('ref_axis',(0.,0.,1.));
#7380=DIRECTION('',(0.,0.,-1.));
#7381=DIRECTION('',(1.,0.,0.));
#7382=DIRECTION('',(0.,0.,1.));
#7383=DIRECTION('',(-1.,0.,0.));
#7384=DIRECTION('center_axis',(0.,-1.24047266715328E-16,1.));
#7385=DIRECTION('ref_axis',(0.,1.,1.24047266715328E-16));
#7386=DIRECTION('',(0.,-1.,-1.24047266715328E-16));
#7387=DIRECTION('',(0.,1.,1.24047266715328E-16));
#7388=DIRECTION('',(-1.,9.91270557701033E-17,1.22964403258192E-32));
#7389=DIRECTION('center_axis',(0.,0.,1.));
#7390=DIRECTION('ref_axis',(1.,0.,0.));
#7391=DIRECTION('',(1.,0.,0.));
#7392=DIRECTION('',(0.,1.,0.));
#7393=DIRECTION('',(-1.,0.,0.));
#7394=DIRECTION('',(0.,1.,0.));
#7395=DIRECTION('',(0.,1.,0.));
#7396=DIRECTION('',(0.,1.,0.));
#7397=DIRECTION('',(-1.,0.,0.));
#7398=DIRECTION('',(0.,1.,0.));
#7399=DIRECTION('',(1.,0.,0.));
#7400=DIRECTION('',(0.,-1.,0.));
#7401=DIRECTION('',(-1.,0.,0.));
#7402=DIRECTION('center_axis',(0.,-1.,0.));
#7403=DIRECTION('ref_axis',(0.,0.,1.));
#7404=DIRECTION('',(0.,0.,1.));
#7405=DIRECTION('',(-1.,0.,0.));
#7406=DIRECTION('',(0.,0.,1.));
#7407=DIRECTION('center_axis',(0.,-1.24047266715328E-16,-1.));
#7408=DIRECTION('ref_axis',(0.,-1.,1.24047266715328E-16));
#7409=DIRECTION('',(0.,-1.,1.24047266715328E-16));
#7410=DIRECTION('',(1.,9.91270557701033E-17,-1.22964403258192E-32));
#7411=DIRECTION('',(0.,-1.,1.24047266715328E-16));
#7412=DIRECTION('center_axis',(-9.91270557701033E-17,1.,0.));
#7413=DIRECTION('ref_axis',(-1.,-9.91270557701033E-17,0.));
#7414=DIRECTION('',(0.,0.,1.));
#7415=DIRECTION('',(-1.,-9.91270557701033E-17,0.));
#7416=DIRECTION('',(0.,0.,1.));
#7417=DIRECTION('center_axis',(1.,0.,0.));
#7418=DIRECTION('ref_axis',(0.,1.,0.));
#7419=DIRECTION('',(0.,0.,1.));
#7420=DIRECTION('',(0.,-1.,0.));
#7421=DIRECTION('',(0.,-0.148340452930245,-0.988936352868298));
#7422=DIRECTION('',(0.,1.,0.));
#7423=DIRECTION('center_axis',(0.,0.,1.));
#7424=DIRECTION('ref_axis',(1.,0.,0.));
#7425=DIRECTION('center_axis',(0.,0.,1.));
#7426=DIRECTION('ref_axis',(1.,0.,0.));
#7427=DIRECTION('',(0.,0.,1.));
#7428=DIRECTION('center_axis',(0.,0.,-1.));
#7429=DIRECTION('ref_axis',(1.,0.,0.));
#7430=DIRECTION('center_axis',(-1.,0.,0.));
#7431=DIRECTION('ref_axis',(0.,1.,0.));
#7432=DIRECTION('',(0.,0.,-1.));
#7433=DIRECTION('',(0.,1.,0.));
#7434=DIRECTION('',(0.,0.,-1.));
#7435=DIRECTION('center_axis',(0.,-1.,0.));
#7436=DIRECTION('ref_axis',(-1.,0.,0.));
#7437=DIRECTION('',(0.,0.,-1.));
#7438=DIRECTION('',(-1.,0.,0.));
#7439=DIRECTION('center_axis',(1.,0.,0.));
#7440=DIRECTION('ref_axis',(0.,-1.,0.));
#7441=DIRECTION('',(0.,0.,-1.));
#7442=DIRECTION('',(0.,-1.,0.));
#7443=DIRECTION('center_axis',(0.,1.,0.));
#7444=DIRECTION('ref_axis',(1.,0.,0.));
#7445=DIRECTION('',(1.,0.,0.));
#7446=DIRECTION('center_axis',(0.,0.,-1.));
#7447=DIRECTION('ref_axis',(-1.,0.,0.));
#7448=DIRECTION('center_axis',(0.,0.988936352868298,-0.148340452930245));
#7449=DIRECTION('ref_axis',(0.,0.148340452930245,0.988936352868298));
#7450=DIRECTION('',(-1.,0.,0.));
#7451=DIRECTION('',(0.,-0.148340452930245,-0.988936352868298));
#7452=DIRECTION('',(1.,0.,0.));
#7453=DIRECTION('center_axis',(0.,-0.988936352868298,-0.148340452930245));
#7454=DIRECTION('ref_axis',(0.,0.148340452930245,-0.988936352868298));
#7455=DIRECTION('',(0.,-0.148340452930245,0.988936352868298));
#7456=DIRECTION('',(-1.,0.,0.));
#7457=DIRECTION('',(0.,-0.148340452930245,0.988936352868298));
#7458=DIRECTION('',(1.,0.,0.));
#7459=DIRECTION('center_axis',(1.,0.,0.));
#7460=DIRECTION('ref_axis',(0.,1.,0.));
#7461=DIRECTION('',(0.,0.,1.));
#7462=DIRECTION('',(0.,1.,0.));
#7463=DIRECTION('',(0.,-1.,0.));
#7464=DIRECTION('',(0.,0.,1.));
#7465=DIRECTION('center_axis',(0.,0.,1.));
#7466=DIRECTION('ref_axis',(1.,0.,0.));
#7467=DIRECTION('',(-1.,0.,0.));
#7468=DIRECTION('',(-1.,0.,0.));
#7469=DIRECTION('',(1.,0.,0.));
#7470=DIRECTION('',(1.,0.,0.));
#7471=DIRECTION('',(0.,-1.,0.));
#7472=DIRECTION('center_axis',(0.,0.988936352868298,-0.148340452930245));
#7473=DIRECTION('ref_axis',(0.,0.148340452930245,0.988936352868298));
#7474=DIRECTION('',(1.,0.,0.));
#7475=DIRECTION('center_axis',(0.,-0.988936352868298,-0.148340452930245));
#7476=DIRECTION('ref_axis',(0.,0.148340452930245,-0.988936352868298));
#7477=DIRECTION('',(-1.,0.,0.));
#7478=DIRECTION('center_axis',(0.,0.,1.));
#7479=DIRECTION('ref_axis',(1.,0.,0.));
#7480=DIRECTION('',(-1.,9.91270557701033E-17,0.));
#7481=DIRECTION('center_axis',(0.,0.,1.));
#7482=DIRECTION('ref_axis',(1.,0.,0.));
#7483=DIRECTION('',(0.,-1.,0.));
#7484=DIRECTION('center_axis',(0.,0.,1.));
#7485=DIRECTION('ref_axis',(1.,0.,0.));
#7486=DIRECTION('center_axis',(0.,0.,1.));
#7487=DIRECTION('ref_axis',(1.,0.,0.));
#7488=DIRECTION('',(0.,-1.,0.));
#7489=DIRECTION('',(1.,-9.91270557701033E-17,0.));
#7490=DIRECTION('center_axis',(9.91270557701033E-17,1.,0.));
#7491=DIRECTION('ref_axis',(-1.,9.91270557701033E-17,0.));
#7492=DIRECTION('center_axis',(0.,1.,0.));
#7493=DIRECTION('ref_axis',(-1.,0.,0.));
#7494=DIRECTION('center_axis',(-9.91270557701033E-17,-1.,0.));
#7495=DIRECTION('ref_axis',(1.,-9.91270557701033E-17,0.));
#7496=DIRECTION('',(0.,0.,1.));
#7497=DIRECTION('center_axis',(1.,0.,0.));
#7498=DIRECTION('ref_axis',(0.,1.,0.));
#7499=DIRECTION('center_axis',(0.,-1.,0.));
#7500=DIRECTION('ref_axis',(1.,0.,0.));
#7501=DIRECTION('axis',(0.,0.,1.));
#7502=DIRECTION('refdir',(1.,0.,0.));
#7503=DIRECTION('center_axis',(0.,2.41946628458177E-16,1.));
#7504=DIRECTION('ref_axis',(-0.70710678118655,-0.707106781186545,0.));
#7505=DIRECTION('center_axis',(0.,0.,1.));
#7506=DIRECTION('ref_axis',(-1.,0.,0.));
#7507=DIRECTION('',(0.,2.41946628458177E-16,1.));
#7508=DIRECTION('center_axis',(0.,-0.386984159667317,0.922086362639954));
#7509=DIRECTION('ref_axis',(3.73231800701571E-16,-0.922086362639954,-0.386984159667318));
#7510=DIRECTION('',(0.,-2.41946628458177E-16,-1.));
#7511=DIRECTION('center_axis',(-1.,0.,0.));
#7512=DIRECTION('ref_axis',(0.,0.,1.));
#7513=DIRECTION('center_axis',(-1.,0.,0.));
#7514=DIRECTION('ref_axis',(0.,0.487448661690834,-0.873151649036875));
#7515=DIRECTION('center_axis',(0.,1.,-2.41946628458177E-16));
#7516=DIRECTION('ref_axis',(-0.707106781186549,1.15648231731787E-16,0.707106781186546));
#7517=DIRECTION('center_axis',(-1.,0.,0.));
#7518=DIRECTION('ref_axis',(0.,1.,0.));
#7519=DIRECTION('center_axis',(-1.,0.,0.));
#7520=DIRECTION('ref_axis',(0.,0.,1.));
#7521=DIRECTION('',(0.,0.713665632373835,-0.700486520333157));
#7522=DIRECTION('center_axis',(-1.,0.,0.));
#7523=DIRECTION('ref_axis',(0.,0.99946919964406,0.0325778907061491));
#7524=DIRECTION('',(0.,-0.545675724135386,-0.837996422480026));
#7525=DIRECTION('',(0.,-0.83799642248003,0.54567572413538));
#7526=DIRECTION('',(0.,0.54567572413538,0.83799642248003));
#7527=DIRECTION('center_axis',(1.,0.,0.));
#7528=DIRECTION('ref_axis',(0.,0.999772100422316,0.0213482368628067));
#7529=DIRECTION('',(0.,-0.713665632373834,0.700486520333158));
#7530=DIRECTION('',(0.,0.,1.));
#7531=DIRECTION('',(0.,1.,0.));
#7532=DIRECTION('',(0.,0.,-1.));
#7533=DIRECTION('',(0.,-0.713665632373834,-0.700486520333158));
#7534=DIRECTION('center_axis',(1.,0.,0.));
#7535=DIRECTION('ref_axis',(0.,-0.999772100422316,0.0213482368628067));
#7536=DIRECTION('',(0.,0.54567572413538,-0.83799642248003));
#7537=DIRECTION('',(0.,0.83799642248003,0.54567572413538));
#7538=DIRECTION('',(0.,-0.545675724135386,0.837996422480026));
#7539=DIRECTION('center_axis',(-1.,0.,0.));
#7540=DIRECTION('ref_axis',(0.,-0.999996147897168,0.0027756424167652));
#7541=DIRECTION('',(0.,0.713665632373835,0.700486520333157));
#7542=DIRECTION('',(0.,-2.41946628458177E-16,1.));
#7543=DIRECTION('center_axis',(-1.,0.,0.));
#7544=DIRECTION('ref_axis',(0.,-0.707106781186549,-0.707106781186546));
#7545=DIRECTION('',(0.,-1.,0.));
#7546=DIRECTION('center_axis',(0.,-1.,0.));
#7547=DIRECTION('ref_axis',(0.70710678118654,0.,-0.707106781186555));
#7548=DIRECTION('center_axis',(0.,-1.,0.));
#7549=DIRECTION('ref_axis',(0.,0.,-1.));
#7550=DIRECTION('',(0.,-1.,0.));
#7551=DIRECTION('center_axis',(0.,-1.,0.));
#7552=DIRECTION('ref_axis',(0.70710678118654,0.,-0.707106781186555));
#7553=DIRECTION('',(0.,1.,0.));
#7554=DIRECTION('center_axis',(-1.,0.,0.));
#7555=DIRECTION('ref_axis',(0.,0.707106781186547,-0.707106781186547));
#7556=DIRECTION('center_axis',(-1.,0.,0.));
#7557=DIRECTION('ref_axis',(0.,1.,0.));
#7558=DIRECTION('',(-1.,0.,0.));
#7559=DIRECTION('center_axis',(1.,0.,0.));
#7560=DIRECTION('ref_axis',(0.,0.,-1.));
#7561=DIRECTION('',(1.,0.,0.));
#7562=DIRECTION('center_axis',(0.,1.,0.));
#7563=DIRECTION('ref_axis',(-0.70710678118655,0.,-0.707106781186545));
#7564=DIRECTION('center_axis',(0.,1.,0.));
#7565=DIRECTION('ref_axis',(0.,0.,-1.));
#7566=DIRECTION('center_axis',(0.,-1.,0.));
#7567=DIRECTION('ref_axis',(-1.,0.,0.));
#7568=DIRECTION('',(0.,-1.,0.));
#7569=DIRECTION('center_axis',(-1.,0.,0.));
#7570=DIRECTION('ref_axis',(0.,-0.707106781186547,-0.707106781186547));
#7571=DIRECTION('center_axis',(-1.,0.,0.));
#7572=DIRECTION('ref_axis',(0.,0.,-1.));
#7573=DIRECTION('',(-1.,0.,0.));
#7574=DIRECTION('center_axis',(1.,0.,0.));
#7575=DIRECTION('ref_axis',(0.,-1.,0.));
#7576=DIRECTION('',(1.,0.,0.));
#7577=DIRECTION('center_axis',(0.,-1.,0.));
#7578=DIRECTION('ref_axis',(0.70710678118654,0.,-0.707106781186555));
#7579=DIRECTION('center_axis',(0.,1.,0.));
#7580=DIRECTION('ref_axis',(1.,0.,0.));
#7581=DIRECTION('',(0.,1.,0.));
#7582=DIRECTION('center_axis',(0.,1.,0.));
#7583=DIRECTION('ref_axis',(0.70710678118654,0.,-0.707106781186555));
#7584=DIRECTION('',(0.,-1.,0.));
#7585=DIRECTION('center_axis',(-0.40824829046386,-0.816496580927726,0.408248290463866));
#7586=DIRECTION('ref_axis',(0.577350269189622,-0.577350269189627,-0.577350269189628));
#7587=DIRECTION('center_axis',(0.,0.,-1.));
#7588=DIRECTION('ref_axis',(0.707106781186541,-0.707106781186554,0.));
#7589=DIRECTION('center_axis',(0.408248290463865,-0.816496580927725,0.408248290463865));
#7590=DIRECTION('ref_axis',(-0.577350269189627,-0.577350269189624,-0.577350269189627));
#7591=DIRECTION('center_axis',(0.,0.,-1.));
#7592=DIRECTION('ref_axis',(-0.70710678118655,-0.707106781186545,0.));
#7593=DIRECTION('center_axis',(-0.408248290463865,-0.816496580927724,-0.408248290463865));
#7594=DIRECTION('ref_axis',(-0.577350269189626,0.577350269189626,-0.577350269189626));
#7595=DIRECTION('center_axis',(0.,0.,-1.));
#7596=DIRECTION('ref_axis',(-0.707106781186551,0.707106781186544,0.));
#7597=DIRECTION('center_axis',(0.40824829046386,-0.816496580927726,-0.408248290463866));
#7598=DIRECTION('ref_axis',(0.577350269189622,0.577350269189628,-0.577350269189628));
#7599=DIRECTION('center_axis',(0.,0.,-1.));
#7600=DIRECTION('ref_axis',(0.707106781186542,0.707106781186553,0.));
#7601=DIRECTION('center_axis',(0.,0.,-1.));
#7602=DIRECTION('ref_axis',(0.70710678118654,0.707106781186555,0.));
#7603=DIRECTION('',(0.,0.,1.));
#7604=DIRECTION('center_axis',(-1.43212908075961E-15,0.386984159667325,
-0.922086362639951));
#7605=DIRECTION('ref_axis',(-3.41240503498581E-15,0.922086362639951,0.386984159667324));
#7606=DIRECTION('',(0.,0.,-1.));
#7607=DIRECTION('center_axis',(0.,1.,0.));
#7608=DIRECTION('ref_axis',(0.,0.,1.));
#7609=DIRECTION('',(0.,0.,-1.));
#7610=DIRECTION('',(1.,0.,0.));
#7611=DIRECTION('center_axis',(0.,0.,1.));
#7612=DIRECTION('ref_axis',(-0.70710678118655,0.707106781186545,0.));
#7613=DIRECTION('center_axis',(0.,0.386984159667325,-0.922086362639951));
#7614=DIRECTION('ref_axis',(0.,-0.922086362639951,-0.386984159667324));
#7615=DIRECTION('center_axis',(0.,0.,1.));
#7616=DIRECTION('ref_axis',(-0.70710678118655,-0.707106781186545,0.));
#7617=DIRECTION('',(0.,0.,1.));
#7618=DIRECTION('center_axis',(0.,0.386984159667325,0.922086362639951));
#7619=DIRECTION('ref_axis',(0.,0.922086362639951,-0.386984159667325));
#7620=DIRECTION('center_axis',(0.,-1.,0.));
#7621=DIRECTION('ref_axis',(0.,0.,1.));
#7622=DIRECTION('',(0.,0.,-1.));
#7623=DIRECTION('',(1.,0.,0.));
#7624=DIRECTION('center_axis',(0.,0.,1.));
#7625=DIRECTION('ref_axis',(0.70710678118654,-0.707106781186555,0.));
#7626=DIRECTION('',(0.,0.,1.));
#7627=DIRECTION('center_axis',(-7.16064540379807E-16,-0.386984159667325,
-0.922086362639951));
#7628=DIRECTION('ref_axis',(1.7062025174929E-15,0.922086362639951,-0.386984159667324));
#7629=DIRECTION('center_axis',(-1.,0.,0.));
#7630=DIRECTION('ref_axis',(0.,0.,1.));
#7631=DIRECTION('',(0.,0.,1.));
#7632=DIRECTION('',(0.,1.,0.));
#7633=DIRECTION('center_axis',(1.,0.,0.));
#7634=DIRECTION('ref_axis',(0.,-1.,0.));
#7635=DIRECTION('',(0.,2.41946628458177E-16,-1.));
#7636=DIRECTION('',(0.,-0.713665632373835,-0.700486520333157));
#7637=DIRECTION('center_axis',(-1.,0.,0.));
#7638=DIRECTION('ref_axis',(0.,-0.0611048286969544,-0.998131354036089));
#7639=DIRECTION('',(0.,0.662577810218972,-0.748993087688686));
#7640=DIRECTION('',(0.,0.713665632373834,0.700486520333158));
#7641=DIRECTION('center_axis',(0.,2.41946628458177E-16,1.));
#7642=DIRECTION('ref_axis',(0.707106781186548,-0.707106781186548,0.));
#7643=DIRECTION('center_axis',(0.,0.,1.));
#7644=DIRECTION('ref_axis',(0.,-1.,0.));
#7645=DIRECTION('',(0.,2.41946628458177E-16,1.));
#7646=DIRECTION('',(0.,-2.41946628458177E-16,-1.));
#7647=DIRECTION('center_axis',(-1.,0.,0.));
#7648=DIRECTION('ref_axis',(0.,0.435620863319291,-0.900130248042446));
#7649=DIRECTION('center_axis',(1.,0.,0.));
#7650=DIRECTION('ref_axis',(0.,1.,0.));
#7651=DIRECTION('center_axis',(-1.,0.,0.));
#7652=DIRECTION('ref_axis',(0.,1.,0.));
#7653=DIRECTION('center_axis',(1.,0.,0.));
#7654=DIRECTION('ref_axis',(0.,0.,1.));
#7655=DIRECTION('center_axis',(0.,1.,0.));
#7656=DIRECTION('ref_axis',(0.93333333333332,0.,0.359010987142335));
#7657=DIRECTION('',(0.,-1.,0.));
#7658=DIRECTION('',(0.,1.,0.));
#7659=DIRECTION('center_axis',(0.,1.,0.));
#7660=DIRECTION('ref_axis',(0.93333333333332,0.,0.359010987142335));
#7661=DIRECTION('',(0.,1.,0.));
#7662=DIRECTION('center_axis',(-1.,0.,0.));
#7663=DIRECTION('ref_axis',(0.,0.,1.));
#7664=DIRECTION('',(0.,0.713665632373834,-0.700486520333158));
#7665=DIRECTION('',(0.,-0.662577810218972,-0.748993087688686));
#7666=DIRECTION('center_axis',(-1.,0.,0.));
#7667=DIRECTION('ref_axis',(0.,0.0611048286969533,-0.998131354036089));
#7668=DIRECTION('',(0.,-0.713665632373835,0.700486520333157));
#7669=DIRECTION('',(0.,0.,-1.));
#7670=DIRECTION('center_axis',(0.,-0.713665632373835,0.700486520333157));
#7671=DIRECTION('ref_axis',(0.707106781186542,-0.495318768657349,-0.504637808151326));
#7672=DIRECTION('center_axis',(0.,0.662577810218972,0.748993087688686));
#7673=DIRECTION('ref_axis',(-8.98596298444546E-18,-0.748993087688686,0.662577810218972));
#7674=DIRECTION('center_axis',(0.,0.,1.));
#7675=DIRECTION('ref_axis',(-1.21515041142723E-16,-1.,0.));
#7676=DIRECTION('',(0.,0.713665632373835,-0.700486520333157));
#7677=DIRECTION('center_axis',(0.,1.,-2.41946628458177E-16));
#7678=DIRECTION('ref_axis',(6.19006263238362E-17,-2.62622115799675E-16,
-1.));
#7679=DIRECTION('center_axis',(0.,0.713665632373835,0.700486520333157));
#7680=DIRECTION('ref_axis',(0.707106781186535,0.495318768657348,-0.504637808151337));
#7681=DIRECTION('',(0.,0.713665632373835,0.700486520333157));
#7682=DIRECTION('center_axis',(0.,0.,1.));
#7683=DIRECTION('ref_axis',(-6.07575205713616E-17,1.,0.));
#7684=DIRECTION('center_axis',(0.,-0.662577810218972,0.748993087688686));
#7685=DIRECTION('ref_axis',(-4.49298149222273E-18,0.748993087688686,0.662577810218972));
#7686=DIRECTION('center_axis',(1.07742635102422E-14,0.386984159667324,0.922086362639951));
#7687=DIRECTION('ref_axis',(2.56723723752012E-14,-0.922086362639951,0.386984159667325));
#7688=DIRECTION('center_axis',(0.,2.41946628458177E-16,-1.));
#7689=DIRECTION('ref_axis',(0.70710678118654,0.707106781186555,0.));
#7690=DIRECTION('center_axis',(0.,0.,1.));
#7691=DIRECTION('ref_axis',(1.,0.,0.));
#7692=DIRECTION('',(0.,-2.41946628458177E-16,1.));
#7693=DIRECTION('center_axis',(1.,0.,0.));
#7694=DIRECTION('ref_axis',(0.,0.,-1.));
#7695=DIRECTION('center_axis',(-1.,0.,0.));
#7696=DIRECTION('ref_axis',(0.,-1.,0.));
#7697=DIRECTION('center_axis',(1.,0.,0.));
#7698=DIRECTION('ref_axis',(0.,0.707106781186545,-0.70710678118655));
#7699=DIRECTION('',(-1.,0.,0.));
#7700=DIRECTION('',(1.,0.,0.));
#7701=DIRECTION('center_axis',(0.,1.,0.));
#7702=DIRECTION('ref_axis',(-0.70710678118655,0.,0.707106781186545));
#7703=DIRECTION('center_axis',(0.,1.,0.));
#7704=DIRECTION('ref_axis',(-1.,0.,0.));
#7705=DIRECTION('',(0.,1.,0.));
#7706=DIRECTION('center_axis',(0.,1.,-2.41946628458177E-16));
#7707=DIRECTION('ref_axis',(0.,-2.41946628458177E-16,-1.));
#7708=DIRECTION('',(-1.,0.,0.));
#7709=DIRECTION('center_axis',(0.,-0.713665632373835,-0.700486520333157));
#7710=DIRECTION('ref_axis',(0.70710678118655,0.495318768657342,-0.504637808151322));
#7711=DIRECTION('center_axis',(0.,0.,1.));
#7712=DIRECTION('ref_axis',(-1.62020054856964E-16,1.,2.86413698693941E-17));
#7713=DIRECTION('',(0.,0.713665632373835,0.700486520333157));
#7714=DIRECTION('',(0.,-0.713665632373835,-0.700486520333157));
#7715=DIRECTION('center_axis',(0.,0.700486520333157,-0.713665632373835));
#7716=DIRECTION('ref_axis',(0.,-0.713665632373835,-0.700486520333157));
#7717=DIRECTION('',(-1.,0.,0.));
#7718=DIRECTION('',(0.,-0.713665632373835,-0.700486520333157));
#7719=DIRECTION('',(-1.,0.,0.));
#7720=DIRECTION('',(1.,0.,0.));
#7721=DIRECTION('center_axis',(0.,0.,-1.));
#7722=DIRECTION('ref_axis',(0.,-1.,0.));
#7723=DIRECTION('center_axis',(0.,0.,-1.));
#7724=DIRECTION('ref_axis',(-1.15492968227371E-16,-1.,0.));
#7725=DIRECTION('center_axis',(0.,0.,1.));
#7726=DIRECTION('ref_axis',(0.,1.,0.));
#7727=DIRECTION('',(-1.,0.,0.));
#7728=DIRECTION('center_axis',(0.,-0.662577810218972,0.748993087688686));
#7729=DIRECTION('ref_axis',(0.707106781186546,-0.52961809136652,-0.46851326266957));
#7730=DIRECTION('',(0.,0.662577810218972,-0.748993087688686));
#7731=DIRECTION('center_axis',(0.,-0.662577810218972,0.748993087688686));
#7732=DIRECTION('ref_axis',(0.707106781186547,-0.52961809136652,-0.468513262669569));
#7733=DIRECTION('',(0.,-0.662577810218972,0.748993087688686));
#7734=DIRECTION('center_axis',(0.,0.662577810218972,-0.748993087688686));
#7735=DIRECTION('ref_axis',(0.707106781186548,-0.52961809136652,-0.468513262669568));
#7736=DIRECTION('center_axis',(0.,0.713665632373835,-0.700486520333157));
#7737=DIRECTION('ref_axis',(0.70710678118654,-0.49531876865735,-0.50463780815133));
#7738=DIRECTION('',(0.,-0.713665632373835,0.700486520333157));
#7739=DIRECTION('',(0.,0.713665632373835,-0.700486520333157));
#7740=DIRECTION('center_axis',(0.,0.,1.));
#7741=DIRECTION('ref_axis',(-8.10100274284822E-17,-1.,0.));
#7742=DIRECTION('center_axis',(0.,0.700486520333157,0.713665632373835));
#7743=DIRECTION('ref_axis',(0.,0.713665632373835,-0.700486520333157));
#7744=DIRECTION('',(1.,0.,0.));
#7745=DIRECTION('',(-1.,0.,0.));
#7746=DIRECTION('',(0.,-0.713665632373835,0.700486520333157));
#7747=DIRECTION('center_axis',(1.,0.,0.));
#7748=DIRECTION('ref_axis',(0.,0.,-1.));
#7749=DIRECTION('',(0.,-0.662577810218972,-0.748993087688686));
#7750=DIRECTION('',(0.,0.748993087688686,-0.662577810218972));
#7751=DIRECTION('',(0.,0.713665632373834,-0.700486520333158));
#7752=DIRECTION('',(0.,-0.54567572413538,-0.83799642248003));
#7753=DIRECTION('',(0.,0.83799642248003,-0.54567572413538));
#7754=DIRECTION('',(0.,0.545675724135386,0.837996422480026));
#7755=DIRECTION('',(0.,0.,1.));
#7756=DIRECTION('center_axis',(1.,0.,0.));
#7757=DIRECTION('ref_axis',(0.,0.,-1.));
#7758=DIRECTION('center_axis',(1.,0.,0.));
#7759=DIRECTION('ref_axis',(0.,0.,-1.));
#7760=DIRECTION('center_axis',(0.,0.,1.));
#7761=DIRECTION('ref_axis',(0.,1.,0.));
#7762=DIRECTION('center_axis',(0.,-2.41946628458177E-16,1.));
#7763=DIRECTION('ref_axis',(-0.70710678118655,0.707106781186545,0.));
#7764=DIRECTION('center_axis',(0.,0.386984159667313,0.922086362639955));
#7765=DIRECTION('ref_axis',(3.73231800701572E-16,0.922086362639955,-0.386984159667313));
#7766=DIRECTION('',(0.,2.41946628458177E-16,-1.));
#7767=DIRECTION('center_axis',(1.,0.,0.));
#7768=DIRECTION('ref_axis',(0.,-0.707106781186547,-0.707106781186547));
#7769=DIRECTION('',(-1.,0.,0.));
#7770=DIRECTION('',(1.,0.,0.));
#7771=DIRECTION('center_axis',(0.,1.,0.));
#7772=DIRECTION('ref_axis',(0.93333333333332,0.,0.359010987142335));
#7773=DIRECTION('',(0.,-1.,0.));
#7774=DIRECTION('center_axis',(0.,1.,2.41946628458177E-16));
#7775=DIRECTION('ref_axis',(0.,2.41946628458177E-16,-1.));
#7776=DIRECTION('center_axis',(0.,-0.748993087688686,-0.662577810218972));
#7777=DIRECTION('ref_axis',(0.707106781186554,0.468513262669566,-0.529618091366514));
#7778=DIRECTION('center_axis',(-2.07887342809269E-15,0.748993087688687,
0.662577810218972));
#7779=DIRECTION('ref_axis',(1.,2.77555756156291E-15,0.));
#7780=DIRECTION('',(0.,0.748993087688686,0.662577810218972));
#7781=DIRECTION('center_axis',(0.,0.662577810218972,-0.748993087688686));
#7782=DIRECTION('ref_axis',(-1.,0.,0.));
#7783=DIRECTION('center_axis',(1.,0.,0.));
#7784=DIRECTION('ref_axis',(0.,-0.748993087688686,-0.662577810218972));
#7785=DIRECTION('center_axis',(0.,-0.662577810218972,0.748993087688686));
#7786=DIRECTION('ref_axis',(0.707106781186548,-0.52961809136652,-0.468513262669568));
#7787=DIRECTION('center_axis',(-1.,0.,0.));
#7788=DIRECTION('ref_axis',(0.,-0.0611048286969544,-0.998131354036089));
#7789=DIRECTION('',(-1.,0.,0.));
#7790=DIRECTION('',(-1.,0.,0.));
#7791=DIRECTION('center_axis',(0.,-0.662577810218972,0.748993087688686));
#7792=DIRECTION('ref_axis',(-1.,0.,0.));
#7793=DIRECTION('center_axis',(0.,0.748993087688686,-0.662577810218972));
#7794=DIRECTION('ref_axis',(0.707106781186543,-0.468513262669575,-0.529618091366521));
#7795=DIRECTION('center_axis',(0.,0.,1.));
#7796=DIRECTION('ref_axis',(-7.66259521365438E-17,-1.,0.));
#7797=DIRECTION('',(0.,0.748993087688686,-0.662577810218972));
#7798=DIRECTION('center_axis',(0.,-0.748993087688687,0.662577810218971));
#7799=DIRECTION('ref_axis',(0.,-0.662577810218971,-0.748993087688687));
#7800=DIRECTION('center_axis',(0.,0.662577810218972,0.748993087688686));
#7801=DIRECTION('ref_axis',(1.,0.,0.));
#7802=DIRECTION('center_axis',(0.,0.662577810218972,0.748993087688686));
#7803=DIRECTION('ref_axis',(0.707106781186548,0.52961809136652,-0.468513262669568));
#7804=DIRECTION('center_axis',(1.,0.,0.));
#7805=DIRECTION('ref_axis',(0.,-0.662577810218971,-0.748993087688688));
#7806=DIRECTION('center_axis',(0.,-0.662577810218972,-0.748993087688686));
#7807=DIRECTION('ref_axis',(0.707106781186548,0.52961809136652,-0.468513262669568));
#7808=DIRECTION('center_axis',(-1.,0.,0.));
#7809=DIRECTION('ref_axis',(0.,0.0611048286969533,-0.998131354036089));
#7810=DIRECTION('',(1.,0.,0.));
#7811=DIRECTION('',(-1.,0.,0.));
#7812=DIRECTION('center_axis',(0.,-0.662577810218972,-0.748993087688686));
#7813=DIRECTION('ref_axis',(0.707106781186546,0.52961809136652,-0.46851326266957));
#7814=DIRECTION('center_axis',(0.,0.,-1.));
#7815=DIRECTION('ref_axis',(-1.15492968227371E-16,1.,0.));
#7816=DIRECTION('',(0.,0.662577810218972,0.748993087688686));
#7817=DIRECTION('center_axis',(0.,0.662577810218972,0.748993087688686));
#7818=DIRECTION('ref_axis',(0.707106781186547,0.52961809136652,-0.468513262669569));
#7819=DIRECTION('center_axis',(0.,0.748993087688686,-0.662577810218972));
#7820=DIRECTION('ref_axis',(-1.,0.,0.));
#7821=DIRECTION('center_axis',(0.,-0.748993087688686,0.662577810218972));
#7822=DIRECTION('ref_axis',(-1.12028179185894E-14,0.662577810218972,0.748993087688686));
#7823=DIRECTION('',(-1.,0.,0.));
#7824=DIRECTION('center_axis',(0.,-0.545675724135386,0.837996422480026));
#7825=DIRECTION('ref_axis',(-0.707106781186549,0.592552952945692,0.385851004865011));
#7826=DIRECTION('center_axis',(3.02910876457056E-15,0.545675724135388,-0.837996422480025));
#7827=DIRECTION('ref_axis',(-1.,5.55111512312578E-15,0.));
#7828=DIRECTION('',(0.,0.545675724135386,-0.837996422480026));
#7829=DIRECTION('center_axis',(0.,0.837996422480026,0.545675724135386));
#7830=DIRECTION('ref_axis',(1.,0.,0.));
#7831=DIRECTION('center_axis',(-1.,0.,0.));
#7832=DIRECTION('ref_axis',(0.,-0.545675724135366,0.837996422480039));
#7833=DIRECTION('center_axis',(0.,-0.837996422480026,-0.545675724135386));
#7834=DIRECTION('ref_axis',(-0.934172358962715,-0.194709152224433,0.299015634691697));
#7835=DIRECTION('center_axis',(0.,0.837996422480026,0.545675724135386));
#7836=DIRECTION('ref_axis',(-0.934172358962715,-0.194709152224433,0.299015634691697));
#7837=DIRECTION('',(-1.,0.,0.));
#7838=DIRECTION('',(-1.,0.,0.));
#7839=DIRECTION('',(1.,0.,0.));
#7840=DIRECTION('center_axis',(0.,0.837996422480026,0.545675724135386));
#7841=DIRECTION('ref_axis',(0.,0.545675724135386,-0.837996422480026));
#7842=DIRECTION('',(-1.,0.,0.));
#7843=DIRECTION('center_axis',(0.,-0.837996422480026,-0.545675724135386));
#7844=DIRECTION('ref_axis',(0.759324022521034,-0.355078128338973,0.545294921668786));
#7845=DIRECTION('',(0.,-0.545675724135386,0.837996422480026));
#7846=DIRECTION('center_axis',(1.,0.,0.));
#7847=DIRECTION('ref_axis',(0.,0.837996422480025,0.545675724135387));
#7848=DIRECTION('',(1.,0.,0.));
#7849=DIRECTION('center_axis',(1.,0.,0.));
#7850=DIRECTION('ref_axis',(0.,0.837996422480029,0.545675724135381));
#7851=DIRECTION('center_axis',(0.,0.837996422480026,0.545675724135386));
#7852=DIRECTION('ref_axis',(1.,0.,0.));
#7853=DIRECTION('center_axis',(0.,0.837996422480026,0.545675724135386));
#7854=DIRECTION('ref_axis',(0.759324022521034,-0.355078128338973,0.545294921668786));
#7855=DIRECTION('center_axis',(7.57277191142636E-16,-0.545675724135381,
0.837996422480029));
#7856=DIRECTION('ref_axis',(1.,1.38777878078145E-15,0.));
#7857=DIRECTION('center_axis',(0.,0.545675724135386,-0.837996422480026));
#7858=DIRECTION('ref_axis',(0.707106781186547,0.592552952945688,0.385851004865021));
#7859=DIRECTION('',(0.,0.545675724135386,-0.837996422480026));
#7860=DIRECTION('center_axis',(0.,0.,1.));
#7861=DIRECTION('ref_axis',(0.70710678118654,0.707106781186555,0.));
#7862=DIRECTION('',(0.,0.,1.));
#7863=DIRECTION('',(0.,0.,-1.));
#7864=DIRECTION('center_axis',(0.,1.,0.));
#7865=DIRECTION('ref_axis',(-1.,0.,0.));
#7866=DIRECTION('',(1.,0.,0.));
#7867=DIRECTION('',(0.,0.,-1.));
#7868=DIRECTION('',(-1.,0.,0.));
#7869=DIRECTION('center_axis',(0.,0.545675724135386,0.837996422480026));
#7870=DIRECTION('ref_axis',(-0.70710678118655,-0.59255295294569,0.385851004865012));
#7871=DIRECTION('',(0.,0.545675724135386,0.837996422480026));
#7872=DIRECTION('center_axis',(1.03854331274975E-14,-0.545675724135379,
-0.837996422480031));
#7873=DIRECTION('ref_axis',(0.,-0.837996422480031,0.545675724135379));
#7874=DIRECTION('center_axis',(0.,0.837996422480026,-0.545675724135386));
#7875=DIRECTION('ref_axis',(-1.,0.,0.));
#7876=DIRECTION('center_axis',(-1.,0.,0.));
#7877=DIRECTION('ref_axis',(0.,-0.837996422480023,0.545675724135391));
#7878=DIRECTION('center_axis',(0.,-0.837996422480026,0.545675724135386));
#7879=DIRECTION('ref_axis',(-0.934172358962715,0.194709152224433,0.299015634691697));
#7880=DIRECTION('center_axis',(0.,0.837996422480026,-0.545675724135386));
#7881=DIRECTION('ref_axis',(-0.934172358962715,0.194709152224433,0.299015634691697));
#7882=DIRECTION('center_axis',(1.,0.,0.));
#7883=DIRECTION('ref_axis',(0.,0.,-1.));
#7884=DIRECTION('center_axis',(1.,0.,0.));
#7885=DIRECTION('ref_axis',(0.,0.99946919964406,0.0325778907061492));
#7886=DIRECTION('center_axis',(0.,0.83799642248003,-0.54567572413538));
#7887=DIRECTION('ref_axis',(-0.707106781186546,0.385851004865007,0.592552952945698));
#7888=DIRECTION('',(0.,0.83799642248003,-0.54567572413538));
#7889=DIRECTION('center_axis',(0.,0.83799642248003,-0.54567572413538));
#7890=DIRECTION('ref_axis',(-0.707106781186547,0.385851004865008,0.592552952945697));
#7891=DIRECTION('center_axis',(1.,0.,0.));
#7892=DIRECTION('ref_axis',(0.,0.545675724135382,0.837996422480028));
#7893=DIRECTION('',(1.,0.,0.));
#7894=DIRECTION('center_axis',(1.,0.,0.));
#7895=DIRECTION('ref_axis',(0.,0.545675724135391,0.837996422480022));
#7896=DIRECTION('',(-1.,0.,0.));
#7897=DIRECTION('center_axis',(0.,0.,1.));
#7898=DIRECTION('ref_axis',(0.70710678118655,-0.707106781186545,0.));
#7899=DIRECTION('',(0.,0.,-1.));
#7900=DIRECTION('center_axis',(0.,0.837996422480026,-0.545675724135386));
#7901=DIRECTION('ref_axis',(-1.,0.,0.));
#7902=DIRECTION('center_axis',(0.,0.837996422480026,-0.545675724135386));
#7903=DIRECTION('ref_axis',(0.759324022521035,0.355078128338973,0.545294921668786));
#7904=DIRECTION('center_axis',(0.,0.54567572413538,0.83799642248003));
#7905=DIRECTION('ref_axis',(0.,-0.83799642248003,0.545675724135381));
#7906=DIRECTION('center_axis',(0.,-0.837996422480026,0.545675724135386));
#7907=DIRECTION('ref_axis',(0.759324022521035,0.355078128338973,0.545294921668786));
#7908=DIRECTION('center_axis',(0.,-0.545675724135386,-0.837996422480026));
#7909=DIRECTION('ref_axis',(0.707106781186536,-0.592552952945698,0.385851004865026));
#7910=DIRECTION('',(0.,-0.545675724135386,-0.837996422480026));
#7911=DIRECTION('',(1.,0.,0.));
#7912=DIRECTION('',(-1.,0.,0.));
#7913=DIRECTION('center_axis',(0.,1.,0.));
#7914=DIRECTION('ref_axis',(-1.,0.,0.));
#7915=DIRECTION('',(-1.,0.,0.));
#7916=DIRECTION('',(0.,0.,-1.));
#7917=DIRECTION('',(1.,0.,0.));
#7918=DIRECTION('',(-1.,0.,0.));
#7919=DIRECTION('center_axis',(0.,0.837996422480026,-0.545675724135386));
#7920=DIRECTION('ref_axis',(0.,-0.545675724135386,-0.837996422480026));
#7921=DIRECTION('center_axis',(1.,0.,0.));
#7922=DIRECTION('ref_axis',(0.,0.999996147897168,0.00277564241676477));
#7923=DIRECTION('center_axis',(1.,0.,0.));
#7924=DIRECTION('ref_axis',(0.,-1.,0.));
#7925=DIRECTION('',(1.,0.,0.));
#7926=DIRECTION('center_axis',(-1.,0.,0.));
#7927=DIRECTION('ref_axis',(0.,0.999991174267661,0.00420135535088739));
#7928=DIRECTION('',(-1.,0.,0.));
#7929=DIRECTION('center_axis',(1.,0.,0.));
#7930=DIRECTION('ref_axis',(0.,-1.,0.));
#7931=DIRECTION('center_axis',(0.,-0.713665632373835,0.700486520333157));
#7932=DIRECTION('ref_axis',(-0.70710678118655,-0.495318768657342,-0.504637808151322));
#7933=DIRECTION('center_axis',(0.,-1.,0.));
#7934=DIRECTION('ref_axis',(0.70710678118655,0.,0.707106781186545));
#7935=DIRECTION('center_axis',(0.,-1.,0.));
#7936=DIRECTION('ref_axis',(0.70710678118655,0.,0.707106781186545));
#7937=DIRECTION('',(0.,1.,0.));
#7938=DIRECTION('center_axis',(0.,-1.,0.));
#7939=DIRECTION('ref_axis',(0.70710678118655,0.,0.707106781186545));
#7940=DIRECTION('',(0.,-1.,0.));
#7941=DIRECTION('center_axis',(0.,0.,1.));
#7942=DIRECTION('ref_axis',(0.70710678118655,0.707106781186545,0.));
#7943=DIRECTION('',(0.,0.,1.));
#7944=DIRECTION('center_axis',(0.,0.,-1.));
#7945=DIRECTION('ref_axis',(0.,1.,0.));
#7946=DIRECTION('',(0.,0.,-1.));
#7947=DIRECTION('center_axis',(0.,0.239685908149588,0.970850485623048));
#7948=DIRECTION('ref_axis',(0.,0.970850485623048,-0.239685908149588));
#7949=DIRECTION('center_axis',(0.,0.465398360648072,0.885101330869007));
#7950=DIRECTION('ref_axis',(0.70710678118655,0.625861153094711,-0.329086336767353));
#7951=DIRECTION('',(0.,-0.465398360648072,-0.885101330869007));
#7952=DIRECTION('center_axis',(-1.79643427101202E-15,0.239685908149601,
0.970850485623044));
#7953=DIRECTION('ref_axis',(-7.2764773610028E-15,-0.970850485623044,0.239685908149601));
#7954=DIRECTION('',(0.,0.465398360648072,0.885101330869007));
#7955=DIRECTION('center_axis',(0.,0.,1.));
#7956=DIRECTION('ref_axis',(0.70710678118655,0.707106781186545,0.));
#7957=DIRECTION('',(0.,0.,-1.));
#7958=DIRECTION('center_axis',(0.,0.707106781186548,0.707106781186547));
#7959=DIRECTION('ref_axis',(0.,0.707106781186547,-0.707106781186548));
#7960=DIRECTION('',(0.,0.,1.));
#7961=DIRECTION('center_axis',(0.,1.,0.));
#7962=DIRECTION('ref_axis',(0.70710678118655,0.,-0.707106781186545));
#7963=DIRECTION('',(0.,-1.,0.));
#7964=DIRECTION('center_axis',(-2.61682076447294E-15,0.707106781186548,
-0.707106781186547));
#7965=DIRECTION('ref_axis',(-2.61682076447294E-15,-0.707106781186547,-0.707106781186548));
#7966=DIRECTION('',(0.,1.,0.));
#7967=DIRECTION('center_axis',(0.,0.,-1.));
#7968=DIRECTION('ref_axis',(0.707106781186551,-0.707106781186544,0.));
#7969=DIRECTION('',(0.,0.,1.));
#7970=DIRECTION('center_axis',(-2.07961258603976E-16,0.22477781922153,-0.974410043044515));
#7971=DIRECTION('ref_axis',(-9.01510387678334E-16,0.974410043044515,0.22477781922153));
#7972=DIRECTION('',(0.,0.,-1.));
#7973=DIRECTION('center_axis',(0.,0.438051529006208,-0.898949863972026));
#7974=DIRECTION('ref_axis',(0.707106781186551,-0.635653544761341,-0.309749206669424));
#7975=DIRECTION('',(0.,-0.438051529006208,0.898949863972026));
#7976=DIRECTION('center_axis',(-1.03980629301989E-16,0.224777819221531,
-0.974410043044515));
#7977=DIRECTION('ref_axis',(-4.50755193839167E-16,-0.974410043044515,-0.224777819221531));
#7978=DIRECTION('',(0.,0.438051529006208,-0.898949863972026));
#7979=DIRECTION('center_axis',(0.,1.,0.));
#7980=DIRECTION('ref_axis',(0.,0.,1.));
#7981=DIRECTION('center_axis',(0.,0.,1.));
#7982=DIRECTION('ref_axis',(0.,-1.,0.));
#7983=DIRECTION('center_axis',(0.,1.,0.));
#7984=DIRECTION('ref_axis',(0.714142842854287,0.,0.699999999999998));
#7985=DIRECTION('center_axis',(0.,0.,-1.));
#7986=DIRECTION('ref_axis',(0.70710678118655,-0.707106781186545,0.));
#7987=DIRECTION('',(0.,0.,1.));
#7988=DIRECTION('',(0.,0.,-1.));
#7989=DIRECTION('center_axis',(0.,-1.,0.));
#7990=DIRECTION('ref_axis',(0.,0.,-1.));
#7991=DIRECTION('center_axis',(0.,-1.,0.));
#7992=DIRECTION('ref_axis',(0.714142842854287,0.,0.699999999999998));
#7993=DIRECTION('center_axis',(0.,1.,0.));
#7994=DIRECTION('ref_axis',(0.,0.,1.));
#7995=DIRECTION('',(1.,0.,0.));
#7996=DIRECTION('',(0.,0.,-1.));
#7997=DIRECTION('center_axis',(0.,1.,0.));
#7998=DIRECTION('ref_axis',(0.70710678118655,0.,0.707106781186545));
#7999=DIRECTION('center_axis',(0.,0.885101330869007,-0.465398360648072));
#8000=DIRECTION('ref_axis',(0.,0.465398360648072,0.885101330869007));
#8001=DIRECTION('',(1.,0.,0.));
#8002=DIRECTION('',(0.,-0.465398360648072,-0.885101330869007));
#8003=DIRECTION('center_axis',(0.,1.,0.));
#8004=DIRECTION('ref_axis',(0.,0.,1.));
#8005=DIRECTION('',(1.,0.,0.));
#8006=DIRECTION('',(0.,0.,-1.));
#8007=DIRECTION('center_axis',(0.,0.,-1.));
#8008=DIRECTION('ref_axis',(0.,1.,0.));
#8009=DIRECTION('',(1.,0.,0.));
#8010=DIRECTION('',(0.,-1.,0.));
#8011=DIRECTION('center_axis',(0.,-1.,0.));
#8012=DIRECTION('ref_axis',(0.,0.,-1.));
#8013=DIRECTION('',(1.,0.,0.));
#8014=DIRECTION('',(0.,0.,1.));
#8015=DIRECTION('center_axis',(0.,-0.898949863972026,-0.438051529006208));
#8016=DIRECTION('ref_axis',(0.,0.438051529006208,-0.898949863972026));
#8017=DIRECTION('',(1.,0.,0.));
#8018=DIRECTION('',(0.,0.438051529006208,-0.898949863972026));
#8019=DIRECTION('center_axis',(0.,-1.,0.));
#8020=DIRECTION('ref_axis',(0.,0.,-1.));
#8021=DIRECTION('center_axis',(0.,-1.,0.));
#8022=DIRECTION('ref_axis',(0.70710678118655,0.,0.707106781186545));
#8023=DIRECTION('',(0.,0.,1.));
#8024=DIRECTION('center_axis',(0.,0.713665632373835,0.700486520333157));
#8025=DIRECTION('ref_axis',(-0.707106781186549,0.495318768657345,-0.504637808151321));
#8026=DIRECTION('center_axis',(-1.,0.,0.));
#8027=DIRECTION('ref_axis',(0.,0.,1.));
#8028=DIRECTION('center_axis',(1.,0.,0.));
#8029=DIRECTION('ref_axis',(0.,-0.999996147897168,0.0027756424167652));
#8030=DIRECTION('center_axis',(1.,0.,0.));
#8031=DIRECTION('ref_axis',(0.,0.,-1.));
#8032=DIRECTION('center_axis',(1.,0.,0.));
#8033=DIRECTION('ref_axis',(0.,0.999772100422316,0.0213482368628067));
#8034=DIRECTION('center_axis',(-1.,0.,0.));
#8035=DIRECTION('ref_axis',(0.,0.999772100422316,0.0213482368628067));
#8036=DIRECTION('center_axis',(1.,0.,0.));
#8037=DIRECTION('ref_axis',(0.,0.999772100422316,0.0213482368628068));
#8038=DIRECTION('',(1.,0.,0.));
#8039=DIRECTION('center_axis',(-1.,0.,0.));
#8040=DIRECTION('ref_axis',(0.,0.999772100422316,0.0213482368628067));
#8041=DIRECTION('',(-1.,0.,0.));
#8042=DIRECTION('center_axis',(-1.,0.,0.));
#8043=DIRECTION('ref_axis',(0.,0.,1.));
#8044=DIRECTION('center_axis',(1.,0.,0.));
#8045=DIRECTION('ref_axis',(0.,0.999991174267661,0.00420135535088739));
#8046=DIRECTION('center_axis',(1.,0.,0.));
#8047=DIRECTION('ref_axis',(0.,0.,-1.));
#8048=DIRECTION('center_axis',(-1.,0.,0.));
#8049=DIRECTION('ref_axis',(0.,-0.999991174267661,0.00420135535088739));
#8050=DIRECTION('center_axis',(1.,0.,0.));
#8051=DIRECTION('ref_axis',(0.,-0.999991174267661,0.00420135535088739));
#8052=DIRECTION('center_axis',(1.,0.,0.));
#8053=DIRECTION('ref_axis',(0.,1.,0.));
#8054=DIRECTION('',(0.,-0.54567572413538,0.83799642248003));
#8055=DIRECTION('center_axis',(-1.,0.,0.));
#8056=DIRECTION('ref_axis',(0.,-0.999772100422316,0.0213482368628067));
#8057=DIRECTION('',(0.,0.713665632373834,0.700486520333158));
#8058=DIRECTION('center_axis',(-1.,0.,0.));
#8059=DIRECTION('ref_axis',(0.,0.,1.));
#8060=DIRECTION('center_axis',(1.,0.,0.));
#8061=DIRECTION('ref_axis',(0.,-0.999772100422316,0.0213482368628067));
#8062=DIRECTION('center_axis',(1.,0.,0.));
#8063=DIRECTION('ref_axis',(0.,-0.998131354036089,0.0611048286969433));
#8064=DIRECTION('',(-1.,0.,0.));
#8065=DIRECTION('',(1.,0.,0.));
#8066=DIRECTION('center_axis',(-1.,0.,0.));
#8067=DIRECTION('ref_axis',(0.,-0.748993087688687,-0.662577810218972));
#8068=DIRECTION('',(-1.,0.,0.));
#8069=DIRECTION('center_axis',(1.,0.,0.));
#8070=DIRECTION('ref_axis',(0.,-0.998131354036089,0.0611048286969433));
#8071=DIRECTION('center_axis',(0.,-0.662577810218972,0.748993087688686));
#8072=DIRECTION('ref_axis',(1.,0.,0.));
#8073=DIRECTION('center_axis',(-2.59859178511581E-16,-0.748993087688685,
-0.662577810218974));
#8074=DIRECTION('ref_axis',(1.,-3.46944695195359E-16,0.));
#8075=DIRECTION('center_axis',(0.,0.662577810218972,-0.748993087688686));
#8076=DIRECTION('ref_axis',(0.707106781186547,-0.52961809136652,-0.468513262669569));
#8077=DIRECTION('center_axis',(0.,-0.748993087688686,-0.662577810218972));
#8078=DIRECTION('ref_axis',(0.707106781186549,-0.468513262669565,0.529618091366521));
#8079=DIRECTION('',(0.,-0.748993087688686,-0.662577810218972));
#8080=DIRECTION('',(0.,0.748993087688686,0.662577810218972));
#8081=DIRECTION('center_axis',(6.76842790317415E-16,-0.731574945182855,
-0.681761028206147));
#8082=DIRECTION('ref_axis',(2.61151066967124E-14,0.681761028206147,-0.731574945182855));
#8083=DIRECTION('center_axis',(0.,0.713665632373834,0.700486520333158));
#8084=DIRECTION('ref_axis',(0.70710678118655,-0.495318768657343,0.504637808151322));
#8085=DIRECTION('',(0.,0.713665632373834,0.700486520333158));
#8086=DIRECTION('',(0.,-0.713665632373834,-0.700486520333158));
#8087=DIRECTION('center_axis',(1.,0.,0.));
#8088=DIRECTION('ref_axis',(0.,-0.662577810218972,0.748993087688686));
#8089=DIRECTION('',(0.,-0.748993087688686,-0.662577810218972));
#8090=DIRECTION('',(0.,-0.713665632373834,-0.700486520333158));
#8091=DIRECTION('center_axis',(0.,0.662577810218972,-0.748993087688686));
#8092=DIRECTION('ref_axis',(1.,0.,0.));
#8093=DIRECTION('',(1.,0.,0.));
#8094=DIRECTION('center_axis',(0.,-0.700486520333158,0.713665632373834));
#8095=DIRECTION('ref_axis',(0.,0.713665632373834,0.700486520333158));
#8096=DIRECTION('',(0.,-0.713665632373834,-0.700486520333158));
#8097=DIRECTION('',(-1.,0.,0.));
#8098=DIRECTION('',(1.,0.,0.));
#8099=DIRECTION('',(0.,0.713665632373834,0.700486520333158));
#8100=DIRECTION('center_axis',(0.,-0.713665632373834,0.700486520333158));
#8101=DIRECTION('ref_axis',(0.70710678118654,0.49531876865735,0.50463780815133));
#8102=DIRECTION('',(0.,-0.713665632373834,0.700486520333158));
#8103=DIRECTION('center_axis',(0.,-0.731574945182882,0.681761028206118));
#8104=DIRECTION('ref_axis',(0.,-0.681761028206118,-0.731574945182882));
#8105=DIRECTION('center_axis',(1.,0.,0.));
#8106=DIRECTION('ref_axis',(0.,0.998131354036089,0.0611048286969429));
#8107=DIRECTION('center_axis',(1.,0.,0.));
#8108=DIRECTION('ref_axis',(0.,0.998131354036089,0.0611048286969429));
#8109=DIRECTION('',(1.,0.,0.));
#8110=DIRECTION('center_axis',(-1.,0.,0.));
#8111=DIRECTION('ref_axis',(0.,0.662577810218973,0.748993087688686));
#8112=DIRECTION('',(1.,0.,0.));
#8113=DIRECTION('center_axis',(0.,-0.662577810218972,-0.748993087688686));
#8114=DIRECTION('ref_axis',(-1.,0.,0.));
#8115=DIRECTION('center_axis',(0.,0.748993087688684,-0.662577810218975));
#8116=DIRECTION('ref_axis',(0.,0.662577810218975,0.748993087688684));
#8117=DIRECTION('center_axis',(0.,-0.662577810218972,-0.748993087688686));
#8118=DIRECTION('ref_axis',(0.707106781186547,0.52961809136652,-0.468513262669569));
#8119=DIRECTION('center_axis',(0.,0.748993087688686,-0.662577810218972));
#8120=DIRECTION('ref_axis',(0.707106781186549,0.468513262669565,0.529618091366521));
#8121=DIRECTION('',(0.,-0.748993087688686,0.662577810218972));
#8122=DIRECTION('center_axis',(0.,0.662577810218972,0.748993087688686));
#8123=DIRECTION('ref_axis',(1.,0.,0.));
#8124=DIRECTION('',(0.,0.748993087688686,-0.662577810218972));
#8125=DIRECTION('',(1.,0.,0.));
#8126=DIRECTION('center_axis',(-1.,0.,0.));
#8127=DIRECTION('ref_axis',(0.,0.662577810218972,0.748993087688686));
#8128=DIRECTION('',(0.,0.713665632373834,-0.700486520333158));
#8129=DIRECTION('center_axis',(0.,-0.700486520333158,-0.713665632373834));
#8130=DIRECTION('ref_axis',(0.,-0.713665632373834,0.700486520333158));
#8131=DIRECTION('',(0.,0.713665632373834,-0.700486520333158));
#8132=DIRECTION('',(0.,0.713665632373834,-0.700486520333158));
#8133=DIRECTION('',(0.,-0.713665632373834,0.700486520333158));
#8134=DIRECTION('',(-1.,0.,0.));
#8135=DIRECTION('center_axis',(0.,-0.713665632373834,-0.700486520333158));
#8136=DIRECTION('ref_axis',(0.707106781186539,-0.49531876865735,0.504637808151329));
#8137=DIRECTION('center_axis',(0.,0.748993087688686,0.662577810218972));
#8138=DIRECTION('ref_axis',(-1.14915503391716E-14,-0.662577810218972,0.748993087688686));
#8139=DIRECTION('center_axis',(0.,0.,-1.));
#8140=DIRECTION('ref_axis',(-1.,0.,0.));
#8141=DIRECTION('',(0.,1.,0.));
#8142=DIRECTION('center_axis',(0.,-0.54567572413538,0.83799642248003));
#8143=DIRECTION('ref_axis',(0.707106781186552,-0.592552952945694,-0.385851004865003));
#8144=DIRECTION('',(0.,-0.54567572413538,0.83799642248003));
#8145=DIRECTION('center_axis',(7.5727719114263E-16,0.545675724135376,-0.837996422480032));
#8146=DIRECTION('ref_axis',(1.,-1.38777878078145E-15,0.));
#8147=DIRECTION('',(0.,0.54567572413538,-0.83799642248003));
#8148=DIRECTION('center_axis',(0.,-0.83799642248003,-0.54567572413538));
#8149=DIRECTION('ref_axis',(-1.,0.,0.));
#8150=DIRECTION('center_axis',(1.,0.,0.));
#8151=DIRECTION('ref_axis',(0.,-0.54567572413538,0.837996422480029));
#8152=DIRECTION('center_axis',(0.,0.83799642248003,0.54567572413538));
#8153=DIRECTION('ref_axis',(0.707106781186547,-0.385851004865008,0.592552952945697));
#8154=DIRECTION('center_axis',(0.,-0.83799642248003,-0.54567572413538));
#8155=DIRECTION('ref_axis',(0.707106781186547,-0.385851004865008,0.592552952945697));
#8156=DIRECTION('center_axis',(1.,0.,0.));
#8157=DIRECTION('ref_axis',(0.,-0.978403957810704,0.206701948080683));
#8158=DIRECTION('center_axis',(1.,0.,0.));
#8159=DIRECTION('ref_axis',(0.,-0.545675724135382,0.837996422480029));
#8160=DIRECTION('',(1.,0.,0.));
#8161=DIRECTION('',(-1.,0.,0.));
#8162=DIRECTION('center_axis',(0.,-0.83799642248003,-0.54567572413538));
#8163=DIRECTION('ref_axis',(-1.,0.,0.));
#8164=DIRECTION('center_axis',(0.,-0.545675724135378,0.837996422480031));
#8165=DIRECTION('ref_axis',(-1.,0.,0.));
#8166=DIRECTION('center_axis',(0.,0.83799642248003,0.54567572413538));
#8167=DIRECTION('ref_axis',(-0.707106781186547,-0.385851004865008,0.592552952945697));
#8168=DIRECTION('center_axis',(0.,-0.83799642248003,-0.54567572413538));
#8169=DIRECTION('ref_axis',(-0.707106781186547,-0.385851004865008,0.592552952945697));
#8170=DIRECTION('center_axis',(0.,0.54567572413538,-0.83799642248003));
#8171=DIRECTION('ref_axis',(-0.707106781186549,-0.592552952945692,-0.385851004865011));
#8172=DIRECTION('',(0.,-0.54567572413538,0.83799642248003));
#8173=DIRECTION('center_axis',(0.,-0.713665632373834,-0.700486520333158));
#8174=DIRECTION('ref_axis',(-0.70710678118655,-0.495318768657342,0.504637808151322));
#8175=DIRECTION('center_axis',(1.,0.,0.));
#8176=DIRECTION('ref_axis',(0.,0.,-1.));
#8177=DIRECTION('center_axis',(-1.,0.,0.));
#8178=DIRECTION('ref_axis',(0.,-0.999772100422316,0.0213482368628067));
#8179=DIRECTION('center_axis',(0.,-0.83799642248003,-0.54567572413538));
#8180=DIRECTION('ref_axis',(0.,-0.54567572413538,0.83799642248003));
#8181=DIRECTION('',(-1.,0.,0.));
#8182=DIRECTION('',(-1.,0.,0.));
#8183=DIRECTION('center_axis',(-1.,0.,0.));
#8184=DIRECTION('ref_axis',(0.,-0.999772100422316,0.0213482368628068));
#8185=DIRECTION('center_axis',(0.,0.713665632373834,-0.700486520333158));
#8186=DIRECTION('ref_axis',(0.70710678118654,0.49531876865735,0.50463780815133));
#8187=DIRECTION('center_axis',(0.,0.713665632373834,-0.700486520333158));
#8188=DIRECTION('ref_axis',(-0.707106781186548,0.495318768657346,0.504637808151321));
#8189=DIRECTION('center_axis',(-1.,0.,0.));
#8190=DIRECTION('ref_axis',(0.,0.,1.));
#8191=DIRECTION('center_axis',(0.,0.54567572413538,0.83799642248003));
#8192=DIRECTION('ref_axis',(0.707106781186541,0.592552952945703,-0.385851004865008));
#8193=DIRECTION('',(0.,0.54567572413538,0.83799642248003));
#8194=DIRECTION('center_axis',(0.,-0.545675724135377,-0.837996422480032));
#8195=DIRECTION('ref_axis',(0.,0.837996422480032,-0.545675724135377));
#8196=DIRECTION('center_axis',(0.,-0.83799642248003,0.54567572413538));
#8197=DIRECTION('ref_axis',(1.,0.,0.));
#8198=DIRECTION('center_axis',(1.,0.,0.));
#8199=DIRECTION('ref_axis',(0.,0.837996422480031,-0.545675724135379));
#8200=DIRECTION('center_axis',(0.,0.83799642248003,-0.54567572413538));
#8201=DIRECTION('ref_axis',(0.707106781186547,0.385851004865008,0.592552952945697));
#8202=DIRECTION('center_axis',(0.,-0.83799642248003,0.54567572413538));
#8203=DIRECTION('ref_axis',(0.707106781186547,0.385851004865007,0.592552952945697));
#8204=DIRECTION('center_axis',(1.,0.,0.));
#8205=DIRECTION('ref_axis',(0.,0.9784039578107,0.206701948080703));
#8206=DIRECTION('center_axis',(1.,0.,0.));
#8207=DIRECTION('ref_axis',(0.,0.837996422480031,-0.545675724135379));
#8208=DIRECTION('',(1.,0.,0.));
#8209=DIRECTION('',(-1.,0.,0.));
#8210=DIRECTION('center_axis',(0.,-0.83799642248003,0.54567572413538));
#8211=DIRECTION('ref_axis',(1.,0.,0.));
#8212=DIRECTION('center_axis',(-2.01940584304701E-15,0.54567572413538,0.83799642248003));
#8213=DIRECTION('ref_axis',(0.,0.83799642248003,-0.54567572413538));
#8214=DIRECTION('center_axis',(0.,-0.83799642248003,0.54567572413538));
#8215=DIRECTION('ref_axis',(-0.707106781186547,0.385851004865007,0.592552952945697));
#8216=DIRECTION('center_axis',(0.,-0.54567572413538,-0.83799642248003));
#8217=DIRECTION('ref_axis',(-0.707106781186553,0.592552952945692,-0.385851004865003));
#8218=DIRECTION('',(0.,-0.54567572413538,-0.83799642248003));
#8219=DIRECTION('center_axis',(0.,-0.83799642248003,0.54567572413538));
#8220=DIRECTION('ref_axis',(0.,0.54567572413538,0.83799642248003));
#8221=DIRECTION('',(-1.,0.,0.));
#8222=DIRECTION('',(0.,0.54567572413538,0.83799642248003));
#8223=DIRECTION('center_axis',(0.,-1.,0.));
#8224=DIRECTION('ref_axis',(0.70710678118655,0.,0.707106781186545));
#8225=DIRECTION('',(0.,-1.,0.));
#8226=DIRECTION('center_axis',(1.,0.,0.));
#8227=DIRECTION('ref_axis',(0.,1.,0.));
#8228=DIRECTION('center_axis',(0.,0.,1.));
#8229=DIRECTION('ref_axis',(0.,1.,0.));
#8230=DIRECTION('center_axis',(1.,0.,0.));
#8231=DIRECTION('ref_axis',(0.,0.,-1.));
#8232=DIRECTION('center_axis',(0.,0.83799642248003,0.54567572413538));
#8233=DIRECTION('ref_axis',(-0.707106781186546,-0.385851004865007,0.592552952945698));
#8234=DIRECTION('',(0.,-0.83799642248003,-0.54567572413538));
#8235=DIRECTION('center_axis',(0.,-0.54567572413538,0.83799642248003));
#8236=DIRECTION('ref_axis',(0.,0.83799642248003,0.54567572413538));
#8237=DIRECTION('',(0.,0.83799642248003,0.54567572413538));
#8238=DIRECTION('center_axis',(-1.,0.,0.));
#8239=DIRECTION('ref_axis',(0.,0.,-1.));
#8240=DIRECTION('',(0.,-0.83799642248003,-0.54567572413538));
#8241=DIRECTION('center_axis',(0.,-0.83799642248003,-0.54567572413538));
#8242=DIRECTION('ref_axis',(0.707106781186546,-0.385851004865007,0.592552952945698));
#8243=DIRECTION('center_axis',(0.,0.748993087688686,0.662577810218972));
#8244=DIRECTION('ref_axis',(-1.,0.,0.));
#8245=DIRECTION('center_axis',(1.,0.,0.));
#8246=DIRECTION('ref_axis',(0.,1.,0.));
#8247=DIRECTION('center_axis',(-1.,0.,0.));
#8248=DIRECTION('ref_axis',(0.,1.,0.));
#8249=DIRECTION('center_axis',(-1.,0.,0.));
#8250=DIRECTION('ref_axis',(0.,1.,0.));
#8251=DIRECTION('',(-1.,0.,0.));
#8252=DIRECTION('',(1.,0.,0.));
#8253=DIRECTION('center_axis',(-1.,0.,0.));
#8254=DIRECTION('ref_axis',(0.,-0.999996147897168,0.00277564241676477));
#8255=DIRECTION('center_axis',(0.,-0.54567572413538,-0.83799642248003));
#8256=DIRECTION('ref_axis',(0.,-0.83799642248003,0.54567572413538));
#8257=DIRECTION('',(0.,-0.83799642248003,0.54567572413538));
#8258=DIRECTION('center_axis',(0.,-0.662577810218972,-0.748993087688686));
#8259=DIRECTION('ref_axis',(-1.,0.,0.));
#8260=DIRECTION('',(-1.,0.,0.));
#8261=DIRECTION('center_axis',(0.,-0.83799642248003,0.54567572413538));
#8262=DIRECTION('ref_axis',(0.707106781186546,0.385851004865007,0.592552952945698));
#8263=DIRECTION('center_axis',(0.,0.,1.));
#8264=DIRECTION('ref_axis',(0.,1.,0.));
#8265=DIRECTION('center_axis',(-1.,0.,0.));
#8266=DIRECTION('ref_axis',(0.,-1.,0.));
#8267=DIRECTION('center_axis',(-1.,0.,0.));
#8268=DIRECTION('ref_axis',(0.,-1.,0.));
#8269=DIRECTION('axis',(0.,0.,1.));
#8270=DIRECTION('refdir',(1.,0.,0.));
#8271=DIRECTION('center_axis',(0.,-2.41946628458177E-16,1.));
#8272=DIRECTION('ref_axis',(-0.70710678118655,-0.707106781186545,0.));
#8273=DIRECTION('center_axis',(0.,0.,1.));
#8274=DIRECTION('ref_axis',(-1.,0.,0.));
#8275=DIRECTION('',(0.,-2.41946628458177E-16,1.));
#8276=DIRECTION('center_axis',(0.,0.386984159667317,0.922086362639954));
#8277=DIRECTION('ref_axis',(3.73231800701571E-16,-0.922086362639954,0.386984159667318));
#8278=DIRECTION('',(0.,2.41946628458177E-16,-1.));
#8279=DIRECTION('center_axis',(-1.,0.,0.));
#8280=DIRECTION('ref_axis',(0.,0.,-1.));
#8281=DIRECTION('center_axis',(1.,0.,0.));
#8282=DIRECTION('ref_axis',(0.,1.,0.));
#8283=DIRECTION('center_axis',(0.,-1.,-2.41946628458177E-16));
#8284=DIRECTION('ref_axis',(-0.707106781186549,1.15648231731787E-16,-0.707106781186546));
#8285=DIRECTION('center_axis',(1.,0.,0.));
#8286=DIRECTION('ref_axis',(0.,0.487448661690834,0.873151649036875));
#8287=DIRECTION('center_axis',(1.,0.,0.));
#8288=DIRECTION('ref_axis',(0.,0.,-1.));
#8289=DIRECTION('',(0.,-1.,0.));
#8290=DIRECTION('center_axis',(1.,0.,0.));
#8291=DIRECTION('ref_axis',(0.,-0.707106781186549,0.707106781186546));
#8292=DIRECTION('',(0.,-2.41946628458177E-16,-1.));
#8293=DIRECTION('',(0.,0.713665632373835,-0.700486520333157));
#8294=DIRECTION('center_axis',(1.,0.,0.));
#8295=DIRECTION('ref_axis',(0.,-0.999996147897168,-0.0027756424167652));
#8296=DIRECTION('',(0.,-0.545675724135386,-0.837996422480026));
#8297=DIRECTION('',(0.,0.83799642248003,-0.54567572413538));
#8298=DIRECTION('',(0.,0.54567572413538,0.83799642248003));
#8299=DIRECTION('center_axis',(-1.,0.,0.));
#8300=DIRECTION('ref_axis',(0.,-0.999772100422316,-0.0213482368628067));
#8301=DIRECTION('',(0.,-0.713665632373834,0.700486520333158));
#8302=DIRECTION('',(0.,0.,1.));
#8303=DIRECTION('',(0.,1.,0.));
#8304=DIRECTION('',(0.,0.,-1.));
#8305=DIRECTION('',(0.,-0.713665632373834,-0.700486520333158));
#8306=DIRECTION('center_axis',(-1.,0.,0.));
#8307=DIRECTION('ref_axis',(0.,0.999772100422316,-0.0213482368628067));
#8308=DIRECTION('',(0.,0.54567572413538,-0.83799642248003));
#8309=DIRECTION('',(0.,-0.83799642248003,-0.54567572413538));
#8310=DIRECTION('',(0.,-0.545675724135386,0.837996422480026));
#8311=DIRECTION('center_axis',(1.,0.,0.));
#8312=DIRECTION('ref_axis',(0.,0.99946919964406,-0.0325778907061491));
#8313=DIRECTION('',(0.,0.713665632373835,0.700486520333157));
#8314=DIRECTION('center_axis',(0.,1.,0.));
#8315=DIRECTION('ref_axis',(0.70710678118654,0.,0.707106781186555));
#8316=DIRECTION('center_axis',(0.,1.,0.));
#8317=DIRECTION('ref_axis',(0.,0.,1.));
#8318=DIRECTION('',(0.,1.,0.));
#8319=DIRECTION('center_axis',(0.,1.,0.));
#8320=DIRECTION('ref_axis',(0.70710678118654,0.,0.707106781186555));
#8321=DIRECTION('',(0.,-1.,0.));
#8322=DIRECTION('center_axis',(1.,0.,0.));
#8323=DIRECTION('ref_axis',(0.,0.707106781186547,0.707106781186547));
#8324=DIRECTION('center_axis',(1.,0.,0.));
#8325=DIRECTION('ref_axis',(0.,1.,0.));
#8326=DIRECTION('',(1.,0.,0.));
#8327=DIRECTION('center_axis',(-1.,0.,0.));
#8328=DIRECTION('ref_axis',(0.,0.,1.));
#8329=DIRECTION('',(-1.,0.,0.));
#8330=DIRECTION('center_axis',(0.,-1.,0.));
#8331=DIRECTION('ref_axis',(-0.70710678118655,0.,0.707106781186545));
#8332=DIRECTION('center_axis',(0.,-1.,0.));
#8333=DIRECTION('ref_axis',(0.,0.,1.));
#8334=DIRECTION('',(0.,-1.,0.));
#8335=DIRECTION('center_axis',(0.,1.,0.));
#8336=DIRECTION('ref_axis',(-1.,0.,0.));
#8337=DIRECTION('center_axis',(1.,0.,0.));
#8338=DIRECTION('ref_axis',(0.,-0.707106781186547,0.707106781186547));
#8339=DIRECTION('center_axis',(1.,0.,0.));
#8340=DIRECTION('ref_axis',(0.,0.,1.));
#8341=DIRECTION('',(1.,0.,0.));
#8342=DIRECTION('center_axis',(-1.,0.,0.));
#8343=DIRECTION('ref_axis',(0.,-1.,0.));
#8344=DIRECTION('',(-1.,0.,0.));
#8345=DIRECTION('center_axis',(0.,1.,0.));
#8346=DIRECTION('ref_axis',(0.70710678118654,0.,0.707106781186555));
#8347=DIRECTION('center_axis',(0.,-1.,0.));
#8348=DIRECTION('ref_axis',(1.,0.,0.));
#8349=DIRECTION('',(0.,-1.,0.));
#8350=DIRECTION('center_axis',(0.,-1.,0.));
#8351=DIRECTION('ref_axis',(0.70710678118654,0.,0.707106781186555));
#8352=DIRECTION('',(0.,1.,0.));
#8353=DIRECTION('center_axis',(-0.40824829046386,-0.816496580927726,-0.408248290463866));
#8354=DIRECTION('ref_axis',(0.577350269189622,-0.577350269189627,0.577350269189628));
#8355=DIRECTION('center_axis',(0.,0.,-1.));
#8356=DIRECTION('ref_axis',(0.707106781186541,-0.707106781186554,0.));
#8357=DIRECTION('center_axis',(0.408248290463865,-0.816496580927725,-0.408248290463865));
#8358=DIRECTION('ref_axis',(-0.577350269189627,-0.577350269189624,0.577350269189627));
#8359=DIRECTION('center_axis',(0.,0.,-1.));
#8360=DIRECTION('ref_axis',(-0.70710678118655,-0.707106781186545,0.));
#8361=DIRECTION('center_axis',(-0.408248290463865,-0.816496580927724,0.408248290463865));
#8362=DIRECTION('ref_axis',(-0.577350269189626,0.577350269189626,0.577350269189626));
#8363=DIRECTION('center_axis',(0.,0.,-1.));
#8364=DIRECTION('ref_axis',(-0.707106781186551,0.707106781186544,0.));
#8365=DIRECTION('center_axis',(0.40824829046386,-0.816496580927726,0.408248290463866));
#8366=DIRECTION('ref_axis',(0.577350269189622,0.577350269189628,0.577350269189628));
#8367=DIRECTION('center_axis',(0.,0.,-1.));
#8368=DIRECTION('ref_axis',(0.707106781186542,0.707106781186553,0.));
#8369=DIRECTION('center_axis',(0.,0.,-1.));
#8370=DIRECTION('ref_axis',(0.70710678118654,0.707106781186555,0.));
#8371=DIRECTION('',(0.,0.,1.));
#8372=DIRECTION('center_axis',(1.43212908075961E-15,-0.386984159667325,
-0.922086362639951));
#8373=DIRECTION('ref_axis',(-3.41240503498581E-15,0.922086362639951,-0.386984159667324));
#8374=DIRECTION('',(0.,0.,-1.));
#8375=DIRECTION('center_axis',(0.,-1.,0.));
#8376=DIRECTION('ref_axis',(0.,0.,-1.));
#8377=DIRECTION('',(1.,0.,0.));
#8378=DIRECTION('',(0.,0.,1.));
#8379=DIRECTION('center_axis',(0.,0.,1.));
#8380=DIRECTION('ref_axis',(-0.70710678118655,0.707106781186545,0.));
#8381=DIRECTION('center_axis',(0.,-0.386984159667325,-0.922086362639951));
#8382=DIRECTION('ref_axis',(0.,-0.922086362639951,0.386984159667324));
#8383=DIRECTION('center_axis',(0.,0.,1.));
#8384=DIRECTION('ref_axis',(-0.70710678118655,-0.707106781186545,0.));
#8385=DIRECTION('center_axis',(0.,-0.386984159667325,0.922086362639951));
#8386=DIRECTION('ref_axis',(0.,0.922086362639951,0.386984159667325));
#8387=DIRECTION('',(0.,0.,-1.));
#8388=DIRECTION('center_axis',(0.,1.,0.));
#8389=DIRECTION('ref_axis',(0.,0.,-1.));
#8390=DIRECTION('',(1.,0.,0.));
#8391=DIRECTION('',(0.,0.,1.));
#8392=DIRECTION('center_axis',(0.,0.,1.));
#8393=DIRECTION('ref_axis',(0.70710678118654,-0.707106781186555,0.));
#8394=DIRECTION('center_axis',(7.16064540379807E-16,0.386984159667325,-0.922086362639951));
#8395=DIRECTION('ref_axis',(1.7062025174929E-15,0.922086362639951,0.386984159667324));
#8396=DIRECTION('',(0.,0.,-1.));
#8397=DIRECTION('center_axis',(1.,0.,0.));
#8398=DIRECTION('ref_axis',(0.,0.,-1.));
#8399=DIRECTION('',(0.,0.713665632373834,-0.700486520333158));
#8400=DIRECTION('',(0.,0.662577810218972,0.748993087688686));
#8401=DIRECTION('center_axis',(1.,0.,0.));
#8402=DIRECTION('ref_axis',(0.,-0.0611048286969544,0.998131354036089));
#8403=DIRECTION('',(0.,-0.713665632373835,0.700486520333157));
#8404=DIRECTION('',(0.,2.41946628458177E-16,1.));
#8405=DIRECTION('center_axis',(-1.,0.,0.));
#8406=DIRECTION('ref_axis',(0.,-1.,0.));
#8407=DIRECTION('',(0.,1.,0.));
#8408=DIRECTION('',(0.,0.,-1.));
#8409=DIRECTION('center_axis',(0.,-2.41946628458177E-16,1.));
#8410=DIRECTION('ref_axis',(0.707106781186548,-0.707106781186548,0.));
#8411=DIRECTION('center_axis',(0.,0.,1.));
#8412=DIRECTION('ref_axis',(0.,-1.,0.));
#8413=DIRECTION('',(0.,-2.41946628458177E-16,1.));
#8414=DIRECTION('',(0.,2.41946628458177E-16,-1.));
#8415=DIRECTION('center_axis',(-1.,0.,0.));
#8416=DIRECTION('ref_axis',(0.,-0.435620863319292,0.900130248042446));
#8417=DIRECTION('center_axis',(-1.,0.,0.));
#8418=DIRECTION('ref_axis',(0.,0.,-1.));
#8419=DIRECTION('center_axis',(1.,0.,0.));
#8420=DIRECTION('ref_axis',(0.,1.,0.));
#8421=DIRECTION('center_axis',(-1.,0.,0.));
#8422=DIRECTION('ref_axis',(0.,1.,0.));
#8423=DIRECTION('center_axis',(0.,-1.,0.));
#8424=DIRECTION('ref_axis',(0.93333333333332,0.,-0.359010987142335));
#8425=DIRECTION('',(0.,1.,0.));
#8426=DIRECTION('',(0.,-1.,0.));
#8427=DIRECTION('center_axis',(0.,-1.,0.));
#8428=DIRECTION('ref_axis',(0.93333333333332,0.,-0.359010987142335));
#8429=DIRECTION('',(0.,1.,0.));
#8430=DIRECTION('center_axis',(1.,0.,0.));
#8431=DIRECTION('ref_axis',(0.,0.,-1.));
#8432=DIRECTION('',(0.,0.,1.));
#8433=DIRECTION('',(0.,-0.713665632373835,-0.700486520333157));
#8434=DIRECTION('center_axis',(1.,0.,0.));
#8435=DIRECTION('ref_axis',(0.,0.0611048286969533,0.998131354036089));
#8436=DIRECTION('',(0.,-0.662577810218972,0.748993087688686));
#8437=DIRECTION('',(0.,0.713665632373834,0.700486520333158));
#8438=DIRECTION('center_axis',(0.,0.713665632373835,0.700486520333157));
#8439=DIRECTION('ref_axis',(0.707106781186542,-0.495318768657349,0.504637808151326));
#8440=DIRECTION('center_axis',(0.,-1.,-2.41946628458177E-16));
#8441=DIRECTION('ref_axis',(6.19006263238362E-17,-2.62622115799675E-16,
1.));
#8442=DIRECTION('',(0.,0.713665632373835,0.700486520333157));
#8443=DIRECTION('center_axis',(0.,0.,1.));
#8444=DIRECTION('ref_axis',(-1.21515041142723E-16,-1.,0.));
#8445=DIRECTION('center_axis',(0.,-0.662577810218972,0.748993087688686));
#8446=DIRECTION('ref_axis',(-8.98596298444546E-18,-0.748993087688686,-0.662577810218972));
#8447=DIRECTION('center_axis',(0.,-0.713665632373835,0.700486520333157));
#8448=DIRECTION('ref_axis',(0.707106781186535,0.495318768657348,0.504637808151337));
#8449=DIRECTION('',(0.,0.713665632373835,-0.700486520333157));
#8450=DIRECTION('center_axis',(-1.07742635102422E-14,-0.386984159667324,
0.922086362639951));
#8451=DIRECTION('ref_axis',(2.56723723752012E-14,-0.922086362639951,-0.386984159667325));
#8452=DIRECTION('center_axis',(0.,0.662577810218972,0.748993087688686));
#8453=DIRECTION('ref_axis',(-4.49298149222273E-18,0.748993087688686,-0.662577810218972));
#8454=DIRECTION('center_axis',(0.,0.,1.));
#8455=DIRECTION('ref_axis',(-6.07575205713616E-17,1.,0.));
#8456=DIRECTION('center_axis',(0.,-2.41946628458177E-16,-1.));
#8457=DIRECTION('ref_axis',(0.70710678118654,0.707106781186555,0.));
#8458=DIRECTION('',(0.,-2.41946628458177E-16,-1.));
#8459=DIRECTION('center_axis',(0.,0.,1.));
#8460=DIRECTION('ref_axis',(1.,0.,0.));
#8461=DIRECTION('center_axis',(1.,0.,0.));
#8462=DIRECTION('ref_axis',(0.,0.,1.));
#8463=DIRECTION('center_axis',(1.,0.,0.));
#8464=DIRECTION('ref_axis',(0.,-1.,0.));
#8465=DIRECTION('center_axis',(-1.,0.,0.));
#8466=DIRECTION('ref_axis',(0.,0.707106781186545,0.70710678118655));
#8467=DIRECTION('',(1.,0.,0.));
#8468=DIRECTION('',(-1.,0.,0.));
#8469=DIRECTION('center_axis',(0.,-1.,0.));
#8470=DIRECTION('ref_axis',(-0.70710678118655,0.,-0.707106781186545));
#8471=DIRECTION('',(0.,1.,0.));
#8472=DIRECTION('center_axis',(0.,-1.,0.));
#8473=DIRECTION('ref_axis',(-1.,0.,0.));
#8474=DIRECTION('center_axis',(0.,-1.,-2.41946628458177E-16));
#8475=DIRECTION('ref_axis',(0.,-2.41946628458177E-16,1.));
#8476=DIRECTION('',(-1.,0.,0.));
#8477=DIRECTION('center_axis',(0.,0.713665632373835,-0.700486520333157));
#8478=DIRECTION('ref_axis',(0.70710678118655,0.495318768657342,0.504637808151322));
#8479=DIRECTION('center_axis',(0.,0.,1.));
#8480=DIRECTION('ref_axis',(-1.62020054856964E-16,1.,-2.86413698693941E-17));
#8481=DIRECTION('',(0.,-0.713665632373835,0.700486520333157));
#8482=DIRECTION('',(0.,0.713665632373835,-0.700486520333157));
#8483=DIRECTION('center_axis',(0.,-0.700486520333157,-0.713665632373835));
#8484=DIRECTION('ref_axis',(0.,-0.713665632373835,0.700486520333157));
#8485=DIRECTION('',(1.,0.,0.));
#8486=DIRECTION('',(-1.,0.,0.));
#8487=DIRECTION('',(0.,-0.713665632373835,0.700486520333157));
#8488=DIRECTION('',(-1.,0.,0.));
#8489=DIRECTION('center_axis',(0.,0.,-1.));
#8490=DIRECTION('ref_axis',(0.,-1.,0.));
#8491=DIRECTION('',(-1.,0.,0.));
#8492=DIRECTION('center_axis',(0.,0.,1.));
#8493=DIRECTION('ref_axis',(0.,1.,0.));
#8494=DIRECTION('center_axis',(0.,0.,-1.));
#8495=DIRECTION('ref_axis',(-1.15492968227371E-16,-1.,0.));
#8496=DIRECTION('center_axis',(0.,0.662577810218972,0.748993087688686));
#8497=DIRECTION('ref_axis',(0.707106781186546,-0.52961809136652,0.46851326266957));
#8498=DIRECTION('center_axis',(0.,-0.662577810218972,-0.748993087688686));
#8499=DIRECTION('ref_axis',(0.707106781186548,-0.52961809136652,0.468513262669568));
#8500=DIRECTION('',(0.,-0.662577810218972,-0.748993087688686));
#8501=DIRECTION('center_axis',(0.,0.662577810218972,0.748993087688686));
#8502=DIRECTION('ref_axis',(0.707106781186547,-0.52961809136652,0.468513262669569));
#8503=DIRECTION('',(0.,0.662577810218972,0.748993087688686));
#8504=DIRECTION('center_axis',(0.,-0.713665632373835,-0.700486520333157));
#8505=DIRECTION('ref_axis',(0.70710678118654,-0.49531876865735,0.50463780815133));
#8506=DIRECTION('center_axis',(0.,0.,1.));
#8507=DIRECTION('ref_axis',(-8.10100274284822E-17,-1.,0.));
#8508=DIRECTION('',(0.,0.713665632373835,0.700486520333157));
#8509=DIRECTION('',(0.,-0.713665632373835,-0.700486520333157));
#8510=DIRECTION('center_axis',(0.,-0.700486520333157,0.713665632373835));
#8511=DIRECTION('ref_axis',(0.,0.713665632373835,0.700486520333157));
#8512=DIRECTION('',(1.,0.,0.));
#8513=DIRECTION('',(0.,-0.713665632373835,-0.700486520333157));
#8514=DIRECTION('',(-1.,0.,0.));
#8515=DIRECTION('center_axis',(-1.,0.,0.));
#8516=DIRECTION('ref_axis',(0.,0.,1.));
#8517=DIRECTION('',(0.,0.,-1.));
#8518=DIRECTION('',(0.,0.545675724135386,-0.837996422480026));
#8519=DIRECTION('',(0.,0.83799642248003,0.54567572413538));
#8520=DIRECTION('',(0.,-0.54567572413538,0.83799642248003));
#8521=DIRECTION('',(0.,0.713665632373834,0.700486520333158));
#8522=DIRECTION('',(0.,0.748993087688686,0.662577810218972));
#8523=DIRECTION('',(0.,-0.662577810218972,0.748993087688686));
#8524=DIRECTION('center_axis',(1.,0.,0.));
#8525=DIRECTION('ref_axis',(0.,0.,1.));
#8526=DIRECTION('center_axis',(-1.,0.,0.));
#8527=DIRECTION('ref_axis',(0.,0.,1.));
#8528=DIRECTION('center_axis',(0.,0.,1.));
#8529=DIRECTION('ref_axis',(0.,1.,0.));
#8530=DIRECTION('center_axis',(0.,2.41946628458177E-16,1.));
#8531=DIRECTION('ref_axis',(-0.70710678118655,0.707106781186545,0.));
#8532=DIRECTION('center_axis',(0.,-0.386984159667313,0.922086362639955));
#8533=DIRECTION('ref_axis',(3.73231800701572E-16,0.922086362639955,0.386984159667313));
#8534=DIRECTION('',(0.,2.41946628458177E-16,1.));
#8535=DIRECTION('center_axis',(-1.,0.,0.));
#8536=DIRECTION('ref_axis',(0.,-0.707106781186547,0.707106781186547));
#8537=DIRECTION('',(1.,0.,0.));
#8538=DIRECTION('',(-1.,0.,0.));
#8539=DIRECTION('center_axis',(0.,-1.,0.));
#8540=DIRECTION('ref_axis',(0.93333333333332,0.,-0.359010987142335));
#8541=DIRECTION('',(0.,-1.,0.));
#8542=DIRECTION('center_axis',(0.,-1.,2.41946628458177E-16));
#8543=DIRECTION('ref_axis',(0.,2.41946628458177E-16,1.));
#8544=DIRECTION('center_axis',(0.,0.748993087688686,-0.662577810218972));
#8545=DIRECTION('ref_axis',(0.707106781186554,0.468513262669566,0.529618091366514));
#8546=DIRECTION('',(0.,0.748993087688686,-0.662577810218972));
#8547=DIRECTION('center_axis',(2.07887342809269E-15,-0.748993087688687,
0.662577810218972));
#8548=DIRECTION('ref_axis',(1.,2.77555756156291E-15,0.));
#8549=DIRECTION('center_axis',(0.,0.662577810218972,0.748993087688686));
#8550=DIRECTION('ref_axis',(-1.,0.,0.));
#8551=DIRECTION('center_axis',(0.,0.662577810218972,0.748993087688686));
#8552=DIRECTION('ref_axis',(0.707106781186548,-0.52961809136652,0.468513262669568));
#8553=DIRECTION('center_axis',(-1.,0.,0.));
#8554=DIRECTION('ref_axis',(0.,-0.748993087688686,0.662577810218972));
#8555=DIRECTION('center_axis',(1.,0.,0.));
#8556=DIRECTION('ref_axis',(0.,-0.0611048286969544,0.998131354036089));
#8557=DIRECTION('',(-1.,0.,0.));
#8558=DIRECTION('',(-1.,0.,0.));
#8559=DIRECTION('center_axis',(0.,0.662577810218972,0.748993087688686));
#8560=DIRECTION('ref_axis',(-1.,0.,0.));
#8561=DIRECTION('center_axis',(0.,-0.748993087688686,-0.662577810218972));
#8562=DIRECTION('ref_axis',(0.707106781186543,-0.468513262669575,0.529618091366521));
#8563=DIRECTION('center_axis',(0.,0.,1.));
#8564=DIRECTION('ref_axis',(-7.66259521365438E-17,-1.,0.));
#8565=DIRECTION('center_axis',(0.,0.748993087688687,0.662577810218971));
#8566=DIRECTION('ref_axis',(0.,-0.662577810218971,0.748993087688687));
#8567=DIRECTION('',(0.,0.748993087688686,0.662577810218972));
#8568=DIRECTION('center_axis',(0.,0.662577810218972,-0.748993087688686));
#8569=DIRECTION('ref_axis',(1.,0.,0.));
#8570=DIRECTION('center_axis',(0.,0.662577810218972,-0.748993087688686));
#8571=DIRECTION('ref_axis',(0.707106781186548,0.52961809136652,0.468513262669568));
#8572=DIRECTION('center_axis',(-1.,0.,0.));
#8573=DIRECTION('ref_axis',(0.,-0.662577810218971,0.748993087688688));
#8574=DIRECTION('center_axis',(0.,-0.662577810218972,0.748993087688686));
#8575=DIRECTION('ref_axis',(0.707106781186548,0.52961809136652,0.468513262669568));
#8576=DIRECTION('center_axis',(1.,0.,0.));
#8577=DIRECTION('ref_axis',(0.,0.0611048286969533,0.998131354036089));
#8578=DIRECTION('',(-1.,0.,0.));
#8579=DIRECTION('',(1.,0.,0.));
#8580=DIRECTION('center_axis',(0.,0.662577810218972,-0.748993087688686));
#8581=DIRECTION('ref_axis',(0.707106781186546,0.52961809136652,0.46851326266957));
#8582=DIRECTION('center_axis',(0.,-0.662577810218972,0.748993087688686));
#8583=DIRECTION('ref_axis',(0.707106781186547,0.52961809136652,0.468513262669569));
#8584=DIRECTION('',(0.,0.662577810218972,-0.748993087688686));
#8585=DIRECTION('center_axis',(0.,0.,-1.));
#8586=DIRECTION('ref_axis',(-1.15492968227371E-16,1.,0.));
#8587=DIRECTION('center_axis',(0.,-0.748993087688686,-0.662577810218972));
#8588=DIRECTION('ref_axis',(-1.,0.,0.));
#8589=DIRECTION('',(-1.,0.,0.));
#8590=DIRECTION('center_axis',(0.,0.748993087688686,0.662577810218972));
#8591=DIRECTION('ref_axis',(-1.12028179185894E-14,0.662577810218972,-0.748993087688686));
#8592=DIRECTION('center_axis',(0.,0.545675724135386,0.837996422480026));
#8593=DIRECTION('ref_axis',(-0.707106781186549,0.592552952945692,-0.385851004865011));
#8594=DIRECTION('',(0.,0.545675724135386,0.837996422480026));
#8595=DIRECTION('center_axis',(-3.02910876457056E-15,-0.545675724135388,
-0.837996422480025));
#8596=DIRECTION('ref_axis',(-1.,5.55111512312578E-15,0.));
#8597=DIRECTION('center_axis',(0.,0.837996422480026,-0.545675724135386));
#8598=DIRECTION('ref_axis',(1.,0.,0.));
#8599=DIRECTION('center_axis',(1.,0.,0.));
#8600=DIRECTION('ref_axis',(0.,-0.545675724135366,-0.837996422480039));
#8601=DIRECTION('center_axis',(0.,-0.837996422480026,0.545675724135386));
#8602=DIRECTION('ref_axis',(-0.934172358962715,-0.194709152224433,-0.299015634691697));
#8603=DIRECTION('center_axis',(0.,0.837996422480026,-0.545675724135386));
#8604=DIRECTION('ref_axis',(-0.934172358962715,-0.194709152224433,-0.299015634691697));
#8605=DIRECTION('',(1.,0.,0.));
#8606=DIRECTION('',(-1.,0.,0.));
#8607=DIRECTION('',(-1.,0.,0.));
#8608=DIRECTION('center_axis',(0.,-0.837996422480026,0.545675724135386));
#8609=DIRECTION('ref_axis',(0.,0.545675724135386,0.837996422480026));
#8610=DIRECTION('',(0.,-0.545675724135386,-0.837996422480026));
#8611=DIRECTION('center_axis',(0.,0.837996422480026,-0.545675724135386));
#8612=DIRECTION('ref_axis',(0.759324022521034,-0.355078128338973,-0.545294921668786));
#8613=DIRECTION('',(-1.,0.,0.));
#8614=DIRECTION('center_axis',(-1.,0.,0.));
#8615=DIRECTION('ref_axis',(0.,0.837996422480025,-0.545675724135387));
#8616=DIRECTION('center_axis',(-1.,0.,0.));
#8617=DIRECTION('ref_axis',(0.,0.837996422480029,-0.545675724135381));
#8618=DIRECTION('',(1.,0.,0.));
#8619=DIRECTION('center_axis',(0.,0.837996422480026,-0.545675724135386));
#8620=DIRECTION('ref_axis',(1.,0.,0.));
#8621=DIRECTION('center_axis',(-7.57277191142636E-16,0.545675724135381,
0.837996422480029));
#8622=DIRECTION('ref_axis',(1.,1.38777878078145E-15,0.));
#8623=DIRECTION('center_axis',(0.,-0.837996422480026,0.545675724135386));
#8624=DIRECTION('ref_axis',(0.759324022521034,-0.355078128338973,-0.545294921668786));
#8625=DIRECTION('center_axis',(0.,-0.545675724135386,-0.837996422480026));
#8626=DIRECTION('ref_axis',(0.707106781186547,0.592552952945688,-0.385851004865021));
#8627=DIRECTION('',(0.,0.545675724135386,0.837996422480026));
#8628=DIRECTION('center_axis',(0.,0.,1.));
#8629=DIRECTION('ref_axis',(0.70710678118654,0.707106781186555,0.));
#8630=DIRECTION('',(0.,0.,-1.));
#8631=DIRECTION('',(0.,0.,1.));
#8632=DIRECTION('center_axis',(0.,-1.,0.));
#8633=DIRECTION('ref_axis',(-1.,0.,0.));
#8634=DIRECTION('',(0.,0.,1.));
#8635=DIRECTION('',(1.,0.,0.));
#8636=DIRECTION('',(-1.,0.,0.));
#8637=DIRECTION('center_axis',(0.,-0.545675724135386,0.837996422480026));
#8638=DIRECTION('ref_axis',(-0.70710678118655,-0.59255295294569,-0.385851004865012));
#8639=DIRECTION('center_axis',(-1.03854331274975E-14,0.545675724135379,
-0.837996422480031));
#8640=DIRECTION('ref_axis',(0.,-0.837996422480031,-0.545675724135379));
#8641=DIRECTION('',(0.,0.545675724135386,-0.837996422480026));
#8642=DIRECTION('center_axis',(0.,0.837996422480026,0.545675724135386));
#8643=DIRECTION('ref_axis',(-1.,0.,0.));
#8644=DIRECTION('center_axis',(1.,0.,0.));
#8645=DIRECTION('ref_axis',(0.,-0.837996422480023,-0.545675724135391));
#8646=DIRECTION('center_axis',(0.,-0.837996422480026,-0.545675724135386));
#8647=DIRECTION('ref_axis',(-0.934172358962715,0.194709152224433,-0.299015634691697));
#8648=DIRECTION('center_axis',(0.,0.837996422480026,0.545675724135386));
#8649=DIRECTION('ref_axis',(-0.934172358962715,0.194709152224433,-0.299015634691697));
#8650=DIRECTION('center_axis',(1.,0.,0.));
#8651=DIRECTION('ref_axis',(0.,0.,1.));
#8652=DIRECTION('center_axis',(-1.,0.,0.));
#8653=DIRECTION('ref_axis',(0.,0.99946919964406,-0.0325778907061492));
#8654=DIRECTION('center_axis',(0.,-0.83799642248003,-0.54567572413538));
#8655=DIRECTION('ref_axis',(-0.707106781186546,0.385851004865007,-0.592552952945698));
#8656=DIRECTION('center_axis',(0.,-0.83799642248003,-0.54567572413538));
#8657=DIRECTION('ref_axis',(-0.707106781186547,0.385851004865008,-0.592552952945697));
#8658=DIRECTION('',(0.,0.83799642248003,0.54567572413538));
#8659=DIRECTION('center_axis',(-1.,0.,0.));
#8660=DIRECTION('ref_axis',(0.,0.545675724135382,-0.837996422480028));
#8661=DIRECTION('',(-1.,0.,0.));
#8662=DIRECTION('center_axis',(-1.,0.,0.));
#8663=DIRECTION('ref_axis',(0.,0.545675724135391,-0.837996422480022));
#8664=DIRECTION('',(1.,0.,0.));
#8665=DIRECTION('center_axis',(0.,0.,1.));
#8666=DIRECTION('ref_axis',(0.70710678118655,-0.707106781186545,0.));
#8667=DIRECTION('',(0.,0.,1.));
#8668=DIRECTION('center_axis',(0.,0.837996422480026,0.545675724135386));
#8669=DIRECTION('ref_axis',(-1.,0.,0.));
#8670=DIRECTION('center_axis',(0.,0.837996422480026,0.545675724135386));
#8671=DIRECTION('ref_axis',(0.759324022521035,0.355078128338973,-0.545294921668786));
#8672=DIRECTION('center_axis',(0.,-0.54567572413538,0.83799642248003));
#8673=DIRECTION('ref_axis',(0.,-0.83799642248003,-0.545675724135381));
#8674=DIRECTION('center_axis',(0.,-0.837996422480026,-0.545675724135386));
#8675=DIRECTION('ref_axis',(0.759324022521035,0.355078128338973,-0.545294921668786));
#8676=DIRECTION('center_axis',(0.,0.545675724135386,-0.837996422480026));
#8677=DIRECTION('ref_axis',(0.707106781186536,-0.592552952945698,-0.385851004865026));
#8678=DIRECTION('',(0.,-0.545675724135386,0.837996422480026));
#8679=DIRECTION('',(-1.,0.,0.));
#8680=DIRECTION('',(1.,0.,0.));
#8681=DIRECTION('center_axis',(0.,-1.,0.));
#8682=DIRECTION('ref_axis',(-1.,0.,0.));
#8683=DIRECTION('',(0.,0.,1.));
#8684=DIRECTION('',(-1.,0.,0.));
#8685=DIRECTION('',(-1.,0.,0.));
#8686=DIRECTION('',(1.,0.,0.));
#8687=DIRECTION('center_axis',(0.,-0.837996422480026,-0.545675724135386));
#8688=DIRECTION('ref_axis',(0.,-0.545675724135386,0.837996422480026));
#8689=DIRECTION('center_axis',(-1.,0.,0.));
#8690=DIRECTION('ref_axis',(0.,0.999996147897168,-0.00277564241676477));
#8691=DIRECTION('center_axis',(-1.,0.,0.));
#8692=DIRECTION('ref_axis',(0.,-1.,0.));
#8693=DIRECTION('',(-1.,0.,0.));
#8694=DIRECTION('center_axis',(1.,0.,0.));
#8695=DIRECTION('ref_axis',(0.,0.999991174267661,-0.00420135535088739));
#8696=DIRECTION('',(1.,0.,0.));
#8697=DIRECTION('center_axis',(-1.,0.,0.));
#8698=DIRECTION('ref_axis',(0.,-1.,0.));
#8699=DIRECTION('center_axis',(0.,0.713665632373835,0.700486520333157));
#8700=DIRECTION('ref_axis',(-0.70710678118655,-0.495318768657342,0.504637808151322));
#8701=DIRECTION('center_axis',(0.,1.,0.));
#8702=DIRECTION('ref_axis',(0.70710678118655,0.,-0.707106781186545));
#8703=DIRECTION('center_axis',(0.,1.,0.));
#8704=DIRECTION('ref_axis',(0.70710678118655,0.,-0.707106781186545));
#8705=DIRECTION('',(0.,-1.,0.));
#8706=DIRECTION('center_axis',(0.,1.,0.));
#8707=DIRECTION('ref_axis',(0.70710678118655,0.,-0.707106781186545));
#8708=DIRECTION('',(0.,1.,0.));
#8709=DIRECTION('center_axis',(0.,0.,1.));
#8710=DIRECTION('ref_axis',(0.70710678118655,0.707106781186545,0.));
#8711=DIRECTION('',(0.,0.,-1.));
#8712=DIRECTION('center_axis',(0.,-0.239685908149588,0.970850485623048));
#8713=DIRECTION('ref_axis',(0.,0.970850485623048,0.239685908149588));
#8714=DIRECTION('',(0.,0.,1.));
#8715=DIRECTION('center_axis',(0.,0.,-1.));
#8716=DIRECTION('ref_axis',(0.,1.,0.));
#8717=DIRECTION('center_axis',(0.,-0.465398360648072,0.885101330869007));
#8718=DIRECTION('ref_axis',(0.70710678118655,0.625861153094711,0.329086336767353));
#8719=DIRECTION('',(0.,-0.465398360648072,0.885101330869007));
#8720=DIRECTION('',(0.,0.465398360648072,-0.885101330869007));
#8721=DIRECTION('center_axis',(1.79643427101202E-15,-0.239685908149601,
0.970850485623044));
#8722=DIRECTION('ref_axis',(-7.2764773610028E-15,-0.970850485623044,-0.239685908149601));
#8723=DIRECTION('center_axis',(0.,0.,1.));
#8724=DIRECTION('ref_axis',(0.70710678118655,0.707106781186545,0.));
#8725=DIRECTION('',(0.,0.,1.));
#8726=DIRECTION('',(0.,0.,-1.));
#8727=DIRECTION('center_axis',(0.,-0.707106781186548,0.707106781186547));
#8728=DIRECTION('ref_axis',(0.,0.707106781186547,0.707106781186548));
#8729=DIRECTION('center_axis',(0.,-1.,0.));
#8730=DIRECTION('ref_axis',(0.70710678118655,0.,0.707106781186545));
#8731=DIRECTION('',(0.,-1.,0.));
#8732=DIRECTION('',(0.,1.,0.));
#8733=DIRECTION('center_axis',(2.61682076447294E-15,-0.707106781186548,
-0.707106781186547));
#8734=DIRECTION('ref_axis',(-2.61682076447294E-15,-0.707106781186547,0.707106781186548));
#8735=DIRECTION('center_axis',(0.,0.,-1.));
#8736=DIRECTION('ref_axis',(0.707106781186551,-0.707106781186544,0.));
#8737=DIRECTION('',(0.,0.,-1.));
#8738=DIRECTION('',(0.,0.,1.));
#8739=DIRECTION('center_axis',(2.07961258603976E-16,-0.22477781922153,-0.974410043044515));
#8740=DIRECTION('ref_axis',(-9.01510387678334E-16,0.974410043044515,-0.22477781922153));
#8741=DIRECTION('center_axis',(0.,-0.438051529006208,-0.898949863972026));
#8742=DIRECTION('ref_axis',(0.707106781186551,-0.635653544761341,0.309749206669424));
#8743=DIRECTION('',(0.,-0.438051529006208,-0.898949863972026));
#8744=DIRECTION('',(0.,0.438051529006208,0.898949863972026));
#8745=DIRECTION('center_axis',(1.03980629301989E-16,-0.224777819221531,
-0.974410043044515));
#8746=DIRECTION('ref_axis',(-4.50755193839167E-16,-0.974410043044515,0.224777819221531));
#8747=DIRECTION('center_axis',(0.,1.,0.));
#8748=DIRECTION('ref_axis',(0.,0.,-1.));
#8749=DIRECTION('center_axis',(0.,0.,1.));
#8750=DIRECTION('ref_axis',(0.,-1.,0.));
#8751=DIRECTION('center_axis',(0.,-1.,0.));
#8752=DIRECTION('ref_axis',(0.714142842854287,0.,-0.699999999999998));
#8753=DIRECTION('center_axis',(0.,0.,-1.));
#8754=DIRECTION('ref_axis',(0.70710678118655,-0.707106781186545,0.));
#8755=DIRECTION('',(0.,0.,-1.));
#8756=DIRECTION('',(0.,0.,1.));
#8757=DIRECTION('center_axis',(0.,-1.,0.));
#8758=DIRECTION('ref_axis',(0.,0.,1.));
#8759=DIRECTION('center_axis',(0.,1.,0.));
#8760=DIRECTION('ref_axis',(0.714142842854287,0.,-0.699999999999998));
#8761=DIRECTION('center_axis',(0.,-1.,0.));
#8762=DIRECTION('ref_axis',(0.,0.,-1.));
#8763=DIRECTION('center_axis',(0.,-1.,0.));
#8764=DIRECTION('ref_axis',(0.70710678118655,0.,-0.707106781186545));
#8765=DIRECTION('',(0.,0.,1.));
#8766=DIRECTION('',(1.,0.,0.));
#8767=DIRECTION('center_axis',(0.,-0.885101330869007,-0.465398360648072));
#8768=DIRECTION('ref_axis',(0.,0.465398360648072,-0.885101330869007));
#8769=DIRECTION('',(0.,-0.465398360648072,0.885101330869007));
#8770=DIRECTION('',(1.,0.,0.));
#8771=DIRECTION('center_axis',(0.,-1.,0.));
#8772=DIRECTION('ref_axis',(0.,0.,-1.));
#8773=DIRECTION('',(0.,0.,1.));
#8774=DIRECTION('',(1.,0.,0.));
#8775=DIRECTION('center_axis',(0.,0.,-1.));
#8776=DIRECTION('ref_axis',(0.,1.,0.));
#8777=DIRECTION('',(0.,-1.,0.));
#8778=DIRECTION('',(1.,0.,0.));
#8779=DIRECTION('center_axis',(0.,1.,0.));
#8780=DIRECTION('ref_axis',(0.,0.,1.));
#8781=DIRECTION('',(0.,0.,-1.));
#8782=DIRECTION('',(1.,0.,0.));
#8783=DIRECTION('center_axis',(0.,0.898949863972026,-0.438051529006208));
#8784=DIRECTION('ref_axis',(0.,0.438051529006208,0.898949863972026));
#8785=DIRECTION('',(0.,0.438051529006208,0.898949863972026));
#8786=DIRECTION('',(1.,0.,0.));
#8787=DIRECTION('center_axis',(0.,1.,0.));
#8788=DIRECTION('ref_axis',(0.,0.,1.));
#8789=DIRECTION('',(0.,0.,-1.));
#8790=DIRECTION('center_axis',(0.,1.,0.));
#8791=DIRECTION('ref_axis',(0.70710678118655,0.,-0.707106781186545));
#8792=DIRECTION('center_axis',(0.,-0.713665632373835,0.700486520333157));
#8793=DIRECTION('ref_axis',(-0.707106781186549,0.495318768657345,0.504637808151321));
#8794=DIRECTION('center_axis',(-1.,0.,0.));
#8795=DIRECTION('ref_axis',(0.,0.,-1.));
#8796=DIRECTION('center_axis',(-1.,0.,0.));
#8797=DIRECTION('ref_axis',(0.,-0.999996147897168,-0.0027756424167652));
#8798=DIRECTION('center_axis',(1.,0.,0.));
#8799=DIRECTION('ref_axis',(0.,0.,1.));
#8800=DIRECTION('center_axis',(1.,0.,0.));
#8801=DIRECTION('ref_axis',(0.,0.999772100422316,-0.0213482368628067));
#8802=DIRECTION('center_axis',(-1.,0.,0.));
#8803=DIRECTION('ref_axis',(0.,0.999772100422316,-0.0213482368628067));
#8804=DIRECTION('center_axis',(-1.,0.,0.));
#8805=DIRECTION('ref_axis',(0.,0.999772100422316,-0.0213482368628068));
#8806=DIRECTION('',(-1.,0.,0.));
#8807=DIRECTION('center_axis',(1.,0.,0.));
#8808=DIRECTION('ref_axis',(0.,0.999772100422316,-0.0213482368628067));
#8809=DIRECTION('',(1.,0.,0.));
#8810=DIRECTION('center_axis',(-1.,0.,0.));
#8811=DIRECTION('ref_axis',(0.,0.,-1.));
#8812=DIRECTION('center_axis',(-1.,0.,0.));
#8813=DIRECTION('ref_axis',(0.,0.999991174267661,-0.00420135535088739));
#8814=DIRECTION('center_axis',(1.,0.,0.));
#8815=DIRECTION('ref_axis',(0.,0.,1.));
#8816=DIRECTION('center_axis',(-1.,0.,0.));
#8817=DIRECTION('ref_axis',(0.,-0.999991174267661,-0.00420135535088739));
#8818=DIRECTION('center_axis',(1.,0.,0.));
#8819=DIRECTION('ref_axis',(0.,-0.999991174267661,-0.00420135535088739));
#8820=DIRECTION('center_axis',(-1.,0.,0.));
#8821=DIRECTION('ref_axis',(0.,1.,0.));
#8822=DIRECTION('',(0.,0.713665632373834,-0.700486520333158));
#8823=DIRECTION('center_axis',(1.,0.,0.));
#8824=DIRECTION('ref_axis',(0.,-0.999772100422316,-0.0213482368628067));
#8825=DIRECTION('',(0.,-0.54567572413538,-0.83799642248003));
#8826=DIRECTION('center_axis',(-1.,0.,0.));
#8827=DIRECTION('ref_axis',(0.,0.,-1.));
#8828=DIRECTION('center_axis',(-1.,0.,0.));
#8829=DIRECTION('ref_axis',(0.,-0.999772100422316,-0.0213482368628067));
#8830=DIRECTION('center_axis',(-1.,0.,0.));
#8831=DIRECTION('ref_axis',(0.,-0.998131354036089,-0.0611048286969433));
#8832=DIRECTION('',(-1.,0.,0.));
#8833=DIRECTION('center_axis',(-1.,0.,0.));
#8834=DIRECTION('ref_axis',(0.,-0.998131354036089,-0.0611048286969433));
#8835=DIRECTION('',(-1.,0.,0.));
#8836=DIRECTION('center_axis',(1.,0.,0.));
#8837=DIRECTION('ref_axis',(0.,-0.748993087688687,0.662577810218972));
#8838=DIRECTION('',(1.,0.,0.));
#8839=DIRECTION('center_axis',(0.,-0.662577810218972,-0.748993087688686));
#8840=DIRECTION('ref_axis',(1.,0.,0.));
#8841=DIRECTION('center_axis',(2.59859178511581E-16,0.748993087688685,-0.662577810218974));
#8842=DIRECTION('ref_axis',(1.,-3.46944695195359E-16,0.));
#8843=DIRECTION('center_axis',(0.,-0.662577810218972,-0.748993087688686));
#8844=DIRECTION('ref_axis',(0.707106781186547,-0.52961809136652,0.468513262669569));
#8845=DIRECTION('center_axis',(0.,0.748993087688686,-0.662577810218972));
#8846=DIRECTION('ref_axis',(0.707106781186549,-0.468513262669565,-0.529618091366521));
#8847=DIRECTION('',(0.,-0.748993087688686,0.662577810218972));
#8848=DIRECTION('center_axis',(-6.76842790317415E-16,0.731574945182855,
-0.681761028206147));
#8849=DIRECTION('ref_axis',(2.61151066967124E-14,0.681761028206147,0.731574945182855));
#8850=DIRECTION('',(0.,0.748993087688686,-0.662577810218972));
#8851=DIRECTION('center_axis',(0.,-0.713665632373834,0.700486520333158));
#8852=DIRECTION('ref_axis',(0.70710678118655,-0.495318768657343,-0.504637808151322));
#8853=DIRECTION('',(0.,0.713665632373834,-0.700486520333158));
#8854=DIRECTION('',(0.,-0.713665632373834,0.700486520333158));
#8855=DIRECTION('center_axis',(-1.,0.,0.));
#8856=DIRECTION('ref_axis',(0.,-0.662577810218972,-0.748993087688686));
#8857=DIRECTION('',(0.,-0.713665632373834,0.700486520333158));
#8858=DIRECTION('',(0.,-0.748993087688686,0.662577810218972));
#8859=DIRECTION('center_axis',(0.,-0.662577810218972,-0.748993087688686));
#8860=DIRECTION('ref_axis',(1.,0.,0.));
#8861=DIRECTION('',(1.,0.,0.));
#8862=DIRECTION('center_axis',(0.,0.700486520333158,0.713665632373834));
#8863=DIRECTION('ref_axis',(0.,0.713665632373834,-0.700486520333158));
#8864=DIRECTION('',(0.,-0.713665632373834,0.700486520333158));
#8865=DIRECTION('',(0.,0.713665632373834,-0.700486520333158));
#8866=DIRECTION('',(1.,0.,0.));
#8867=DIRECTION('',(-1.,0.,0.));
#8868=DIRECTION('center_axis',(0.,0.713665632373834,0.700486520333158));
#8869=DIRECTION('ref_axis',(0.70710678118654,0.49531876865735,-0.50463780815133));
#8870=DIRECTION('',(0.,-0.713665632373834,-0.700486520333158));
#8871=DIRECTION('center_axis',(0.,0.731574945182882,0.681761028206118));
#8872=DIRECTION('ref_axis',(0.,-0.681761028206118,0.731574945182882));
#8873=DIRECTION('center_axis',(-1.,0.,0.));
#8874=DIRECTION('ref_axis',(0.,0.998131354036089,-0.0611048286969429));
#8875=DIRECTION('center_axis',(-1.,0.,0.));
#8876=DIRECTION('ref_axis',(0.,0.998131354036089,-0.0611048286969429));
#8877=DIRECTION('',(1.,0.,0.));
#8878=DIRECTION('center_axis',(1.,0.,0.));
#8879=DIRECTION('ref_axis',(0.,0.662577810218973,-0.748993087688686));
#8880=DIRECTION('',(1.,0.,0.));
#8881=DIRECTION('center_axis',(0.,-0.662577810218972,0.748993087688686));
#8882=DIRECTION('ref_axis',(-1.,0.,0.));
#8883=DIRECTION('center_axis',(0.,-0.748993087688684,-0.662577810218975));
#8884=DIRECTION('ref_axis',(0.,0.662577810218975,-0.748993087688684));
#8885=DIRECTION('center_axis',(0.,0.662577810218972,-0.748993087688686));
#8886=DIRECTION('ref_axis',(0.707106781186547,0.52961809136652,0.468513262669569));
#8887=DIRECTION('center_axis',(0.,-0.748993087688686,-0.662577810218972));
#8888=DIRECTION('ref_axis',(0.707106781186549,0.468513262669565,-0.529618091366521));
#8889=DIRECTION('',(0.,-0.748993087688686,-0.662577810218972));
#8890=DIRECTION('center_axis',(0.,-0.662577810218972,0.748993087688686));
#8891=DIRECTION('ref_axis',(1.,0.,0.));
#8892=DIRECTION('',(1.,0.,0.));
#8893=DIRECTION('',(0.,0.748993087688686,0.662577810218972));
#8894=DIRECTION('center_axis',(1.,0.,0.));
#8895=DIRECTION('ref_axis',(0.,0.662577810218972,-0.748993087688686));
#8896=DIRECTION('',(0.,0.713665632373834,0.700486520333158));
#8897=DIRECTION('center_axis',(0.,0.700486520333158,-0.713665632373834));
#8898=DIRECTION('ref_axis',(0.,-0.713665632373834,-0.700486520333158));
#8899=DIRECTION('',(-1.,0.,0.));
#8900=DIRECTION('',(0.,-0.713665632373834,-0.700486520333158));
#8901=DIRECTION('',(0.,0.713665632373834,0.700486520333158));
#8902=DIRECTION('',(0.,0.713665632373834,0.700486520333158));
#8903=DIRECTION('center_axis',(0.,0.713665632373834,-0.700486520333158));
#8904=DIRECTION('ref_axis',(0.707106781186539,-0.49531876865735,-0.504637808151329));
#8905=DIRECTION('center_axis',(0.,-0.748993087688686,0.662577810218972));
#8906=DIRECTION('ref_axis',(-1.14915503391716E-14,-0.662577810218972,-0.748993087688686));
#8907=DIRECTION('center_axis',(0.,0.,-1.));
#8908=DIRECTION('ref_axis',(-1.,0.,0.));
#8909=DIRECTION('',(0.,1.,0.));
#8910=DIRECTION('center_axis',(0.,0.54567572413538,0.83799642248003));
#8911=DIRECTION('ref_axis',(0.707106781186552,-0.592552952945694,0.385851004865003));
#8912=DIRECTION('',(0.,-0.54567572413538,-0.83799642248003));
#8913=DIRECTION('',(0.,0.54567572413538,0.83799642248003));
#8914=DIRECTION('center_axis',(-7.5727719114263E-16,-0.545675724135376,
-0.837996422480032));
#8915=DIRECTION('ref_axis',(1.,-1.38777878078145E-15,0.));
#8916=DIRECTION('center_axis',(0.,-0.83799642248003,0.54567572413538));
#8917=DIRECTION('ref_axis',(-1.,0.,0.));
#8918=DIRECTION('center_axis',(-1.,0.,0.));
#8919=DIRECTION('ref_axis',(0.,-0.54567572413538,-0.837996422480029));
#8920=DIRECTION('center_axis',(0.,0.83799642248003,-0.54567572413538));
#8921=DIRECTION('ref_axis',(0.707106781186547,-0.385851004865008,-0.592552952945697));
#8922=DIRECTION('center_axis',(0.,-0.83799642248003,0.54567572413538));
#8923=DIRECTION('ref_axis',(0.707106781186547,-0.385851004865008,-0.592552952945697));
#8924=DIRECTION('center_axis',(-1.,0.,0.));
#8925=DIRECTION('ref_axis',(0.,-0.978403957810704,-0.206701948080683));
#8926=DIRECTION('center_axis',(-1.,0.,0.));
#8927=DIRECTION('ref_axis',(0.,-0.545675724135382,-0.837996422480029));
#8928=DIRECTION('',(-1.,0.,0.));
#8929=DIRECTION('',(1.,0.,0.));
#8930=DIRECTION('center_axis',(0.,-0.83799642248003,0.54567572413538));
#8931=DIRECTION('ref_axis',(-1.,0.,0.));
#8932=DIRECTION('center_axis',(0.,0.545675724135378,0.837996422480031));
#8933=DIRECTION('ref_axis',(-1.,0.,0.));
#8934=DIRECTION('center_axis',(0.,0.83799642248003,-0.54567572413538));
#8935=DIRECTION('ref_axis',(-0.707106781186547,-0.385851004865008,-0.592552952945697));
#8936=DIRECTION('center_axis',(0.,-0.83799642248003,0.54567572413538));
#8937=DIRECTION('ref_axis',(-0.707106781186547,-0.385851004865008,-0.592552952945697));
#8938=DIRECTION('center_axis',(0.,-0.54567572413538,-0.83799642248003));
#8939=DIRECTION('ref_axis',(-0.707106781186549,-0.592552952945692,0.385851004865011));
#8940=DIRECTION('',(0.,-0.54567572413538,-0.83799642248003));
#8941=DIRECTION('center_axis',(0.,0.713665632373834,-0.700486520333158));
#8942=DIRECTION('ref_axis',(-0.70710678118655,-0.495318768657342,-0.504637808151322));
#8943=DIRECTION('center_axis',(1.,0.,0.));
#8944=DIRECTION('ref_axis',(0.,0.,1.));
#8945=DIRECTION('center_axis',(1.,0.,0.));
#8946=DIRECTION('ref_axis',(0.,-0.999772100422316,-0.0213482368628067));
#8947=DIRECTION('center_axis',(0.,0.83799642248003,-0.54567572413538));
#8948=DIRECTION('ref_axis',(0.,-0.54567572413538,-0.83799642248003));
#8949=DIRECTION('',(-1.,0.,0.));
#8950=DIRECTION('',(-1.,0.,0.));
#8951=DIRECTION('center_axis',(1.,0.,0.));
#8952=DIRECTION('ref_axis',(0.,-0.999772100422316,-0.0213482368628068));
#8953=DIRECTION('center_axis',(0.,-0.713665632373834,-0.700486520333158));
#8954=DIRECTION('ref_axis',(0.70710678118654,0.49531876865735,-0.50463780815133));
#8955=DIRECTION('center_axis',(0.,-0.713665632373834,-0.700486520333158));
#8956=DIRECTION('ref_axis',(-0.707106781186548,0.495318768657346,-0.504637808151321));
#8957=DIRECTION('center_axis',(-1.,0.,0.));
#8958=DIRECTION('ref_axis',(0.,0.,-1.));
#8959=DIRECTION('center_axis',(0.,-0.54567572413538,0.83799642248003));
#8960=DIRECTION('ref_axis',(0.707106781186541,0.592552952945703,0.385851004865008));
#8961=DIRECTION('',(0.,0.54567572413538,-0.83799642248003));
#8962=DIRECTION('center_axis',(0.,0.545675724135377,-0.837996422480032));
#8963=DIRECTION('ref_axis',(0.,0.837996422480032,0.545675724135377));
#8964=DIRECTION('center_axis',(0.,-0.83799642248003,-0.54567572413538));
#8965=DIRECTION('ref_axis',(1.,0.,0.));
#8966=DIRECTION('center_axis',(-1.,0.,0.));
#8967=DIRECTION('ref_axis',(0.,0.837996422480031,0.545675724135379));
#8968=DIRECTION('center_axis',(0.,0.83799642248003,0.54567572413538));
#8969=DIRECTION('ref_axis',(0.707106781186547,0.385851004865007,-0.592552952945697));
#8970=DIRECTION('center_axis',(0.,-0.83799642248003,-0.54567572413538));
#8971=DIRECTION('ref_axis',(0.707106781186547,0.385851004865008,-0.592552952945697));
#8972=DIRECTION('center_axis',(-1.,0.,0.));
#8973=DIRECTION('ref_axis',(0.,0.9784039578107,-0.206701948080703));
#8974=DIRECTION('center_axis',(-1.,0.,0.));
#8975=DIRECTION('ref_axis',(0.,0.837996422480031,0.545675724135379));
#8976=DIRECTION('',(-1.,0.,0.));
#8977=DIRECTION('',(1.,0.,0.));
#8978=DIRECTION('center_axis',(0.,-0.83799642248003,-0.54567572413538));
#8979=DIRECTION('ref_axis',(1.,0.,0.));
#8980=DIRECTION('center_axis',(2.01940584304701E-15,-0.54567572413538,0.83799642248003));
#8981=DIRECTION('ref_axis',(0.,0.83799642248003,0.54567572413538));
#8982=DIRECTION('center_axis',(0.,0.83799642248003,0.54567572413538));
#8983=DIRECTION('ref_axis',(-0.707106781186547,0.385851004865007,-0.592552952945697));
#8984=DIRECTION('center_axis',(0.,0.54567572413538,-0.83799642248003));
#8985=DIRECTION('ref_axis',(-0.707106781186553,0.592552952945692,0.385851004865003));
#8986=DIRECTION('',(0.,-0.54567572413538,0.83799642248003));
#8987=DIRECTION('center_axis',(0.,0.83799642248003,0.54567572413538));
#8988=DIRECTION('ref_axis',(0.,0.54567572413538,-0.83799642248003));
#8989=DIRECTION('',(0.,0.54567572413538,-0.83799642248003));
#8990=DIRECTION('',(-1.,0.,0.));
#8991=DIRECTION('center_axis',(0.,1.,0.));
#8992=DIRECTION('ref_axis',(0.70710678118655,0.,-0.707106781186545));
#8993=DIRECTION('',(0.,-1.,0.));
#8994=DIRECTION('center_axis',(-1.,0.,0.));
#8995=DIRECTION('ref_axis',(0.,1.,0.));
#8996=DIRECTION('center_axis',(0.,0.,1.));
#8997=DIRECTION('ref_axis',(0.,1.,0.));
#8998=DIRECTION('center_axis',(-1.,0.,0.));
#8999=DIRECTION('ref_axis',(0.,0.,1.));
#9000=DIRECTION('center_axis',(0.,-0.83799642248003,0.54567572413538));
#9001=DIRECTION('ref_axis',(-0.707106781186546,-0.385851004865007,-0.592552952945698));
#9002=DIRECTION('',(0.,-0.83799642248003,0.54567572413538));
#9003=DIRECTION('center_axis',(0.,0.54567572413538,0.83799642248003));
#9004=DIRECTION('ref_axis',(0.,0.83799642248003,-0.54567572413538));
#9005=DIRECTION('',(0.,0.83799642248003,-0.54567572413538));
#9006=DIRECTION('center_axis',(1.,0.,0.));
#9007=DIRECTION('ref_axis',(0.,0.,1.));
#9008=DIRECTION('',(0.,-0.83799642248003,0.54567572413538));
#9009=DIRECTION('center_axis',(0.,0.83799642248003,-0.54567572413538));
#9010=DIRECTION('ref_axis',(0.707106781186546,-0.385851004865007,-0.592552952945698));
#9011=DIRECTION('center_axis',(0.,-0.748993087688686,0.662577810218972));
#9012=DIRECTION('ref_axis',(-1.,0.,0.));
#9013=DIRECTION('center_axis',(-1.,0.,0.));
#9014=DIRECTION('ref_axis',(0.,1.,0.));
#9015=DIRECTION('center_axis',(1.,0.,0.));
#9016=DIRECTION('ref_axis',(0.,1.,0.));
#9017=DIRECTION('center_axis',(1.,0.,0.));
#9018=DIRECTION('ref_axis',(0.,1.,0.));
#9019=DIRECTION('',(1.,0.,0.));
#9020=DIRECTION('',(-1.,0.,0.));
#9021=DIRECTION('center_axis',(1.,0.,0.));
#9022=DIRECTION('ref_axis',(0.,-0.999996147897168,-0.00277564241676477));
#9023=DIRECTION('center_axis',(0.,0.54567572413538,-0.83799642248003));
#9024=DIRECTION('ref_axis',(0.,-0.83799642248003,-0.54567572413538));
#9025=DIRECTION('',(0.,-0.83799642248003,-0.54567572413538));
#9026=DIRECTION('center_axis',(0.,0.662577810218972,-0.748993087688686));
#9027=DIRECTION('ref_axis',(-1.,0.,0.));
#9028=DIRECTION('',(-1.,0.,0.));
#9029=DIRECTION('center_axis',(0.,0.83799642248003,0.54567572413538));
#9030=DIRECTION('ref_axis',(0.707106781186546,0.385851004865007,-0.592552952945698));
#9031=DIRECTION('center_axis',(0.,0.,1.));
#9032=DIRECTION('ref_axis',(0.,1.,0.));
#9033=DIRECTION('center_axis',(1.,0.,0.));
#9034=DIRECTION('ref_axis',(0.,-1.,0.));
#9035=DIRECTION('center_axis',(1.,0.,0.));
#9036=DIRECTION('ref_axis',(0.,-1.,0.));
#9037=DIRECTION('',(0.,0.,1.));
#9038=DIRECTION('',(1.,0.,0.));
#9039=DIRECTION('',(0.,0.,1.));
#9040=DIRECTION('',(1.,0.,0.));
#9041=DIRECTION('',(0.,0.,-1.));
#9042=DIRECTION('',(-1.,0.,0.));
#9043=DIRECTION('center_axis',(0.,0.,1.));
#9044=DIRECTION('ref_axis',(1.,0.,0.));
#9045=CARTESIAN_POINT('',(0.,0.,0.));
#9046=CARTESIAN_POINT('',(0.,0.,0.));
#9047=CARTESIAN_POINT('Origin',(-5.4,0.,5.575));
#9048=CARTESIAN_POINT('',(-5.4,2.18653846153846,5.45));
#9049=CARTESIAN_POINT('',(-5.4,-2.18653846153846,5.45));
#9050=CARTESIAN_POINT('',(-5.4,1.3625,5.45));
#9051=CARTESIAN_POINT('',(-5.4,1.225,6.7));
#9052=CARTESIAN_POINT('',(-5.4,1.51914498141264,6.31761152416357));
#9053=CARTESIAN_POINT('',(-5.4,-1.225,6.7));
#9054=CARTESIAN_POINT('',(-5.4,-2.225,6.7));
#9055=CARTESIAN_POINT('',(-5.4,-1.51914498141264,6.31761152416357));
#9056=CARTESIAN_POINT('Origin',(-5.4,1.725,6.05));
#9057=CARTESIAN_POINT('',(-11.,1.225,6.7));
#9058=CARTESIAN_POINT('',(-11.,2.225,5.4));
#9059=CARTESIAN_POINT('',(-11.,1.51914498141264,6.31761152416357));
#9060=CARTESIAN_POINT('',(-5.4,1.225,6.7));
#9061=CARTESIAN_POINT('',(-5.4,2.225,5.4));
#9062=CARTESIAN_POINT('',(-5.4,3.28447955390335,4.02267657992565));
#9063=CARTESIAN_POINT('',(-5.4,2.225,5.4));
#9064=CARTESIAN_POINT('Origin',(-5.4,2.225,6.7));
#9065=CARTESIAN_POINT('',(-11.,-1.225,6.7));
#9066=CARTESIAN_POINT('',(-11.,-2.225,6.7));
#9067=CARTESIAN_POINT('',(-5.4,-1.225,6.7));
#9068=CARTESIAN_POINT('Origin',(-5.4,-1.725,6.05));
#9069=CARTESIAN_POINT('',(-11.,-2.225,5.4));
#9070=CARTESIAN_POINT('',(-11.,-1.51914498141264,6.31761152416357));
#9071=CARTESIAN_POINT('',(-5.4,-2.225,5.4));
#9072=CARTESIAN_POINT('',(-5.4,-2.225,5.4));
#9073=CARTESIAN_POINT('',(-5.4,-2.44804832713755,5.11003717472119));
#9074=CARTESIAN_POINT('Origin',(-5.4,2.225,4.45));
#9075=CARTESIAN_POINT('',(-5.4,2.225,4.45));
#9076=CARTESIAN_POINT('',(-5.4,2.225,2.225));
#9077=CARTESIAN_POINT('',(-11.,2.225,4.45));
#9078=CARTESIAN_POINT('',(-5.4,2.225,4.45));
#9079=CARTESIAN_POINT('',(-11.,2.225,6.7));
#9080=CARTESIAN_POINT('Origin',(-5.4,-2.225,4.45));
#9081=CARTESIAN_POINT('',(-5.4,-2.225,4.45));
#9082=CARTESIAN_POINT('',(-5.4,0.0124999999999997,4.45));
#9083=CARTESIAN_POINT('',(-11.,-2.225,4.45));
#9084=CARTESIAN_POINT('',(-5.4,-2.225,4.45));
#9085=CARTESIAN_POINT('',(-11.,2.225,4.45));
#9086=CARTESIAN_POINT('Origin',(-5.4,-2.225,6.7));
#9087=CARTESIAN_POINT('',(-11.,-2.225,4.45));
#9088=CARTESIAN_POINT('',(-5.4,-2.225,3.35));
#9089=CARTESIAN_POINT('Origin',(-11.,0.,5.575));
#9090=CARTESIAN_POINT('Origin',(-5.4,2.25,0.));
#9091=CARTESIAN_POINT('',(-5.4,3.2,5.45));
#9092=CARTESIAN_POINT('',(-5.4,1.3625,5.45));
#9093=CARTESIAN_POINT('',(-5.4,3.2,3.99999991059303));
#9094=CARTESIAN_POINT('',(-5.4,3.2,3.99999991059303));
#9095=CARTESIAN_POINT('',(-5.4,2.25,4.));
#9096=CARTESIAN_POINT('',(-5.4,4.45,4.));
#9097=CARTESIAN_POINT('',(-5.4,2.25,3.));
#9098=CARTESIAN_POINT('',(-5.4,2.25,0.));
#9099=CARTESIAN_POINT('',(-5.4,3.05,3.));
#9100=CARTESIAN_POINT('',(-5.4,4.45,3.));
#9101=CARTESIAN_POINT('',(-5.4,3.5,0.));
#9102=CARTESIAN_POINT('',(-5.4,3.37374694376528,0.841687041564792));
#9103=CARTESIAN_POINT('',(-5.4,-3.5,0.));
#9104=CARTESIAN_POINT('',(-5.4,4.45,0.));
#9105=CARTESIAN_POINT('',(-5.4,-3.05,3.));
#9106=CARTESIAN_POINT('',(-5.4,-3.32423594132029,1.17176039119804));
#9107=CARTESIAN_POINT('',(-5.4,-2.25,3.));
#9108=CARTESIAN_POINT('',(-5.4,4.45,3.));
#9109=CARTESIAN_POINT('',(-5.4,-2.25,4.));
#9110=CARTESIAN_POINT('',(-5.4,-2.25,0.));
#9111=CARTESIAN_POINT('',(-5.4,-3.2,3.99999991059303));
#9112=CARTESIAN_POINT('',(-5.4,-4.45,4.));
#9113=CARTESIAN_POINT('',(-5.4,-3.2,5.45));
#9114=CARTESIAN_POINT('',(-5.4,-3.2,3.99999991059303));
#9115=CARTESIAN_POINT('',(-5.4,1.3625,5.45));
#9116=CARTESIAN_POINT('Origin',(5.4,1.725,6.05));
#9117=CARTESIAN_POINT('',(11.,1.225,6.7));
#9118=CARTESIAN_POINT('',(11.,2.225,5.4));
#9119=CARTESIAN_POINT('',(11.,1.51914498141264,6.31761152416357));
#9120=CARTESIAN_POINT('',(5.4,2.225,5.4));
#9121=CARTESIAN_POINT('',(5.4,2.225,5.4));
#9122=CARTESIAN_POINT('',(5.4,2.18653846153846,5.45));
#9123=CARTESIAN_POINT('',(5.4,2.44804832713755,5.11003717472119));
#9124=CARTESIAN_POINT('',(5.4,1.225,6.7));
#9125=CARTESIAN_POINT('',(5.4,1.51914498141264,6.31761152416357));
#9126=CARTESIAN_POINT('',(5.4,1.225,6.7));
#9127=CARTESIAN_POINT('Origin',(5.4,2.225,6.7));
#9128=CARTESIAN_POINT('',(5.4,-1.225,6.7));
#9129=CARTESIAN_POINT('',(5.4,-2.225,6.7));
#9130=CARTESIAN_POINT('',(11.,-1.225,6.7));
#9131=CARTESIAN_POINT('',(5.4,-1.225,6.7));
#9132=CARTESIAN_POINT('',(11.,-2.225,6.7));
#9133=CARTESIAN_POINT('Origin',(5.4,0.,5.575));
#9134=CARTESIAN_POINT('',(5.4,-2.18653846153846,5.45));
#9135=CARTESIAN_POINT('',(5.4,-1.3625,5.45));
#9136=CARTESIAN_POINT('',(5.4,-1.51914498141264,6.31761152416357));
#9137=CARTESIAN_POINT('Origin',(5.4,-1.725,6.05));
#9138=CARTESIAN_POINT('',(11.,-2.225,5.4));
#9139=CARTESIAN_POINT('',(11.,-1.51914498141264,6.31761152416357));
#9140=CARTESIAN_POINT('',(5.4,-2.225,5.4));
#9141=CARTESIAN_POINT('',(5.4,-3.28447955390335,4.02267657992565));
#9142=CARTESIAN_POINT('',(5.4,-2.225,5.4));
#9143=CARTESIAN_POINT('Origin',(5.4,2.225,4.45));
#9144=CARTESIAN_POINT('',(11.,2.225,4.45));
#9145=CARTESIAN_POINT('',(11.,2.225,6.7));
#9146=CARTESIAN_POINT('',(5.4,2.225,4.45));
#9147=CARTESIAN_POINT('',(5.4,2.225,4.45));
#9148=CARTESIAN_POINT('',(5.4,2.225,2.225));
#9149=CARTESIAN_POINT('Origin',(5.4,-2.225,4.45));
#9150=CARTESIAN_POINT('',(5.4,-2.225,4.45));
#9151=CARTESIAN_POINT('',(5.4,-2.2375,4.45));
#9152=CARTESIAN_POINT('',(11.,-2.225,4.45));
#9153=CARTESIAN_POINT('',(11.,2.225,4.45));
#9154=CARTESIAN_POINT('',(5.4,-2.225,4.45));
#9155=CARTESIAN_POINT('Origin',(5.4,-2.225,6.7));
#9156=CARTESIAN_POINT('',(5.4,-2.225,3.35));
#9157=CARTESIAN_POINT('',(11.,-2.225,4.45));
#9158=CARTESIAN_POINT('Origin',(11.,0.,5.575));
#9159=CARTESIAN_POINT('Origin',(-11.,3.2,3.99999991059303));
#9160=CARTESIAN_POINT('',(-11.,3.2,3.99999991059303));
#9161=CARTESIAN_POINT('',(-11.,3.2,5.45));
#9162=CARTESIAN_POINT('',(-11.,3.2,1.99999995529652));
#9163=CARTESIAN_POINT('',(-11.,3.2,3.99999991059303));
#9164=CARTESIAN_POINT('',(-5.5,3.2,5.45));
#9165=CARTESIAN_POINT('Origin',(-11.,2.25,4.));
#9166=CARTESIAN_POINT('',(-11.,2.25,4.));
#9167=CARTESIAN_POINT('',(-11.,3.35,4.));
#9168=CARTESIAN_POINT('',(-11.,2.25,4.));
#9169=CARTESIAN_POINT('Origin',(-11.,2.25,0.));
#9170=CARTESIAN_POINT('',(-11.,2.25,3.));
#9171=CARTESIAN_POINT('',(-11.,2.25,0.));
#9172=CARTESIAN_POINT('',(-9.6,2.25,3.));
#9173=CARTESIAN_POINT('Origin',(-11.,4.45,0.));
#9174=CARTESIAN_POINT('',(-11.,4.45,5.45));
#9175=CARTESIAN_POINT('',(-11.,-4.45,5.45));
#9176=CARTESIAN_POINT('',(-11.,4.45,0.));
#9177=CARTESIAN_POINT('',(-11.,4.45,0.));
#9178=CARTESIAN_POINT('',(-11.,3.5,0.));
#9179=CARTESIAN_POINT('',(-11.,-4.45,0.));
#9180=CARTESIAN_POINT('',(-11.,3.05,3.));
#9181=CARTESIAN_POINT('',(-11.,3.39795232273839,0.680317848410758));
#9182=CARTESIAN_POINT('',(-11.,3.55,3.));
#9183=CARTESIAN_POINT('Origin',(-11.,-3.2,3.99999991059303));
#9184=CARTESIAN_POINT('',(-11.,-3.2,5.45));
#9185=CARTESIAN_POINT('',(-11.,-3.2,3.99999991059303));
#9186=CARTESIAN_POINT('',(-11.,-3.2,1.99999995529652));
#9187=CARTESIAN_POINT('',(-5.5,-3.2,5.45));
#9188=CARTESIAN_POINT('',(-11.,-3.2,3.99999991059303));
#9189=CARTESIAN_POINT('Origin',(-11.,-2.25,4.));
#9190=CARTESIAN_POINT('',(-11.,-2.25,4.));
#9191=CARTESIAN_POINT('',(-11.,-2.25,4.));
#9192=CARTESIAN_POINT('',(-8.2,-2.25,4.));
#9193=CARTESIAN_POINT('Origin',(-11.,-2.25,0.));
#9194=CARTESIAN_POINT('',(-11.,-2.25,3.));
#9195=CARTESIAN_POINT('',(-11.,-2.25,0.));
#9196=CARTESIAN_POINT('',(-11.,-3.05,3.));
#9197=CARTESIAN_POINT('',(-11.,-2.45,3.));
#9198=CARTESIAN_POINT('',(-11.,-3.5,0.));
#9199=CARTESIAN_POINT('',(-11.,-3.37374694376528,0.841687041564792));
#9200=CARTESIAN_POINT('',(-11.,-4.45,0.));
#9201=CARTESIAN_POINT('',(-11.,-4.45,0.));
#9202=CARTESIAN_POINT('',(-11.,-4.45,5.45));
#9203=CARTESIAN_POINT('',(-11.,-4.45,0.));
#9204=CARTESIAN_POINT('',(-11.,-4.45,5.45));
#9205=CARTESIAN_POINT('Origin',(11.,3.2,3.99999991059303));
#9206=CARTESIAN_POINT('',(11.,3.2,5.45));
#9207=CARTESIAN_POINT('',(11.,3.2,3.99999991059303));
#9208=CARTESIAN_POINT('',(11.,3.2,1.99999995529652));
#9209=CARTESIAN_POINT('',(5.4,3.2,5.45));
#9210=CARTESIAN_POINT('',(5.5,3.2,5.45));
#9211=CARTESIAN_POINT('',(5.4,3.2,3.99999991059303));
#9212=CARTESIAN_POINT('',(5.4,3.2,3.99999991059303));
#9213=CARTESIAN_POINT('',(11.,3.2,3.99999991059303));
#9214=CARTESIAN_POINT('Origin',(11.,2.25,4.));
#9215=CARTESIAN_POINT('',(11.,2.25,4.));
#9216=CARTESIAN_POINT('',(11.,2.25,4.));
#9217=CARTESIAN_POINT('',(5.4,2.25,4.));
#9218=CARTESIAN_POINT('',(5.4,4.45,4.));
#9219=CARTESIAN_POINT('',(8.2,2.25,4.));
#9220=CARTESIAN_POINT('Origin',(0.,-5.55111512312578E-16,5.45));
#9221=CARTESIAN_POINT('',(11.,-4.45,5.45));
#9222=CARTESIAN_POINT('',(11.,-4.45,5.45));
#9223=CARTESIAN_POINT('',(11.,-3.2,5.45));
#9224=CARTESIAN_POINT('',(11.,4.45,5.45));
#9225=CARTESIAN_POINT('',(5.4,-3.2,5.45));
#9226=CARTESIAN_POINT('',(5.5,-3.2,5.45));
#9227=CARTESIAN_POINT('',(5.4,-1.3625,5.45));
#9228=CARTESIAN_POINT('',(5.4,-1.3625,5.45));
#9229=CARTESIAN_POINT('',(11.,4.45,5.45));
#9230=CARTESIAN_POINT('',(11.,4.45,5.45));
#9231=CARTESIAN_POINT('',(-11.,4.45,5.45));
#9232=CARTESIAN_POINT('',(-3.75,-3.75,5.45));
#9233=CARTESIAN_POINT('',(-3.75,3.75,5.45));
#9234=CARTESIAN_POINT('',(-3.75,-1.875,5.45));
#9235=CARTESIAN_POINT('',(3.75,3.75,5.45));
#9236=CARTESIAN_POINT('',(-1.875,3.75,5.45));
#9237=CARTESIAN_POINT('',(3.75,-3.75,5.45));
#9238=CARTESIAN_POINT('',(3.75,1.875,5.45));
#9239=CARTESIAN_POINT('',(1.875,-3.75,5.45));
#9240=CARTESIAN_POINT('Origin',(11.,-3.2,3.99999991059303));
#9241=CARTESIAN_POINT('',(11.,-3.2,3.99999991059303));
#9242=CARTESIAN_POINT('',(11.,-3.2,1.99999995529652));
#9243=CARTESIAN_POINT('',(5.4,-3.2,3.99999991059303));
#9244=CARTESIAN_POINT('',(11.,-3.2,3.99999991059303));
#9245=CARTESIAN_POINT('',(5.4,-3.2,3.99999991059303));
#9246=CARTESIAN_POINT('Origin',(11.,-2.25,4.));
#9247=CARTESIAN_POINT('',(11.,-2.25,4.));
#9248=CARTESIAN_POINT('',(11.,-3.35,4.));
#9249=CARTESIAN_POINT('',(5.4,-2.25,4.));
#9250=CARTESIAN_POINT('',(11.,-2.25,4.));
#9251=CARTESIAN_POINT('',(5.4,-4.45,4.));
#9252=CARTESIAN_POINT('Origin',(11.,-2.25,0.));
#9253=CARTESIAN_POINT('',(11.,-2.25,3.));
#9254=CARTESIAN_POINT('',(11.,-2.25,0.));
#9255=CARTESIAN_POINT('',(5.4,-2.25,3.));
#9256=CARTESIAN_POINT('',(9.6,-2.25,3.));
#9257=CARTESIAN_POINT('',(5.4,-2.25,0.));
#9258=CARTESIAN_POINT('Origin',(11.,-4.45,0.));
#9259=CARTESIAN_POINT('',(11.,-4.45,0.));
#9260=CARTESIAN_POINT('',(11.,-4.45,0.));
#9261=CARTESIAN_POINT('',(11.,-3.5,0.));
#9262=CARTESIAN_POINT('',(11.,4.45,0.));
#9263=CARTESIAN_POINT('',(11.,-3.05,3.));
#9264=CARTESIAN_POINT('',(11.,-3.39795232273839,0.680317848410758));
#9265=CARTESIAN_POINT('',(11.,-3.55,3.));
#9266=CARTESIAN_POINT('Origin',(0.,0.,0.));
#9267=CARTESIAN_POINT('',(-1.625,-1.99005104861445E-16,0.));
#9268=CARTESIAN_POINT('Origin',(0.,0.,0.));
#9269=CARTESIAN_POINT('',(-1.625,-1.99005104861445E-16,1.45));
#9270=CARTESIAN_POINT('',(-1.625,-1.99005104861445E-16,0.));
#9271=CARTESIAN_POINT('Origin',(0.,0.,1.45));
#9272=CARTESIAN_POINT('Origin',(-3.75,-3.75,5.45));
#9273=CARTESIAN_POINT('',(-3.75,-3.75,1.45));
#9274=CARTESIAN_POINT('',(-3.75,-3.75,5.45));
#9275=CARTESIAN_POINT('',(-3.75,3.75,1.45));
#9276=CARTESIAN_POINT('',(-3.75,-3.75,1.45));
#9277=CARTESIAN_POINT('',(-3.75,3.75,5.45));
#9278=CARTESIAN_POINT('Origin',(3.75,-3.75,5.45));
#9279=CARTESIAN_POINT('',(3.75,-3.75,1.45));
#9280=CARTESIAN_POINT('',(3.75,-3.75,5.45));
#9281=CARTESIAN_POINT('',(3.75,-3.75,1.45));
#9282=CARTESIAN_POINT('Origin',(3.75,3.75,5.45));
#9283=CARTESIAN_POINT('',(3.75,3.75,1.45));
#9284=CARTESIAN_POINT('',(3.75,3.75,5.45));
#9285=CARTESIAN_POINT('',(3.75,3.75,1.45));
#9286=CARTESIAN_POINT('Origin',(-3.75,3.75,5.45));
#9287=CARTESIAN_POINT('',(-3.75,3.75,1.45));
#9288=CARTESIAN_POINT('Origin',(0.,0.,1.45));
#9289=CARTESIAN_POINT('Origin',(2.7,-3.275,1.5));
#9290=CARTESIAN_POINT('',(5.4,-3.5,0.));
#9291=CARTESIAN_POINT('',(2.7,-3.5,0.));
#9292=CARTESIAN_POINT('',(5.4,-3.05,3.));
#9293=CARTESIAN_POINT('',(5.4,-3.37374694376528,0.841687041564792));
#9294=CARTESIAN_POINT('',(5.4,-3.05,3.));
#9295=CARTESIAN_POINT('Origin',(5.5,3.275,1.5));
#9296=CARTESIAN_POINT('',(11.,3.5,0.));
#9297=CARTESIAN_POINT('',(11.,3.05,3.));
#9298=CARTESIAN_POINT('',(11.,3.37374694376528,0.841687041564792));
#9299=CARTESIAN_POINT('',(5.4,3.05,3.));
#9300=CARTESIAN_POINT('',(5.4,3.05,3.));
#9301=CARTESIAN_POINT('',(5.4,3.5,0.));
#9302=CARTESIAN_POINT('',(5.4,3.32423594132029,1.17176039119804));
#9303=CARTESIAN_POINT('',(5.5,3.5,0.));
#9304=CARTESIAN_POINT('Origin',(11.,2.25,0.));
#9305=CARTESIAN_POINT('',(11.,2.25,3.));
#9306=CARTESIAN_POINT('',(11.,2.25,0.));
#9307=CARTESIAN_POINT('',(11.,2.45,3.));
#9308=CARTESIAN_POINT('',(11.,4.45,0.));
#9309=CARTESIAN_POINT('',(11.,4.45,0.));
#9310=CARTESIAN_POINT('',(11.,4.45,0.));
#9311=CARTESIAN_POINT('Origin',(0.,-5.55111512312578E-16,0.));
#9312=CARTESIAN_POINT('',(11.,-4.45,0.));
#9313=CARTESIAN_POINT('',(-5.5,-3.5,0.));
#9314=CARTESIAN_POINT('',(-2.7,3.5,0.));
#9315=CARTESIAN_POINT('',(-11.,4.45,0.));
#9316=CARTESIAN_POINT('',(5.4,-1.125,0.));
#9317=CARTESIAN_POINT('Origin',(-5.5,-3.275,1.5));
#9318=CARTESIAN_POINT('',(-5.4,-3.05,3.));
#9319=CARTESIAN_POINT('Origin',(-2.7,3.275,1.5));
#9320=CARTESIAN_POINT('',(-5.4,3.05,3.));
#9321=CARTESIAN_POINT('Origin',(-8.2,-2.65,3.));
#9322=CARTESIAN_POINT('',(-6.8,-2.25,3.));
#9323=CARTESIAN_POINT('Origin',(8.2,-2.65,3.));
#9324=CARTESIAN_POINT('',(5.4,4.45,3.));
#9325=CARTESIAN_POINT('Origin',(-8.2,2.65,3.));
#9326=CARTESIAN_POINT('Origin',(8.2,2.65,3.));
#9327=CARTESIAN_POINT('',(5.4,2.25,3.));
#9328=CARTESIAN_POINT('',(5.4,4.45,3.));
#9329=CARTESIAN_POINT('',(6.8,2.25,3.));
#9330=CARTESIAN_POINT('Origin',(-5.4,-2.25,0.));
#9331=CARTESIAN_POINT('Origin',(11.,4.45,0.));
#9332=CARTESIAN_POINT('Origin',(5.4,2.25,0.));
#9333=CARTESIAN_POINT('',(5.4,2.25,0.));
#9334=CARTESIAN_POINT('Origin',(5.4,-2.25,0.));
#9335=CARTESIAN_POINT('Origin',(-11.,-4.45,0.));
#9336=CARTESIAN_POINT('',(0.,0.,0.));
#9337=CARTESIAN_POINT('Origin',(5.55000017881393,4.285,5.14717761485264));
#9338=CARTESIAN_POINT('',(5.40000017881393,4.285,4.54999990165234));
#9339=CARTESIAN_POINT('',(5.55000017881393,4.135,4.54999990165234));
#9340=CARTESIAN_POINT('Origin',(5.55000017881393,4.285,4.54999990165234));
#9341=CARTESIAN_POINT('',(5.55000017881393,4.135,6.29435522970528));
#9342=CARTESIAN_POINT('',(5.55000017881393,4.135,5.14717761485264));
#9343=CARTESIAN_POINT('',(5.40000017881393,4.285,6.35730771040774));
#9344=CARTESIAN_POINT('Origin',(5.55000017881393,4.285,6.35730771040774));
#9345=CARTESIAN_POINT('',(5.40000017881393,4.285,5.14717761485264));
#9346=CARTESIAN_POINT('Origin',(5.55000017881393,3.985,4.54999990165234));
#9347=CARTESIAN_POINT('',(5.40000017881393,3.985,4.24999990165234));
#9348=CARTESIAN_POINT('Origin',(5.40000017881393,3.985,4.54999990165234));
#9349=CARTESIAN_POINT('',(5.55000017881393,3.985,4.39999990165234));
#9350=CARTESIAN_POINT('Origin',(5.55000017881393,3.985,4.24999990165234));
#9351=CARTESIAN_POINT('Origin',(5.55000017881393,3.985,4.54999990165234));
#9352=CARTESIAN_POINT('Origin',(5.40000017881393,2.225,4.));
#9353=CARTESIAN_POINT('',(5.40000017881393,2.64221470220948,7.96975604013334));
#9354=CARTESIAN_POINT('',(5.40000017881393,3.4830587587222,7.14443967267671));
#9355=CARTESIAN_POINT('',(5.40000017881393,2.61600053200122,11.4976671842255));
#9356=CARTESIAN_POINT('Origin',(5.40000017881393,1.4,9.72457871881475));
#9357=CARTESIAN_POINT('',(5.40000017881393,3.29831394612294,12.545498661336));
#9358=CARTESIAN_POINT('',(5.40000017881393,1.30602812426238,9.48593724521813));
#9359=CARTESIAN_POINT('',(5.40000017881393,3.45753326639415,12.4418202737503));
#9360=CARTESIAN_POINT('',(5.40000017881393,5.01773089546744,11.4258708637048));
#9361=CARTESIAN_POINT('',(5.40000017881393,2.87241762197116,11.5432558057405));
#9362=CARTESIAN_POINT('',(5.40000017881393,0.998810278417571,8.66594941004555));
#9363=CARTESIAN_POINT('',(5.40000017881393,2.92969982524103,7.95381096310607));
#9364=CARTESIAN_POINT('Origin',(5.40000017881393,1.4,9.72457871881475));
#9365=CARTESIAN_POINT('',(5.40000017881393,4.475,6.43704751929753));
#9366=CARTESIAN_POINT('',(5.40000017881393,4.53363610453081,6.37949423528685));
#9367=CARTESIAN_POINT('',(5.40000017881393,4.475,4.15));
#9368=CARTESIAN_POINT('',(5.40000017881393,4.475,6.25));
#9369=CARTESIAN_POINT('',(5.40000017881393,-1.225,4.15));
#9370=CARTESIAN_POINT('',(5.40000017881393,2.225,4.15));
#9371=CARTESIAN_POINT('',(5.40000017881393,-1.225,6.43704751929753));
#9372=CARTESIAN_POINT('',(5.40000017881393,-1.225,4.));
#9373=CARTESIAN_POINT('',(5.40000017881393,0.320300174758972,7.95381096310607));
#9374=CARTESIAN_POINT('',(5.40000017881393,-0.978044923631883,6.67944212858859));
#9375=CARTESIAN_POINT('',(5.40000017881393,0.377582378028845,11.5432558057405));
#9376=CARTESIAN_POINT('Origin',(5.40000017881393,1.85,9.72457871881475));
#9377=CARTESIAN_POINT('',(5.40000017881393,-0.207533266394151,12.4418202737503));
#9378=CARTESIAN_POINT('',(5.40000017881393,2.42984691912883,8.39158482724976));
#9379=CARTESIAN_POINT('',(5.40000017881393,-0.0483139461229407,12.545498661336));
#9380=CARTESIAN_POINT('',(5.40000017881393,-1.76773089546744,11.4258708637048));
#9381=CARTESIAN_POINT('',(5.40000017881393,0.633999467998775,11.4976671842255));
#9382=CARTESIAN_POINT('',(5.40000017881393,2.12262907328403,9.21157266242234));
#9383=CARTESIAN_POINT('',(5.40000017881393,0.607785297790518,7.96975604013334));
#9384=CARTESIAN_POINT('Origin',(5.40000017881393,1.85,9.72457871881475));
#9385=CARTESIAN_POINT('',(5.40000017881393,-1.035,6.35730771040775));
#9386=CARTESIAN_POINT('',(5.40000017881393,0.0725324221767248,7.44438756597846));
#9387=CARTESIAN_POINT('',(5.40000017881393,-1.035,4.54999990165234));
#9388=CARTESIAN_POINT('',(5.40000017881393,-1.035,5.14717761485264));
#9389=CARTESIAN_POINT('',(5.40000017881393,-0.735000000000001,4.24999990165234));
#9390=CARTESIAN_POINT('Origin',(5.40000017881393,-0.735000000000001,4.54999990165234));
#9391=CARTESIAN_POINT('',(5.40000017881393,0.425,4.24999990165234));
#9392=CARTESIAN_POINT('Origin',(10.4500001788139,2.99541798898523,4.15));
#9393=CARTESIAN_POINT('',(10.4500001788139,4.475,4.));
#9394=CARTESIAN_POINT('',(10.6000001788139,4.475,4.15));
#9395=CARTESIAN_POINT('Origin',(10.4500001788139,4.475,4.15));
#9396=CARTESIAN_POINT('',(10.6000001788139,3.56,4.15));
#9397=CARTESIAN_POINT('',(10.6000001788139,2.99541798898523,4.15));
#9398=CARTESIAN_POINT('',(10.4500001788139,3.56,4.));
#9399=CARTESIAN_POINT('Origin',(10.4500001788139,3.56,4.15));
#9400=CARTESIAN_POINT('',(10.4500001788139,2.99541798898523,4.));
#9401=CARTESIAN_POINT('Origin',(10.3500001788139,4.475,4.15));
#9402=CARTESIAN_POINT('',(10.4500001788139,4.625,4.15));
#9403=CARTESIAN_POINT('Origin',(10.4500001788139,4.475,4.15));
#9404=CARTESIAN_POINT('',(5.55000017881393,4.475,4.));
#9405=CARTESIAN_POINT('',(10.3500001788139,4.475,4.));
#9406=CARTESIAN_POINT('',(5.55000017881393,4.625,4.15));
#9407=CARTESIAN_POINT('Origin',(5.55000017881393,4.475,4.15));
#9408=CARTESIAN_POINT('',(10.3500001788139,4.625,4.15));
#9409=CARTESIAN_POINT('Origin',(5.55000017881393,2.225,4.15));
#9410=CARTESIAN_POINT('',(5.55000017881393,-1.225,4.));
#9411=CARTESIAN_POINT('Origin',(5.55000017881393,-1.225,4.15));
#9412=CARTESIAN_POINT('Origin',(5.55000017881393,4.475,4.15));
#9413=CARTESIAN_POINT('',(5.55000017881393,2.225,4.));
#9414=CARTESIAN_POINT('Origin',(11.3000001788139,-1.225,4.15));
#9415=CARTESIAN_POINT('',(10.4500001788139,-1.225,4.));
#9416=CARTESIAN_POINT('',(10.4500001788139,-1.375,4.15));
#9417=CARTESIAN_POINT('Origin',(10.4500001788139,-1.225,4.15));
#9418=CARTESIAN_POINT('',(5.55000017881393,-1.375,4.15));
#9419=CARTESIAN_POINT('',(11.3000001788139,-1.375,4.15));
#9420=CARTESIAN_POINT('Origin',(5.55000017881393,-1.225,4.15));
#9421=CARTESIAN_POINT('',(11.3000001788139,-1.225,4.));
#9422=CARTESIAN_POINT('Origin',(10.4500001788139,2.99541798898523,4.15));
#9423=CARTESIAN_POINT('',(10.6000001788139,-1.225,4.15));
#9424=CARTESIAN_POINT('Origin',(10.4500001788139,-1.225,4.15));
#9425=CARTESIAN_POINT('',(10.4500001788139,-0.310000000000001,4.));
#9426=CARTESIAN_POINT('',(10.4500001788139,2.99541798898523,4.));
#9427=CARTESIAN_POINT('',(10.6000001788139,-0.310000000000001,4.15));
#9428=CARTESIAN_POINT('Origin',(10.4500001788139,-0.310000000000001,4.15));
#9429=CARTESIAN_POINT('',(10.6000001788139,2.99541798898523,4.15));
#9430=CARTESIAN_POINT('Origin',(10.4500001788139,-1.225,4.15));
#9431=CARTESIAN_POINT('Origin',(10.4500001788139,-1.225,4.15));
#9432=CARTESIAN_POINT('Origin',(5.55000017881393,-1.225,4.15));
#9433=CARTESIAN_POINT('Origin',(5.55000017881393,-1.225,4.15));
#9434=CARTESIAN_POINT('Origin',(5.55000017881393,4.475,4.15));
#9435=CARTESIAN_POINT('Origin',(5.55000017881393,4.475,4.15));
#9436=CARTESIAN_POINT('Origin',(10.4500001788139,4.475,4.15));
#9437=CARTESIAN_POINT('Origin',(10.4500001788139,4.475,4.15));
#9438=CARTESIAN_POINT('Origin',(10.4500001788139,4.475,7.125));
#9439=CARTESIAN_POINT('',(10.4500001788139,4.625,6.5));
#9440=CARTESIAN_POINT('',(10.4500001788139,4.625,7.125));
#9441=CARTESIAN_POINT('',(10.6000001788139,4.475,6.43704751929753));
#9442=CARTESIAN_POINT('Origin',(10.4500001788139,4.475,6.43704751929753));
#9443=CARTESIAN_POINT('',(10.6000001788139,4.475,7.125));
#9444=CARTESIAN_POINT('Origin',(8.70000017881393,4.625,8.5));
#9445=CARTESIAN_POINT('',(5.55000017881393,4.625,6.5));
#9446=CARTESIAN_POINT('',(5.55000017881393,4.625,6.25));
#9447=CARTESIAN_POINT('',(10.3500001788139,4.625,6.5));
#9448=CARTESIAN_POINT('Origin',(5.55000017881393,4.475,6.25));
#9449=CARTESIAN_POINT('Origin',(5.55000017881393,4.475,6.43704751929753));
#9450=CARTESIAN_POINT('Origin',(5.55000017881393,-1.225,4.));
#9451=CARTESIAN_POINT('',(5.55000017881393,-1.375,6.5));
#9452=CARTESIAN_POINT('',(5.55000017881393,-1.375,4.));
#9453=CARTESIAN_POINT('Origin',(5.55000017881393,-1.225,6.43704751929753));
#9454=CARTESIAN_POINT('Origin',(10.6000001788139,-1.375,4.));
#9455=CARTESIAN_POINT('',(10.4500001788139,-1.375,6.5));
#9456=CARTESIAN_POINT('',(10.4500001788139,-1.375,4.875));
#9457=CARTESIAN_POINT('',(10.3500001788139,-1.375,6.5));
#9458=CARTESIAN_POINT('Origin',(10.4500001788139,-1.225,4.875));
#9459=CARTESIAN_POINT('',(10.6000001788139,-1.225,6.43704751929753));
#9460=CARTESIAN_POINT('',(10.6000001788139,-1.225,4.875));
#9461=CARTESIAN_POINT('Origin',(10.4500001788139,-1.225,6.43704751929753));
#9462=CARTESIAN_POINT('Origin',(10.6000001788139,3.76583597797045,5.75));
#9463=CARTESIAN_POINT('',(10.6000001788139,-0.310000000000001,4.24985701534305));
#9464=CARTESIAN_POINT('',(10.6000001788139,-0.310000000000001,5.07499995082617));
#9465=CARTESIAN_POINT('',(10.6000001788139,-0.275038850904924,4.34614824473622));
#9466=CARTESIAN_POINT('Ctrl Pts',(10.6000001788139,-0.310000000000001,4.24985701534306));
#9467=CARTESIAN_POINT('Ctrl Pts',(10.6000001788139,-0.310000000000001,4.26837765713158));
#9468=CARTESIAN_POINT('Ctrl Pts',(10.6000001788139,-0.305665551199543,4.29017566074773));
#9469=CARTESIAN_POINT('Ctrl Pts',(10.6000001788139,-0.293133496520688,4.32043537776414));
#9470=CARTESIAN_POINT('Ctrl Pts',(10.6000001788139,-0.284754153525437,4.33453475862558));
#9471=CARTESIAN_POINT('Ctrl Pts',(10.6000001788139,-0.275038846552043,4.3461482410948));
#9472=CARTESIAN_POINT('',(10.6000001788139,-0.879722166852887,4.34614825358099));
#9473=CARTESIAN_POINT('',(10.6000001788139,0.124999999999999,4.34614825358099));
#9474=CARTESIAN_POINT('',(10.6000001788139,-0.985000000000001,4.54999990165234));
#9475=CARTESIAN_POINT('Origin',(10.6000001788139,-0.735000000000001,4.54999990165234));
#9476=CARTESIAN_POINT('',(10.6000001788139,-0.985000000000002,6.33632355017359));
#9477=CARTESIAN_POINT('',(10.6000001788139,-0.985000000000001,6.02217761485264));
#9478=CARTESIAN_POINT('',(10.6000001788139,-0.135561669550952,7.17007548293049));
#9479=CARTESIAN_POINT('',(10.6000001788139,0.937368997658048,8.22319256681197));
#9480=CARTESIAN_POINT('',(10.6000001788139,-0.206301630964713,7.21480227702192));
#9481=CARTESIAN_POINT('Origin',(10.6000001788139,-0.0939526678114103,7.31418894855477));
#9482=CARTESIAN_POINT('',(10.6000001788139,-0.311479730910642,7.33369800310984));
#9483=CARTESIAN_POINT('',(10.6000001788139,0.0577369288342916,6.91632705928504));
#9484=CARTESIAN_POINT('',(10.6000001788139,-0.148232674167219,7.4939304110408));
#9485=CARTESIAN_POINT('Origin',(10.5200001788139,4.215,6.02217761485264));
#9486=CARTESIAN_POINT('',(10.5200001788139,4.135,4.54999990165234));
#9487=CARTESIAN_POINT('',(10.6000001788139,4.215,4.54999990165234));
#9488=CARTESIAN_POINT('Origin',(10.5200001788139,4.215,4.54999990165234));
#9489=CARTESIAN_POINT('',(10.6000001788139,4.215,6.35595421441065));
#9490=CARTESIAN_POINT('',(10.6000001788139,4.215,6.02217761485264));
#9491=CARTESIAN_POINT('',(10.5200001788139,4.135,6.29718626176991));
#9492=CARTESIAN_POINT('Ctrl Pts',(10.5200001788139,4.135,6.29718626176991));
#9493=CARTESIAN_POINT('Ctrl Pts',(10.5301252781112,4.135,6.30008226396713));
#9494=CARTESIAN_POINT('Ctrl Pts',(10.5408109135344,4.13705219785836,6.30357698746162));
#9495=CARTESIAN_POINT('Ctrl Pts',(10.5601927950246,4.14503364299608,6.31163344980418));
#9496=CARTESIAN_POINT('Ctrl Pts',(10.5688891505831,4.15096972828307,6.31618814791708));
#9497=CARTESIAN_POINT('Ctrl Pts',(10.5832253257821,4.16487502808498,6.3258115422976));
#9498=CARTESIAN_POINT('Ctrl Pts',(10.5896077409746,4.17410712104661,6.33162661417734));
#9499=CARTESIAN_POINT('Ctrl Pts',(10.5979966804647,4.19414304024196,6.34376453587837));
#9500=CARTESIAN_POINT('Ctrl Pts',(10.6000001788139,4.20495451026227,6.35007685585684));
#9501=CARTESIAN_POINT('Ctrl Pts',(10.6000001788139,4.215,6.35595421441065));
#9502=CARTESIAN_POINT('',(10.5200001788139,4.135,6.02217761485264));
#9503=CARTESIAN_POINT('Origin',(10.5200001788139,3.985,4.54999990165234));
#9504=CARTESIAN_POINT('',(10.5997911275155,4.09401465461439,4.35406479871498));
#9505=CARTESIAN_POINT('',(10.6000001788139,4.09797464908263,4.34965837159777));
#9506=CARTESIAN_POINT('Ctrl Pts',(10.5997911275147,4.09401465461427,4.35406479871479));
#9507=CARTESIAN_POINT('Ctrl Pts',(10.5999367186883,4.09543764168599,4.35255641073251));
#9508=CARTESIAN_POINT('Ctrl Pts',(10.6000001788139,4.09675454973358,4.35108257941599));
#9509=CARTESIAN_POINT('Ctrl Pts',(10.6000001788139,4.09797464908264,4.34965837159778));
#9510=CARTESIAN_POINT('Origin',(10.6000001788139,3.985,4.54999990165234));
#9511=CARTESIAN_POINT('',(10.5200001788139,3.985,4.39999990165234));
#9512=CARTESIAN_POINT('Origin',(10.5200001788139,3.985,4.54999990165234));
#9513=CARTESIAN_POINT('',(10.5900001788139,3.86632280502369,4.39999990165234));
#9514=CARTESIAN_POINT('Ctrl Pts',(10.5200001788139,3.985,4.39999990165234));
#9515=CARTESIAN_POINT('Ctrl Pts',(10.5424098045387,3.95431435621323,4.39999990165234));
#9516=CARTESIAN_POINT('Ctrl Pts',(10.5689420484146,3.91723185197032,4.39999990165234));
#9517=CARTESIAN_POINT('Ctrl Pts',(10.5860067152892,3.87722360691187,4.39999990165234));
#9518=CARTESIAN_POINT('Ctrl Pts',(10.5880963246702,3.87186862856783,4.39999990165234));
#9519=CARTESIAN_POINT('Ctrl Pts',(10.5900001788139,3.86632280502369,4.39999990165234));
#9520=CARTESIAN_POINT('',(10.6000001788139,3.87848941095556,4.34614825358099));
#9521=CARTESIAN_POINT('Ctrl Pts',(10.5900001788139,3.86632280502369,4.39999990165234));
#9522=CARTESIAN_POINT('Ctrl Pts',(10.5932752110903,3.86754421003736,4.3914856864868));
#9523=CARTESIAN_POINT('Ctrl Pts',(10.5957453272755,3.86903021680069,4.38274540897026));
#9524=CARTESIAN_POINT('Ctrl Pts',(10.5991276450594,3.87291336374177,4.36477989615878));
#9525=CARTESIAN_POINT('Ctrl Pts',(10.5999689960778,3.87531475162913,4.35564669550193));
#9526=CARTESIAN_POINT('Ctrl Pts',(10.5999998946651,3.8783760391351,4.34648545764324));
#9527=CARTESIAN_POINT('Ctrl Pts',(10.6000001788139,3.87843262067284,4.3463168208559));
#9528=CARTESIAN_POINT('Ctrl Pts',(10.6000001788139,3.87848941095556,4.34614825358099));
#9529=CARTESIAN_POINT('',(10.6000001788139,4.09151058904444,4.34614825358099));
#9530=CARTESIAN_POINT('Origin',(10.6000001788139,3.985,4.54999990165234));
#9531=CARTESIAN_POINT('Ctrl Pts',(10.6000001788139,4.09151058904444,4.34614825358099));
#9532=CARTESIAN_POINT('Ctrl Pts',(10.6000001788139,4.09156737932716,4.3463168208559));
#9533=CARTESIAN_POINT('Ctrl Pts',(10.5999998946651,4.09162396086491,4.34648545764324));
#9534=CARTESIAN_POINT('Ctrl Pts',(10.599991022204,4.09250300281451,4.34911608687111));
#9535=CARTESIAN_POINT('Ctrl Pts',(10.5999220614673,4.09327975628173,4.35158736437438));
#9536=CARTESIAN_POINT('Ctrl Pts',(10.5997911275169,4.09401465465654,4.35406479870256));
#9537=CARTESIAN_POINT('Origin',(10.4500001788139,0.124999999999999,4.34614825358099));
#9538=CARTESIAN_POINT('',(10.5900001788139,3.41,4.39999990165234));
#9539=CARTESIAN_POINT('',(10.5900001788139,0.124999999999999,4.39999990165234));
#9540=CARTESIAN_POINT('',(10.6000001788139,3.52503885090492,4.34614824473622));
#9541=CARTESIAN_POINT('Ctrl Pts',(10.6000001788139,3.52503883610667,4.34614825358099));
#9542=CARTESIAN_POINT('Ctrl Pts',(10.6000001788139,3.51504186277988,4.35809843170657));
#9543=CARTESIAN_POINT('Ctrl Pts',(10.5985809549663,3.50327587879619,4.36841421086831));
#9544=CARTESIAN_POINT('Ctrl Pts',(10.5951671217374,3.47743118122883,4.38481117175626));
#9545=CARTESIAN_POINT('Ctrl Pts',(10.5932149014359,3.46349825879031,4.39094617054383));
#9546=CARTESIAN_POINT('Ctrl Pts',(10.590692993932,3.43614747572243,4.39828754353055));
#9547=CARTESIAN_POINT('Ctrl Pts',(10.5900001788139,3.42311597917952,4.39999990165234));
#9548=CARTESIAN_POINT('Ctrl Pts',(10.5900001788139,3.41,4.39999990165234));
#9549=CARTESIAN_POINT('',(10.6000001788139,0.124999999999999,4.34614825358099));
#9550=CARTESIAN_POINT('Origin',(10.4500001788139,0.124999999999999,4.34614825358099));
#9551=CARTESIAN_POINT('',(10.6000001788139,4.10089511087684,4.34614825358098));
#9552=CARTESIAN_POINT('',(10.6000001788139,0.124999999999999,4.34614825358099));
#9553=CARTESIAN_POINT('Ctrl Pts',(10.6000001788139,4.10089511087684,4.34614825358098));
#9554=CARTESIAN_POINT('Ctrl Pts',(10.6000001788139,4.09994445485782,4.34732501019801));
#9555=CARTESIAN_POINT('Ctrl Pts',(10.6000001788139,4.09896989913078,4.34849662776058));
#9556=CARTESIAN_POINT('Ctrl Pts',(10.6000001788139,4.09797464907929,4.3496583716017));
#9557=CARTESIAN_POINT('Origin',(10.6000001788139,3.76583597797045,5.75));
#9558=CARTESIAN_POINT('',(10.6000001788139,3.56147973091064,7.33369800310984));
#9559=CARTESIAN_POINT('',(10.6000001788139,4.48860033186538,6.42369834187943));
#9560=CARTESIAN_POINT('',(10.6000001788139,3.45630163096471,7.21480227702192));
#9561=CARTESIAN_POINT('',(10.6000001788139,3.19226307116571,6.91632705928504));
#9562=CARTESIAN_POINT('',(10.6000001788139,3.38556166955095,7.17007548293049));
#9563=CARTESIAN_POINT('Origin',(10.6000001788139,3.34395266781141,7.31418894855477));
#9564=CARTESIAN_POINT('',(10.6000001788139,3.40299866004012,7.15296049765061));
#9565=CARTESIAN_POINT('',(10.6000001788139,3.56,4.24985701534305));
#9566=CARTESIAN_POINT('Ctrl Pts',(10.6000001788139,3.52503884655204,4.3461482410948));
#9567=CARTESIAN_POINT('Ctrl Pts',(10.6000001788139,3.53475415352543,4.33453475862558));
#9568=CARTESIAN_POINT('Ctrl Pts',(10.6000001788139,3.54313349652069,4.32043537776414));
#9569=CARTESIAN_POINT('Ctrl Pts',(10.6000001788139,3.55566555119954,4.29017566074772));
#9570=CARTESIAN_POINT('Ctrl Pts',(10.6000001788139,3.56,4.26837765713158));
#9571=CARTESIAN_POINT('Ctrl Pts',(10.6000001788139,3.56,4.24985701534305));
#9572=CARTESIAN_POINT('',(10.6000001788139,3.56,4.3729883182044));
#9573=CARTESIAN_POINT('Origin',(10.5000001788139,3.40299866004012,7.15296049765061));
#9574=CARTESIAN_POINT('',(10.5648796657708,3.24456599620711,7.20183998546467));
#9575=CARTESIAN_POINT('Ctrl Pts',(10.5648796657708,3.24456599620711,7.20183998546467));
#9576=CARTESIAN_POINT('Ctrl Pts',(10.565394696234,3.25091521116045,7.19622331287459));
#9577=CARTESIAN_POINT('Ctrl Pts',(10.5667594418489,3.25769919728185,7.19118371820264));
#9578=CARTESIAN_POINT('Ctrl Pts',(10.5712184783584,3.27410170245714,7.18099489273205));
#9579=CARTESIAN_POINT('Ctrl Pts',(10.5746927787205,3.2839603657494,7.17627363111645));
#9580=CARTESIAN_POINT('Ctrl Pts',(10.5856771075786,3.31470931370011,7.16548328060462));
#9581=CARTESIAN_POINT('Ctrl Pts',(10.5935398210243,3.3368593287605,7.16276852676144));
#9582=CARTESIAN_POINT('Ctrl Pts',(10.5989602857717,3.3672416291019,7.16575534711829));
#9583=CARTESIAN_POINT('Ctrl Pts',(10.6000001788139,3.37651191669997,7.16746260299947));
#9584=CARTESIAN_POINT('Ctrl Pts',(10.6000001788139,3.38556166955095,7.17007548293049));
#9585=CARTESIAN_POINT('',(10.5108782029663,2.90751910681866,7.5));
#9586=CARTESIAN_POINT('Origin',(10.5000001788139,4.3448560311696,6.22849620705824));
#9587=CARTESIAN_POINT('',(10.5000001788139,2.90667195594091,7.5));
#9588=CARTESIAN_POINT('Origin',(10.5000001788139,3.04942987789555,7.5));
#9589=CARTESIAN_POINT('',(10.5000001788139,4.135,6.29435522970528));
#9590=CARTESIAN_POINT('',(10.5000001788139,3.3329500080068,7.08159393441322));
#9591=CARTESIAN_POINT('Origin',(10.5000001788139,4.135,6.43447687135891));
#9592=CARTESIAN_POINT('Origin',(10.5000001788139,0.937368997658048,8.22319256681197));
#9593=CARTESIAN_POINT('',(10.5000001788139,-0.885000000000001,6.29435522970528));
#9594=CARTESIAN_POINT('',(10.5000001788139,0.343328044059093,7.5));
#9595=CARTESIAN_POINT('',(10.5000001788139,1.00741764969136,8.15182600357459));
#9596=CARTESIAN_POINT('',(10.5108782029663,0.342480893181344,7.5));
#9597=CARTESIAN_POINT('Origin',(10.5000001788139,0.20057012210445,7.5));
#9598=CARTESIAN_POINT('',(10.5648796657708,0.00543400379289408,7.20183998546468));
#9599=CARTESIAN_POINT('Origin',(10.5000001788139,-1.0948560311696,6.22849620705824));
#9600=CARTESIAN_POINT('Ctrl Pts',(10.6000001788139,-0.135561669550952,7.17007548293049));
#9601=CARTESIAN_POINT('Ctrl Pts',(10.6000001788139,-0.126511916699968,7.16746260299947));
#9602=CARTESIAN_POINT('Ctrl Pts',(10.5989602857717,-0.117241629101899,7.16575534711828));
#9603=CARTESIAN_POINT('Ctrl Pts',(10.5935398210243,-0.0868593287605006,
7.16276852676144));
#9604=CARTESIAN_POINT('Ctrl Pts',(10.5856771075786,-0.0647093137001057,
7.16548328060462));
#9605=CARTESIAN_POINT('Ctrl Pts',(10.5746927787205,-0.0339603657494,7.17627363111645));
#9606=CARTESIAN_POINT('Ctrl Pts',(10.5712184783584,-0.0241017024571407,
7.18099489273206));
#9607=CARTESIAN_POINT('Ctrl Pts',(10.5667594418489,-0.00769919728185191,
7.19118371820264));
#9608=CARTESIAN_POINT('Ctrl Pts',(10.565394696234,-0.000915211160442828,
7.19622331287459));
#9609=CARTESIAN_POINT('Ctrl Pts',(10.5648796657708,0.00543400379289437,
7.20183998546468));
#9610=CARTESIAN_POINT('Origin',(10.5000001788139,-0.985000000000001,6.33632355017359));
#9611=CARTESIAN_POINT('Origin',(10.5000001788139,-0.985000000000001,6.02217761485264));
#9612=CARTESIAN_POINT('',(10.5000001788139,-0.885000000000001,4.54999990165234));
#9613=CARTESIAN_POINT('Origin',(10.5000001788139,-0.985000000000001,4.54999990165234));
#9614=CARTESIAN_POINT('',(10.5000001788139,-0.885000000000001,6.02217761485264));
#9615=CARTESIAN_POINT('Origin',(10.5000001788139,-0.735000000000001,4.54999990165234));
#9616=CARTESIAN_POINT('',(10.5000001788139,-0.735000000000001,4.39999990165234));
#9617=CARTESIAN_POINT('',(10.5900001743324,-0.876793881947042,4.39999990747768));
#9618=CARTESIAN_POINT('Ctrl Pts',(10.5000001788139,-0.735000000000001,4.39999990165234));
#9619=CARTESIAN_POINT('Ctrl Pts',(10.5279154445889,-0.769189078591366,4.39999990165234));
#9620=CARTESIAN_POINT('Ctrl Pts',(10.5609258591594,-0.810609556107955,4.39999990165234));
#9621=CARTESIAN_POINT('Ctrl Pts',(10.5833291741394,-0.858770280786369,4.39999990165234));
#9622=CARTESIAN_POINT('Ctrl Pts',(10.5869422133598,-0.867602653135853,4.39999990165234));
#9623=CARTESIAN_POINT('Ctrl Pts',(10.5900001780339,-0.876793880747308,4.39999990165234));
#9624=CARTESIAN_POINT('Origin',(10.5000001788139,-0.735000000000001,4.54999990165234));
#9625=CARTESIAN_POINT('Ctrl Pts',(10.5900001762681,-0.876793882441555,4.39999990827083));
#9626=CARTESIAN_POINT('Ctrl Pts',(10.59255825301,-0.877447414256525,4.3933495882498));
#9627=CARTESIAN_POINT('Ctrl Pts',(10.594643135056,-0.878031753566077,4.3865153865667));
#9628=CARTESIAN_POINT('Ctrl Pts',(10.5985988942585,-0.879203382618083,4.36919536617172));
#9629=CARTESIAN_POINT('Ctrl Pts',(10.5998596860288,-0.879650598008481,4.35861130356682));
#9630=CARTESIAN_POINT('Ctrl Pts',(10.5999964806459,-0.87971859912004,4.34736449403567));
#9631=CARTESIAN_POINT('Ctrl Pts',(10.6000001788139,-0.879721021814713,4.34675637883711));
#9632=CARTESIAN_POINT('Ctrl Pts',(10.6000001788139,-0.879722166852887,4.34614825358099));
#9633=CARTESIAN_POINT('Origin',(11.3000001788139,3.985,4.54999990165234));
#9634=CARTESIAN_POINT('',(11.3000001788139,4.135,4.54999990165234));
#9635=CARTESIAN_POINT('',(11.3000001788139,3.985,4.39999990165234));
#9636=CARTESIAN_POINT('Origin',(5.55000017881393,0.425,4.24999990165234));
#9637=CARTESIAN_POINT('',(5.55000017881393,-0.735000000000001,4.39999990165234));
#9638=CARTESIAN_POINT('Origin',(5.55000017881393,-0.735000000000001,4.24999990165234));
#9639=CARTESIAN_POINT('',(5.55000017881393,0.425,4.39999990165234));
#9640=CARTESIAN_POINT('Origin',(12.0000001788139,4.135,6.29435522970528));
#9641=CARTESIAN_POINT('',(12.0000001788139,4.135,6.29435522970528));
#9642=CARTESIAN_POINT('Origin',(11.8500001788139,2.01655044104089,9.35250581593476));
#9643=CARTESIAN_POINT('',(11.9999597743258,0.134161046838682,7.5));
#9644=CARTESIAN_POINT('',(11.8500001788139,0.343328044059093,7.5));
#9645=CARTESIAN_POINT('Origin',(11.8500001788139,0.129191161127129,7.5));
#9646=CARTESIAN_POINT('',(11.8500001788139,0.803208208854737,7.95138765522246));
#9647=CARTESIAN_POINT('',(11.8500001788139,2.12162341909086,9.24545597107868));
#9648=CARTESIAN_POINT('',(12.0000001788139,0.66660901788381,8.02749347504968));
#9649=CARTESIAN_POINT('Ctrl Pts',(11.8500001788139,0.803208208853867,7.95138765521861));
#9650=CARTESIAN_POINT('Ctrl Pts',(11.8606956662658,0.803208208853867,7.95138765521861));
#9651=CARTESIAN_POINT('Ctrl Pts',(11.8713266620037,0.802130197165841,7.95197613016566));
#9652=CARTESIAN_POINT('Ctrl Pts',(11.8817153798899,0.800067076449709,7.95311894063824));
#9653=CARTESIAN_POINT('Ctrl Pts',(11.8895716887976,0.798506872983093,7.95398317356802));
#9654=CARTESIAN_POINT('Ctrl Pts',(11.8972900208129,0.796382036775591,7.95516471384038));
#9655=CARTESIAN_POINT('Ctrl Pts',(11.9047911602763,0.793713714247006,7.956653150321));
#9656=CARTESIAN_POINT('Ctrl Pts',(11.9148134237395,0.790148571708759,7.95864184852209));
#9657=CARTESIAN_POINT('Ctrl Pts',(11.9243236363502,0.78565925490934,7.96115282440307));
#9658=CARTESIAN_POINT('Ctrl Pts',(11.9331536006694,0.780323910808781,7.96413317990361));
#9659=CARTESIAN_POINT('Ctrl Pts',(11.9367414007491,0.778156048369354,7.96534416098074));
#9660=CARTESIAN_POINT('Ctrl Pts',(11.9402168103928,0.775847920145788,7.96663276788624));
#9661=CARTESIAN_POINT('Ctrl Pts',(11.9435677707103,0.773402504374018,7.96799595916742));
#9662=CARTESIAN_POINT('Ctrl Pts',(11.9466087361811,0.771183312196557,7.96923304263702));
#9663=CARTESIAN_POINT('Ctrl Pts',(11.9495472151231,0.768851038250193,7.97053155487373));
#9664=CARTESIAN_POINT('Ctrl Pts',(11.9523801068263,0.766413540095119,7.97188792271182));
#9665=CARTESIAN_POINT('Ctrl Pts',(11.9600873712437,0.759781997217205,7.97557810457215));
#9666=CARTESIAN_POINT('Ctrl Pts',(11.9669354861813,0.752443741277413,7.9796570776349));
#9667=CARTESIAN_POINT('Ctrl Pts',(11.9728884037619,0.744573943672984,7.98403739026532));
#9668=CARTESIAN_POINT('Ctrl Pts',(11.9779218647167,0.737919673992924,7.98774114263494));
#9669=CARTESIAN_POINT('Ctrl Pts',(11.9823151288474,0.730883865879437,7.99166064286685));
#9670=CARTESIAN_POINT('Ctrl Pts',(11.986026701878,0.723551818305821,7.99574765693564));
#9671=CARTESIAN_POINT('Ctrl Pts',(11.9904741793671,0.71476602417924,8.00064501525749));
#9672=CARTESIAN_POINT('Ctrl Pts',(11.9939137910057,0.705614827209735,8.0057500249217));
#9673=CARTESIAN_POINT('Ctrl Pts',(11.9962737970763,0.696241593399677,8.01097783910602));
#9674=CARTESIAN_POINT('Ctrl Pts',(11.9986418116684,0.6868365521531,8.01622339352504));
#9675=CARTESIAN_POINT('Ctrl Pts',(11.9999136502129,0.677245184508227,8.02157160995402));
#9676=CARTESIAN_POINT('Ctrl Pts',(11.9999959305763,0.667604147039486,8.02693952283077));
#9677=CARTESIAN_POINT('Ctrl Pts',(11.9999987612935,0.667272463405129,8.02712419682023));
#9678=CARTESIAN_POINT('Ctrl Pts',(12.0000001788139,0.666940743316577,8.02730888167562));
#9679=CARTESIAN_POINT('Ctrl Pts',(12.0000001788139,0.666608992288751,8.02749357405309));
#9680=CARTESIAN_POINT('',(12.0000001788139,0.136160566947131,7.50684070327921));
#9681=CARTESIAN_POINT('',(12.0000001788139,2.01655044104089,9.35250581593476));
#9682=CARTESIAN_POINT('Ctrl Pts',(12.0000001788139,0.136160566947131,7.50684070327921));
#9683=CARTESIAN_POINT('Ctrl Pts',(12.0000001788139,0.135495742472064,7.50456606709117));
#9684=CARTESIAN_POINT('Ctrl Pts',(11.9999867768351,0.13482923049615,7.50228565609901));
#9685=CARTESIAN_POINT('Ctrl Pts',(11.9999597743258,0.134161046838682,7.5));
#9686=CARTESIAN_POINT('Origin',(12.0000001788139,0.803208208853862,7.9513876552186));
#9687=CARTESIAN_POINT('',(5.55000017881393,-0.885000000000001,6.29435522970528));
#9688=CARTESIAN_POINT('',(12.0000001788139,-0.885000000000001,6.29435522970528));
#9689=CARTESIAN_POINT('',(5.55000017881393,0.803208208853866,7.9513876552186));
#9690=CARTESIAN_POINT('',(5.55000017881393,0.177605400226699,7.33733772112238));
#9691=CARTESIAN_POINT('',(12.0000001788139,0.803208208853866,7.9513876552186));
#9692=CARTESIAN_POINT('',(12.0000001788139,0.343328044059093,7.5));
#9693=CARTESIAN_POINT('Origin',(12.0000001788139,0.343328044059093,7.5));
#9694=CARTESIAN_POINT('',(11.9995747247829,0.116092388032905,7.5));
#9695=CARTESIAN_POINT('Origin',(11.5500001788139,0.142212022259071,7.5));
#9696=CARTESIAN_POINT('',(11.9989984751959,0.142212022259071,7.5));
#9697=CARTESIAN_POINT('Ctrl Pts',(11.9995747247829,0.116092388032905,7.5));
#9698=CARTESIAN_POINT('Ctrl Pts',(11.9998470081552,0.124446496792969,7.5));
#9699=CARTESIAN_POINT('Ctrl Pts',(11.9996875368189,0.133258405524812,7.5));
#9700=CARTESIAN_POINT('Ctrl Pts',(11.9989984751959,0.142212022259072,7.5));
#9701=CARTESIAN_POINT('',(11.8500001788139,0.342480893181344,7.5));
#9702=CARTESIAN_POINT('Origin',(11.8500001788139,0.116092388032905,7.5));
#9703=CARTESIAN_POINT('',(12.0000001788139,0.342480893181344,7.5));
#9704=CARTESIAN_POINT('Origin',(11.5500001788139,-1.0659604522668,8.86574575574233));
#9705=CARTESIAN_POINT('',(12.0000001788139,0.00481272622477533,7.65531930196843));
#9706=CARTESIAN_POINT('',(12.0000001788139,-1.0659604522668,8.86574575574233));
#9707=CARTESIAN_POINT('',(11.5500001788139,-0.332234163235135,7.35715928736989));
#9708=CARTESIAN_POINT('Origin',(11.5500001788139,0.00481272622477547,7.65531930196843));
#9709=CARTESIAN_POINT('',(11.5500001788139,-0.206301630964714,7.21480227702192));
#9710=CARTESIAN_POINT('',(11.5500001788139,-1.40300734172671,8.56758574114379));
#9711=CARTESIAN_POINT('Origin',(11.5500001788139,0.130745258495196,7.51296229162046));
#9712=CARTESIAN_POINT('Origin',(11.8500001788139,1.23344955895911,9.35250581593476));
#9713=CARTESIAN_POINT('',(11.9999597743258,3.11583895316123,7.5));
#9714=CARTESIAN_POINT('',(12.0000001788139,3.11383943305287,7.50684070327921));
#9715=CARTESIAN_POINT('Ctrl Pts',(11.9999597743258,3.11583895316123,7.5));
#9716=CARTESIAN_POINT('Ctrl Pts',(11.9999868614101,3.11516867667503,7.50229281503899));
#9717=CARTESIAN_POINT('Ctrl Pts',(12.0000001788139,3.1145021079542,7.50457342166129));
#9718=CARTESIAN_POINT('Ctrl Pts',(12.0000001788139,3.11383943305287,7.50684070327921));
#9719=CARTESIAN_POINT('',(12.0000001788139,2.58339098211619,8.02749347504968));
#9720=CARTESIAN_POINT('',(12.0000001788139,1.23344955895911,9.35250581593476));
#9721=CARTESIAN_POINT('',(11.8500001788139,2.44679179114526,7.95138765522246));
#9722=CARTESIAN_POINT('Ctrl Pts',(12.0000001788139,2.5833909821163,8.02749347504925));
#9723=CARTESIAN_POINT('Ctrl Pts',(12.0000001788139,2.58305925910322,8.02730865659105));
#9724=CARTESIAN_POINT('Ctrl Pts',(11.9999988519161,2.58272753683838,8.02712383854994));
#9725=CARTESIAN_POINT('Ctrl Pts',(11.9999190608715,2.57275387529019,8.02156704364347));
#9726=CARTESIAN_POINT('Ctrl Pts',(11.9987210120986,2.56313740475284,8.01620925661116));
#9727=CARTESIAN_POINT('Ctrl Pts',(11.9941186417075,2.54431060679445,8.00571996393382));
#9728=CARTESIAN_POINT('Ctrl Pts',(11.9907309724011,2.53513670230914,8.00060875121639));
#9729=CARTESIAN_POINT('Ctrl Pts',(11.9782106693829,2.5103296550786,7.98678758102015));
#9730=CARTESIAN_POINT('Ctrl Pts',(11.966741766244,2.49577437774191,7.97867815296424));
#9731=CARTESIAN_POINT('Ctrl Pts',(11.9386433294731,2.47187079508522,7.96536034527675));
#9732=CARTESIAN_POINT('Ctrl Pts',(11.9224994814645,2.46255140561227,7.9601680760297));
#9733=CARTESIAN_POINT('Ctrl Pts',(11.8873459207164,2.45000396733281,7.9531773093183));
#9734=CARTESIAN_POINT('Ctrl Pts',(11.8687839649626,2.44679179114613,7.95138765521861));
#9735=CARTESIAN_POINT('Ctrl Pts',(11.8500001788139,2.44679179114613,7.95138765521861));
#9736=CARTESIAN_POINT('',(11.8500001788139,2.90667195594091,7.5));
#9737=CARTESIAN_POINT('',(11.8500001788139,1.12837658090913,9.24545597107868));
#9738=CARTESIAN_POINT('Origin',(11.8500001788139,3.12080883887287,7.5));
#9739=CARTESIAN_POINT('Origin',(12.0000001788139,2.44679179114614,7.9513876552186));
#9740=CARTESIAN_POINT('',(12.0000001788139,2.90667195594091,7.5));
#9741=CARTESIAN_POINT('',(5.55000017881393,2.44679179114613,7.9513876552186));
#9742=CARTESIAN_POINT('',(12.0000001788139,2.44679179114613,7.9513876552186));
#9743=CARTESIAN_POINT('',(5.55000017881393,3.37798578067223,7.03738982782063));
#9744=CARTESIAN_POINT('Ctrl Pts',(11.8500001788139,2.22499999999983,9.48641337754241));
#9745=CARTESIAN_POINT('Ctrl Pts',(11.8500001788139,2.23946687730656,9.12729569167823));
#9746=CARTESIAN_POINT('Ctrl Pts',(11.8500001788139,2.28096530301793,8.76922213935585));
#9747=CARTESIAN_POINT('Ctrl Pts',(11.8500001788139,2.36827958405032,8.30783549078211));
#9748=CARTESIAN_POINT('Ctrl Pts',(11.8500001788139,2.39075509306241,8.19974873274852));
#9749=CARTESIAN_POINT('Ctrl Pts',(11.8500001788139,2.42562018771882,8.04522263158334));
#9750=CARTESIAN_POINT('Ctrl Pts',(11.8500001788139,2.43620755410633,7.99829820858686));
#9751=CARTESIAN_POINT('Ctrl Pts',(11.8500001788139,2.44679179114613,7.95138765521861));
#9752=CARTESIAN_POINT('Ctrl Pts',(11.8948800738652,2.22499999999983,9.48641337754241));
#9753=CARTESIAN_POINT('Ctrl Pts',(11.8948800738652,2.23946687730656,9.12729569167823));
#9754=CARTESIAN_POINT('Ctrl Pts',(11.8948800738652,2.28096530301793,8.76922213935585));
#9755=CARTESIAN_POINT('Ctrl Pts',(11.8948800738652,2.36827958405032,8.30783549078211));
#9756=CARTESIAN_POINT('Ctrl Pts',(11.8948800738652,2.39075509306241,8.19974873274852));
#9757=CARTESIAN_POINT('Ctrl Pts',(11.8948800738652,2.42562018771882,8.04522263158334));
#9758=CARTESIAN_POINT('Ctrl Pts',(11.8948800738652,2.43620755410633,7.99829820858686));
#9759=CARTESIAN_POINT('Ctrl Pts',(11.8948800738652,2.44679179114613,7.95138765521861));
#9760=CARTESIAN_POINT('Ctrl Pts',(11.9725937557974,2.26262753333528,9.48792918400237));
#9761=CARTESIAN_POINT('Ctrl Pts',(11.9725937557974,2.27701851841783,9.13069492882214));
#9762=CARTESIAN_POINT('Ctrl Pts',(11.9725937557974,2.31830132082146,8.77445547470272));
#9763=CARTESIAN_POINT('Ctrl Pts',(11.9725937557974,2.40519703071639,8.31528091089233));
#9764=CARTESIAN_POINT('Ctrl Pts',(11.9725937557974,2.42758303657258,8.20762344179362));
#9765=CARTESIAN_POINT('Ctrl Pts',(11.9725937557974,2.46235482064835,8.05351091715193));
#9766=CARTESIAN_POINT('Ctrl Pts',(11.9725937557974,2.47294218703587,8.00658649415544));
#9767=CARTESIAN_POINT('Ctrl Pts',(11.9725937557974,2.48352642407567,7.95967594078719));
#9768=CARTESIAN_POINT('Ctrl Pts',(12.0000001788139,2.34124579272127,9.49109628146756));
#9769=CARTESIAN_POINT('Ctrl Pts',(12.0000001788139,2.35547820352615,9.13779837530653));
#9770=CARTESIAN_POINT('Ctrl Pts',(12.0000001788139,2.3963102535918,8.78539176103708));
#9771=CARTESIAN_POINT('Ctrl Pts',(12.0000001788139,2.48233165147536,8.33083724784335));
#9772=CARTESIAN_POINT('Ctrl Pts',(12.0000001788139,2.50453064962097,8.22407673107237));
#9773=CARTESIAN_POINT('Ctrl Pts',(12.0000001788139,2.53910747074521,8.07082830489794));
#9774=CARTESIAN_POINT('Ctrl Pts',(12.0000001788139,2.54969483713273,8.02390388190145));
#9775=CARTESIAN_POINT('Ctrl Pts',(12.0000001788139,2.56027907417253,7.9769933285332));
#9776=CARTESIAN_POINT('Ctrl Pts',(12.0000001788139,2.37487843485503,9.492451155723));
#9777=CARTESIAN_POINT('Ctrl Pts',(12.0000001788139,2.38904300484855,9.14083777783313));
#9778=CARTESIAN_POINT('Ctrl Pts',(12.0000001788139,2.42968210828313,8.79007119413168));
#9779=CARTESIAN_POINT('Ctrl Pts',(12.0000001788139,2.51532959924586,8.33749220766113));
#9780=CARTESIAN_POINT('Ctrl Pts',(12.0000001788139,2.53744859533652,8.23111540630354));
#9781=CARTESIAN_POINT('Ctrl Pts',(12.0000001788139,2.57194201113934,8.07823662847699));
#9782=CARTESIAN_POINT('Ctrl Pts',(12.0000001788139,2.58252937752685,8.0313122054805));
#9783=CARTESIAN_POINT('Ctrl Pts',(12.0000001788139,2.59311361456665,7.98440165211225));
#9784=CARTESIAN_POINT('',(12.0000001788139,2.375,9.48944944074039));
#9785=CARTESIAN_POINT('Ctrl Pts',(12.0000001788139,2.5833909821162,8.02749347504968));
#9786=CARTESIAN_POINT('Ctrl Pts',(12.0000001788139,2.57604611156906,8.06004678432354));
#9787=CARTESIAN_POINT('Ctrl Pts',(12.0000001788139,2.56869995562269,8.09260579063431));
#9788=CARTESIAN_POINT('Ctrl Pts',(12.0000001788139,2.53744859533652,8.23111540630354));
#9789=CARTESIAN_POINT('Ctrl Pts',(12.0000001788139,2.51532959924586,8.33749220766113));
#9790=CARTESIAN_POINT('Ctrl Pts',(12.0000001788139,2.42986837098103,8.78908694366405));
#9791=CARTESIAN_POINT('Ctrl Pts',(12.0000001788139,2.38927449742426,9.13884147978763));
#9792=CARTESIAN_POINT('Ctrl Pts',(12.0000001788139,2.37500000140477,9.48944944079758));
#9793=CARTESIAN_POINT('',(11.8500001788139,2.22500000000055,9.48641337754244));
#9794=CARTESIAN_POINT('Ctrl Pts',(11.8500001788139,2.225,9.48641337753827));
#9795=CARTESIAN_POINT('Ctrl Pts',(11.8695286963564,2.225,9.48641337753827));
#9796=CARTESIAN_POINT('Ctrl Pts',(11.8888702861156,2.22881362447387,9.48649013297304));
#9797=CARTESIAN_POINT('Ctrl Pts',(11.9250052028075,2.24363916426865,9.48678886544362));
#9798=CARTESIAN_POINT('Ctrl Pts',(11.9414524571542,2.25450995290334,9.48700801257263));
#9799=CARTESIAN_POINT('Ctrl Pts',(11.9692574942874,2.28194504694024,9.48756206448158));
#9800=CARTESIAN_POINT('Ctrl Pts',(11.9803483133042,2.29824817965228,9.48789171512537));
#9801=CARTESIAN_POINT('Ctrl Pts',(11.9957749477377,2.33446484899463,9.48862558410329));
#9802=CARTESIAN_POINT('Ctrl Pts',(11.9998515894629,2.3540736666231,9.48902366645532));
#9803=CARTESIAN_POINT('Ctrl Pts',(11.9999988498488,2.37427090172192,9.48943460542482));
#9804=CARTESIAN_POINT('Ctrl Pts',(12.0000001788139,2.37463545025908,9.48944202292562));
#9805=CARTESIAN_POINT('Ctrl Pts',(12.0000001788139,2.375,9.48944944074039));
#9806=CARTESIAN_POINT('Ctrl Pts',(11.8500001788139,2.22499999999983,9.48641337754241));
#9807=CARTESIAN_POINT('Ctrl Pts',(11.8500001788139,2.23946687730656,9.12729569167823));
#9808=CARTESIAN_POINT('Ctrl Pts',(11.8500001788139,2.28096530301793,8.76922213935585));
#9809=CARTESIAN_POINT('Ctrl Pts',(11.8500001788139,2.36827958405032,8.30783549078211));
#9810=CARTESIAN_POINT('Ctrl Pts',(11.8500001788139,2.39075509306241,8.19974873274852));
#9811=CARTESIAN_POINT('Ctrl Pts',(11.8500001788139,2.42562018771882,8.04522263158334));
#9812=CARTESIAN_POINT('Ctrl Pts',(11.8500001788139,2.43620755410633,7.99829820858686));
#9813=CARTESIAN_POINT('Ctrl Pts',(11.8500001788139,2.44679179114613,7.95138765521861));
#9814=CARTESIAN_POINT('Origin',(12.0000001788139,2.225,13.));
#9815=CARTESIAN_POINT('',(12.0000001788139,3.24518727377522,7.65531930196843));
#9816=CARTESIAN_POINT('',(12.0000001788139,4.3159604522668,8.86574575574233));
#9817=CARTESIAN_POINT('',(12.0000001788139,3.1299284415903,7.75728011561645));
#9818=CARTESIAN_POINT('',(12.0000001788139,1.57666284375178,9.13133728038974));
#9819=CARTESIAN_POINT('',(12.0000001788139,2.75641662399813,8.12389418018222));
#9820=CARTESIAN_POINT('',(12.0000001788139,2.28402690476772,8.5875603785449));
#9821=CARTESIAN_POINT('',(12.0000001788139,2.69919141522523,8.39024508578957));
#9822=CARTESIAN_POINT('Ctrl Pts',(12.0000001788139,2.7564166240115,8.12389418016956));
#9823=CARTESIAN_POINT('Ctrl Pts',(12.0000001788139,2.75317574652807,8.13825812114849));
#9824=CARTESIAN_POINT('Ctrl Pts',(12.0000001788139,2.74993486904463,8.15262206212742));
#9825=CARTESIAN_POINT('Ctrl Pts',(12.0000001788139,2.7299510462159,8.24119265855149));
#9826=CARTESIAN_POINT('Ctrl Pts',(12.0000001788139,2.71404857237871,8.31561191367079));
#9827=CARTESIAN_POINT('Ctrl Pts',(12.0000001788139,2.69907799055187,8.39022250130062));
#9828=CARTESIAN_POINT('',(12.0000001788139,2.75350183047715,11.3606363424931));
#9829=CARTESIAN_POINT('Ctrl Pts',(12.0000001788139,2.75350183047715,11.3606363424931));
#9830=CARTESIAN_POINT('Ctrl Pts',(12.0000001788139,2.75147300460968,11.3524450687238));
#9831=CARTESIAN_POINT('Ctrl Pts',(12.0000001788139,2.74944417874221,11.3442537949545));
#9832=CARTESIAN_POINT('Ctrl Pts',(12.0000001788139,2.63748541216892,10.8922263821654));
#9833=CARTESIAN_POINT('Ctrl Pts',(12.0000001788139,2.54462678731071,10.2861745524119));
#9834=CARTESIAN_POINT('Ctrl Pts',(12.0000001788139,2.55180954122453,9.29413967242534));
#9835=CARTESIAN_POINT('Ctrl Pts',(12.0000001788139,2.6240646678251,8.7640749108762));
#9836=CARTESIAN_POINT('Ctrl Pts',(12.0000001788139,2.69907799055187,8.39022250130062));
#9837=CARTESIAN_POINT('',(12.0000001788139,3.45753326639415,12.4418202737503));
#9838=CARTESIAN_POINT('',(12.0000001788139,3.05654464938599,11.8260204284475));
#9839=CARTESIAN_POINT('',(12.0000001788139,3.29831394612294,12.545498661336));
#9840=CARTESIAN_POINT('',(12.0000001788139,2.95999652449902,12.7657998453028));
#9841=CARTESIAN_POINT('',(12.0000001788139,2.57678411677208,11.4374423763205));
#9842=CARTESIAN_POINT('',(12.0000001788139,3.36376249523081,12.6460082636201));
#9843=CARTESIAN_POINT('',(12.0000001788139,2.375,10.0564530982429));
#9844=CARTESIAN_POINT('Ctrl Pts',(12.0000001788139,2.37500000311723,10.0564530981149));
#9845=CARTESIAN_POINT('Ctrl Pts',(12.0000001788139,2.39332961141999,10.5028071878089));
#9846=CARTESIAN_POINT('Ctrl Pts',(12.0000001788139,2.45554252492621,10.9479360628631));
#9847=CARTESIAN_POINT('Ctrl Pts',(12.0000001788139,2.56758742497746,11.400311234871));
#9848=CARTESIAN_POINT('Ctrl Pts',(12.0000001788139,2.57218610742626,11.418878164404));
#9849=CARTESIAN_POINT('Ctrl Pts',(12.0000001788139,2.57678411677208,11.4374423763205));
#9850=CARTESIAN_POINT('',(12.0000001788139,2.375,10.75));
#9851=CARTESIAN_POINT('Origin',(5.55000017881393,-0.735000000000001,4.54999990165234));
#9852=CARTESIAN_POINT('',(5.55000017881393,-0.885000000000001,4.54999990165234));
#9853=CARTESIAN_POINT('Origin',(5.55000017881393,-0.735000000000001,4.54999990165234));
#9854=CARTESIAN_POINT('Origin',(5.55000017881393,-1.035,4.54999990165234));
#9855=CARTESIAN_POINT('Origin',(5.55000017881393,-1.035,5.14717761485264));
#9856=CARTESIAN_POINT('Origin',(5.55000017881393,-1.035,6.35730771040775));
#9857=CARTESIAN_POINT('',(5.55000017881393,-0.885000000000001,5.14717761485264));
#9858=CARTESIAN_POINT('Origin',(11.3000001788139,-0.735000000000001,4.54999990165234));
#9859=CARTESIAN_POINT('',(11.3000001788139,-0.735000000000001,4.39999990165234));
#9860=CARTESIAN_POINT('',(11.3000001788139,-0.885000000000001,4.54999990165234));
#9861=CARTESIAN_POINT('Origin',(10.4500001788139,0.124999999999999,4.34614825358099));
#9862=CARTESIAN_POINT('',(10.5900001788139,-0.160000000000001,4.39999990165234));
#9863=CARTESIAN_POINT('Ctrl Pts',(10.5900001788139,-0.160000000000001,4.39999990165234));
#9864=CARTESIAN_POINT('Ctrl Pts',(10.5900001788139,-0.167314892706987,4.39999990165234));
#9865=CARTESIAN_POINT('Ctrl Pts',(10.5902091931396,-0.174643029668538,4.39946578304613));
#9866=CARTESIAN_POINT('Ctrl Pts',(10.5917177264081,-0.202091387494549,4.3954052188493));
#9867=CARTESIAN_POINT('Ctrl Pts',(10.5942339343975,-0.220545779092107,4.38849836374531));
#9868=CARTESIAN_POINT('Ctrl Pts',(10.5983185524217,-0.251166215003383,4.37023762748032));
#9869=CARTESIAN_POINT('Ctrl Pts',(10.6000001788139,-0.264149089642416,4.35916563451583));
#9870=CARTESIAN_POINT('Ctrl Pts',(10.6000001788139,-0.275038836106669,4.34614825358099));
#9871=CARTESIAN_POINT('',(10.5900001788139,0.124999999999999,4.39999990165234));
#9872=CARTESIAN_POINT('Origin',(12.0000001788139,-0.885000000000001,6.29435522970528));
#9873=CARTESIAN_POINT('Origin',(11.8500001788139,1.79926968851864,8.98898027004177));
#9874=CARTESIAN_POINT('',(11.8500001788139,0.230131930028041,7.40061332846715));
#9875=CARTESIAN_POINT('Origin',(11.8500001788139,0.130745258495195,7.51296229162046));
#9876=CARTESIAN_POINT('',(11.8500001788139,1.89865636005148,8.87663130688846));
#9877=CARTESIAN_POINT('Origin',(11.5500001788139,0.130745258495196,7.51296229162046));
#9878=CARTESIAN_POINT('',(11.5500001788139,0.00543400372143512,7.20183998540146));
#9879=CARTESIAN_POINT('Origin',(11.5500001788139,-0.0939526678114102,7.31418894855476));
#9880=CARTESIAN_POINT('Origin',(11.5500001788139,0.230131930028041,7.40061332846715));
#9881=CARTESIAN_POINT('Origin',(12.0000001788139,-0.0939526678114103,7.31418894855477));
#9882=CARTESIAN_POINT('',(12.0000001788139,0.00543400372143546,7.20183998540146));
#9883=CARTESIAN_POINT('',(12.0000001788139,-0.206301630964714,7.21480227702192));
#9884=CARTESIAN_POINT('Origin',(12.0000001788139,0.342480893181344,7.5));
#9885=CARTESIAN_POINT('Origin',(11.8500001788139,1.45073031148136,8.98898027004177));
#9886=CARTESIAN_POINT('',(11.9989984751959,3.10778797774093,7.5));
#9887=CARTESIAN_POINT('',(11.8500001788139,2.90751910681866,7.5));
#9888=CARTESIAN_POINT('Origin',(11.8500001788139,3.13390761196709,7.5));
#9889=CARTESIAN_POINT('',(11.8500001788139,3.01986806997196,7.40061332846715));
#9890=CARTESIAN_POINT('',(11.8500001788139,1.35134363994852,8.87663130688846));
#9891=CARTESIAN_POINT('Origin',(11.8500001788139,3.1192547415048,7.51296229162046));
#9892=CARTESIAN_POINT('Origin',(11.5500001788139,3.1192547415048,7.51296229162046));
#9893=CARTESIAN_POINT('',(11.9995747247829,3.13390761196709,7.5));
#9894=CARTESIAN_POINT('Ctrl Pts',(11.9989984751959,3.10778797774061,7.5));
#9895=CARTESIAN_POINT('Ctrl Pts',(11.9996875368189,3.11674159447498,7.5));
#9896=CARTESIAN_POINT('Ctrl Pts',(11.9998470081552,3.12555350320693,7.5));
#9897=CARTESIAN_POINT('Ctrl Pts',(11.9995747247829,3.13390761196709,7.5));
#9898=CARTESIAN_POINT('',(11.5500001788139,3.24456599627856,7.20183998540146));
#9899=CARTESIAN_POINT('Origin',(11.5500001788139,3.01986806997196,7.40061332846715));
#9900=CARTESIAN_POINT('',(11.5500001788139,3.45630163096471,7.21480227702192));
#9901=CARTESIAN_POINT('Origin',(11.5500001788139,3.34395266781141,7.31418894855476));
#9902=CARTESIAN_POINT('Origin',(11.5500001788139,3.1192547415048,7.51296229162046));
#9903=CARTESIAN_POINT('Origin',(12.0000001788139,3.34395266781141,7.31418894855477));
#9904=CARTESIAN_POINT('',(12.0000001788139,3.45630163096471,7.21480227702192));
#9905=CARTESIAN_POINT('',(12.0000001788139,3.24456599627856,7.20183998540146));
#9906=CARTESIAN_POINT('Origin',(11.5500001788139,4.3159604522668,8.86574575574233));
#9907=CARTESIAN_POINT('Origin',(11.5500001788139,3.10778797774093,7.5));
#9908=CARTESIAN_POINT('',(11.5500001788139,3.58223416323513,7.35715928736989));
#9909=CARTESIAN_POINT('',(11.5500001788139,4.65300734172671,8.56758574114379));
#9910=CARTESIAN_POINT('Origin',(11.5500001788139,3.24518727377522,7.65531930196843));
#9911=CARTESIAN_POINT('Origin',(12.0000001788139,3.51926789709992,7.2859807821959));
#9912=CARTESIAN_POINT('',(10.5967021027024,3.58223416323513,7.35715928736989));
#9913=CARTESIAN_POINT('Origin',(10.4500001788139,3.56147973091064,7.33369800310984));
#9914=CARTESIAN_POINT('',(11.3000001788139,3.58223416323513,7.35715928736989));
#9915=CARTESIAN_POINT('Origin',(5.55000017881393,2.12262907328403,9.21157266242234));
#9916=CARTESIAN_POINT('',(5.48689836340995,0.822925564946391,11.4569141462655));
#9917=CARTESIAN_POINT('Ctrl Pts',(5.48689836351743,0.822925564722729,11.4569141460128));
#9918=CARTESIAN_POINT('Ctrl Pts',(5.48113529508244,0.819165273190334,11.457791480518));
#9919=CARTESIAN_POINT('Ctrl Pts',(5.47565729033564,0.814968001700204,11.4587666259147));
#9920=CARTESIAN_POINT('Ctrl Pts',(5.45453243258203,0.796418369497337,11.463049728988));
#9921=CARTESIAN_POINT('Ctrl Pts',(5.44147405613979,0.779162477330089,11.4669727838201));
#9922=CARTESIAN_POINT('Ctrl Pts',(5.42102567305617,0.742198332093538,11.4751593497389));
#9923=CARTESIAN_POINT('Ctrl Pts',(5.41343014556047,0.722183902637009,11.4794929975397));
#9924=CARTESIAN_POINT('Ctrl Pts',(5.40295156914396,0.680439366455973,11.4882885051726));
#9925=CARTESIAN_POINT('Ctrl Pts',(5.40019434480168,0.65835470862192,11.4928161847566));
#9926=CARTESIAN_POINT('Ctrl Pts',(5.40000347932853,0.635574450662672,11.4973539340237));
#9927=CARTESIAN_POINT('Ctrl Pts',(5.40000017881393,0.634786971625032,11.4975106367714));
#9928=CARTESIAN_POINT('Ctrl Pts',(5.40000017881393,0.633999467998775,11.4976671842255));
#9929=CARTESIAN_POINT('',(5.55000017881393,0.0773855172490626,12.6273500199564));
#9930=CARTESIAN_POINT('Origin',(5.55000017881393,-0.0483139461229415,12.545498661336));
#9931=CARTESIAN_POINT('',(5.55000017881393,0.812729867732179,11.4980787188148));
#9932=CARTESIAN_POINT('',(5.55000017881393,2.24832853665603,9.29342402104265));
#9933=CARTESIAN_POINT('Ctrl Pts',(5.55000017881393,0.812729867732179,11.4980787188148));
#9934=CARTESIAN_POINT('Ctrl Pts',(5.54908725145096,0.812729867732179,11.4980787188148));
#9935=CARTESIAN_POINT('Ctrl Pts',(5.54817497087865,0.812735972867936,11.4980540696622));
#9936=CARTESIAN_POINT('Ctrl Pts',(5.54726345120193,0.812748157196722,11.4980048760993));
#9937=CARTESIAN_POINT('Ctrl Pts',(5.54553318270693,0.812771285781624,11.4979114956994));
#9938=CARTESIAN_POINT('Ctrl Pts',(5.54380803614774,0.812816288547301,11.4977297994879));
#9939=CARTESIAN_POINT('Ctrl Pts',(5.54208891902814,0.812882798659718,11.4974612685371));
#9940=CARTESIAN_POINT('Ctrl Pts',(5.53861367849772,0.813017250603521,11.4969184261482));
#9941=CARTESIAN_POINT('Ctrl Pts',(5.53521359794462,0.813237655444815,11.4960285536244));
#9942=CARTESIAN_POINT('Ctrl Pts',(5.53189688645046,0.813533036831995,11.4948359673864));
#9943=CARTESIAN_POINT('Ctrl Pts',(5.52327758218406,0.81430065923606,11.4917367338031));
#9944=CARTESIAN_POINT('Ctrl Pts',(5.51543838976199,0.815555298601945,11.4866711958028));
#9945=CARTESIAN_POINT('Ctrl Pts',(5.50849143087231,0.817020730515508,11.4807545943898));
#9946=CARTESIAN_POINT('Ctrl Pts',(5.50040061436,0.818727454408973,11.4738637897702));
#9947=CARTESIAN_POINT('Ctrl Pts',(5.4931852054492,0.820790168936749,11.4655356923835));
#9948=CARTESIAN_POINT('Ctrl Pts',(5.48689836434473,0.822925565388539,11.4569141456934));
#9949=CARTESIAN_POINT('Origin',(5.85000017881393,-0.0483139461229429,12.545498661336));
#9950=CARTESIAN_POINT('',(5.85000017881393,-0.293868021983864,12.9225970514521));
#9951=CARTESIAN_POINT('',(5.85000017881393,-0.0863171999915524,12.8787489467004));
#9952=CARTESIAN_POINT('Origin',(5.85000017881393,-0.212016663363559,12.79689758808));
#9953=CARTESIAN_POINT('Origin',(5.85000017881393,0.0773855172490633,12.6273500199563));
#9954=CARTESIAN_POINT('Origin',(5.85000017881393,-0.0483139461229429,12.545498661336));
#9955=CARTESIAN_POINT('Ctrl Pts',(12.0000001788139,0.812729867732179,11.4980787188148));
#9956=CARTESIAN_POINT('Ctrl Pts',(5.40000017881393,0.812729867732179,11.4980787188148));
#9957=CARTESIAN_POINT('Ctrl Pts',(12.0000001788139,0.819357365566262,11.4713205578337));
#9958=CARTESIAN_POINT('Ctrl Pts',(5.40000017881393,0.819357365566262,11.4713205578337));
#9959=CARTESIAN_POINT('Ctrl Pts',(12.0000001788139,0.825984863400345,11.4445623968527));
#9960=CARTESIAN_POINT('Ctrl Pts',(5.40000017881393,0.825984863400345,11.4445623968527));
#9961=CARTESIAN_POINT('Ctrl Pts',(12.0000001788139,0.832612361234428,11.4178042358717));
#9962=CARTESIAN_POINT('Ctrl Pts',(5.40000017881393,0.832612361234428,11.4178042358717));
#9963=CARTESIAN_POINT('Ctrl Pts',(12.0000001788139,0.941739322084803,10.9772100842163));
#9964=CARTESIAN_POINT('Ctrl Pts',(5.40000017881393,0.941739322084803,10.9772100842163));
#9965=CARTESIAN_POINT('Ctrl Pts',(12.0000001788139,1.00620379143829,10.5222441677561));
#9966=CARTESIAN_POINT('Ctrl Pts',(5.40000017881393,1.00620379143829,10.5222441677561));
#9967=CARTESIAN_POINT('Ctrl Pts',(12.0000001788139,1.02499999999996,10.0595148601208));
#9968=CARTESIAN_POINT('Ctrl Pts',(5.40000017881393,1.02499999999996,10.0595148601208));
#9969=CARTESIAN_POINT('',(11.8500001788139,0.812729867732179,11.4980787188148));
#9970=CARTESIAN_POINT('',(12.0000001788139,0.812729867732179,11.4980787188148));
#9971=CARTESIAN_POINT('',(11.8500001788139,1.02499999999989,10.0595148601211));
#9972=CARTESIAN_POINT('Ctrl Pts',(11.8500001788139,1.025,10.0595148601199));
#9973=CARTESIAN_POINT('Ctrl Pts',(11.8500001788139,1.00642993717602,10.5166768609094));
#9974=CARTESIAN_POINT('Ctrl Pts',(11.8500001788139,0.942471836066293,10.9743206783592));
#9975=CARTESIAN_POINT('Ctrl Pts',(11.8500001788139,0.825891728379722,11.4449353337123));
#9976=CARTESIAN_POINT('Ctrl Pts',(11.8500001788139,0.819355969916949,11.4713261926917));
#9977=CARTESIAN_POINT('Ctrl Pts',(11.8500001788139,0.812729867732117,11.498078718815));
#9978=CARTESIAN_POINT('',(10.5000001788139,1.02499999999996,10.0595148601208));
#9979=CARTESIAN_POINT('',(12.0000001788139,1.02499999999996,10.0595148601208));
#9980=CARTESIAN_POINT('',(10.5000001788139,0.826421223641761,11.442800616181));
#9981=CARTESIAN_POINT('Ctrl Pts',(10.5000001788139,0.826421223641761,11.442800616181));
#9982=CARTESIAN_POINT('Ctrl Pts',(10.5000001788139,0.82848493617265,11.4344684894112));
#9983=CARTESIAN_POINT('Ctrl Pts',(10.5000001788139,0.830548648703539,11.4261363626414));
#9984=CARTESIAN_POINT('Ctrl Pts',(10.5000001788139,0.832612361234428,11.4178042358717));
#9985=CARTESIAN_POINT('Ctrl Pts',(10.5000001788139,0.94173932208473,10.9772100842166));
#9986=CARTESIAN_POINT('Ctrl Pts',(10.5000001788139,1.0062037914382,10.5222441677567));
#9987=CARTESIAN_POINT('Ctrl Pts',(10.5000001788139,1.02499999999992,10.0595148601218));
#9988=CARTESIAN_POINT('',(5.55000017881393,0.826421223641761,11.442800616181));
#9989=CARTESIAN_POINT('',(5.40000017881393,0.826421223641761,11.442800616181));
#9990=CARTESIAN_POINT('Ctrl Pts',(5.48689836326679,0.822925565205114,11.456914146434));
#9991=CARTESIAN_POINT('Ctrl Pts',(5.48797923574502,0.823051404241524,11.4564060781889));
#9992=CARTESIAN_POINT('Ctrl Pts',(5.48906691449921,0.823174111497649,11.4559106543358));
#9993=CARTESIAN_POINT('Ctrl Pts',(5.50071239142525,0.82444619485977,11.4507746871523));
#9994=CARTESIAN_POINT('Ctrl Pts',(5.51178616475013,0.825293655333107,11.4473531117194));
#9995=CARTESIAN_POINT('Ctrl Pts',(5.52853350823457,0.826058456998652,11.444265266714));
#9996=CARTESIAN_POINT('Ctrl Pts',(5.53394849852739,0.826229909565192,11.4435730363292));
#9997=CARTESIAN_POINT('Ctrl Pts',(5.54292239032517,0.826389748450335,11.4429276955495));
#9998=CARTESIAN_POINT('Ctrl Pts',(5.54646063145472,0.826421223641761,11.442800616181));
#9999=CARTESIAN_POINT('Ctrl Pts',(5.55000017881393,0.826421223641761,11.442800616181));
#10000=CARTESIAN_POINT('Origin',(12.0000001788139,-0.165271900198566,13.));
#10001=CARTESIAN_POINT('',(11.5500001788139,-0.0863171999915527,12.8787489467004));
#10002=CARTESIAN_POINT('',(12.0000001788139,-0.0863171999915523,12.8787489467004));
#10003=CARTESIAN_POINT('',(11.8500001788139,0.0773855172490632,12.6273500199563));
#10004=CARTESIAN_POINT('Origin',(11.5500001788139,0.0773855172490631,12.6273500199563));
#10005=CARTESIAN_POINT('',(11.8500001788139,0.011936968141193,12.7278596222404));
#10006=CARTESIAN_POINT('Origin',(12.0000001788139,-0.212016663363557,12.79689758808));
#10007=CARTESIAN_POINT('',(11.5500001788139,-0.293868021983867,12.9225970514521));
#10008=CARTESIAN_POINT('',(12.0000001788139,-0.293868021983864,12.9225970514521));
#10009=CARTESIAN_POINT('Origin',(11.5500001788139,-0.212016663363559,12.79689758808));
#10010=CARTESIAN_POINT('Origin',(11.5500001788139,-0.0483139461229433,12.545498661336));
#10011=CARTESIAN_POINT('',(12.0000001788139,-0.048313946122943,12.545498661336));
#10012=CARTESIAN_POINT('Origin',(11.5500001788139,-0.0483139461229433,12.545498661336));
#10013=CARTESIAN_POINT('Origin',(11.8500001788139,-0.0483139461229432,12.545498661336));
#10014=CARTESIAN_POINT('Origin',(11.8500001788139,-0.113762495230811,12.6460082636201));
#10015=CARTESIAN_POINT('',(12.0000001788139,0.673215883227919,11.4374423763205));
#10016=CARTESIAN_POINT('',(12.0000001788139,-0.113762495230811,12.6460082636201));
#10017=CARTESIAN_POINT('Ctrl Pts',(12.0000001788139,0.673215729155537,11.4374424329109));
#10018=CARTESIAN_POINT('Ctrl Pts',(12.0000001788139,0.673554816330927,11.4375896694902));
#10019=CARTESIAN_POINT('Ctrl Pts',(11.9999987590764,0.673893871923373,11.4377368994724));
#10020=CARTESIAN_POINT('Ctrl Pts',(11.9999959239422,0.674232890277084,11.4378841202057));
#10021=CARTESIAN_POINT('Ctrl Pts',(11.9999124367146,0.684216087111394,11.442219382714));
#10022=CARTESIAN_POINT('Ctrl Pts',(11.9986067976743,0.694117422781812,11.4465250909388));
#10023=CARTESIAN_POINT('Ctrl Pts',(11.9961959399026,0.703794721696541,11.4507345218319));
#10024=CARTESIAN_POINT('Ctrl Pts',(11.994051462005,0.712402758999454,11.4544788453742));
#10025=CARTESIAN_POINT('Ctrl Pts',(11.9910312588338,0.720834439735072,11.4581471993308));
#10026=CARTESIAN_POINT('Ctrl Pts',(11.987184185419,0.728981399660334,11.4616901848463));
#10027=CARTESIAN_POINT('Ctrl Pts',(11.9828780097393,0.738100601950274,11.4656559833678));
#10028=CARTESIAN_POINT('Ctrl Pts',(11.9775793689095,0.746773095507204,11.4694253487341));
#10029=CARTESIAN_POINT('Ctrl Pts',(11.9713737061196,0.754851268294657,11.4729338261211));
#10030=CARTESIAN_POINT('Ctrl Pts',(11.9662933892299,0.761464530896826,11.4758060699942));
#10031=CARTESIAN_POINT('Ctrl Pts',(11.9606040334228,0.767679697789966,11.4785035109328));
#10032=CARTESIAN_POINT('Ctrl Pts',(11.954332619234,0.773399343221385,11.4809868646408));
#10033=CARTESIAN_POINT('Ctrl Pts',(11.9509001742903,0.776529796329629,11.4823460437067));
#10034=CARTESIAN_POINT('Ctrl Pts',(11.9473091828575,0.779496779512954,11.4836345940454));
#10035=CARTESIAN_POINT('Ctrl Pts',(11.9435666040234,0.782286396588641,11.4848473581397));
#10036=CARTESIAN_POINT('Ctrl Pts',(11.935256310276,0.788480664864461,11.4875402675789));
#10037=CARTESIAN_POINT('Ctrl Pts',(11.9262002571781,0.793803520853804,11.4898603105308));
#10038=CARTESIAN_POINT('Ctrl Pts',(11.9165839760963,0.798204267295895,11.4917765682614));
#10039=CARTESIAN_POINT('Ctrl Pts',(11.9132055039848,0.79975037425744,11.4924498039174));
#10040=CARTESIAN_POINT('Ctrl Pts',(11.9097576639512,0.801182256471958,11.4930730965318));
#10041=CARTESIAN_POINT('Ctrl Pts',(11.9062480229106,0.802496311086015,11.4936447505029));
#10042=CARTESIAN_POINT('Ctrl Pts',(11.8962990085352,0.806221349656697,11.4952652562784));
#10043=CARTESIAN_POINT('Ctrl Pts',(11.8859647670234,0.808961803739408,11.4964535824842));
#10044=CARTESIAN_POINT('Ctrl Pts',(11.8754329150775,0.810668578165979,11.4971909179568));
#10045=CARTESIAN_POINT('Ctrl Pts',(11.8670510224652,0.81202693375533,11.4977777346708));
#10046=CARTESIAN_POINT('Ctrl Pts',(11.8585429779792,0.812729867732117,11.498078718815));
#10047=CARTESIAN_POINT('Ctrl Pts',(11.8500001788139,0.812729867732118,11.498078718815));
#10048=CARTESIAN_POINT('Ctrl Pts',(12.0000001788139,0.667129405625135,11.4620161976298));
#10049=CARTESIAN_POINT('Ctrl Pts',(12.0000001788139,0.673755507809968,11.4352636715065));
#10050=CARTESIAN_POINT('Ctrl Pts',(12.0000001788139,0.680382204005016,11.4085056985395));
#10051=CARTESIAN_POINT('Ctrl Pts',(12.0000001788139,0.794720449026316,10.9469414834417));
#10052=CARTESIAN_POINT('Ctrl Pts',(12.0000001788139,0.856951356647417,10.500795170905));
#10053=CARTESIAN_POINT('Ctrl Pts',(12.0000001788139,0.8751235977951,10.0534268339935));
#10054=CARTESIAN_POINT('Ctrl Pts',(12.0000001788139,0.710692962016999,11.472806078737));
#10055=CARTESIAN_POINT('Ctrl Pts',(12.0000001788139,0.71734274453699,11.4459579714426));
#10056=CARTESIAN_POINT('Ctrl Pts',(12.0000001788139,0.723910330376458,11.4194385944565));
#10057=CARTESIAN_POINT('Ctrl Pts',(12.0000001788139,0.839021595130917,10.9547537658819));
#10058=CARTESIAN_POINT('Ctrl Pts',(12.0000001788139,0.901681213460071,10.5055243425109));
#10059=CARTESIAN_POINT('Ctrl Pts',(12.0000001788139,0.919966512472565,10.055248367151));
#10060=CARTESIAN_POINT('Ctrl Pts',(11.9623416827576,0.786126765678796,11.4914896261878));
#10061=CARTESIAN_POINT('Ctrl Pts',(11.9623416827576,0.792757296821004,11.46471922342));
#10062=CARTESIAN_POINT('Ctrl Pts',(11.9623416827576,0.799303704156988,11.4382853692472));
#10063=CARTESIAN_POINT('Ctrl Pts',(11.9623416827576,0.915493319359302,10.9692471543271));
#10064=CARTESIAN_POINT('Ctrl Pts',(11.9623416827576,0.979119368937513,10.5137708387158));
#10065=CARTESIAN_POINT('Ctrl Pts',(11.9623416827576,0.997615627962005,10.0584024984007));
#10066=CARTESIAN_POINT('Ctrl Pts',(11.8836601001024,0.812729867732117,11.498078718815));
#10067=CARTESIAN_POINT('Ctrl Pts',(11.8836601001024,0.819355969916949,11.4713261926917));
#10068=CARTESIAN_POINT('Ctrl Pts',(11.8836601001024,0.825891728379722,11.4449353337123));
#10069=CARTESIAN_POINT('Ctrl Pts',(11.8836601001024,0.942471836066293,10.9743206783592));
#10070=CARTESIAN_POINT('Ctrl Pts',(11.8836601001024,1.00642993717602,10.5166768609094));
#10071=CARTESIAN_POINT('Ctrl Pts',(11.8836601001024,1.025,10.0595148601199));
#10072=CARTESIAN_POINT('Ctrl Pts',(11.8500001788139,0.812729867732117,11.498078718815));
#10073=CARTESIAN_POINT('Ctrl Pts',(11.8500001788139,0.819355969916949,11.4713261926917));
#10074=CARTESIAN_POINT('Ctrl Pts',(11.8500001788139,0.825891728379722,11.4449353337123));
#10075=CARTESIAN_POINT('Ctrl Pts',(11.8500001788139,0.942471836066293,10.9743206783592));
#10076=CARTESIAN_POINT('Ctrl Pts',(11.8500001788139,1.00642993717602,10.5166768609094));
#10077=CARTESIAN_POINT('Ctrl Pts',(11.8500001788139,1.025,10.0595148601199));
#10078=CARTESIAN_POINT('',(12.0000001788139,0.874999999999999,10.0564530982429));
#10079=CARTESIAN_POINT('Ctrl Pts',(12.0000001788139,0.673215751254911,11.4374423436829));
#10080=CARTESIAN_POINT('Ctrl Pts',(12.0000001788139,0.677813587661259,11.4188781961417));
#10081=CARTESIAN_POINT('Ctrl Pts',(12.0000001788139,0.682412121040336,11.4003112657585));
#10082=CARTESIAN_POINT('Ctrl Pts',(12.0000001788139,0.794477580265785,10.9479219036747));
#10083=CARTESIAN_POINT('Ctrl Pts',(12.0000001788139,0.856670479226449,10.5028071241085));
#10084=CARTESIAN_POINT('Ctrl Pts',(12.0000001788139,0.874999997180064,10.0564530981271));
#10085=CARTESIAN_POINT('Ctrl Pts',(12.0000001788139,0.874999997590361,10.0564530881358));
#10086=CARTESIAN_POINT('Ctrl Pts',(12.0000001788139,0.875364547701971,10.056460568576));
#10087=CARTESIAN_POINT('Ctrl Pts',(11.9999987589949,0.875729065463767,10.0564680474314));
#10088=CARTESIAN_POINT('Ctrl Pts',(11.999995923701,0.876093544745027,10.0564755246148));
#10089=CARTESIAN_POINT('Ctrl Pts',(11.9999124454849,0.88682473577193,10.056695671787));
#10090=CARTESIAN_POINT('Ctrl Pts',(11.9986071951683,0.897465053741462,10.0569132132048));
#10091=CARTESIAN_POINT('Ctrl Pts',(11.9961998935919,0.907860690288116,10.0571255153689));
#10092=CARTESIAN_POINT('Ctrl Pts',(11.9941588931922,0.916674500138041,10.0573055130917));
#10093=CARTESIAN_POINT('Ctrl Pts',(11.9913243819571,0.925313164711327,10.0574817773846));
#10094=CARTESIAN_POINT('Ctrl Pts',(11.9877408345258,0.933676503617661,10.0576525072909));
#10095=CARTESIAN_POINT('Ctrl Pts',(11.9834869299534,0.943604332478916,10.0578551748272));
#10096=CARTESIAN_POINT('Ctrl Pts',(11.9782236106514,0.953039975837716,10.0580479319841));
#10097=CARTESIAN_POINT('Ctrl Pts',(11.9720464440197,0.961824782430554,10.0582275236087));
#10098=CARTESIAN_POINT('Ctrl Pts',(11.9670552188511,0.96892301215001,10.0583726358083));
#10099=CARTESIAN_POINT('Ctrl Pts',(11.9614661417065,0.975596564273802,10.0585091642382));
#10100=CARTESIAN_POINT('Ctrl Pts',(11.9553094191921,0.981747181153396,10.0586348233139));
#10101=CARTESIAN_POINT('Ctrl Pts',(11.9515812437126,0.98547165939331,10.058710915599));
#10102=CARTESIAN_POINT('Ctrl Pts',(11.9476636675227,0.988984964578999,10.0587826186182));
#10103=CARTESIAN_POINT('Ctrl Pts',(11.9435666040234,0.992268418352802,10.0588494325412));
#10104=CARTESIAN_POINT('Ctrl Pts',(11.9352398551544,0.998941611238909,10.0589852231526));
#10105=CARTESIAN_POINT('Ctrl Pts',(11.9261734597095,1.00466842819989,10.059100947906));
#10106=CARTESIAN_POINT('Ctrl Pts',(11.9165581220247,1.0093980696484,10.0591966870284));
#10107=CARTESIAN_POINT('Ctrl Pts',(11.9134260082919,1.01093870976084,10.0592278732259));
#10108=CARTESIAN_POINT('Ctrl Pts',(11.9102354359686,1.01237318371539,10.0592569236493));
#10109=CARTESIAN_POINT('Ctrl Pts',(11.9069925486262,1.01369863883947,10.0592837947038));
#10110=CARTESIAN_POINT('Ctrl Pts',(11.8970321954325,1.01776970261212,10.0593663276952));
#10111=CARTESIAN_POINT('Ctrl Pts',(11.8866835881706,1.02077348964212,10.0594275934277));
#10112=CARTESIAN_POINT('Ctrl Pts',(11.8761374758065,1.0226613579115,10.0594664250002));
#10113=CARTESIAN_POINT('Ctrl Pts',(11.8675246978061,1.02420313840243,10.0594981378913));
#10114=CARTESIAN_POINT('Ctrl Pts',(11.8587790929263,1.02499999999996,10.0595148601208));
#10115=CARTESIAN_POINT('Ctrl Pts',(11.8500001788139,1.02499999999996,10.0595148601208));
#10116=CARTESIAN_POINT('Origin',(11.8500001788139,0.874999999999999,10.75));
#10117=CARTESIAN_POINT('',(11.8500001788139,1.025,9.48641337753826));
#10118=CARTESIAN_POINT('',(11.8500001788139,1.025,10.75));
#10119=CARTESIAN_POINT('',(12.0000001788139,0.874999999999999,9.48944944074039));
#10120=CARTESIAN_POINT('',(12.0000001788139,0.874999999999999,10.75));
#10121=CARTESIAN_POINT('Ctrl Pts',(12.0000001788139,0.874999998868064,9.48944944951532));
#10122=CARTESIAN_POINT('Ctrl Pts',(12.0000001788139,0.875364549094665,9.48944203401168));
#10123=CARTESIAN_POINT('Ctrl Pts',(11.9999987590849,0.875729067075304,9.48943462004891));
#10124=CARTESIAN_POINT('Ctrl Pts',(11.9999959239697,0.876093546677416,9.48942720770489));
#10125=CARTESIAN_POINT('Ctrl Pts',(11.9999124501634,0.886824856203122,9.4892089673493));
#10126=CARTESIAN_POINT('Ctrl Pts',(11.9986072558857,0.897465377879822,9.48899328181357));
#10127=CARTESIAN_POINT('Ctrl Pts',(11.9962000261989,0.907861252597076,9.48878277439692));
#10128=CARTESIAN_POINT('Ctrl Pts',(11.9941591563034,0.91667496400287,9.48860430441055));
#10129=CARTESIAN_POINT('Ctrl Pts',(11.9913248410621,0.925313567044215,9.48842952389371));
#10130=CARTESIAN_POINT('Ctrl Pts',(11.9877415289748,0.933676861487508,9.48826022510925));
#10131=CARTESIAN_POINT('Ctrl Pts',(11.9834878419001,0.943604781972141,9.48805925348478));
#10132=CARTESIAN_POINT('Ctrl Pts',(11.9782247625471,0.953040528447144,9.48786810033344));
#10133=CARTESIAN_POINT('Ctrl Pts',(11.9720478184966,0.961825409009937,9.48769000060393));
#10134=CARTESIAN_POINT('Ctrl Pts',(11.9670566531676,0.968923869175066,9.48754609041343));
#10135=CARTESIAN_POINT('Ctrl Pts',(11.961467595995,0.975597612502612,9.48741069124506));
#10136=CARTESIAN_POINT('Ctrl Pts',(11.9553108343639,0.981748352493441,9.48728607256299));
#10137=CARTESIAN_POINT('Ctrl Pts',(11.9515826020753,0.985472938372718,9.48721060961312));
#10138=CARTESIAN_POINT('Ctrl Pts',(11.9476649442901,0.988986321829878,9.48713949996688));
#10139=CARTESIAN_POINT('Ctrl Pts',(11.9435677707103,0.992269817954144,9.48707323985884));
#10140=CARTESIAN_POINT('Ctrl Pts',(11.9352410398653,0.998942903173666,9.48693857871385));
#10141=CARTESIAN_POINT('Ctrl Pts',(11.9261745880046,1.00466951936535,9.486823819983));
#10142=CARTESIAN_POINT('Ctrl Pts',(11.9165591762585,1.00939894247304,9.48672888186504));
#10143=CARTESIAN_POINT('Ctrl Pts',(11.913426994198,1.01093953320443,9.48669795615142));
#10144=CARTESIAN_POINT('Ctrl Pts',(11.9102363500086,1.0123739529087,9.48666914862674));
#10145=CARTESIAN_POINT('Ctrl Pts',(11.9069933894729,1.01369935142346,9.48664250241584));
#10146=CARTESIAN_POINT('Ctrl Pts',(11.8970327120852,1.01777028194211,9.48656065920268));
#10147=CARTESIAN_POINT('Ctrl Pts',(11.8866837617941,1.02077389478009,9.48649990728913));
#10148=CARTESIAN_POINT('Ctrl Pts',(11.8761373565814,1.02266161801296,9.4864614026573));
#10149=CARTESIAN_POINT('Ctrl Pts',(11.8675245678891,1.02420323916123,9.48642995760556));
#10150=CARTESIAN_POINT('Ctrl Pts',(11.858778992573,1.025,9.48641337753826));
#10151=CARTESIAN_POINT('Ctrl Pts',(11.8500001788139,1.025,9.48641337753826));
#10152=CARTESIAN_POINT('Ctrl Pts',(12.0000001788139,0.875121565144812,9.49245115571897));
#10153=CARTESIAN_POINT('Ctrl Pts',(12.0000001788139,0.860956995151138,9.14083777783045));
#10154=CARTESIAN_POINT('Ctrl Pts',(12.0000001788139,0.820311125685998,8.7899882338627));
#10155=CARTESIAN_POINT('Ctrl Pts',(12.0000001788139,0.734671342210271,8.33750879445534));
#10156=CARTESIAN_POINT('Ctrl Pts',(12.0000001788139,0.712551339454232,8.23111310763145));
#10157=CARTESIAN_POINT('Ctrl Pts',(12.0000001788139,0.678057933745915,8.07823745461427));
#10158=CARTESIAN_POINT('Ctrl Pts',(12.0000001788139,0.667470622473147,8.03131220548051));
#10159=CARTESIAN_POINT('Ctrl Pts',(12.0000001788139,0.656886385433346,7.98440165211225));
#10160=CARTESIAN_POINT('Ctrl Pts',(12.0000001788139,0.919965087989821,9.49064465671169));
#10161=CARTESIAN_POINT('Ctrl Pts',(12.0000001788139,0.905717070353524,9.13682030873124));
#10162=CARTESIAN_POINT('Ctrl Pts',(12.0000001788139,0.864794864721206,8.78368845550408));
#10163=CARTESIAN_POINT('Ctrl Pts',(12.0000001788139,0.778657657267241,8.32857486925171));
#10164=CARTESIAN_POINT('Ctrl Pts',(12.0000001788139,0.756436834059225,8.22171277841965));
#10165=CARTESIAN_POINT('Ctrl Pts',(12.0000001788139,0.721804370961925,8.06821095691194));
#10166=CARTESIAN_POINT('Ctrl Pts',(12.0000001788139,0.711271698550367,8.02153249801404));
#10167=CARTESIAN_POINT('Ctrl Pts',(12.0000001788139,0.700665772625514,7.97452388734019));
#10168=CARTESIAN_POINT('Ctrl Pts',(11.9623440647433,0.997618112300965,9.48751644326122));
#10169=CARTESIAN_POINT('Ctrl Pts',(11.9623440647433,0.983207635799643,9.12977548780612));
#10170=CARTESIAN_POINT('Ctrl Pts',(11.9623440647433,0.941580064963029,8.77159031346673));
#10171=CARTESIAN_POINT('Ctrl Pts',(11.9623440647433,0.854811067471177,8.31306555762327));
#10172=CARTESIAN_POINT('Ctrl Pts',(11.9623440647433,0.832214897939414,8.20446159357887));
#10173=CARTESIAN_POINT('Ctrl Pts',(11.9623440647433,0.797629810161333,8.05117552924739));
#10174=CARTESIAN_POINT('Ctrl Pts',(11.9623440647433,0.787063956885632,8.00434606591452));
#10175=CARTESIAN_POINT('Ctrl Pts',(11.9623440647433,0.776476092651225,7.95741911368901));
#10176=CARTESIAN_POINT('Ctrl Pts',(11.8836601001024,1.025,9.48641337753829));
#10177=CARTESIAN_POINT('Ctrl Pts',(11.8836601001024,1.01053312269312,9.12729569167549));
#10178=CARTESIAN_POINT('Ctrl Pts',(11.8836601001024,0.968668009398754,8.76738290444723));
#10179=CARTESIAN_POINT('Ctrl Pts',(11.8836601001024,0.881664914601398,8.30759860759753));
#10180=CARTESIAN_POINT('Ctrl Pts',(11.8836601001024,0.858946287363848,8.19842647878224));
#10181=CARTESIAN_POINT('Ctrl Pts',(11.8836601001024,0.824363699777957,8.04515240930744));
#10182=CARTESIAN_POINT('Ctrl Pts',(11.8836601001024,0.813792445893667,7.99829820858686));
#10183=CARTESIAN_POINT('Ctrl Pts',(11.8836601001024,0.803208208853867,7.95138765521861));
#10184=CARTESIAN_POINT('Ctrl Pts',(11.8500001788139,1.025,9.48641337753829));
#10185=CARTESIAN_POINT('Ctrl Pts',(11.8500001788139,1.01053312269312,9.12729569167549));
#10186=CARTESIAN_POINT('Ctrl Pts',(11.8500001788139,0.968668009398754,8.76738290444723));
#10187=CARTESIAN_POINT('Ctrl Pts',(11.8500001788139,0.881664914601398,8.30759860759753));
#10188=CARTESIAN_POINT('Ctrl Pts',(11.8500001788139,0.858946287363848,8.19842647878224));
#10189=CARTESIAN_POINT('Ctrl Pts',(11.8500001788139,0.824363699777957,8.04515240930744));
#10190=CARTESIAN_POINT('Ctrl Pts',(11.8500001788139,0.813792445893667,7.99829820858686));
#10191=CARTESIAN_POINT('Ctrl Pts',(11.8500001788139,0.803208208853867,7.95138765521861));
#10192=CARTESIAN_POINT('Ctrl Pts',(11.8500001788139,0.803208208853867,7.95138765521861));
#10193=CARTESIAN_POINT('Ctrl Pts',(11.8500001788139,0.813792445893667,7.99829820858686));
#10194=CARTESIAN_POINT('Ctrl Pts',(11.8500001788139,0.824363699777957,8.04515240930744));
#10195=CARTESIAN_POINT('Ctrl Pts',(11.8500001788139,0.858946287363848,8.19842647878224));
#10196=CARTESIAN_POINT('Ctrl Pts',(11.8500001788139,0.881664914601398,8.30759860759753));
#10197=CARTESIAN_POINT('Ctrl Pts',(11.8500001788139,0.968668009398754,8.76738290444723));
#10198=CARTESIAN_POINT('Ctrl Pts',(11.8500001788139,1.01053312269312,9.12729569167549));
#10199=CARTESIAN_POINT('Ctrl Pts',(11.8500001788139,1.025,9.48641337753829));
#10200=CARTESIAN_POINT('Ctrl Pts',(12.0000001788139,0.874999998868064,9.48944944951532));
#10201=CARTESIAN_POINT('Ctrl Pts',(12.0000001788139,0.860725464998513,9.13884101605502));
#10202=CARTESIAN_POINT('Ctrl Pts',(12.0000001788139,0.820124880415892,8.78900420340408));
#10203=CARTESIAN_POINT('Ctrl Pts',(12.0000001788139,0.734671342210271,8.33750879445534));
#10204=CARTESIAN_POINT('Ctrl Pts',(12.0000001788139,0.712551339454232,8.23111310763145));
#10205=CARTESIAN_POINT('Ctrl Pts',(12.0000001788139,0.681299977247456,8.0926062740228));
#10206=CARTESIAN_POINT('Ctrl Pts',(12.0000001788139,0.673953837427581,8.06004702475266));
#10207=CARTESIAN_POINT('Ctrl Pts',(12.0000001788139,0.666608972269421,8.02749348532442));
#10208=CARTESIAN_POINT('Origin',(8.70000017881393,1.025,8.5));
#10209=CARTESIAN_POINT('',(10.5000001788139,1.025,9.48641337753826));
#10210=CARTESIAN_POINT('',(12.0000001788139,1.025,9.48641337753826));
#10211=CARTESIAN_POINT('',(10.5000001788139,1.025,9.11371651702426));
#10212=CARTESIAN_POINT('Ctrl Pts',(12.0000001788139,1.025,9.48641337753826));
#10213=CARTESIAN_POINT('Ctrl Pts',(5.40000017881393,1.025,9.48641337753826));
#10214=CARTESIAN_POINT('Ctrl Pts',(12.0000001788139,1.01070868230153,9.13165368538536));
#10215=CARTESIAN_POINT('Ctrl Pts',(5.40000017881393,1.01070868230153,9.13165368538536));
#10216=CARTESIAN_POINT('Ctrl Pts',(12.0000001788139,0.969937185630545,8.7739910752959));
#10217=CARTESIAN_POINT('Ctrl Pts',(5.40000017881393,0.969937185630545,8.7739910752959));
#10218=CARTESIAN_POINT('Ctrl Pts',(12.0000001788139,0.902247385750202,8.41630422796526));
#10219=CARTESIAN_POINT('Ctrl Pts',(5.40000017881393,0.902247385750202,8.41630422796526));
#10220=CARTESIAN_POINT('Ctrl Pts',(12.0000001788139,0.88183334263273,8.30843221863937));
#10221=CARTESIAN_POINT('Ctrl Pts',(5.40000017881393,0.88183334263273,8.30843221863937));
#10222=CARTESIAN_POINT('Ctrl Pts',(12.0000001788139,0.859396335210346,8.20041988023359));
#10223=CARTESIAN_POINT('Ctrl Pts',(5.40000017881393,0.859396335210346,8.20041988023359));
#10224=CARTESIAN_POINT('Ctrl Pts',(12.0000001788139,0.834968808191986,8.09215427681408));
#10225=CARTESIAN_POINT('Ctrl Pts',(5.40000017881393,0.834968808191986,8.09215427681408));
#10226=CARTESIAN_POINT('Ctrl Pts',(12.0000001788139,0.824381941745946,8.04523206961559));
#10227=CARTESIAN_POINT('Ctrl Pts',(5.40000017881393,0.824381941745946,8.04523206961559));
#10228=CARTESIAN_POINT('Ctrl Pts',(12.0000001788139,0.813795075299906,7.9983098624171));
#10229=CARTESIAN_POINT('Ctrl Pts',(5.40000017881393,0.813795075299906,7.9983098624171));
#10230=CARTESIAN_POINT('Ctrl Pts',(12.0000001788139,0.803208208853866,7.9513876552186));
#10231=CARTESIAN_POINT('Ctrl Pts',(5.40000017881393,0.803208208853866,7.9513876552186));
#10232=CARTESIAN_POINT('',(5.47268191646063,0.811923731420171,7.99001585157631));
#10233=CARTESIAN_POINT('Ctrl Pts',(5.47268191646063,0.811923731424048,7.99001585157544));
#10234=CARTESIAN_POINT('Ctrl Pts',(5.47596944484824,0.81112068699881,7.9864566665132));
#10235=CARTESIAN_POINT('Ctrl Pts',(5.47941530015436,0.810348623134471,7.98303479085267));
#10236=CARTESIAN_POINT('Ctrl Pts',(5.48302777816498,0.809616640950717,7.97979056180088));
#10237=CARTESIAN_POINT('Ctrl Pts',(5.49105707543873,0.807989696084847,7.97257975542243));
#10238=CARTESIAN_POINT('Ctrl Pts',(5.50002470596401,0.806536433555977,7.96613872909599));
#10239=CARTESIAN_POINT('Ctrl Pts',(5.50994336100914,0.805420299723831,7.96119189584744));
#10240=CARTESIAN_POINT('Ctrl Pts',(5.51711607096989,0.804613163653574,7.95761457614486));
#10241=CARTESIAN_POINT('Ctrl Pts',(5.52474085968506,0.803988022619917,7.95484387933302));
#10242=CARTESIAN_POINT('Ctrl Pts',(5.53278791410935,0.803610559237036,7.95317091829665));
#10243=CARTESIAN_POINT('Ctrl Pts',(5.53834169597428,0.803350047852374,7.95201630193958));
#10244=CARTESIAN_POINT('Ctrl Pts',(5.54408949517363,0.803208204283915,7.95138763496405));
#10245=CARTESIAN_POINT('Ctrl Pts',(5.55000017881393,0.803208208853866,7.9513876552186));
#10246=CARTESIAN_POINT('',(5.55000017881393,0.816898692917373,8.01206545191602));
#10247=CARTESIAN_POINT('Ctrl Pts',(5.55000017881394,0.816898692918442,8.01206545192076));
#10248=CARTESIAN_POINT('Ctrl Pts',(5.54479864093593,0.816898692913325,8.01206545189808));
#10249=CARTESIAN_POINT('Ctrl Pts',(5.53959939402803,0.816835901339679,8.01178715243677));
#10250=CARTESIAN_POINT('Ctrl Pts',(5.53442823849727,0.816710720954481,8.01123233860197));
#10251=CARTESIAN_POINT('Ctrl Pts',(5.52758237150519,0.816545000108922,8.01049784479381));
#10252=CARTESIAN_POINT('Ctrl Pts',(5.52080269393003,0.816270419156678,8.00928087049838));
#10253=CARTESIAN_POINT('Ctrl Pts',(5.51413613247448,0.815889781325584,8.00759383994319));
#10254=CARTESIAN_POINT('Ctrl Pts',(5.49945550668142,0.815051567863031,8.00387878167104));
#10255=CARTESIAN_POINT('Ctrl Pts',(5.48549256697951,0.813708907906996,7.99792795864184));
#10256=CARTESIAN_POINT('Ctrl Pts',(5.47268191645778,0.811923731441078,7.99001585165092));
#10257=CARTESIAN_POINT('',(10.5000001788139,0.816898692917373,8.01206545191602));
#10258=CARTESIAN_POINT('',(5.40000017881393,0.816898692917373,8.01206545191602));
#10259=CARTESIAN_POINT('Ctrl Pts',(10.5000001788139,1.025,9.48641337753826));
#10260=CARTESIAN_POINT('Ctrl Pts',(10.5000001788139,1.01070868230154,9.13165368538536));
#10261=CARTESIAN_POINT('Ctrl Pts',(10.5000001788139,0.969937185630545,8.7739910752959));
#10262=CARTESIAN_POINT('Ctrl Pts',(10.5000001788139,0.902247385750202,8.41630422796526));
#10263=CARTESIAN_POINT('Ctrl Pts',(10.5000001788139,0.88183334263273,8.30843221863937));
#10264=CARTESIAN_POINT('Ctrl Pts',(10.5000001788139,0.859396335210346,8.20041988023359));
#10265=CARTESIAN_POINT('Ctrl Pts',(10.5000001788139,0.834968808191986,8.09215427681408));
#10266=CARTESIAN_POINT('Ctrl Pts',(10.5000001788139,0.828945436433782,8.06545800184806));
#10267=CARTESIAN_POINT('Ctrl Pts',(10.5000001788139,0.822922064675577,8.03876172688204));
#10268=CARTESIAN_POINT('Ctrl Pts',(10.5000001788139,0.816898692917373,8.01206545191602));
#10269=CARTESIAN_POINT('Origin',(5.55000017881393,1.30602812426238,9.48593724521813));
#10270=CARTESIAN_POINT('',(5.4868983625757,2.42707443536711,11.4569141465781));
#10271=CARTESIAN_POINT('',(5.55000017881393,2.43727013226782,11.4980787188148));
#10272=CARTESIAN_POINT('Ctrl Pts',(5.4868983625757,2.42707443486161,11.4569141467033));
#10273=CARTESIAN_POINT('Ctrl Pts',(5.49270723359365,2.42904777034549,11.4648813810758));
#10274=CARTESIAN_POINT('Ctrl Pts',(5.49928317906475,2.43095074567233,11.4725645401524));
#10275=CARTESIAN_POINT('Ctrl Pts',(5.50660991968698,2.43257259412626,11.4791126648147));
#10276=CARTESIAN_POINT('Ctrl Pts',(5.51196293082641,2.43375753751213,11.4838968090975));
#10277=CARTESIAN_POINT('Ctrl Pts',(5.51788833234442,2.43483018976136,11.4882275840416));
#10278=CARTESIAN_POINT('Ctrl Pts',(5.52434968784164,2.43565166702686,11.4915442536902));
#10279=CARTESIAN_POINT('Ctrl Pts',(5.52916181191754,2.4362634659797,11.4940143585892));
#10280=CARTESIAN_POINT('Ctrl Pts',(5.53425379279608,2.43673361922621,11.4959125766756));
#10281=CARTESIAN_POINT('Ctrl Pts',(5.53960378288561,2.43700589758355,11.4970118856908));
#10282=CARTESIAN_POINT('Ctrl Pts',(5.54161985202165,2.4371085018844,11.4974261449585));
#10283=CARTESIAN_POINT('Ctrl Pts',(5.54365982171234,2.4371823369626,11.4977242500591));
#10284=CARTESIAN_POINT('Ctrl Pts',(5.54572262967628,2.43722544538795,11.4978982979749));
#10285=CARTESIAN_POINT('Ctrl Pts',(5.54714233328641,2.43725511426075,11.4980180844304));
#10286=CARTESIAN_POINT('Ctrl Pts',(5.54856830774494,2.43727013226782,11.4980787188148));
#10287=CARTESIAN_POINT('Ctrl Pts',(5.55000017881393,2.43727013226782,11.4980787188148));
#10288=CARTESIAN_POINT('',(5.55000017881393,3.17261448275094,12.6273500199563));
#10289=CARTESIAN_POINT('',(5.55000017881393,1.18032866089038,9.56778860383844));
#10290=CARTESIAN_POINT('Origin',(5.55000017881393,3.29831394612294,12.545498661336));
#10291=CARTESIAN_POINT('Ctrl Pts',(5.40000017881393,2.61600053200122,11.4976671842255));
#10292=CARTESIAN_POINT('Ctrl Pts',(5.40000017881393,2.61521302837523,11.4975106367715));
#10293=CARTESIAN_POINT('Ctrl Pts',(5.40000347932854,2.61442554933652,11.4973539340234));
#10294=CARTESIAN_POINT('Ctrl Pts',(5.40019434480169,2.59164529138221,11.492816184758));
#10295=CARTESIAN_POINT('Ctrl Pts',(5.40295156914369,2.56956063354565,11.4882885051729));
#10296=CARTESIAN_POINT('Ctrl Pts',(5.41343014555959,2.52781609736596,11.4794929975404));
#10297=CARTESIAN_POINT('Ctrl Pts',(5.42102567305449,2.50780166791068,11.4751593497398));
#10298=CARTESIAN_POINT('Ctrl Pts',(5.44147405613709,2.4708375226736,11.4669727838209));
#10299=CARTESIAN_POINT('Ctrl Pts',(5.45453243257982,2.45358163050494,11.4630497289885));
#10300=CARTESIAN_POINT('Ctrl Pts',(5.47565729011022,2.43503199849763,11.4587666259603));
#10301=CARTESIAN_POINT('Ctrl Pts',(5.48113529460679,2.43083472717404,11.4577914806027));
#10302=CARTESIAN_POINT('Ctrl Pts',(5.48689836276762,2.4270744357665,11.456914146127));
#10303=CARTESIAN_POINT('Origin',(5.85000017881393,3.29831394612294,12.545498661336));
#10304=CARTESIAN_POINT('',(5.85000017881393,3.33631719999155,12.8787489467004));
#10305=CARTESIAN_POINT('',(5.85000017881393,3.54386802198386,12.9225970514521));
#10306=CARTESIAN_POINT('Origin',(5.85000017881393,3.46201666336356,12.79689758808));
#10307=CARTESIAN_POINT('Origin',(5.85000017881393,3.29831394612294,12.545498661336));
#10308=CARTESIAN_POINT('Origin',(5.85000017881393,3.17261448275094,12.6273500199563));
#10309=CARTESIAN_POINT('Origin',(5.55000017881393,1.4,9.72457871881475));
#10310=CARTESIAN_POINT('',(5.4726819164714,2.43807626857462,7.99001585158137));
#10311=CARTESIAN_POINT('Ctrl Pts',(5.40000017881393,2.64221470220948,7.96975604013334));
#10312=CARTESIAN_POINT('Ctrl Pts',(5.40000017881393,2.64136792832416,7.96982396096869));
#10313=CARTESIAN_POINT('Ctrl Pts',(5.40000314558666,2.64052116158633,7.96989207503492));
#10314=CARTESIAN_POINT('Ctrl Pts',(5.4002075232062,2.61133333002839,7.97224663729236));
#10315=CARTESIAN_POINT('Ctrl Pts',(5.40372640968703,2.58270519728997,7.97478117076452));
#10316=CARTESIAN_POINT('Ctrl Pts',(5.41713650313213,2.52932717685618,7.97991708644339));
#10317=CARTESIAN_POINT('Ctrl Pts',(5.42688086677143,2.5036684771832,7.98258704138645));
#10318=CARTESIAN_POINT('Ctrl Pts',(5.44914842423772,2.46519971186872,7.98683940761436));
#10319=CARTESIAN_POINT('Ctrl Pts',(5.45994224152088,2.45052471350931,7.98853510239445));
#10320=CARTESIAN_POINT('Ctrl Pts',(5.47268191647141,2.43807626857462,7.99001585158136));
#10321=CARTESIAN_POINT('',(5.55000017881393,2.43310130708263,8.01206545191602));
#10322=CARTESIAN_POINT('Ctrl Pts',(5.4726819164714,2.43807626857461,7.99001585158137));
#10323=CARTESIAN_POINT('Ctrl Pts',(5.47644223257525,2.43755226262734,7.99233830608255));
#10324=CARTESIAN_POINT('Ctrl Pts',(5.48031092762808,2.43706511839791,7.99449738521947));
#10325=CARTESIAN_POINT('Ctrl Pts',(5.4842788672892,2.43661692013952,7.9964838513427));
#10326=CARTESIAN_POINT('Ctrl Pts',(5.49563787676003,2.43533386427258,8.00217050220796));
#10327=CARTESIAN_POINT('Ctrl Pts',(5.507696355886,2.43438288924014,8.00638533270009));
#10328=CARTESIAN_POINT('Ctrl Pts',(5.52018029317702,2.43379565083868,8.00898804069576));
#10329=CARTESIAN_POINT('Ctrl Pts',(5.52609055873724,2.43351763479143,8.01022023972653));
#10330=CARTESIAN_POINT('Ctrl Pts',(5.53207300648653,2.43332225048964,8.01108620537733));
#10331=CARTESIAN_POINT('Ctrl Pts',(5.53809555211623,2.43321104427484,8.01157908408502));
#10332=CARTESIAN_POINT('Ctrl Pts',(5.54205555760267,2.43313792283288,8.01190316670831));
#10333=CARTESIAN_POINT('Ctrl Pts',(5.54602687144372,2.43310130707765,8.01206545193808));
#10334=CARTESIAN_POINT('Ctrl Pts',(5.55000017881393,2.43310130708156,8.01206545192076));
#10335=CARTESIAN_POINT('',(5.55000017881393,2.42357877635824,11.442800616181));
#10336=CARTESIAN_POINT('Origin',(5.55000017881393,1.4,9.72457871881475));
#10337=CARTESIAN_POINT('Ctrl Pts',(5.55000017881393,2.42357877635766,11.4428006161787));
#10338=CARTESIAN_POINT('Ctrl Pts',(5.54521157610399,2.42357877635995,11.4428006161879));
#10339=CARTESIAN_POINT('Ctrl Pts',(5.54042450852937,2.42363641681858,11.4430333363954));
#10340=CARTESIAN_POINT('Ctrl Pts',(5.53565921502058,2.42375139884452,11.443497570053));
#10341=CARTESIAN_POINT('Ctrl Pts',(5.52936068674874,2.42390337637535,11.4441111710435));
#10342=CARTESIAN_POINT('Ctrl Pts',(5.52311254311333,2.42415517690415,11.445127801943));
#10343=CARTESIAN_POINT('Ctrl Pts',(5.51695156456333,2.42450473276687,11.4465391146708));
#10344=CARTESIAN_POINT('Ctrl Pts',(5.50655624443952,2.425094532758,11.4489203999619));
#10345=CARTESIAN_POINT('Ctrl Pts',(5.49648603353086,2.42595819504338,11.4524073893271));
#10346=CARTESIAN_POINT('Ctrl Pts',(5.48689836232006,2.42707443490511,11.456914146879));
#10347=CARTESIAN_POINT('Origin',(5.85000017881393,5.01773089546744,11.4258708637048));
#10348=CARTESIAN_POINT('',(5.85000017881393,3.70308734225507,12.8189186638663));
#10349=CARTESIAN_POINT('',(5.85000017881393,5.26328497132836,11.8029692538208));
#10350=CARTESIAN_POINT('Origin',(5.85000017881393,3.45753326639415,12.4418202737503));
#10351=CARTESIAN_POINT('Origin',(12.0000001788139,3.46201666336356,12.79689758808));
#10352=CARTESIAN_POINT('',(11.5500001788139,3.33631719999155,12.8787489467004));
#10353=CARTESIAN_POINT('',(12.0000001788139,3.33631719999155,12.8787489467004));
#10354=CARTESIAN_POINT('',(11.5500001788139,3.54386802198387,12.9225970514521));
#10355=CARTESIAN_POINT('Origin',(11.5500001788139,3.46201666336356,12.79689758808));
#10356=CARTESIAN_POINT('',(12.0000001788139,3.54386802198386,12.9225970514521));
#10357=CARTESIAN_POINT('Origin',(11.8500001788139,2.375,10.75));
#10358=CARTESIAN_POINT('',(11.8500001788139,2.22500000000004,10.0595148601208));
#10359=CARTESIAN_POINT('Ctrl Pts',(12.0000001788139,2.375,10.0564530982429));
#10360=CARTESIAN_POINT('Ctrl Pts',(12.0000001788139,2.37463545022503,10.0564605798651));
#10361=CARTESIAN_POINT('Ctrl Pts',(11.9999988498486,2.37427090165337,10.0564680611669));
#10362=CARTESIAN_POINT('Ctrl Pts',(11.9998515886433,2.35407355608721,10.0568825363314));
#10363=CARTESIAN_POINT('Ctrl Pts',(11.9957749022695,2.3344646257395,10.0572840212663));
#10364=CARTESIAN_POINT('Ctrl Pts',(11.9803481419162,2.29824789202508,10.0580241244306));
#10365=CARTESIAN_POINT('Ctrl Pts',(11.9692572907221,2.28194478392231,10.0583565561273));
#10366=CARTESIAN_POINT('Ctrl Pts',(11.9414522261562,2.25450978712748,10.0589152635113));
#10367=CARTESIAN_POINT('Ctrl Pts',(11.9250049959999,2.24363905159077,10.0591362418079));
#10368=CARTESIAN_POINT('Ctrl Pts',(11.8888701591614,2.22881360021223,10.0594374665981));
#10369=CARTESIAN_POINT('Ctrl Pts',(11.86952863444,2.225,10.0595148601199));
#10370=CARTESIAN_POINT('Ctrl Pts',(11.8500001788139,2.225,10.0595148601199));
#10371=CARTESIAN_POINT('',(11.8500001788139,2.225,10.75));
#10372=CARTESIAN_POINT('Ctrl Pts',(11.8500001788139,2.43727013226788,11.498078718815));
#10373=CARTESIAN_POINT('Ctrl Pts',(11.8500001788139,2.43064403008305,11.4713261926917));
#10374=CARTESIAN_POINT('Ctrl Pts',(11.8500001788139,2.42401650086619,11.4445679050044));
#10375=CARTESIAN_POINT('Ctrl Pts',(11.8500001788139,2.30719582529138,10.9729107998344));
#10376=CARTESIAN_POINT('Ctrl Pts',(11.8500001788139,2.24357006282398,10.5166768609094));
#10377=CARTESIAN_POINT('Ctrl Pts',(11.8500001788139,2.225,10.0595148601199));
#10378=CARTESIAN_POINT('Ctrl Pts',(11.8948800738652,2.43727013226788,11.498078718815));
#10379=CARTESIAN_POINT('Ctrl Pts',(11.8948800738652,2.43064403008305,11.4713261926917));
#10380=CARTESIAN_POINT('Ctrl Pts',(11.8948800738652,2.42401650086619,11.4445679050044));
#10381=CARTESIAN_POINT('Ctrl Pts',(11.8948800738652,2.30719582529138,10.9729107998344));
#10382=CARTESIAN_POINT('Ctrl Pts',(11.8948800738652,2.24357006282398,10.5166768609094));
#10383=CARTESIAN_POINT('Ctrl Pts',(11.8948800738652,2.225,10.0595148601199));
#10384=CARTESIAN_POINT('Ctrl Pts',(11.9725905855147,2.47382622949762,11.4890244547576));
#10385=CARTESIAN_POINT('Ctrl Pts',(11.9725905855147,2.46720012731279,11.4622719286343));
#10386=CARTESIAN_POINT('Ctrl Pts',(11.9725905855147,2.46057259809592,11.435513640947));
#10387=CARTESIAN_POINT('Ctrl Pts',(11.9725905855147,2.34438007457869,10.9663929690693));
#10388=CARTESIAN_POINT('Ctrl Pts',(11.9725905855147,2.28109978808404,10.5126903221075));
#10389=CARTESIAN_POINT('Ctrl Pts',(11.9725905855147,2.26262966306673,10.0579863314889));
#10390=CARTESIAN_POINT('Ctrl Pts',(12.0000001788139,2.55019792708096,11.4701086084602));
#10391=CARTESIAN_POINT('Ctrl Pts',(12.0000001788139,2.54357182489613,11.4433560823369));
#10392=CARTESIAN_POINT('Ctrl Pts',(12.0000001788139,2.53694429567927,11.4165977946496));
#10393=CARTESIAN_POINT('Ctrl Pts',(12.0000001788139,2.42206489517548,10.9527787777454));
#10394=CARTESIAN_POINT('Ctrl Pts',(12.0000001788139,2.35950567351848,10.5043598891903));
#10395=CARTESIAN_POINT('Ctrl Pts',(12.0000001788139,2.3412442161968,10.0547929838617));
#10396=CARTESIAN_POINT('Ctrl Pts',(12.0000001788139,2.58287059437486,11.4620161976298));
#10397=CARTESIAN_POINT('Ctrl Pts',(12.0000001788139,2.57624449219003,11.4352636715065));
#10398=CARTESIAN_POINT('Ctrl Pts',(12.0000001788139,2.56961696297317,11.4085053838192));
#10399=CARTESIAN_POINT('Ctrl Pts',(12.0000001788139,2.45529970075409,10.946955673514));
#10400=CARTESIAN_POINT('Ctrl Pts',(12.0000001788139,2.39304864335259,10.500795170905));
#10401=CARTESIAN_POINT('Ctrl Pts',(12.0000001788139,2.3748764022049,10.0534268339936));
#10402=CARTESIAN_POINT('',(11.8500001788139,2.43727013226796,11.498078718815));
#10403=CARTESIAN_POINT('Ctrl Pts',(12.0000001788139,2.57678411677208,11.4374423763205));
#10404=CARTESIAN_POINT('Ctrl Pts',(12.0000001788139,2.57644506122697,11.4375897385238));
#10405=CARTESIAN_POINT('Ctrl Pts',(11.9999988499248,2.57610600668573,11.4377371002946));
#10406=CARTESIAN_POINT('Ctrl Pts',(11.9998483119461,2.55690204518471,11.4460836326066));
#10407=CARTESIAN_POINT('Ctrl Pts',(11.995587760744,2.53823938069491,11.4541949034864));
#10408=CARTESIAN_POINT('Ctrl Pts',(11.9796475141307,2.50431429534305,11.4689396124351));
#10409=CARTESIAN_POINT('Ctrl Pts',(11.9684254715937,2.48924396198465,11.4754895643947));
#10410=CARTESIAN_POINT('Ctrl Pts',(11.9405116038559,2.46409369587631,11.4864205126796));
#10411=CARTESIAN_POINT('Ctrl Pts',(11.9241630244698,2.45418279437404,11.490728043715));
#10412=CARTESIAN_POINT('Ctrl Pts',(11.8883543580329,2.4407259616637,11.4965767270568));
#10413=CARTESIAN_POINT('Ctrl Pts',(11.8692770090832,2.43727013226782,11.4980787188148));
#10414=CARTESIAN_POINT('Ctrl Pts',(11.8500001788139,2.43727013226782,11.4980787188148));
#10415=CARTESIAN_POINT('Ctrl Pts',(11.8500001788139,2.43727013226788,11.498078718815));
#10416=CARTESIAN_POINT('Ctrl Pts',(11.8500001788139,2.43064403008305,11.4713261926917));
#10417=CARTESIAN_POINT('Ctrl Pts',(11.8500001788139,2.42401650086619,11.4445679050044));
#10418=CARTESIAN_POINT('Ctrl Pts',(11.8500001788139,2.30719582529138,10.9729107998344));
#10419=CARTESIAN_POINT('Ctrl Pts',(11.8500001788139,2.24357006282398,10.5166768609094));
#10420=CARTESIAN_POINT('Ctrl Pts',(11.8500001788139,2.225,10.0595148601199));
#10421=CARTESIAN_POINT('Origin',(11.5500001788139,3.29831394612294,12.545498661336));
#10422=CARTESIAN_POINT('',(11.8500001788139,3.17261448275094,12.6273500199563));
#10423=CARTESIAN_POINT('Origin',(11.5500001788139,3.17261448275094,12.6273500199563));
#10424=CARTESIAN_POINT('Origin',(11.8500001788139,3.29831394612294,12.545498661336));
#10425=CARTESIAN_POINT('Origin',(11.5500001788139,3.29831394612294,12.545498661336));
#10426=CARTESIAN_POINT('Origin',(11.8500001788139,3.36376249523081,12.6460082636201));
#10427=CARTESIAN_POINT('',(11.8500001788139,3.23806303185881,12.7278596222404));
#10428=CARTESIAN_POINT('Ctrl Pts',(12.0000001788139,2.225,9.48641337753826));
#10429=CARTESIAN_POINT('Ctrl Pts',(5.40000017881393,2.225,9.48641337753826));
#10430=CARTESIAN_POINT('Ctrl Pts',(12.0000001788139,2.23929131769846,9.13165368538536));
#10431=CARTESIAN_POINT('Ctrl Pts',(5.40000017881393,2.23929131769846,9.13165368538536));
#10432=CARTESIAN_POINT('Ctrl Pts',(12.0000001788139,2.28006281436945,8.7739910752959));
#10433=CARTESIAN_POINT('Ctrl Pts',(5.40000017881393,2.28006281436945,8.7739910752959));
#10434=CARTESIAN_POINT('Ctrl Pts',(12.0000001788139,2.3477526142498,8.41630422796526));
#10435=CARTESIAN_POINT('Ctrl Pts',(5.40000017881393,2.3477526142498,8.41630422796526));
#10436=CARTESIAN_POINT('Ctrl Pts',(12.0000001788139,2.36816665736727,8.30843221863937));
#10437=CARTESIAN_POINT('Ctrl Pts',(5.40000017881393,2.36816665736727,8.30843221863937));
#10438=CARTESIAN_POINT('Ctrl Pts',(12.0000001788139,2.39060366478965,8.20041988023359));
#10439=CARTESIAN_POINT('Ctrl Pts',(5.40000017881393,2.39060366478965,8.20041988023359));
#10440=CARTESIAN_POINT('Ctrl Pts',(12.0000001788139,2.41503119180801,8.09215427681408));
#10441=CARTESIAN_POINT('Ctrl Pts',(5.40000017881393,2.41503119180801,8.09215427681408));
#10442=CARTESIAN_POINT('Ctrl Pts',(12.0000001788139,2.42561805825405,8.04523206961559));
#10443=CARTESIAN_POINT('Ctrl Pts',(5.40000017881393,2.42561805825405,8.04523206961559));
#10444=CARTESIAN_POINT('Ctrl Pts',(12.0000001788139,2.43620492470009,7.9983098624171));
#10445=CARTESIAN_POINT('Ctrl Pts',(5.40000017881393,2.43620492470009,7.9983098624171));
#10446=CARTESIAN_POINT('Ctrl Pts',(12.0000001788139,2.44679179114613,7.9513876552186));
#10447=CARTESIAN_POINT('Ctrl Pts',(5.40000017881393,2.44679179114613,7.9513876552186));
#10448=CARTESIAN_POINT('',(10.5000001788139,2.225,9.48641337753826));
#10449=CARTESIAN_POINT('',(12.0000001788139,2.225,9.48641337753826));
#10450=CARTESIAN_POINT('',(10.5000001788139,2.43310130708263,8.01206545191602));
#10451=CARTESIAN_POINT('Ctrl Pts',(10.5000001788139,2.225,9.48641337753826));
#10452=CARTESIAN_POINT('Ctrl Pts',(10.5000001788139,2.23929131769846,9.13165368538536));
#10453=CARTESIAN_POINT('Ctrl Pts',(10.5000001788139,2.28006281436945,8.7739910752959));
#10454=CARTESIAN_POINT('Ctrl Pts',(10.5000001788139,2.3477526142498,8.41630422796526));
#10455=CARTESIAN_POINT('Ctrl Pts',(10.5000001788139,2.36816665736727,8.30843221863937));
#10456=CARTESIAN_POINT('Ctrl Pts',(10.5000001788139,2.39060366478965,8.20041988023359));
#10457=CARTESIAN_POINT('Ctrl Pts',(10.5000001788139,2.41503119180801,8.09215427681408));
#10458=CARTESIAN_POINT('Ctrl Pts',(10.5000001788139,2.42105456356622,8.06545800184806));
#10459=CARTESIAN_POINT('Ctrl Pts',(10.5000001788139,2.42707793532442,8.03876172688204));
#10460=CARTESIAN_POINT('Ctrl Pts',(10.5000001788139,2.43310130708263,8.01206545191602));
#10461=CARTESIAN_POINT('',(5.40000017881393,2.43310130708263,8.01206545191602));
#10462=CARTESIAN_POINT('Ctrl Pts',(5.55000017881393,2.44679179114613,7.9513876552186));
#10463=CARTESIAN_POINT('Ctrl Pts',(5.54930536324395,2.44679179114106,7.95138765524109));
#10464=CARTESIAN_POINT('Ctrl Pts',(5.54861098716036,2.44678983071432,7.95139634407742));
#10465=CARTESIAN_POINT('Ctrl Pts',(5.54791710047879,2.44678591728318,7.95141368885337));
#10466=CARTESIAN_POINT('Ctrl Pts',(5.54512180587658,2.44677015218318,7.95148356158603));
#10467=CARTESIAN_POINT('Ctrl Pts',(5.54234446364175,2.44672275209429,7.95169364422032));
#10468=CARTESIAN_POINT('Ctrl Pts',(5.53958797712351,2.44664486438422,7.95203885149096));
#10469=CARTESIAN_POINT('Ctrl Pts',(5.53507571308948,2.44651736515266,7.95260394271896));
#10470=CARTESIAN_POINT('Ctrl Pts',(5.53064579486268,2.44630893720155,7.95352771932065));
#10471=CARTESIAN_POINT('Ctrl Pts',(5.52630902029324,2.44602725439853,7.95477616983383));
#10472=CARTESIAN_POINT('Ctrl Pts',(5.51295700833976,2.44516001260563,7.95861988499782));
#10473=CARTESIAN_POINT('Ctrl Pts',(5.50080977562706,2.44362193515694,7.96543682078353));
#10474=CARTESIAN_POINT('Ctrl Pts',(5.49001012890192,2.4417083091131,7.97391823104664));
#10475=CARTESIAN_POINT('Ctrl Pts',(5.48381010877333,2.44060970651133,7.97878736387001));
#10476=CARTESIAN_POINT('Ctrl Pts',(5.47803811715365,2.43938485275856,7.98421605628513));
#10477=CARTESIAN_POINT('Ctrl Pts',(5.47268191647139,2.43807626857461,7.99001585158139));
#10478=CARTESIAN_POINT('Origin',(8.70000017881393,2.225,8.5));
#10479=CARTESIAN_POINT('',(10.5000001788139,2.22500000000004,10.0595148601208));
#10480=CARTESIAN_POINT('',(12.0000001788139,2.22500000000004,10.0595148601208));
#10481=CARTESIAN_POINT('',(10.5000001788139,2.225,9.11371651702426));
#10482=CARTESIAN_POINT('Ctrl Pts',(12.0000001788139,2.43727013226782,11.4980787188148));
#10483=CARTESIAN_POINT('Ctrl Pts',(5.40000017881393,2.43727013226782,11.4980787188148));
#10484=CARTESIAN_POINT('Ctrl Pts',(12.0000001788139,2.43064263443374,11.4713205578337));
#10485=CARTESIAN_POINT('Ctrl Pts',(5.40000017881393,2.43064263443374,11.4713205578337));
#10486=CARTESIAN_POINT('Ctrl Pts',(12.0000001788139,2.42401513659965,11.4445623968527));
#10487=CARTESIAN_POINT('Ctrl Pts',(5.40000017881393,2.42401513659965,11.4445623968527));
#10488=CARTESIAN_POINT('Ctrl Pts',(12.0000001788139,2.41738763876557,11.4178042358717));
#10489=CARTESIAN_POINT('Ctrl Pts',(5.40000017881393,2.41738763876557,11.4178042358717));
#10490=CARTESIAN_POINT('Ctrl Pts',(12.0000001788139,2.3082606779152,10.9772100842163));
#10491=CARTESIAN_POINT('Ctrl Pts',(5.40000017881393,2.3082606779152,10.9772100842163));
#10492=CARTESIAN_POINT('Ctrl Pts',(12.0000001788139,2.24379620856171,10.5222441677561));
#10493=CARTESIAN_POINT('Ctrl Pts',(5.40000017881393,2.24379620856171,10.5222441677561));
#10494=CARTESIAN_POINT('Ctrl Pts',(12.0000001788139,2.22500000000004,10.0595148601208));
#10495=CARTESIAN_POINT('Ctrl Pts',(5.40000017881393,2.22500000000004,10.0595148601208));
#10496=CARTESIAN_POINT('',(10.5000001788139,2.42357877635824,11.442800616181));
#10497=CARTESIAN_POINT('',(5.40000017881393,2.42357877635824,11.442800616181));
#10498=CARTESIAN_POINT('Ctrl Pts',(10.5000001788139,2.42357877635824,11.442800616181));
#10499=CARTESIAN_POINT('Ctrl Pts',(10.5000001788139,2.42151506382735,11.4344684894112));
#10500=CARTESIAN_POINT('Ctrl Pts',(10.5000001788139,2.41945135129646,11.4261363626414));
#10501=CARTESIAN_POINT('Ctrl Pts',(10.5000001788139,2.41738763876557,11.4178042358717));
#10502=CARTESIAN_POINT('Ctrl Pts',(10.5000001788139,2.30826067791527,10.9772100842166));
#10503=CARTESIAN_POINT('Ctrl Pts',(10.5000001788139,2.2437962085618,10.5222441677567));
#10504=CARTESIAN_POINT('Ctrl Pts',(10.5000001788139,2.22500000000008,10.0595148601218));
#10505=CARTESIAN_POINT('',(12.0000001788139,2.43727013226782,11.4980787188148));
#10506=CARTESIAN_POINT('Origin',(12.0000001788139,3.41527190019857,13.));
#10507=CARTESIAN_POINT('Origin',(5.40000017881393,1.4,9.72457871881475));
#10508=CARTESIAN_POINT('',(10.5000001788139,2.85909114404671,8.35671431275527));
#10509=CARTESIAN_POINT('Origin',(10.5000001788139,1.4,9.72457871881475));
#10510=CARTESIAN_POINT('',(9.70000017881393,2.85909114404671,8.35671431275527));
#10511=CARTESIAN_POINT('',(5.40000017881393,2.85909114404671,8.35671431275527));
#10512=CARTESIAN_POINT('',(9.55000017881394,2.85909114404671,8.35671431275527));
#10513=CARTESIAN_POINT('Ctrl Pts',(9.55000017881394,2.85909114404671,8.35671431275527));
#10514=CARTESIAN_POINT('Ctrl Pts',(9.60000017881393,2.85909114404671,8.35671431275527));
#10515=CARTESIAN_POINT('Ctrl Pts',(9.65000017881393,2.85909114404671,8.35671431275527));
#10516=CARTESIAN_POINT('Ctrl Pts',(9.70000017881393,2.85909114404671,8.35671431275527));
#10517=CARTESIAN_POINT('',(9.55000017881394,2.84754596663999,11.1046550480315));
#10518=CARTESIAN_POINT('Origin',(9.55000017881394,1.4,9.72457871881475));
#10519=CARTESIAN_POINT('',(10.5000001788139,2.84754596663999,11.1046550480315));
#10520=CARTESIAN_POINT('',(5.40000017881393,2.84754596663999,11.1046550480315));
#10521=CARTESIAN_POINT('Origin',(10.5000001788139,1.4,9.72457871881475));
#10522=CARTESIAN_POINT('Origin',(5.55000017881393,3.4830587587222,7.14443967267671));
#10523=CARTESIAN_POINT('Origin',(10.5900001788139,0.124999999999999,3.89999990165234));
#10524=CARTESIAN_POINT('',(11.0900001788139,-0.160000000000001,3.89999990165234));
#10525=CARTESIAN_POINT('Origin',(10.5900001788139,-0.160000000000001,3.89999990165234));
#10526=CARTESIAN_POINT('',(11.0900001788139,3.41,3.89999990165234));
#10527=CARTESIAN_POINT('',(11.0900001788139,0.124999999999999,3.89999990165234));
#10528=CARTESIAN_POINT('Origin',(10.5900001788139,3.41,3.89999990165234));
#10529=CARTESIAN_POINT('',(10.5900001788139,0.124999999999999,4.39999990165234));
#10530=CARTESIAN_POINT('Origin',(10.9400001788139,3.41,1.49798827294212));
#10531=CARTESIAN_POINT('',(10.9400001788139,3.56,2.9959766364088));
#10532=CARTESIAN_POINT('',(10.9400001788139,3.56,3.89999990165234));
#10533=CARTESIAN_POINT('',(10.9400001788139,3.56,1.49798827294212));
#10534=CARTESIAN_POINT('Origin',(10.9400001788139,3.41,3.89999990165234));
#10535=CARTESIAN_POINT('',(11.0900001788139,3.41,3.03300899798749));
#10536=CARTESIAN_POINT('',(11.0900001788139,3.41,1.49798827294212));
#10537=CARTESIAN_POINT('Origin',(10.9400001788139,3.41,3.03300899798749));
#10538=CARTESIAN_POINT('Origin',(10.9400001788139,1.91812010458538,0.195730243740407));
#10539=CARTESIAN_POINT('',(11.0900001788139,2.045,0.437032263231027));
#10540=CARTESIAN_POINT('',(11.0900001788139,1.91812010458538,0.195730243740407));
#10541=CARTESIAN_POINT('',(10.9400001788139,2.195,0.399999901652336));
#10542=CARTESIAN_POINT('Origin',(10.9400001788139,2.045,0.437032263231027));
#10543=CARTESIAN_POINT('',(10.9400001788139,2.05088530421573,0.125920489643196));
#10544=CARTESIAN_POINT('Origin',(10.9400001788139,2.045,-2.200000086613));
#10545=CARTESIAN_POINT('',(11.0900001788139,2.045,-4.25000008270145));
#10546=CARTESIAN_POINT('',(11.0900001788139,2.045,-2.200000086613));
#10547=CARTESIAN_POINT('',(10.9400001788139,2.195,-4.40000008270145));
#10548=CARTESIAN_POINT('Origin',(10.9400001788139,2.045,-4.25000008270145));
#10549=CARTESIAN_POINT('',(10.9400001788139,2.195,-2.200000086613));
#10550=CARTESIAN_POINT('Origin',(10.9400001788139,1.29,-4.25000008270145));
#10551=CARTESIAN_POINT('',(11.0900001788139,1.105,-4.25000008270145));
#10552=CARTESIAN_POINT('',(11.0900001788139,1.29,-4.25000008270145));
#10553=CARTESIAN_POINT('',(10.9400001788139,0.954999999999999,-4.40000008270145));
#10554=CARTESIAN_POINT('Origin',(10.9400001788139,1.105,-4.25000008270145));
#10555=CARTESIAN_POINT('',(10.9400001788139,1.29,-4.40000008270145));
#10556=CARTESIAN_POINT('Origin',(10.9400001788139,1.105,0.19999990556389));
#10557=CARTESIAN_POINT('',(11.0900001788139,1.105,0.43460204181284));
#10558=CARTESIAN_POINT('',(11.0900001788139,1.105,0.19999990556389));
#10559=CARTESIAN_POINT('',(10.9400001788139,0.954999999999999,0.399999901652336));
#10560=CARTESIAN_POINT('Origin',(10.9400001788139,1.105,0.43460204181284));
#10561=CARTESIAN_POINT('',(10.9400001788139,0.954999999999999,0.19999990556389));
#10562=CARTESIAN_POINT('Origin',(10.9400001788139,0.600382613129727,1.47015539854709));
#10563=CARTESIAN_POINT('',(11.0900001788139,-0.160000000000001,3.03057877656931));
#10564=CARTESIAN_POINT('',(11.0900001788139,0.600382613129727,1.47015539854709));
#10565=CARTESIAN_POINT('',(10.9400001788139,-0.310000000000001,2.9959766364088));
#10566=CARTESIAN_POINT('Origin',(10.9400001788139,-0.160000000000001,3.03057877656931));
#10567=CARTESIAN_POINT('',(10.9400001788139,0.465540133533923,1.40444766919616));
#10568=CARTESIAN_POINT('Origin',(10.5900001788139,-0.160000000000001,3.89999990165234));
#10569=CARTESIAN_POINT('',(10.9400001788139,-0.310000000000001,3.89999990165234));
#10570=CARTESIAN_POINT('Origin',(10.9400001788139,-0.160000000000001,3.89999990165234));
#10571=CARTESIAN_POINT('Origin',(10.5900001788139,-0.310000000000001,3.89999990165234));
#10572=CARTESIAN_POINT('Origin',(10.9400001788139,-0.160000000000001,2.19999990556389));
#10573=CARTESIAN_POINT('',(11.0900001788139,-0.160000000000001,2.19999990556389));
#10574=CARTESIAN_POINT('',(10.9400001788139,-0.310000000000001,2.19999990556389));
#10575=CARTESIAN_POINT('Origin',(10.5900001788139,3.41,3.89999990165234));
#10576=CARTESIAN_POINT('Origin',(10.5900001788139,3.56,3.89999990165234));
#10577=CARTESIAN_POINT('Origin',(10.6000001788139,3.56,2.9959766364088));
#10578=CARTESIAN_POINT('',(10.6000001788139,3.56,2.9959766364088));
#10579=CARTESIAN_POINT('',(10.6000001788139,3.56,2.9959766364088));
#10580=CARTESIAN_POINT('',(10.6000001788139,3.56,3.85));
#10581=CARTESIAN_POINT('',(10.6000001788139,3.56,4.39999990165234));
#10582=CARTESIAN_POINT('Origin',(10.4500001788139,3.56,3.85));
#10583=CARTESIAN_POINT('Origin',(10.6000001788139,2.195,0.399999901652336));
#10584=CARTESIAN_POINT('',(10.6000001788139,2.195,0.399999901652336));
#10585=CARTESIAN_POINT('',(10.6000001788139,2.195,0.399999901652336));
#10586=CARTESIAN_POINT('',(10.6000001788139,3.56,2.9959766364088));
#10587=CARTESIAN_POINT('Origin',(10.6000001788139,2.195,-4.40000008270145));
#10588=CARTESIAN_POINT('',(10.6000001788139,2.195,-4.40000008270145));
#10589=CARTESIAN_POINT('',(10.6000001788139,2.195,-4.40000008270145));
#10590=CARTESIAN_POINT('',(10.6000001788139,2.195,4.39999991729856));
#10591=CARTESIAN_POINT('Origin',(10.6000001788139,0.954999999999999,-4.40000008270145));
#10592=CARTESIAN_POINT('',(10.6000001788139,0.954999999999999,-4.40000008270145));
#10593=CARTESIAN_POINT('',(10.6000001788139,0.954999999999999,-4.40000008270145));
#10594=CARTESIAN_POINT('',(10.6000001788139,2.195,-4.40000008270145));
#10595=CARTESIAN_POINT('Origin',(10.6000001788139,0.954999999999999,0.399999901652336));
#10596=CARTESIAN_POINT('',(10.6000001788139,0.954999999999999,0.399999901652336));
#10597=CARTESIAN_POINT('',(10.6000001788139,0.954999999999999,0.399999901652336));
#10598=CARTESIAN_POINT('',(10.6000001788139,0.954999999999999,-4.40000008270145));
#10599=CARTESIAN_POINT('Origin',(10.6000001788139,-0.310000000000001,2.9959766364088));
#10600=CARTESIAN_POINT('',(10.6000001788139,-0.310000000000001,2.9959766364088));
#10601=CARTESIAN_POINT('',(10.6000001788139,-0.310000000000001,2.9959766364088));
#10602=CARTESIAN_POINT('',(10.6000001788139,-0.310000000000001,2.9959766364088));
#10603=CARTESIAN_POINT('Origin',(10.6000001788139,-0.310000000000001,4.39999990165234));
#10604=CARTESIAN_POINT('',(10.6000001788139,-0.310000000000001,3.85));
#10605=CARTESIAN_POINT('Origin',(10.4500001788139,-0.310000000000001,3.85));
#10606=CARTESIAN_POINT('',(10.6000001788139,-0.310000000000001,0.399999901652336));
#10607=CARTESIAN_POINT('Origin',(5.55000017881393,0.0725324221767248,7.44438756597846));
#10608=CARTESIAN_POINT('Ctrl Pts',(5.40000017881393,0.607785297790518,7.96975604013334));
#10609=CARTESIAN_POINT('Ctrl Pts',(5.40000017881393,0.608676509315556,7.96982752536961));
#10610=CARTESIAN_POINT('Ctrl Pts',(5.40000346514224,0.609567713404925,7.96989922468924));
#10611=CARTESIAN_POINT('Ctrl Pts',(5.40021805252298,0.638686588552035,7.97224892461486));
#10612=CARTESIAN_POINT('Ctrl Pts',(5.40371988448488,0.667196578590979,7.97477276697874));
#10613=CARTESIAN_POINT('Ctrl Pts',(5.41699272427698,0.720167867369709,7.9798675246617));
#10614=CARTESIAN_POINT('Ctrl Pts',(5.42656537402881,0.745526090182784,7.98250261699379));
#10615=CARTESIAN_POINT('Ctrl Pts',(5.44868412463948,0.784168577366143,7.98676656154207));
#10616=CARTESIAN_POINT('Ctrl Pts',(5.45966917650016,0.799208463756925,7.98850336368749));
#10617=CARTESIAN_POINT('Ctrl Pts',(5.47268191646305,0.811923731417207,7.99001585158039));
#10618=CARTESIAN_POINT('Origin',(5.55000017881393,1.85,9.72457871881475));
#10619=CARTESIAN_POINT('Origin',(5.55000017881393,1.85,9.72457871881475));
#10620=CARTESIAN_POINT('Origin',(9.55000017881394,1.4,9.72457871881475));
#10621=CARTESIAN_POINT('',(9.70000017881393,3.0401440473071,8.05558875357138));
#10622=CARTESIAN_POINT('',(9.55000017881394,3.14721025679547,7.95049971309131));
#10623=CARTESIAN_POINT('Ctrl Pts',(9.55000017881393,3.14721025679547,7.95049971309131));
#10624=CARTESIAN_POINT('Ctrl Pts',(9.56851132860302,3.14721025679547,7.95049971309131));
#10625=CARTESIAN_POINT('Ctrl Pts',(9.59029779815594,3.14411719468981,7.95353565627433));
#10626=CARTESIAN_POINT('Ctrl Pts',(9.62450278348014,3.13400501917854,7.96346109238273));
#10627=CARTESIAN_POINT('Ctrl Pts',(9.64297327245895,3.12519629761835,7.97210714514803));
#10628=CARTESIAN_POINT('Ctrl Pts',(9.66915399481824,3.10651035608291,7.99044801735981));
#10629=CARTESIAN_POINT('Ctrl Pts',(9.68149619570922,3.09332644795613,8.00338846104827));
#10630=CARTESIAN_POINT('Ctrl Pts',(9.69566596064942,3.06891061109883,8.0273534158189));
#10631=CARTESIAN_POINT('Ctrl Pts',(9.70000017881393,3.0533582195492,8.0426186046486));
#10632=CARTESIAN_POINT('Ctrl Pts',(9.70000017881393,3.0401440473071,8.05558875357138));
#10633=CARTESIAN_POINT('',(9.55000017881394,3.06988802940636,11.5716233769769));
#10634=CARTESIAN_POINT('Origin',(9.55000017881394,1.4,9.72457871881475));
#10635=CARTESIAN_POINT('',(9.70000017881393,2.98693850607973,11.4442374576119));
#10636=CARTESIAN_POINT('Ctrl Pts',(9.70000017881393,2.98693850607973,11.4442374576119));
#10637=CARTESIAN_POINT('Ctrl Pts',(9.70000017881393,2.99722648448952,11.4600367477776));
#10638=CARTESIAN_POINT('Ctrl Pts',(9.69563179269586,3.00933974449046,11.4786391302849));
#10639=CARTESIAN_POINT('Ctrl Pts',(9.68135229361776,3.02829725727813,11.507752259553));
#10640=CARTESIAN_POINT('Ctrl Pts',(9.66896545172029,3.03851382022193,11.5234418766979));
#10641=CARTESIAN_POINT('Ctrl Pts',(9.64271967000824,3.05294674256507,11.5456065740713));
#10642=CARTESIAN_POINT('Ctrl Pts',(9.62426170512106,3.05974056751696,11.5560398786015));
#10643=CARTESIAN_POINT('Ctrl Pts',(9.5901248532272,3.0675123871467,11.5679750935246));
#10644=CARTESIAN_POINT('Ctrl Pts',(9.56843531087733,3.06988802940636,11.5716233769769));
#10645=CARTESIAN_POINT('Ctrl Pts',(9.55000017881393,3.06988802940636,11.5716233769769));
#10646=CARTESIAN_POINT('Origin',(9.70000017881393,1.4,9.72457871881475));
#10647=CARTESIAN_POINT('Origin',(5.40000017881393,1.4,9.72457871881475));
#10648=CARTESIAN_POINT('',(5.55000017881393,3.14721025679547,7.95049971309131));
#10649=CARTESIAN_POINT('',(5.40000017881393,3.14721025679547,7.95049971309131));
#10650=CARTESIAN_POINT('',(5.55000017881393,3.06988802940636,11.5716233769769));
#10651=CARTESIAN_POINT('Origin',(5.55000017881393,1.4,9.72457871881475));
#10652=CARTESIAN_POINT('',(5.40000017881393,3.06988802940636,11.5716233769769));
#10653=CARTESIAN_POINT('Origin',(9.55000017881394,1.4,9.72457871881475));
#10654=CARTESIAN_POINT('',(9.70000017881393,2.90452356974229,8.18870475650863));
#10655=CARTESIAN_POINT('',(9.69913129559251,2.89301581498252,8.19999999999846));
#10656=CARTESIAN_POINT('Ctrl Pts',(9.70000017881393,2.90452356974229,8.18870475650863));
#10657=CARTESIAN_POINT('Ctrl Pts',(9.70000017881393,2.90083192768124,8.19232822579783));
#10658=CARTESIAN_POINT('Ctrl Pts',(9.69972745558882,2.89695221597543,8.1961362916895));
#10659=CARTESIAN_POINT('Ctrl Pts',(9.69913129559251,2.89301581498289,8.19999999999884));
#10660=CARTESIAN_POINT('',(9.70000017881393,2.88737554512758,11.2770651247414));
#10661=CARTESIAN_POINT('Origin',(9.70000017881393,1.4,9.72457871881475));
#10662=CARTESIAN_POINT('Ctrl Pts',(9.55000017881394,2.84754596663999,11.1046550480315));
#10663=CARTESIAN_POINT('Ctrl Pts',(9.55982031090192,2.84754596663999,11.1046550480315));
#10664=CARTESIAN_POINT('Ctrl Pts',(9.56960871231491,2.8477935494884,11.1057927008912));
#10665=CARTESIAN_POINT('Ctrl Pts',(9.57923138469226,2.84828555230318,11.108045502803));
#10666=CARTESIAN_POINT('Ctrl Pts',(9.59689107628438,2.84918848421553,11.1121798830893));
#10667=CARTESIAN_POINT('Ctrl Pts',(9.6133525061032,2.85087984653478,11.1199134246003));
#10668=CARTESIAN_POINT('Ctrl Pts',(9.62803642214478,2.85320110828114,11.130379043283));
#10669=CARTESIAN_POINT('Ctrl Pts',(9.64597477307368,2.85603683736636,11.1431641845277));
#10670=CARTESIAN_POINT('Ctrl Pts',(9.66087943317467,2.85975100568584,11.1597329541095));
#10671=CARTESIAN_POINT('Ctrl Pts',(9.67233325459948,2.86401568246324,11.1783473810148));
#10672=CARTESIAN_POINT('Ctrl Pts',(9.68403064131221,2.86837104750866,11.1973576433432));
#10673=CARTESIAN_POINT('Ctrl Pts',(9.69211309027838,2.87329185277664,11.2184584901514));
#10674=CARTESIAN_POINT('Ctrl Pts',(9.6963981318592,2.87848195323134,11.2402163155342));
#10675=CARTESIAN_POINT('Ctrl Pts',(9.69878925660559,2.88137811594047,11.2523575453727));
#10676=CARTESIAN_POINT('Ctrl Pts',(9.70000017994132,2.88435981371752,11.2647141497436));
#10677=CARTESIAN_POINT('Ctrl Pts',(9.70000017881393,2.88737555110452,11.2770651232815));
#10678=CARTESIAN_POINT('Ctrl Pts',(9.69913129559249,2.89301581498209,8.19999999999836));
#10679=CARTESIAN_POINT('Ctrl Pts',(9.69763356332216,2.88943237497177,8.21588221741411));
#10680=CARTESIAN_POINT('Ctrl Pts',(9.69420802535743,2.88593061173968,8.23160107673853));
#10681=CARTESIAN_POINT('Ctrl Pts',(9.6818847577976,2.87820591611037,8.26668337156314));
#10682=CARTESIAN_POINT('Ctrl Pts',(9.67155123092777,2.8741097730702,8.28561580195429));
#10683=CARTESIAN_POINT('Ctrl Pts',(9.64580853630557,2.86737688691636,8.31712167257411));
#10684=CARTESIAN_POINT('Ctrl Pts',(9.63098988256501,2.86465563581153,8.33004476512959));
#10685=CARTESIAN_POINT('Ctrl Pts',(9.59950641081277,2.86095341799786,8.34773382301665));
#10686=CARTESIAN_POINT('Ctrl Pts',(9.58374340033111,2.85981138051819,8.35324144882237));
#10687=CARTESIAN_POINT('Ctrl Pts',(9.56722055501772,2.85933732226482,8.35552701685213));
#10688=CARTESIAN_POINT('Ctrl Pts',(9.56148755366863,2.85917283627257,8.35632005003434));
#10689=CARTESIAN_POINT('Ctrl Pts',(9.55573850771268,2.85909114404671,8.35671431275527));
#10690=CARTESIAN_POINT('Ctrl Pts',(9.55000017881393,2.85909114404671,8.35671431275527));
#10691=CARTESIAN_POINT('Origin',(9.55000017881394,1.85,9.72457871881475));
#10692=CARTESIAN_POINT('',(9.55000017881394,0.390908855953288,8.35671431275527));
#10693=CARTESIAN_POINT('',(9.69913129559253,0.356984185017399,8.19999999999831));
#10694=CARTESIAN_POINT('Ctrl Pts',(9.55000017881107,0.39090886419874,8.35671435253582));
#10695=CARTESIAN_POINT('Ctrl Pts',(9.5639567542359,0.390908880451952,8.35671443095017));
#10696=CARTESIAN_POINT('Ctrl Pts',(9.57775129185958,0.390426334760153,8.35438213539307));
#10697=CARTESIAN_POINT('Ctrl Pts',(9.59101593032575,0.389488809690502,8.34987656097338));
#10698=CARTESIAN_POINT('Ctrl Pts',(9.59984785750149,0.388864582112668,8.3468766371337));
#10699=CARTESIAN_POINT('Ctrl Pts',(9.60831271600579,0.388047784410969,8.34295855205355));
#10700=CARTESIAN_POINT('Ctrl Pts',(9.6163314068375,0.387061846338989,8.33825133867032));
#10701=CARTESIAN_POINT('Ctrl Pts',(9.6247776786673,0.386023335048547,8.33329312234424));
#10702=CARTESIAN_POINT('Ctrl Pts',(9.6326781758724,0.384803424157745,8.32748962965022));
#10703=CARTESIAN_POINT('Ctrl Pts',(9.63997334505481,0.3834334238802,8.32101155318177));
#10704=CARTESIAN_POINT('Ctrl Pts',(9.65674961536844,0.380282915041934,8.3061143027919));
#10705=CARTESIAN_POINT('Ctrl Pts',(9.67020890922214,0.376363361872302,8.28777663223393));
#10706=CARTESIAN_POINT('Ctrl Pts',(9.68006098378732,0.372007248573698,8.26776928855672));
#10707=CARTESIAN_POINT('Ctrl Pts',(9.68867435571436,0.368198829976275,8.25027747084625));
#10708=CARTESIAN_POINT('Ctrl Pts',(9.69454465718679,0.364052696540523,8.2314892519337));
#10709=CARTESIAN_POINT('Ctrl Pts',(9.69757830008325,0.359753413758158,8.21231261173596));
#10710=CARTESIAN_POINT('Ctrl Pts',(9.69822508108273,0.358836794858066,8.20822409936418));
#10711=CARTESIAN_POINT('Ctrl Pts',(9.69874307177711,0.357913198392147,8.20411749390065));
#10712=CARTESIAN_POINT('Ctrl Pts',(9.69913129559253,0.356984185017878,8.19999999999821));
#10713=CARTESIAN_POINT('',(9.55000017881394,0.402454033360007,11.1046550480315));
#10714=CARTESIAN_POINT('Origin',(9.55000017881394,1.85,9.72457871881475));
#10715=CARTESIAN_POINT('',(9.70000017881393,0.362624454872419,11.2770651247414));
#10716=CARTESIAN_POINT('Ctrl Pts',(9.70000017881393,0.36262444889535,11.277065123282));
#10717=CARTESIAN_POINT('Ctrl Pts',(9.70000018078128,0.36788688114418,11.255512795241));
#10718=CARTESIAN_POINT('Ctrl Pts',(9.69631272863127,0.373045652611704,11.2339328222985));
#10719=CARTESIAN_POINT('Ctrl Pts',(9.68169595370161,0.382739520790849,11.1925886523791));
#10720=CARTESIAN_POINT('Ctrl Pts',(9.67056829632468,0.387261048248332,11.1728599607547));
#10721=CARTESIAN_POINT('Ctrl Pts',(9.64372422458834,0.394279532133129,11.1417622590972));
#10722=CARTESIAN_POINT('Ctrl Pts',(9.62911466667758,0.396967863711692,11.129644429202));
#10723=CARTESIAN_POINT('Ctrl Pts',(9.59791779905259,0.400666221715408,11.1128585993875));
#10724=CARTESIAN_POINT('Ctrl Pts',(9.58209454534185,0.401802188748317,11.1076451377917));
#10725=CARTESIAN_POINT('Ctrl Pts',(9.5655759121219,0.402245591091786,11.1056114152797));
#10726=CARTESIAN_POINT('Ctrl Pts',(9.56038832200196,0.402384839272039,11.1049727353919));
#10727=CARTESIAN_POINT('Ctrl Pts',(9.55518981891546,0.402454033360007,11.1046550480315));
#10728=CARTESIAN_POINT('Ctrl Pts',(9.55000017881393,0.402454033360007,11.1046550480315));
#10729=CARTESIAN_POINT('',(9.70000017881393,0.345476430257707,8.18870475650863));
#10730=CARTESIAN_POINT('Origin',(9.70000017881393,1.85,9.72457871881475));
#10731=CARTESIAN_POINT('Ctrl Pts',(9.69913129559252,0.356984185017073,8.19999999999881));
#10732=CARTESIAN_POINT('Ctrl Pts',(9.69972745612343,0.353047780494554,8.19613628822467));
#10733=CARTESIAN_POINT('Ctrl Pts',(9.70000017881393,0.349168064955674,8.19232821857072));
#10734=CARTESIAN_POINT('Ctrl Pts',(9.70000017881393,0.345476430257706,8.18870475650863));
#10735=CARTESIAN_POINT('Origin',(9.70000017881393,-0.118772983319996,9.7610615450341));
#10736=CARTESIAN_POINT('',(9.70000017881393,0.356984185018283,11.3));
#10737=CARTESIAN_POINT('Ctrl Pts',(9.70000017881393,0.362624448895355,11.277065123282));
#10738=CARTESIAN_POINT('Ctrl Pts',(9.70000017881393,0.360762595981191,11.2846903548997));
#10739=CARTESIAN_POINT('Ctrl Pts',(9.70000017881393,0.358882575126844,11.2923353534922));
#10740=CARTESIAN_POINT('Ctrl Pts',(9.70000017881393,0.356984185018283,11.3));
#10741=CARTESIAN_POINT('',(9.70000017881393,0.263061493920274,11.4442374576119));
#10742=CARTESIAN_POINT('',(9.70000017881393,0.638011488965937,10.8684252296536));
#10743=CARTESIAN_POINT('',(9.70000017881393,0.209855952692901,8.05558875357138));
#10744=CARTESIAN_POINT('Origin',(9.70000017881393,1.85,9.72457871881475));
#10745=CARTESIAN_POINT('',(9.70000017881393,-0.239966301779422,7.6140732713761));
#10746=CARTESIAN_POINT('Origin',(9.55000017881394,1.85,9.72457871881475));
#10747=CARTESIAN_POINT('',(9.55000017881394,0.102789743204529,7.95049971309131));
#10748=CARTESIAN_POINT('Ctrl Pts',(9.70000017881393,0.209855952692899,8.05558875357138));
#10749=CARTESIAN_POINT('Ctrl Pts',(9.70000017881393,0.196641780450795,8.0426186046486));
#10750=CARTESIAN_POINT('Ctrl Pts',(9.69566596064942,0.181089388901168,8.0273534158189));
#10751=CARTESIAN_POINT('Ctrl Pts',(9.68149619570922,0.156673552043866,8.00338846104827));
#10752=CARTESIAN_POINT('Ctrl Pts',(9.66915399481824,0.143489643917087,7.99044801735981));
#10753=CARTESIAN_POINT('Ctrl Pts',(9.64297327245895,0.124803702381652,7.97210714514803));
#10754=CARTESIAN_POINT('Ctrl Pts',(9.62450278348014,0.115994980821457,7.96346109238273));
#10755=CARTESIAN_POINT('Ctrl Pts',(9.59029779815594,0.105882805310189,7.95353565627433));
#10756=CARTESIAN_POINT('Ctrl Pts',(9.56851132860302,0.102789743204528,7.95049971309131));
#10757=CARTESIAN_POINT('Ctrl Pts',(9.55000017881393,0.102789743204528,7.95049971309131));
#10758=CARTESIAN_POINT('',(9.55000017881394,0.18011197059364,11.5716233769769));
#10759=CARTESIAN_POINT('Ctrl Pts',(9.55000017881393,0.18011197059364,11.5716233769769));
#10760=CARTESIAN_POINT('Ctrl Pts',(9.56843531087733,0.18011197059364,11.5716233769769));
#10761=CARTESIAN_POINT('Ctrl Pts',(9.5901248532272,0.182487612853297,11.5679750935246));
#10762=CARTESIAN_POINT('Ctrl Pts',(9.62426170512106,0.190259432483041,11.5560398786015));
#10763=CARTESIAN_POINT('Ctrl Pts',(9.64271967000824,0.197053257434928,11.5456065740713));
#10764=CARTESIAN_POINT('Ctrl Pts',(9.66896545172029,0.211486179778068,11.5234418766979));
#10765=CARTESIAN_POINT('Ctrl Pts',(9.68135229361776,0.221702742721875,11.507752259553));
#10766=CARTESIAN_POINT('Ctrl Pts',(9.69563179269586,0.240660255509537,11.4786391302849));
#10767=CARTESIAN_POINT('Ctrl Pts',(9.70000017881393,0.252773515510478,11.4600367477776));
#10768=CARTESIAN_POINT('Ctrl Pts',(9.70000017881393,0.263061493920273,11.4442374576119));
#10769=CARTESIAN_POINT('Origin',(9.55000017881394,1.85,9.72457871881475));
#10770=CARTESIAN_POINT('Origin',(11.3000001788139,-0.219885200081831,7.45654595890274));
#10771=CARTESIAN_POINT('',(10.6000001788139,-0.366029224750971,7.49033832569623));
#10772=CARTESIAN_POINT('',(10.4500001788139,-0.366029224750971,7.49033832569623));
#10773=CARTESIAN_POINT('',(11.3000001788139,-0.366029224750971,7.49033832569623));
#10774=CARTESIAN_POINT('',(10.5967021027024,-0.332234163235135,7.35715928736989));
#10775=CARTESIAN_POINT('Ctrl Pts',(10.5967021027024,-0.332234163235133,
7.35715928736989));
#10776=CARTESIAN_POINT('Ctrl Pts',(10.5934416089777,-0.342379091974388,
7.36862734649231));
#10777=CARTESIAN_POINT('Ctrl Pts',(10.5876625365896,-0.350342086966551,
7.38136098823081));
#10778=CARTESIAN_POINT('Ctrl Pts',(10.5709530474019,-0.363628968246735,
7.40990405996845));
#10779=CARTESIAN_POINT('Ctrl Pts',(10.5558606525126,-0.368112636965443,
7.42928052941704));
#10780=CARTESIAN_POINT('Ctrl Pts',(10.5290837965493,-0.370355798491349,
7.45575821985197));
#10781=CARTESIAN_POINT('Ctrl Pts',(10.5148050613515,-0.369737338898967,
7.46746219038601));
#10782=CARTESIAN_POINT('Ctrl Pts',(10.4837724396805,-0.367461362134857,
7.48482731960936));
#10783=CARTESIAN_POINT('Ctrl Pts',(10.4669186728603,-0.366029224750972,
7.49033832569623));
#10784=CARTESIAN_POINT('Ctrl Pts',(10.4500001788139,-0.366029224750972,
7.49033832569623));
#10785=CARTESIAN_POINT('',(11.3000001788139,-0.332234163235134,7.35715928736989));
#10786=CARTESIAN_POINT('',(11.5500001788139,-0.319271871614677,7.56889492205604));
#10787=CARTESIAN_POINT('Origin',(11.5500001788139,-0.219885200081831,7.45654595890274));
#10788=CARTESIAN_POINT('',(10.6000001788139,-0.319271871614676,7.56889492205604));
#10789=CARTESIAN_POINT('',(11.3000001788139,-0.319271871614677,7.56889492205604));
#10790=CARTESIAN_POINT('Origin',(10.6000001788139,-0.219885200081831,7.45654595890274));
#10791=CARTESIAN_POINT('Origin',(11.5500001788139,0.00481272622477547,7.65531930196843));
#10792=CARTESIAN_POINT('',(11.8500001788139,-0.0945739453080706,7.76766826512173));
#10793=CARTESIAN_POINT('Origin',(11.8500001788139,0.00481272622477538,7.65531930196843));
#10794=CARTESIAN_POINT('Origin',(11.5500001788139,-0.0945739453080705,7.76766826512173));
#10795=CARTESIAN_POINT('Origin',(11.8500001788139,1.67333715624822,9.13133728038974));
#10796=CARTESIAN_POINT('',(11.8500001788139,0.0177750178452324,7.86705493665457));
#10797=CARTESIAN_POINT('',(11.8500001788139,1.57395048471537,9.24368624354304));
#10798=CARTESIAN_POINT('',(12.0000001788139,0.120075375484262,7.7572836727813));
#10799=CARTESIAN_POINT('',(12.0000001788139,1.67333715624822,9.13133728038974));
#10800=CARTESIAN_POINT('Origin',(11.8500001788139,0.120073513043708,7.75728184473404));
#10801=CARTESIAN_POINT('Origin',(11.8500001788139,0.965973095232283,8.5875603785449));
#10802=CARTESIAN_POINT('',(12.0000001788139,0.493583376001869,8.12389418018222));
#10803=CARTESIAN_POINT('',(12.0000001788139,0.965973095232283,8.5875603785449));
#10804=CARTESIAN_POINT('',(11.8500001788139,0.356984185018283,8.2));
#10805=CARTESIAN_POINT('Ctrl Pts',(11.8500001788139,0.356971177782748,8.19993993077692));
#10806=CARTESIAN_POINT('Ctrl Pts',(11.86066618737,0.356971177782748,8.19993993077692));
#10807=CARTESIAN_POINT('Ctrl Pts',(11.8712505290437,0.358061806932725,8.19935593065222));
#10808=CARTESIAN_POINT('Ctrl Pts',(11.8815925963348,0.360134922039778,8.19822367419305));
#10809=CARTESIAN_POINT('Ctrl Pts',(11.8894642599679,0.361712833335081,8.19736187918223));
#10810=CARTESIAN_POINT('Ctrl Pts',(11.8971961025183,0.363861196669493,8.19618208376437));
#10811=CARTESIAN_POINT('Ctrl Pts',(11.9047148179615,0.366551568663351,8.19469490307997));
#10812=CARTESIAN_POINT('Ctrl Pts',(11.9147580794954,0.370145282212139,8.19270837430729));
#10813=CARTESIAN_POINT('Ctrl Pts',(11.9242961070882,0.374659419560124,8.19019890677909));
#10814=CARTESIAN_POINT('Ctrl Pts',(11.933174275589,0.379999211514574,8.1872201644754));
#10815=CARTESIAN_POINT('Ctrl Pts',(11.9400027584746,0.384106216013304,8.18492911865447));
#10816=CARTESIAN_POINT('Ctrl Pts',(11.9464412167171,0.388702918713742,8.18236018608819));
#10817=CARTESIAN_POINT('Ctrl Pts',(11.9524115251974,0.393765323349598,8.17953432374639));
#10818=CARTESIAN_POINT('Ctrl Pts',(11.9536526936284,0.394817747498196,8.17894685475032));
#10819=CARTESIAN_POINT('Ctrl Pts',(11.9548715375029,0.395888612183105,8.17834925746925));
#10820=CARTESIAN_POINT('Ctrl Pts',(11.9560674912081,0.396977573301729,8.1777418014138));
#10821=CARTESIAN_POINT('Ctrl Pts',(11.9635042676608,0.403749039763933,8.17396446883841));
#10822=CARTESIAN_POINT('Ctrl Pts',(11.9700585950883,0.411216348337561,8.16980651011976));
#10823=CARTESIAN_POINT('Ctrl Pts',(11.9757029033197,0.419201961184138,8.1653562369723));
#10824=CARTESIAN_POINT('Ctrl Pts',(11.9796263674957,0.424752909970501,8.16226276890648));
#10825=CARTESIAN_POINT('Ctrl Pts',(11.9831095394853,0.430555514518179,8.15902788875433));
#10826=CARTESIAN_POINT('Ctrl Pts',(11.9861326312006,0.436560214583885,8.15567975892817));
#10827=CARTESIAN_POINT('Ctrl Pts',(11.9905620429718,0.445358257005034,8.15077410370479));
#10828=CARTESIAN_POINT('Ctrl Pts',(11.993975677127,0.454529630147621,8.14565868370247));
#10829=CARTESIAN_POINT('Ctrl Pts',(11.9963139758438,0.463919789757668,8.14042382889502));
#10830=CARTESIAN_POINT('Ctrl Pts',(11.998660352691,0.473342389592143,8.13517088921236));
#10831=CARTESIAN_POINT('Ctrl Pts',(11.9999147698081,0.482948219859891,8.12981938609803));
#10832=CARTESIAN_POINT('Ctrl Pts',(11.9999959820923,0.49258754405244,8.12444899779976));
#10833=CARTESIAN_POINT('Ctrl Pts',(11.9999987786283,0.492919473110572,8.12426406907508));
#10834=CARTESIAN_POINT('Ctrl Pts',(12.0000001788139,0.493251419138295,8.1240791289094));
#10835=CARTESIAN_POINT('Ctrl Pts',(12.0000001788139,0.493583375988495,8.12389418016956));
#10836=CARTESIAN_POINT('',(11.8500001788139,0.860900117182309,8.69461022340097));
#10837=CARTESIAN_POINT('Origin',(10.6000001788139,0.342480893181344,7.5));
#10838=CARTESIAN_POINT('',(10.6000001788139,0.0177750178452324,7.86705493665457));
#10839=CARTESIAN_POINT('',(10.6000001788139,0.0177750178452324,7.86705493665457));
#10840=CARTESIAN_POINT('',(10.6000001788139,-1.34367330991536,6.53074818673551));
#10841=CARTESIAN_POINT('Origin',(10.6000001788139,0.0177750178452324,7.86705493665457));
#10842=CARTESIAN_POINT('',(12.0000001788139,0.0177750178452324,7.86705493665457));
#10843=CARTESIAN_POINT('Origin',(12.0000001788139,-1.375,6.5));
#10844=CARTESIAN_POINT('',(10.4500001788139,-0.253305652217193,7.60098025589688));
#10845=CARTESIAN_POINT('',(9.70000017881393,0.356984185018283,8.2));
#10846=CARTESIAN_POINT('',(12.0000001788139,0.356984185018283,8.2));
#10847=CARTESIAN_POINT('Ctrl Pts',(9.69913129559253,0.356984185018283,8.2));
#10848=CARTESIAN_POINT('Ctrl Pts',(9.699420923333,0.356984185018283,8.2));
#10849=CARTESIAN_POINT('Ctrl Pts',(9.69971055107346,0.356984185018283,8.2));
#10850=CARTESIAN_POINT('Ctrl Pts',(9.70000017881393,0.356984185018283,8.2));
#10851=CARTESIAN_POINT('',(5.55000017881393,0.102789743204529,7.95049971309131));
#10852=CARTESIAN_POINT('',(5.40000017881393,0.102789743204529,7.95049971309131));
#10853=CARTESIAN_POINT('',(5.55000017881393,-1.08311790168186,6.78649197344467));
#10854=CARTESIAN_POINT('Origin',(11.8500001788139,2.28402690476772,8.5875603785449));
#10855=CARTESIAN_POINT('',(11.8500001788139,3.23222498215477,7.86705493665457));
#10856=CARTESIAN_POINT('',(11.8500001788139,2.89301581498172,8.2));
#10857=CARTESIAN_POINT('',(11.8500001788139,2.38909988281769,8.69461022340097));
#10858=CARTESIAN_POINT('Ctrl Pts',(12.0000001788139,2.7564166240115,8.12389418016956));
#10859=CARTESIAN_POINT('Ctrl Pts',(12.0000001788139,2.75674858086168,8.12407912890939));
#10860=CARTESIAN_POINT('Ctrl Pts',(11.9999988500448,2.75708053696083,8.12426407723151));
#10861=CARTESIAN_POINT('Ctrl Pts',(11.9998766396134,2.77234574433745,8.13276904063452));
#10862=CARTESIAN_POINT('Ctrl Pts',(11.9970685384281,2.78719221318374,8.1410407050968));
#10863=CARTESIAN_POINT('Ctrl Pts',(11.986273646576,2.8154112854095,8.15676287458343));
#10864=CARTESIAN_POINT('Ctrl Pts',(11.9783798691548,2.82865005852266,8.16413881635102));
#10865=CARTESIAN_POINT('Ctrl Pts',(11.9565105076976,2.8541449800407,8.1783432336126));
#10866=CARTESIAN_POINT('Ctrl Pts',(11.941983729408,2.86573775829319,8.18480211446971));
#10867=CARTESIAN_POINT('Ctrl Pts',(11.9091464760611,2.88309584158848,8.19447311728115));
#10868=CARTESIAN_POINT('Ctrl Pts',(11.8913016214556,2.88885396790576,8.19768123968029));
#10869=CARTESIAN_POINT('Ctrl Pts',(11.8651642891603,2.89249128648638,8.19970776055935));
#10870=CARTESIAN_POINT('Ctrl Pts',(11.8575895875721,2.89301581498172,8.2));
#10871=CARTESIAN_POINT('Ctrl Pts',(11.8500001788139,2.89301581498172,8.2));
#10872=CARTESIAN_POINT('Origin',(11.8500001788139,3.1299264869563,7.75728184473403));
#10873=CARTESIAN_POINT('Origin',(11.3000001788139,3.46988520008183,7.45654595890274));
#10874=CARTESIAN_POINT('',(10.6000001788139,3.61602922475097,7.49033832569623));
#10875=CARTESIAN_POINT('',(10.6000001788139,3.56927187161468,7.56889492205604));
#10876=CARTESIAN_POINT('Origin',(10.6000001788139,3.46988520008183,7.45654595890274));
#10877=CARTESIAN_POINT('',(11.5500001788139,3.56927187161468,7.56889492205604));
#10878=CARTESIAN_POINT('',(11.3000001788139,3.56927187161468,7.56889492205604));
#10879=CARTESIAN_POINT('Origin',(11.5500001788139,3.46988520008183,7.45654595890274));
#10880=CARTESIAN_POINT('',(10.4500001788139,3.61602922475097,7.49033832569623));
#10881=CARTESIAN_POINT('Ctrl Pts',(10.4500001788139,3.61602922475097,7.49033832569623));
#10882=CARTESIAN_POINT('Ctrl Pts',(10.4669186728603,3.61602922475097,7.49033832569623));
#10883=CARTESIAN_POINT('Ctrl Pts',(10.4837724396805,3.61746136213486,7.48482731960936));
#10884=CARTESIAN_POINT('Ctrl Pts',(10.5148050613515,3.61973733889897,7.46746219038601));
#10885=CARTESIAN_POINT('Ctrl Pts',(10.5290837965493,3.62035579849135,7.45575821985197));
#10886=CARTESIAN_POINT('Ctrl Pts',(10.5558606525126,3.61811263696544,7.42928052941704));
#10887=CARTESIAN_POINT('Ctrl Pts',(10.5709530474019,3.61362896824673,7.40990405996845));
#10888=CARTESIAN_POINT('Ctrl Pts',(10.5876625365896,3.60034208696655,7.38136098823081));
#10889=CARTESIAN_POINT('Ctrl Pts',(10.5934416089777,3.59237909197439,7.36862734649231));
#10890=CARTESIAN_POINT('Ctrl Pts',(10.5967021027024,3.58223416323513,7.35715928736989));
#10891=CARTESIAN_POINT('',(11.3000001788139,3.61602922475097,7.49033832569623));
#10892=CARTESIAN_POINT('Origin',(11.5500001788139,3.24518727377522,7.65531930196843));
#10893=CARTESIAN_POINT('',(11.8500001788139,3.34457394530807,7.76766826512173));
#10894=CARTESIAN_POINT('Origin',(11.8500001788139,3.24518727377522,7.65531930196843));
#10895=CARTESIAN_POINT('Origin',(11.5500001788139,3.34457394530807,7.76766826512173));
#10896=CARTESIAN_POINT('Origin',(11.8500001788139,1.57666284375178,9.13133728038974));
#10897=CARTESIAN_POINT('',(11.8500001788139,1.67604951528463,9.24368624354304));
#10898=CARTESIAN_POINT('Origin',(10.6000001788139,3.23222498215477,7.86705493665457));
#10899=CARTESIAN_POINT('',(10.6000001788139,3.23222498215477,7.86705493665457));
#10900=CARTESIAN_POINT('',(10.6000001788139,3.23222498215477,7.86705493665457));
#10901=CARTESIAN_POINT('',(12.0000001788139,3.23222498215477,7.86705493665457));
#10902=CARTESIAN_POINT('Origin',(10.6000001788139,2.90751910681866,7.5));
#10903=CARTESIAN_POINT('',(10.6000001788139,4.59367330991536,6.53074818673551));
#10904=CARTESIAN_POINT('Origin',(12.0000001788139,4.625,6.5));
#10905=CARTESIAN_POINT('',(10.4500001788139,4.59367330991536,6.53074818673551));
#10906=CARTESIAN_POINT('',(5.55000017881393,4.63870908258078,6.48654408014292));
#10907=CARTESIAN_POINT('',(9.70000017881393,3.48996630177942,7.6140732713761));
#10908=CARTESIAN_POINT('',(9.70000017881393,2.89301581498172,8.2));
#10909=CARTESIAN_POINT('Ctrl Pts',(9.70000017881393,2.89301581498172,8.2));
#10910=CARTESIAN_POINT('Ctrl Pts',(9.69971055107346,2.89301581498172,8.2));
#10911=CARTESIAN_POINT('Ctrl Pts',(9.69942092333298,2.89301581498172,8.2));
#10912=CARTESIAN_POINT('Ctrl Pts',(9.69913129559251,2.89301581498172,8.2));
#10913=CARTESIAN_POINT('',(12.0000001788139,2.89301581498172,8.2));
#10914=CARTESIAN_POINT('Origin',(10.4500001788139,-0.148232674167219,7.4939304110408));
#10915=CARTESIAN_POINT('Origin',(10.4500001788139,-0.311479730910642,7.33369800310984));
#10916=CARTESIAN_POINT('Origin',(12.0000001788139,2.225,4.));
#10917=CARTESIAN_POINT('',(10.4500001788139,1.925,4.));
#10918=CARTESIAN_POINT('Ctrl Pts',(12.0000001788139,0.493583375988495,8.12389418016956));
#10919=CARTESIAN_POINT('Ctrl Pts',(12.0000001788139,0.496824253471931,8.13825812114849));
#10920=CARTESIAN_POINT('Ctrl Pts',(12.0000001788139,0.500067062000873,8.15262436097132));
#10921=CARTESIAN_POINT('Ctrl Pts',(12.000000178814,0.6206076270376,8.68723346289377));
#10922=CARTESIAN_POINT('Ctrl Pts',(12.0000001788139,0.711970815297868,9.32495174765195));
#10923=CARTESIAN_POINT('Ctrl Pts',(12.0000001788139,0.689433672420348,10.3926088192447));
#10924=CARTESIAN_POINT('Ctrl Pts',(12.0000001788139,0.605142783933102,10.9218595952028));
#10925=CARTESIAN_POINT('Ctrl Pts',(12.0000001788139,0.500556440785924,11.3442532192559));
#10926=CARTESIAN_POINT('Ctrl Pts',(12.0000001788139,0.498526995390297,11.3524450687239));
#10927=CARTESIAN_POINT('Ctrl Pts',(12.0000001788139,0.496498169522812,11.3606363424932));
#10928=CARTESIAN_POINT('Ctrl Pts',(12.0000001788139,0.455276412195347,8.13253722434512));
#10929=CARTESIAN_POINT('Ctrl Pts',(12.0000001788139,0.458511009851713,8.1468728745511));
#10930=CARTESIAN_POINT('Ctrl Pts',(12.0000001788139,0.461769598656827,8.16131027672509));
#10931=CARTESIAN_POINT('Ctrl Pts',(12.000000178814,0.581854884031097,8.69385958840379));
#10932=CARTESIAN_POINT('Ctrl Pts',(12.0000001788139,0.672623326158117,9.32819736615357));
#10933=CARTESIAN_POINT('Ctrl Pts',(12.0000001788139,0.650237254338184,10.3884532794234));
#10934=CARTESIAN_POINT('Ctrl Pts',(12.0000001788139,0.566491757118703,10.9145997719592));
#10935=CARTESIAN_POINT('Ctrl Pts',(12.0000001788139,0.462446232475699,11.3347786626308));
#10936=CARTESIAN_POINT('Ctrl Pts',(12.0000001788139,0.460403763558023,11.3430260284806));
#10937=CARTESIAN_POINT('Ctrl Pts',(12.0000001788139,0.458380057679931,11.3511951965244));
#10938=CARTESIAN_POINT('Ctrl Pts',(11.9674998495173,0.378923458768288,8.14976443015992));
#10939=CARTESIAN_POINT('Ctrl Pts',(11.9674998495173,0.382165625692063,8.16413418009878));
#10940=CARTESIAN_POINT('Ctrl Pts',(11.9674998495173,0.385429260255047,8.17859873417502));
#10941=CARTESIAN_POINT('Ctrl Pts',(11.9674998495174,0.504794005812469,8.70759065433561));
#10942=CARTESIAN_POINT('Ctrl Pts',(11.9674998495173,0.594767661755269,9.33254262633307));
#10943=CARTESIAN_POINT('Ctrl Pts',(11.9674998495173,0.572293775534748,10.3798086360581));
#10944=CARTESIAN_POINT('Ctrl Pts',(11.9674998495173,0.490884264119403,10.8943133676712));
#10945=CARTESIAN_POINT('Ctrl Pts',(11.9674998495173,0.386463833995542,11.3159854708293));
#10946=CARTESIAN_POINT('Ctrl Pts',(11.9674998495173,0.384433398717926,11.3241814116076));
#10947=CARTESIAN_POINT('Ctrl Pts',(11.9674998495173,0.38240352156021,11.3323772243577));
#10948=CARTESIAN_POINT('Ctrl Pts',(11.8892700869838,0.347261552567973,8.15690817706321));
#10949=CARTESIAN_POINT('Ctrl Pts',(11.8892700869838,0.35050243005141,8.17127211804214));
#10950=CARTESIAN_POINT('Ctrl Pts',(11.8892700869838,0.353773978810414,8.18577321588033));
#10951=CARTESIAN_POINT('Ctrl Pts',(11.8892700869839,0.472798723739927,8.7131691151179));
#10952=CARTESIAN_POINT('Ctrl Pts',(11.8892700869838,0.56235667435772,9.33481274480388));
#10953=CARTESIAN_POINT('Ctrl Pts',(11.8892700869838,0.539932117503981,10.3763036706801));
#10954=CARTESIAN_POINT('Ctrl Pts',(11.8892700869838,0.45921594809585,10.8871832984806));
#10955=CARTESIAN_POINT('Ctrl Pts',(11.8892700869838,0.354960354294095,11.3081721990569));
#10956=CARTESIAN_POINT('Ctrl Pts',(11.8892700869838,0.352926533283315,11.3163825475387));
#10957=CARTESIAN_POINT('Ctrl Pts',(11.8892700869838,0.35089770741583,11.324573821308));
#10958=CARTESIAN_POINT('Ctrl Pts',(11.8500001788139,0.347261552567974,8.1569081770632));
#10959=CARTESIAN_POINT('Ctrl Pts',(11.8500001788139,0.35050243005141,8.17127211804214));
#10960=CARTESIAN_POINT('Ctrl Pts',(11.8500001788139,0.353773978810414,8.18577321588033));
#10961=CARTESIAN_POINT('Ctrl Pts',(11.850000178814,0.472798723739927,8.7131691151179));
#10962=CARTESIAN_POINT('Ctrl Pts',(11.8500001788139,0.56235667435772,9.33481274480388));
#10963=CARTESIAN_POINT('Ctrl Pts',(11.8500001788139,0.539932117503981,10.3763036706801));
#10964=CARTESIAN_POINT('Ctrl Pts',(11.8500001788139,0.45921594809585,10.8871832984806));
#10965=CARTESIAN_POINT('Ctrl Pts',(11.8500001788139,0.354960354294095,11.3081721990569));
#10966=CARTESIAN_POINT('Ctrl Pts',(11.8500001788139,0.352926533283315,11.3163825475387));
#10967=CARTESIAN_POINT('Ctrl Pts',(11.8500001788139,0.35089770741583,11.324573821308));
#10968=CARTESIAN_POINT('',(11.8500001788139,0.356984185018283,11.3));
#10969=CARTESIAN_POINT('Ctrl Pts',(11.8500001788139,0.356984156350711,11.2999999929028));
#10970=CARTESIAN_POINT('Ctrl Pts',(11.8500001788139,0.459216890518223,10.8871773335589));
#10971=CARTESIAN_POINT('Ctrl Pts',(11.8500001788139,0.539932182960064,10.3763006306237));
#10972=CARTESIAN_POINT('Ctrl Pts',(11.8500001788139,0.562356237782154,9.33483302121307));
#10973=CARTESIAN_POINT('Ctrl Pts',(11.850000178814,0.472804535535693,8.71320945696939));
#10974=CARTESIAN_POINT('Ctrl Pts',(11.8500001788139,0.356984707622335,8.19999988203616));
#10975=CARTESIAN_POINT('',(12.0000001788139,0.550808584774771,8.39024508578958));
#10976=CARTESIAN_POINT('Ctrl Pts',(12.0000001788139,0.493583375988495,8.12389418016956));
#10977=CARTESIAN_POINT('Ctrl Pts',(12.0000001788139,0.496824253471931,8.13825812114849));
#10978=CARTESIAN_POINT('Ctrl Pts',(12.0000001788139,0.500067062000873,8.15262436097132));
#10979=CARTESIAN_POINT('Ctrl Pts',(12.0000001788139,0.520034289665731,8.24118095307406));
#10980=CARTESIAN_POINT('Ctrl Pts',(12.0000001788139,0.535926291291148,8.31560453422105));
#10981=CARTESIAN_POINT('Ctrl Pts',(12.0000001788139,0.550889115027172,8.39022893115529));
#10982=CARTESIAN_POINT('',(12.0000001788139,0.496498169523195,11.3606363424933));
#10983=CARTESIAN_POINT('Ctrl Pts',(12.0000001788139,0.550889115027171,8.39022893115528));
#10984=CARTESIAN_POINT('Ctrl Pts',(12.000000178814,0.640842675791407,8.83885616506151));
#10985=CARTESIAN_POINT('Ctrl Pts',(12.0000001788139,0.710363729340817,9.40108458738358));
#10986=CARTESIAN_POINT('Ctrl Pts',(12.0000001788139,0.689433672420348,10.3926088192447));
#10987=CARTESIAN_POINT('Ctrl Pts',(12.0000001788139,0.605142783933102,10.9218595952028));
#10988=CARTESIAN_POINT('Ctrl Pts',(12.0000001788139,0.500556440785924,11.3442532192559));
#10989=CARTESIAN_POINT('Ctrl Pts',(12.0000001788139,0.498526995390297,11.3524450687239));
#10990=CARTESIAN_POINT('Ctrl Pts',(12.0000001788139,0.496498169522812,11.3606363424932));
#10991=CARTESIAN_POINT('Ctrl Pts',(12.0000001788139,0.496498169522845,11.3606363424931));
#10992=CARTESIAN_POINT('Ctrl Pts',(12.0000001788139,0.496159112372762,11.3604889795921));
#10993=CARTESIAN_POINT('Ctrl Pts',(11.9999987784887,0.495820066407595,11.3603416243532));
#10994=CARTESIAN_POINT('Ctrl Pts',(11.9999959816798,0.495481037893067,11.360194279032));
#10995=CARTESIAN_POINT('Ctrl Pts',(11.9999144929533,0.485602993763996,11.3559011782397));
#10996=CARTESIAN_POINT('Ctrl Pts',(11.9986521464645,0.475772364751565,11.3516293833684));
#10997=CARTESIAN_POINT('Ctrl Pts',(11.996299563514,0.466141976498623,11.3474427173341));
#10998=CARTESIAN_POINT('Ctrl Pts',(11.9956556627514,0.463506144108737,11.3462968289598));
#10999=CARTESIAN_POINT('Ctrl Pts',(11.9949297966398,0.460885331043869,11.3451573962709));
#11000=CARTESIAN_POINT('Ctrl Pts',(11.9941231884924,0.458282794429694,11.344025883598));
#11001=CARTESIAN_POINT('Ctrl Pts',(11.9911466701589,0.448679001100372,11.3398504134816));
#11002=CARTESIAN_POINT('Ctrl Pts',(11.9870940824873,0.439386115601655,11.3358100931351));
#11003=CARTESIAN_POINT('Ctrl Pts',(11.9820385565839,0.430566036004666,11.3319772927129));
#11004=CARTESIAN_POINT('Ctrl Pts',(11.9807303099611,0.428283614835083,11.3309854575796));
#11005=CARTESIAN_POINT('Ctrl Pts',(11.9793546573289,0.426032968671901,11.330007541678));
#11006=CARTESIAN_POINT('Ctrl Pts',(11.977912379571,0.423817204030568,11.3290448542735));
#11007=CARTESIAN_POINT('Ctrl Pts',(11.9723898786309,0.415333011406876,11.3253587112491));
#11008=CARTESIAN_POINT('Ctrl Pts',(11.9659406840817,0.407429961412328,11.321926719566));
#11009=CARTESIAN_POINT('Ctrl Pts',(11.9586292064399,0.400270866169266,11.3188132607279));
#11010=CARTESIAN_POINT('Ctrl Pts',(11.9577867724737,0.39944598981797,11.3184545256533));
#11011=CARTESIAN_POINT('Ctrl Pts',(11.9569328458682,0.398631024431769,11.3181000264505));
#11012=CARTESIAN_POINT('Ctrl Pts',(11.9560674912081,0.397826248836812,11.3177498682196));
#11013=CARTESIAN_POINT('Ctrl Pts',(11.9507838151218,0.3929124559586,11.3156118746818));
#11014=CARTESIAN_POINT('Ctrl Pts',(11.9450745742059,0.388377679509288,11.3136354940464));
#11015=CARTESIAN_POINT('Ctrl Pts',(11.9389954375949,0.384247305721613,11.3118353687412));
#11016=CARTESIAN_POINT('Ctrl Pts',(11.9303307758251,0.378360237517138,11.3092696299019));
#11017=CARTESIAN_POINT('Ctrl Pts',(11.9210089634611,0.373355889389376,11.3070891758994));
#11018=CARTESIAN_POINT('Ctrl Pts',(11.9112105758521,0.369288513991273,11.3053221766535));
#11019=CARTESIAN_POINT('Ctrl Pts',(11.9034625894584,0.366072273677016,11.303924937979));
#11020=CARTESIAN_POINT('Ctrl Pts',(11.8954154573837,0.363442481133793,11.3027863679106));
#11021=CARTESIAN_POINT('Ctrl Pts',(11.8871503027664,0.361446936343906,11.3019255064937));
#11022=CARTESIAN_POINT('Ctrl Pts',(11.8768409044412,0.358957827904047,11.3008517258253));
#11023=CARTESIAN_POINT('Ctrl Pts',(11.8662872074849,0.35747693288745,11.3002195904372));
#11024=CARTESIAN_POINT('Ctrl Pts',(11.8556541418367,0.357086035480221,11.3000532833621));
#11025=CARTESIAN_POINT('Ctrl Pts',(11.8537716856757,0.357016831803977,11.3000238406982));
#11026=CARTESIAN_POINT('Ctrl Pts',(11.8518867277286,0.356981918239199,11.3000090305241));
#11027=CARTESIAN_POINT('Ctrl Pts',(11.8500001788139,0.356981918239199,11.3000090305241));
#11028=CARTESIAN_POINT('Origin',(11.8500001788139,0.193455350614011,11.8260204284475));
#11029=CARTESIAN_POINT('',(12.0000001788139,-0.20753326639415,12.4418202737503));
#11030=CARTESIAN_POINT('',(12.0000001788139,0.193455350614011,11.8260204284475));
#11031=CARTESIAN_POINT('',(11.8500001788139,-0.333232729766154,12.35996891513));
#11032=CARTESIAN_POINT('Origin',(11.8500001788139,-0.20753326639415,12.4418202737503));
#11033=CARTESIAN_POINT('',(11.8500001788139,0.0677558872420063,11.7441690698272));
#11034=CARTESIAN_POINT('Origin',(11.5500001788139,-0.207533266394151,12.4418202737503));
#11035=CARTESIAN_POINT('',(11.5500001788139,-0.453087342255072,12.8189186638663));
#11036=CARTESIAN_POINT('',(11.5500001788139,-0.496935447006769,12.611367841874));
#11037=CARTESIAN_POINT('Origin',(11.5500001788139,-0.371235983634765,12.6932192004943));
#11038=CARTESIAN_POINT('Origin',(11.5500001788139,-0.333232729766155,12.35996891513));
#11039=CARTESIAN_POINT('Origin',(11.5500001788139,-0.207533266394151,12.4418202737503));
#11040=CARTESIAN_POINT('Origin',(12.0000001788139,-0.371235983634766,12.6932192004943));
#11041=CARTESIAN_POINT('',(5.85000017881393,-0.453087342255071,12.8189186638663));
#11042=CARTESIAN_POINT('',(5.85000017881393,-0.49693544700677,12.611367841874));
#11043=CARTESIAN_POINT('Origin',(5.85000017881393,-0.371235983634766,12.6932192004943));
#11044=CARTESIAN_POINT('',(12.0000001788139,-0.49693544700677,12.611367841874));
#11045=CARTESIAN_POINT('',(12.0000001788139,-0.453087342255071,12.8189186638663));
#11046=CARTESIAN_POINT('Origin',(5.85000017881393,-0.207533266394151,12.4418202737503));
#11047=CARTESIAN_POINT('',(5.55000017881393,-0.333232729766155,12.35996891513));
#11048=CARTESIAN_POINT('Origin',(5.55000017881393,-0.207533266394151,12.4418202737503));
#11049=CARTESIAN_POINT('Origin',(5.85000017881393,-0.333232729766155,12.35996891513));
#11050=CARTESIAN_POINT('Origin',(5.85000017881393,-0.207533266394151,12.4418202737503));
#11051=CARTESIAN_POINT('Origin',(5.55000017881393,2.42984691912883,8.39158482724976));
#11052=CARTESIAN_POINT('',(5.55000017881393,0.18011197059364,11.5716233769769));
#11053=CARTESIAN_POINT('',(5.55000017881393,2.30414745575683,8.30973346862945));
#11054=CARTESIAN_POINT('Ctrl Pts',(5.40000017881393,0.377582378028844,11.5432558057405));
#11055=CARTESIAN_POINT('Ctrl Pts',(5.40000017881393,0.376815893626403,11.543376760671));
#11056=CARTESIAN_POINT('Ctrl Pts',(5.40000350013463,0.376049384128401,11.5434975887266));
#11057=CARTESIAN_POINT('Ctrl Pts',(5.4001766819432,0.356075267171958,11.5466427860461));
#11058=CARTESIAN_POINT('Ctrl Pts',(5.40243142491413,0.336796936533426,11.5495946338108));
#11059=CARTESIAN_POINT('Ctrl Pts',(5.41112580361082,0.300149411329853,11.5550592778819));
#11060=CARTESIAN_POINT('Ctrl Pts',(5.41741852642245,0.282607668461762,11.557603973345));
#11061=CARTESIAN_POINT('Ctrl Pts',(5.43564775563216,0.247294452952666,11.5626099909292));
#11062=CARTESIAN_POINT('Ctrl Pts',(5.44835773246459,0.22980413531155,11.5650114607321));
#11063=CARTESIAN_POINT('Ctrl Pts',(5.47646453576108,0.204108455908856,11.568474117358));
#11064=CARTESIAN_POINT('Ctrl Pts',(5.490604183573,0.194847983617995,11.5696958708922));
#11065=CARTESIAN_POINT('Ctrl Pts',(5.52019755071292,0.183064309737207,11.5712410944426));
#11066=CARTESIAN_POINT('Ctrl Pts',(5.53494456645958,0.180111970593639,11.5716233769769));
#11067=CARTESIAN_POINT('Ctrl Pts',(5.55000017881393,0.180111970593641,11.5716233769769));
#11068=CARTESIAN_POINT('Origin',(5.55000017881393,-0.978044923631883,6.67944212858859));
#11069=CARTESIAN_POINT('Ctrl Pts',(5.55000017881393,0.102789743204528,7.95049971309131));
#11070=CARTESIAN_POINT('Ctrl Pts',(5.53608606382087,0.102789743204528,7.95049971309131));
#11071=CARTESIAN_POINT('Ctrl Pts',(5.52248558107922,0.105548399590292,7.95049601002116));
#11072=CARTESIAN_POINT('Ctrl Pts',(5.4947840271913,0.116624576506123,7.95049925186763));
#11073=CARTESIAN_POINT('Ctrl Pts',(5.48140241707581,0.125462510402338,7.95050913951194));
#11074=CARTESIAN_POINT('Ctrl Pts',(5.45382923605717,0.150551621522999,7.95060880324553));
#11075=CARTESIAN_POINT('Ctrl Pts',(5.44100068009597,0.168172542913221,7.95072691069477));
#11076=CARTESIAN_POINT('Ctrl Pts',(5.42074231166823,0.206340168487246,7.95116376041369));
#11077=CARTESIAN_POINT('Ctrl Pts',(5.4132608908058,0.227195179489765,7.95148820719864));
#11078=CARTESIAN_POINT('Ctrl Pts',(5.40286488041774,0.271068111920993,7.95239527758143));
#11079=CARTESIAN_POINT('Ctrl Pts',(5.40019186422539,0.294486006137546,7.95299974039155));
#11080=CARTESIAN_POINT('Ctrl Pts',(5.40000349465107,0.318601005324452,7.95375708862598));
#11081=CARTESIAN_POINT('Ctrl Pts',(5.40000017881393,0.319450596771871,7.95378394086411));
#11082=CARTESIAN_POINT('Ctrl Pts',(5.40000017881393,0.320300174758972,7.95381096310607));
#11083=CARTESIAN_POINT('Origin',(5.55000017881393,1.85,9.72457871881475));
#11084=CARTESIAN_POINT('Origin',(5.55000017881393,1.85,9.72457871881475));
#11085=CARTESIAN_POINT('Origin',(12.0000001788139,0.356984185018283,11.3));
#11086=CARTESIAN_POINT('',(5.40000017881393,0.18011197059364,11.5716233769769));
#11087=CARTESIAN_POINT('',(12.0000001788139,0.356984185018283,11.3));
#11088=CARTESIAN_POINT('Origin',(5.40000017881393,1.85,9.72457871881475));
#11089=CARTESIAN_POINT('Origin',(10.4500001788139,4.48860033186538,6.42369834187943));
#11090=CARTESIAN_POINT('Origin',(5.55000017881393,4.53363610453081,6.37949423528685));
#11091=CARTESIAN_POINT('Ctrl Pts',(5.40000017881393,2.92969982524103,7.95381096310607));
#11092=CARTESIAN_POINT('Ctrl Pts',(5.40000017881393,2.93054940322814,7.95378394086411));
#11093=CARTESIAN_POINT('Ctrl Pts',(5.40000349465107,2.93139899467554,7.95375708862598));
#11094=CARTESIAN_POINT('Ctrl Pts',(5.40019186422539,2.95551399386269,7.95299974039158));
#11095=CARTESIAN_POINT('Ctrl Pts',(5.40286488041775,2.97893188807904,7.95239527758143));
#11096=CARTESIAN_POINT('Ctrl Pts',(5.4132608908058,3.02280482051024,7.95148820719864));
#11097=CARTESIAN_POINT('Ctrl Pts',(5.42074231166823,3.04365983151276,7.95116376041368));
#11098=CARTESIAN_POINT('Ctrl Pts',(5.44100068009598,3.08182745708679,7.95072691069476));
#11099=CARTESIAN_POINT('Ctrl Pts',(5.45382923605718,3.099448378477,7.95060880324553));
#11100=CARTESIAN_POINT('Ctrl Pts',(5.48140241707581,3.12453748959765,7.95050913951194));
#11101=CARTESIAN_POINT('Ctrl Pts',(5.4947840271913,3.13337542349387,7.95049925186763));
#11102=CARTESIAN_POINT('Ctrl Pts',(5.52248558107921,3.1444516004097,7.95049601002116));
#11103=CARTESIAN_POINT('Ctrl Pts',(5.53608606382086,3.14721025679547,7.9504997130913));
#11104=CARTESIAN_POINT('Ctrl Pts',(5.55000017881393,3.14721025679547,7.9504997130913));
#11105=CARTESIAN_POINT('Origin',(5.55000017881393,1.4,9.72457871881475));
#11106=CARTESIAN_POINT('Ctrl Pts',(5.40000017881393,2.87241762197116,11.5432558057405));
#11107=CARTESIAN_POINT('Ctrl Pts',(5.40000017881393,2.87318410637358,11.543376760671));
#11108=CARTESIAN_POINT('Ctrl Pts',(5.40000350013463,2.87395061587162,11.5434975887266));
#11109=CARTESIAN_POINT('Ctrl Pts',(5.4001766819432,2.89392473282746,11.5466427860462));
#11110=CARTESIAN_POINT('Ctrl Pts',(5.40243142491411,2.91320306346647,11.5495946338108));
#11111=CARTESIAN_POINT('Ctrl Pts',(5.41112580361082,2.94985058867013,11.5550592778819));
#11112=CARTESIAN_POINT('Ctrl Pts',(5.41741852642244,2.96739233153822,11.557603973345));
#11113=CARTESIAN_POINT('Ctrl Pts',(5.43564775563215,3.00270554704732,11.5626099909292));
#11114=CARTESIAN_POINT('Ctrl Pts',(5.44835773246459,3.02019586468844,11.5650114607321));
#11115=CARTESIAN_POINT('Ctrl Pts',(5.47646453576107,3.04589154409114,11.568474117358));
#11116=CARTESIAN_POINT('Ctrl Pts',(5.49060418357299,3.055152016382,11.5696958708922));
#11117=CARTESIAN_POINT('Ctrl Pts',(5.52019755071294,3.0669356902628,11.5712410944426));
#11118=CARTESIAN_POINT('Ctrl Pts',(5.53494456645959,3.06988802940636,11.5716233769769));
#11119=CARTESIAN_POINT('Ctrl Pts',(5.55000017881393,3.06988802940636,11.5716233769769));
#11120=CARTESIAN_POINT('Origin',(11.8500001788139,3.05654464938599,11.8260204284475));
#11121=CARTESIAN_POINT('',(11.8500001788139,2.89301581498172,11.3));
#11122=CARTESIAN_POINT('',(11.8500001788139,3.58323272976615,12.35996891513));
#11123=CARTESIAN_POINT('',(11.8500001788139,3.18224411275799,11.7441690698272));
#11124=CARTESIAN_POINT('Origin',(11.8500001788139,3.45753326639415,12.4418202737503));
#11125=CARTESIAN_POINT('Ctrl Pts',(12.0000001788139,2.75350183047715,11.3606363424931));
#11126=CARTESIAN_POINT('Ctrl Pts',(12.0000001788139,2.75384088762724,11.3604889795921));
#11127=CARTESIAN_POINT('Ctrl Pts',(11.9999988499123,2.75417994377535,11.3603416171265));
#11128=CARTESIAN_POINT('Ctrl Pts',(11.9998483114672,2.77338387383473,11.3519950984497));
#11129=CARTESIAN_POINT('Ctrl Pts',(11.9955877742308,2.7920465061935,11.3438838415627));
#11130=CARTESIAN_POINT('Ctrl Pts',(11.9796475596843,2.82597158529463,11.3291391353308));
#11131=CARTESIAN_POINT('Ctrl Pts',(11.968425515519,2.84104193711487,11.3225891753472));
#11132=CARTESIAN_POINT('Ctrl Pts',(11.9405116349442,2.86619223181302,11.3116582146365));
#11133=CARTESIAN_POINT('Ctrl Pts',(11.9241630457954,2.87610314361874,11.307350679123));
#11134=CARTESIAN_POINT('Ctrl Pts',(11.8883543644002,2.88955998442658,11.3015019922618));
#11135=CARTESIAN_POINT('Ctrl Pts',(11.8692770123171,2.89301581498172,11.3));
#11136=CARTESIAN_POINT('Ctrl Pts',(11.8500001788139,2.89301581498172,11.3));
#11137=CARTESIAN_POINT('Ctrl Pts',(11.8500001788139,2.90273844743203,8.15690817706321));
#11138=CARTESIAN_POINT('Ctrl Pts',(11.8500001788139,2.89949756994859,8.17127211804214));
#11139=CARTESIAN_POINT('Ctrl Pts',(11.8500001788139,2.89625669246515,8.18563605902107));
#11140=CARTESIAN_POINT('Ctrl Pts',(11.8500001788139,2.79398195609718,8.63892942920658));
#11141=CARTESIAN_POINT('Ctrl Pts',(11.8500001788139,2.702298658085,9.23311127814678));
#11142=CARTESIAN_POINT('Ctrl Pts',(11.8500001788139,2.69481207246476,10.2730145847094));
#11143=CARTESIAN_POINT('Ctrl Pts',(11.8500001788139,2.78534920142393,10.8653019208778));
#11144=CARTESIAN_POINT('Ctrl Pts',(11.8500001788139,2.89504464084919,11.3081912737693));
#11145=CARTESIAN_POINT('Ctrl Pts',(11.8500001788139,2.89707346671666,11.3163825475386));
#11146=CARTESIAN_POINT('Ctrl Pts',(11.8500001788139,2.89910229258414,11.3245738213079));
#11147=CARTESIAN_POINT('Ctrl Pts',(11.8948800738652,2.90273844743203,8.15690817706321));
#11148=CARTESIAN_POINT('Ctrl Pts',(11.8948800738652,2.89949756994859,8.17127211804214));
#11149=CARTESIAN_POINT('Ctrl Pts',(11.8948800738652,2.89625669246515,8.18563605902107));
#11150=CARTESIAN_POINT('Ctrl Pts',(11.8948800738652,2.79398195609718,8.63892942920658));
#11151=CARTESIAN_POINT('Ctrl Pts',(11.8948800738652,2.702298658085,9.23311127814678));
#11152=CARTESIAN_POINT('Ctrl Pts',(11.8948800738652,2.69481207246476,10.2730145847094));
#11153=CARTESIAN_POINT('Ctrl Pts',(11.8948800738652,2.78534920142393,10.8653019208778));
#11154=CARTESIAN_POINT('Ctrl Pts',(11.8948800738652,2.89504464084919,11.3081912737693));
#11155=CARTESIAN_POINT('Ctrl Pts',(11.8948800738652,2.89707346671666,11.3163825475386));
#11156=CARTESIAN_POINT('Ctrl Pts',(11.8948800738652,2.89910229258414,11.3245738213079));
#11157=CARTESIAN_POINT('Ctrl Pts',(11.9725904422592,2.86600112061395,8.14861928368353));
#11158=CARTESIAN_POINT('Ctrl Pts',(11.9725904422592,2.86276024313052,8.16298322466246));
#11159=CARTESIAN_POINT('Ctrl Pts',(11.9725904422592,2.85951936564708,8.17734716564139));
#11160=CARTESIAN_POINT('Ctrl Pts',(11.9725904422592,2.75681852489865,8.63245345156811));
#11161=CARTESIAN_POINT('Ctrl Pts',(11.9725904422592,2.66464407748591,9.22928467140178));
#11162=CARTESIAN_POINT('Ctrl Pts',(11.9725904422592,2.65709542649311,10.2763217268023));
#11163=CARTESIAN_POINT('Ctrl Pts',(11.9725904422592,2.74820265612948,10.8719778512615));
#11164=CARTESIAN_POINT('Ctrl Pts',(11.9725904422592,2.85848842772769,11.3172455665309));
#11165=CARTESIAN_POINT('Ctrl Pts',(11.9725904422592,2.86051725359516,11.3254368403002));
#11166=CARTESIAN_POINT('Ctrl Pts',(11.9725904422592,2.86254607946264,11.3336281140695));
#11167=CARTESIAN_POINT('Ctrl Pts',(12.0000001788139,2.78925116440563,8.13130250374861));
#11168=CARTESIAN_POINT('Ctrl Pts',(12.0000001788139,2.78601028692219,8.14566644472754));
#11169=CARTESIAN_POINT('Ctrl Pts',(12.0000001788139,2.78276940943876,8.16003038570647));
#11170=CARTESIAN_POINT('Ctrl Pts',(12.0000001788139,2.67922826995092,8.61886300777832));
#11171=CARTESIAN_POINT('Ctrl Pts',(12.0000001788139,2.58599776680887,9.22134638541903));
#11172=CARTESIAN_POINT('Ctrl Pts',(12.0000001788139,2.57831922541538,10.2832244221241));
#11173=CARTESIAN_POINT('Ctrl Pts',(12.0000001788139,2.67064448917069,10.8861027590532));
#11174=CARTESIAN_POINT('Ctrl Pts',(12.0000001788139,2.7821168460361,11.3361613841241));
#11175=CARTESIAN_POINT('Ctrl Pts',(12.0000001788139,2.78414567190358,11.3443526578934));
#11176=CARTESIAN_POINT('Ctrl Pts',(12.0000001788139,2.78617449777105,11.3525439316627));
#11177=CARTESIAN_POINT('Ctrl Pts',(12.0000001788139,2.7564166240115,8.12389418016956));
#11178=CARTESIAN_POINT('Ctrl Pts',(12.0000001788139,2.75317574652807,8.13825812114849));
#11179=CARTESIAN_POINT('Ctrl Pts',(12.0000001788139,2.74993486904463,8.15262206212742));
#11180=CARTESIAN_POINT('Ctrl Pts',(12.0000001788139,2.64605691457086,8.61302107896749));
#11181=CARTESIAN_POINT('Ctrl Pts',(12.0000001788139,2.55236100016253,9.21797577930917));
#11182=CARTESIAN_POINT('Ctrl Pts',(12.0000001788139,2.54462678731071,10.2861745524119));
#11183=CARTESIAN_POINT('Ctrl Pts',(12.0000001788139,2.63748541216892,10.8922263821654));
#11184=CARTESIAN_POINT('Ctrl Pts',(12.0000001788139,2.74944417874221,11.3442537949545));
#11185=CARTESIAN_POINT('Ctrl Pts',(12.0000001788139,2.75147300460968,11.3524450687238));
#11186=CARTESIAN_POINT('Ctrl Pts',(12.0000001788139,2.75350183047715,11.3606363424931));
#11187=CARTESIAN_POINT('Ctrl Pts',(11.8500001788139,2.89301581755745,8.20000000055085));
#11188=CARTESIAN_POINT('Ctrl Pts',(11.8500001788139,2.79395881611903,8.63907940398429));
#11189=CARTESIAN_POINT('Ctrl Pts',(11.8500001788139,2.70229811818342,9.23318627167021));
#11190=CARTESIAN_POINT('Ctrl Pts',(11.8500001788139,2.6948124797262,10.2729580151938));
#11191=CARTESIAN_POINT('Ctrl Pts',(11.8500001788139,2.78533196438693,10.8651891517921));
#11192=CARTESIAN_POINT('Ctrl Pts',(11.8500001788139,2.89301581690567,11.299999999548));
#11193=CARTESIAN_POINT('Origin',(11.5500001788139,3.45753326639415,12.4418202737503));
#11194=CARTESIAN_POINT('',(11.5500001788139,3.74693544700677,12.611367841874));
#11195=CARTESIAN_POINT('',(11.5500001788139,3.70308734225507,12.8189186638663));
#11196=CARTESIAN_POINT('Origin',(11.5500001788139,3.62123598363476,12.6932192004943));
#11197=CARTESIAN_POINT('Origin',(11.5500001788139,3.45753326639415,12.4418202737503));
#11198=CARTESIAN_POINT('Origin',(11.5500001788139,3.58323272976615,12.35996891513));
#11199=CARTESIAN_POINT('Origin',(12.0000001788139,3.62123598363476,12.6932192004943));
#11200=CARTESIAN_POINT('',(5.85000017881393,3.74693544700677,12.611367841874));
#11201=CARTESIAN_POINT('Origin',(5.85000017881393,3.62123598363476,12.6932192004943));
#11202=CARTESIAN_POINT('',(12.0000001788139,3.70308734225507,12.8189186638663));
#11203=CARTESIAN_POINT('',(12.0000001788139,3.74693544700677,12.611367841874));
#11204=CARTESIAN_POINT('Origin',(5.85000017881393,3.45753326639415,12.4418202737503));
#11205=CARTESIAN_POINT('',(5.55000017881393,3.58323272976615,12.35996891513));
#11206=CARTESIAN_POINT('Origin',(5.55000017881393,3.45753326639415,12.4418202737503));
#11207=CARTESIAN_POINT('Origin',(5.85000017881393,3.58323272976615,12.35996891513));
#11208=CARTESIAN_POINT('Origin',(5.55000017881393,0.998810278417571,8.66594941004555));
#11209=CARTESIAN_POINT('',(5.55000017881393,1.12450974178958,8.58409805142524));
#11210=CARTESIAN_POINT('Origin',(12.0000001788139,2.89301581498172,11.3));
#11211=CARTESIAN_POINT('',(9.70000017881393,2.89301581498172,11.3));
#11212=CARTESIAN_POINT('',(12.0000001788139,2.89301581498172,11.3));
#11213=CARTESIAN_POINT('',(9.70000017881393,2.61198851103406,10.8684252296536));
#11214=CARTESIAN_POINT('Ctrl Pts',(12.0000001788139,3.06457812131775,7.43961616722183));
#11215=CARTESIAN_POINT('Ctrl Pts',(9.19000017881393,3.06457812131775,7.43961616722183));
#11216=CARTESIAN_POINT('Ctrl Pts',(12.0000001788139,3.03026566005054,7.59169293377746));
#11217=CARTESIAN_POINT('Ctrl Pts',(9.19000017881393,3.03026566005054,7.59169293377746));
#11218=CARTESIAN_POINT('Ctrl Pts',(12.0000001788139,2.99595319878334,7.7437697003331));
#11219=CARTESIAN_POINT('Ctrl Pts',(9.19000017881393,2.99595319878334,7.7437697003331));
#11220=CARTESIAN_POINT('Ctrl Pts',(12.0000001788139,2.96164073751613,7.89584646688873));
#11221=CARTESIAN_POINT('Ctrl Pts',(9.19000017881393,2.96164073751613,7.89584646688873));
#11222=CARTESIAN_POINT('Ctrl Pts',(12.0000001788139,2.92732827624892,8.04792323344437));
#11223=CARTESIAN_POINT('Ctrl Pts',(9.19000017881393,2.92732827624892,8.04792323344437));
#11224=CARTESIAN_POINT('Ctrl Pts',(12.0000001788139,2.89301581498172,8.2));
#11225=CARTESIAN_POINT('Ctrl Pts',(9.19000017881393,2.89301581498172,8.2));
#11226=CARTESIAN_POINT('Ctrl Pts',(12.0000001788139,2.87842041975302,8.26468846684291));
#11227=CARTESIAN_POINT('Ctrl Pts',(9.19000017881393,2.87842041975302,8.26468846684291));
#11228=CARTESIAN_POINT('Ctrl Pts',(12.0000001788139,2.8504987210002,8.39383163426768));
#11229=CARTESIAN_POINT('Ctrl Pts',(9.19000017881393,2.8504987210002,8.39383163426768));
#11230=CARTESIAN_POINT('Ctrl Pts',(12.0000001788139,2.81242330485726,8.58684511298572));
#11231=CARTESIAN_POINT('Ctrl Pts',(9.19000017881393,2.81242330485726,8.58684511298572));
#11232=CARTESIAN_POINT('Ctrl Pts',(12.0000001788139,2.76939685398876,8.84277057061689));
#11233=CARTESIAN_POINT('Ctrl Pts',(9.19000017881393,2.76939685398876,8.84277057061689));
#11234=CARTESIAN_POINT('Ctrl Pts',(12.0000001788139,2.7293954479281,9.16013881602028));
#11235=CARTESIAN_POINT('Ctrl Pts',(9.19000017881393,2.7293954479281,9.16013881602028));
#11236=CARTESIAN_POINT('Ctrl Pts',(12.0000001788139,2.70442585784405,9.47473820602681));
#11237=CARTESIAN_POINT('Ctrl Pts',(9.19000017881393,2.70442585784405,9.47473820602681));
#11238=CARTESIAN_POINT('Ctrl Pts',(12.0000001788139,2.69574401928937,9.78633739773525));
#11239=CARTESIAN_POINT('Ctrl Pts',(9.19000017881393,2.69574401928937,9.78633739773525));
#11240=CARTESIAN_POINT('Ctrl Pts',(12.0000001788139,2.70408816023048,10.0948004098058));
#11241=CARTESIAN_POINT('Ctrl Pts',(9.19000017881393,2.70408816023048,10.0948004098058));
#11242=CARTESIAN_POINT('Ctrl Pts',(12.0000001788139,2.72885173500526,10.4002389677442));
#11243=CARTESIAN_POINT('Ctrl Pts',(9.19000017881393,2.72885173500526,10.4002389677442));
#11244=CARTESIAN_POINT('Ctrl Pts',(12.0000001788139,2.76882339891235,10.7028762008336));
#11245=CARTESIAN_POINT('Ctrl Pts',(9.19000017881393,2.76882339891235,10.7028762008336));
#11246=CARTESIAN_POINT('Ctrl Pts',(12.0000001788139,2.81198311761461,10.9429261953151));
#11247=CARTESIAN_POINT('Ctrl Pts',(9.19000017881393,2.81198311761461,10.9429261953151));
#11248=CARTESIAN_POINT('Ctrl Pts',(12.0000001788139,2.850245288514,11.1218783164388));
#11249=CARTESIAN_POINT('Ctrl Pts',(9.19000017881393,2.850245288514,11.1218783164388));
#11250=CARTESIAN_POINT('Ctrl Pts',(12.0000001788139,2.87832959708098,11.2407051963458));
#11251=CARTESIAN_POINT('Ctrl Pts',(9.19000017881393,2.87832959708098,11.2407051963458));
#11252=CARTESIAN_POINT('Ctrl Pts',(12.0000001788139,2.89301581498172,11.3));
#11253=CARTESIAN_POINT('Ctrl Pts',(9.19000017881393,2.89301581498172,11.3));
#11254=CARTESIAN_POINT('Ctrl Pts',(12.0000001788139,2.90110401256798,11.3326556565506));
#11255=CARTESIAN_POINT('Ctrl Pts',(9.19000017881393,2.90110401256798,11.3326556565506));
#11256=CARTESIAN_POINT('Ctrl Pts',(12.0000001788139,2.90919221015425,11.3653113131012));
#11257=CARTESIAN_POINT('Ctrl Pts',(9.19000017881393,2.90919221015425,11.3653113131012));
#11258=CARTESIAN_POINT('Ctrl Pts',(12.0000001788139,2.91728040774051,11.3979669696518));
#11259=CARTESIAN_POINT('Ctrl Pts',(9.19000017881393,2.91728040774051,11.3979669696518));
#11260=CARTESIAN_POINT('Ctrl Pts',(12.0000001788139,2.92536860532677,11.4306226262024));
#11261=CARTESIAN_POINT('Ctrl Pts',(9.19000017881393,2.92536860532677,11.4306226262024));
#11262=CARTESIAN_POINT('Ctrl Pts',(12.0000001788139,2.93345680291304,11.463278282753));
#11263=CARTESIAN_POINT('Ctrl Pts',(9.19000017881393,2.93345680291304,11.463278282753));
#11264=CARTESIAN_POINT('Ctrl Pts',(10.5000001788139,2.85909114404673,8.35671431275521));
#11265=CARTESIAN_POINT('Ctrl Pts',(10.5000001788139,2.83979901594369,8.44979004149083));
#11266=CARTESIAN_POINT('Ctrl Pts',(10.5000001788139,2.82209903225598,8.54257249776576));
#11267=CARTESIAN_POINT('Ctrl Pts',(10.5000001788139,2.80605082710576,8.63505069699502));
#11268=CARTESIAN_POINT('Ctrl Pts',(10.5000001788139,2.78850632491965,8.73615134677851));
#11269=CARTESIAN_POINT('Ctrl Pts',(10.5000001788139,2.77293645876518,8.83688826927553));
#11270=CARTESIAN_POINT('Ctrl Pts',(10.5000001788139,2.75948183734609,8.93723556441071));
#11271=CARTESIAN_POINT('Ctrl Pts',(10.5000001788139,2.74077625065233,9.07674562345797));
#11272=CARTESIAN_POINT('Ctrl Pts',(10.5000001788139,2.72616470593469,9.21550156136373));
#11273=CARTESIAN_POINT('Ctrl Pts',(10.5000001788139,2.71611674941351,9.35341688787403));
#11274=CARTESIAN_POINT('Ctrl Pts',(10.5000001788139,2.71010610283559,9.43591727325943));
#11275=CARTESIAN_POINT('Ctrl Pts',(10.5000001788139,2.7057303372477,9.51811651412186));
#11276=CARTESIAN_POINT('Ctrl Pts',(10.5000001788139,2.70306939493442,9.59999988511975));
#11277=CARTESIAN_POINT('Ctrl Pts',(10.5000001788139,2.70064720323391,9.67453634562494));
#11278=CARTESIAN_POINT('Ctrl Pts',(10.5000001788139,2.6996472512726,9.74881083005339));
#11279=CARTESIAN_POINT('Ctrl Pts',(10.5000001788139,2.70009118000954,9.82281935214785));
#11280=CARTESIAN_POINT('Ctrl Pts',(10.5000001788139,2.70056917266121,9.90250675865635));
#11281=CARTESIAN_POINT('Ctrl Pts',(10.5000001788139,2.70272110317534,9.98188582637937));
#11282=CARTESIAN_POINT('Ctrl Pts',(10.5000001788139,2.70650792690625,10.0609637473275));
#11283=CARTESIAN_POINT('Ctrl Pts',(10.5000001788139,2.71132191813967,10.1614913782006));
#11284=CARTESIAN_POINT('Ctrl Pts',(10.5000001788139,2.71877637958767,10.2615326353575));
#11285=CARTESIAN_POINT('Ctrl Pts',(10.5000001788139,2.72870060537826,10.361118962762));
#11286=CARTESIAN_POINT('Ctrl Pts',(10.5000001788139,2.74118449403409,10.4863906614509));
#11287=CARTESIAN_POINT('Ctrl Pts',(10.5000001788139,2.75756616058679,10.6109443907761));
#11288=CARTESIAN_POINT('Ctrl Pts',(10.5000001788139,2.77747805277777,10.7348478537389));
#11289=CARTESIAN_POINT('Ctrl Pts',(10.5000001788139,2.79175463626623,10.8236851232727));
#11290=CARTESIAN_POINT('Ctrl Pts',(10.5000001788139,2.80784560235688,10.912188184148));
#11291=CARTESIAN_POINT('Ctrl Pts',(10.5000001788139,2.82565513862514,11.0003746849809));
#11292=CARTESIAN_POINT('Ctrl Pts',(10.5000001788139,2.83268498822476,11.0351840044508));
#11293=CARTESIAN_POINT('Ctrl Pts',(10.5000001788139,2.83998312909377,11.0699439047601));
#11294=CARTESIAN_POINT('Ctrl Pts',(10.5000001788139,2.84754596663999,11.1046550480315));
#11295=CARTESIAN_POINT('Ctrl Pts',(9.70000017881393,2.88737555110464,11.277065123282));
#11296=CARTESIAN_POINT('Ctrl Pts',(9.70000017881393,2.88923740401881,11.2846903548997));
#11297=CARTESIAN_POINT('Ctrl Pts',(9.70000017881393,2.89111742487315,11.2923353534922));
#11298=CARTESIAN_POINT('Ctrl Pts',(9.70000017881393,2.89301581498172,11.3));
#11299=CARTESIAN_POINT('Origin',(10.4500001788139,1.925,3.85));
#11300=CARTESIAN_POINT('',(10.6000001788139,1.925,3.85));
#11301=CARTESIAN_POINT('Origin',(10.6000001788139,1.625,-9.05245550741895E-8));
#11302=CARTESIAN_POINT('Origin',(10.6000001788139,-1.375,4.39999990165234));
#11303=CARTESIAN_POINT('Origin',(11.0900001788139,1.625,-9.05245550741895E-8));
#11304=CARTESIAN_POINT('Origin',(5.85000017881393,-1.76773089546744,11.4258708637048));
#11305=CARTESIAN_POINT('',(5.85000017881393,-2.01328497132836,11.8029692538208));
#11306=CARTESIAN_POINT('Origin',(12.0000001788139,-0.578786805627076,12.737067305246));
#11307=CARTESIAN_POINT('',(11.5500001788139,0.0444493996400586,13.1428982354188));
#11308=CARTESIAN_POINT('Origin',(12.0000001788139,1.025,13.));
#11309=CARTESIAN_POINT('',(12.0000001788139,0.29000347550098,12.7657998453028));
#11310=CARTESIAN_POINT('Origin',(11.5500001788139,0.29000347550098,12.7657998453028));
#11311=CARTESIAN_POINT('Origin',(12.0000001788139,-0.269267897099923,7.2859807821959));
#11312=CARTESIAN_POINT('Origin',(10.5000001788139,0.707954427976643,9.72743303404853));
#11313=CARTESIAN_POINT('',(10.5000001788139,0.390908855953287,8.35671431275527));
#11314=CARTESIAN_POINT('Origin',(10.5000001788139,1.85,9.72457871881475));
#11315=CARTESIAN_POINT('',(10.5000001788139,0.402454033360007,11.1046550480315));
#11316=CARTESIAN_POINT('Ctrl Pts',(10.5000001788139,0.390908855953274,8.35671431275521));
#11317=CARTESIAN_POINT('Ctrl Pts',(10.5000001788139,0.410200984056096,8.44979004148978));
#11318=CARTESIAN_POINT('Ctrl Pts',(10.5000001788139,0.427900967743621,8.54257249776367));
#11319=CARTESIAN_POINT('Ctrl Pts',(10.5000001788139,0.443949172893694,8.6350506969919));
#11320=CARTESIAN_POINT('Ctrl Pts',(10.5000001788139,0.461493675080068,8.73615134677666));
#11321=CARTESIAN_POINT('Ctrl Pts',(10.5000001788139,0.477063541234747,8.83688826927495));
#11322=CARTESIAN_POINT('Ctrl Pts',(10.5000001788139,0.490518162653996,8.93723556441138));
#11323=CARTESIAN_POINT('Ctrl Pts',(10.5000001788139,0.50922374934751,9.07674562345688));
#11324=CARTESIAN_POINT('Ctrl Pts',(10.5000001788139,0.523835294065,9.21550156136089));
#11325=CARTESIAN_POINT('Ctrl Pts',(10.5000001788139,0.533883250586153,9.35341688786947));
#11326=CARTESIAN_POINT('Ctrl Pts',(10.5000001788139,0.539893897164136,9.43591727325481));
#11327=CARTESIAN_POINT('Ctrl Pts',(10.5000001788139,0.544269662752078,9.51811651411718));
#11328=CARTESIAN_POINT('Ctrl Pts',(10.5000001788139,0.546930605065427,9.599999885115));
#11329=CARTESIAN_POINT('Ctrl Pts',(10.5000001788139,0.549352796765993,9.67453634562009));
#11330=CARTESIAN_POINT('Ctrl Pts',(10.5000001788139,0.550352748727364,9.74881083004844));
#11331=CARTESIAN_POINT('Ctrl Pts',(10.5000001788139,0.549908819990487,9.82281935214279));
#11332=CARTESIAN_POINT('Ctrl Pts',(10.5000001788139,0.5494308273389,9.90250675865029));
#11333=CARTESIAN_POINT('Ctrl Pts',(10.5000001788139,0.547278896824882,9.98188582637233));
#11334=CARTESIAN_POINT('Ctrl Pts',(10.5000001788139,0.543492073094138,10.0609637473194));
#11335=CARTESIAN_POINT('Ctrl Pts',(10.5000001788139,0.538678081861157,10.1614913781862));
#11336=CARTESIAN_POINT('Ctrl Pts',(10.5000001788139,0.531223620413937,10.2615326353368));
#11337=CARTESIAN_POINT('Ctrl Pts',(10.5000001788139,0.521299394624422,10.361118962735));
#11338=CARTESIAN_POINT('Ctrl Pts',(10.5000001788139,0.508815505968704,10.4863906614286));
#11339=CARTESIAN_POINT('Ctrl Pts',(10.5000001788139,0.492433839415817,10.6109443907583));
#11340=CARTESIAN_POINT('Ctrl Pts',(10.5000001788139,0.472521947224374,10.7348478537256));
#11341=CARTESIAN_POINT('Ctrl Pts',(10.5000001788139,0.458245363735955,10.8236851232603));
#11342=CARTESIAN_POINT('Ctrl Pts',(10.5000001788139,0.442154397645305,10.9121881841364));
#11343=CARTESIAN_POINT('Ctrl Pts',(10.5000001788139,0.424344861377016,11.0003746849702));
#11344=CARTESIAN_POINT('Ctrl Pts',(10.5000001788139,0.417315011776732,11.0351840044437));
#11345=CARTESIAN_POINT('Ctrl Pts',(10.5000001788139,0.410016870907004,11.0699439047566));
#11346=CARTESIAN_POINT('Ctrl Pts',(10.5000001788139,0.402454033360007,11.1046550480315));
#11347=CARTESIAN_POINT('Origin',(10.5000001788139,1.85,9.72457871881475));
#11348=CARTESIAN_POINT('Ctrl Pts',(12.0000001788139,0.185421878682252,7.43961616722183));
#11349=CARTESIAN_POINT('Ctrl Pts',(9.19000017881393,0.185421878682252,7.43961616722183));
#11350=CARTESIAN_POINT('Ctrl Pts',(12.0000001788139,0.219734339949458,7.59169293377746));
#11351=CARTESIAN_POINT('Ctrl Pts',(9.19000017881393,0.219734339949458,7.59169293377746));
#11352=CARTESIAN_POINT('Ctrl Pts',(12.0000001788139,0.254046801216664,7.7437697003331));
#11353=CARTESIAN_POINT('Ctrl Pts',(9.19000017881393,0.254046801216664,7.7437697003331));
#11354=CARTESIAN_POINT('Ctrl Pts',(12.0000001788139,0.288359262483871,7.89584646688873));
#11355=CARTESIAN_POINT('Ctrl Pts',(9.19000017881393,0.288359262483871,7.89584646688873));
#11356=CARTESIAN_POINT('Ctrl Pts',(12.0000001788139,0.322671723751077,8.04792323344437));
#11357=CARTESIAN_POINT('Ctrl Pts',(9.19000017881393,0.322671723751077,8.04792323344437));
#11358=CARTESIAN_POINT('Ctrl Pts',(12.0000001788139,0.356984185018283,8.2));
#11359=CARTESIAN_POINT('Ctrl Pts',(9.19000017881393,0.356984185018283,8.2));
#11360=CARTESIAN_POINT('Ctrl Pts',(12.0000001788139,0.371579580246984,8.26468846684291));
#11361=CARTESIAN_POINT('Ctrl Pts',(9.19000017881393,0.371579580246984,8.26468846684291));
#11362=CARTESIAN_POINT('Ctrl Pts',(12.0000001788139,0.399501278999803,8.39383163426768));
#11363=CARTESIAN_POINT('Ctrl Pts',(9.19000017881393,0.399501278999803,8.39383163426768));
#11364=CARTESIAN_POINT('Ctrl Pts',(12.0000001788139,0.437576695142743,8.58684511298572));
#11365=CARTESIAN_POINT('Ctrl Pts',(9.19000017881393,0.437576695142743,8.58684511298572));
#11366=CARTESIAN_POINT('Ctrl Pts',(12.0000001788139,0.480603146011238,8.84277057061689));
#11367=CARTESIAN_POINT('Ctrl Pts',(9.19000017881393,0.480603146011238,8.84277057061689));
#11368=CARTESIAN_POINT('Ctrl Pts',(12.0000001788139,0.520604552071898,9.16013881602028));
#11369=CARTESIAN_POINT('Ctrl Pts',(9.19000017881393,0.520604552071898,9.16013881602028));
#11370=CARTESIAN_POINT('Ctrl Pts',(12.0000001788139,0.545574142155951,9.47473820602681));
#11371=CARTESIAN_POINT('Ctrl Pts',(9.19000017881393,0.545574142155951,9.47473820602681));
#11372=CARTESIAN_POINT('Ctrl Pts',(12.0000001788139,0.55425598071063,9.78633739773525));
#11373=CARTESIAN_POINT('Ctrl Pts',(9.19000017881393,0.55425598071063,9.78633739773525));
#11374=CARTESIAN_POINT('Ctrl Pts',(12.0000001788139,0.545911839769517,10.0948004098058));
#11375=CARTESIAN_POINT('Ctrl Pts',(9.19000017881393,0.545911839769517,10.0948004098058));
#11376=CARTESIAN_POINT('Ctrl Pts',(12.0000001788139,0.521148264994744,10.4002389677442));
#11377=CARTESIAN_POINT('Ctrl Pts',(9.19000017881393,0.521148264994744,10.4002389677442));
#11378=CARTESIAN_POINT('Ctrl Pts',(12.0000001788139,0.481176601087653,10.7028762008336));
#11379=CARTESIAN_POINT('Ctrl Pts',(9.19000017881393,0.481176601087653,10.7028762008336));
#11380=CARTESIAN_POINT('Ctrl Pts',(12.0000001788139,0.438016882385394,10.9429261953151));
#11381=CARTESIAN_POINT('Ctrl Pts',(9.19000017881393,0.438016882385394,10.9429261953151));
#11382=CARTESIAN_POINT('Ctrl Pts',(12.0000001788139,0.399754711486,11.1218783164388));
#11383=CARTESIAN_POINT('Ctrl Pts',(9.19000017881393,0.399754711486,11.1218783164388));
#11384=CARTESIAN_POINT('Ctrl Pts',(12.0000001788139,0.371670402919023,11.2407051963458));
#11385=CARTESIAN_POINT('Ctrl Pts',(9.19000017881393,0.371670402919023,11.2407051963458));
#11386=CARTESIAN_POINT('Ctrl Pts',(12.0000001788139,0.356984185018283,11.3));
#11387=CARTESIAN_POINT('Ctrl Pts',(9.19000017881393,0.356984185018283,11.3));
#11388=CARTESIAN_POINT('Ctrl Pts',(12.0000001788139,0.348895987432019,11.3326556565506));
#11389=CARTESIAN_POINT('Ctrl Pts',(9.19000017881393,0.348895987432019,11.3326556565506));
#11390=CARTESIAN_POINT('Ctrl Pts',(12.0000001788139,0.340807789845755,11.3653113131012));
#11391=CARTESIAN_POINT('Ctrl Pts',(9.19000017881393,0.340807789845755,11.3653113131012));
#11392=CARTESIAN_POINT('Ctrl Pts',(12.0000001788139,0.33271959225949,11.3979669696518));
#11393=CARTESIAN_POINT('Ctrl Pts',(9.19000017881393,0.33271959225949,11.3979669696518));
#11394=CARTESIAN_POINT('Ctrl Pts',(12.0000001788139,0.324631394673226,11.4306226262024));
#11395=CARTESIAN_POINT('Ctrl Pts',(9.19000017881393,0.324631394673226,11.4306226262024));
#11396=CARTESIAN_POINT('Ctrl Pts',(12.0000001788139,0.316543197086962,11.463278282753));
#11397=CARTESIAN_POINT('Ctrl Pts',(9.19000017881393,0.316543197086962,11.463278282753));
#11398=CARTESIAN_POINT('',(5.40000017881393,0.402454033360007,11.1046550480315));
#11399=CARTESIAN_POINT('',(9.70000017881393,0.390908855953287,8.35671431275527));
#11400=CARTESIAN_POINT('',(5.40000017881393,0.390908855953287,8.35671431275527));
#11401=CARTESIAN_POINT('Ctrl Pts',(9.70000017881393,0.390908855953287,8.35671431275527));
#11402=CARTESIAN_POINT('Ctrl Pts',(9.65000017881393,0.390908855953287,8.35671431275527));
#11403=CARTESIAN_POINT('Ctrl Pts',(9.60000017881394,0.390908855953288,8.35671431275527));
#11404=CARTESIAN_POINT('Ctrl Pts',(9.55000017881394,0.390908855953288,8.35671431275527));
#11405=CARTESIAN_POINT('Origin',(5.40000017881393,1.85,9.72457871881475));
#11406=CARTESIAN_POINT('Origin',(12.0000001788139,3.82878680562708,12.737067305246));
#11407=CARTESIAN_POINT('',(11.5500001788139,3.20555060035994,13.1428982354188));
#11408=CARTESIAN_POINT('Origin',(12.0000001788139,2.90751910681866,7.5));
#11409=CARTESIAN_POINT('',(12.0000001788139,2.90751910681866,7.5));
#11410=CARTESIAN_POINT('Origin',(11.5500001788139,2.95999652449902,12.7657998453028));
#11411=CARTESIAN_POINT('Origin',(12.0000001788139,2.90667195594091,7.5));
#11412=CARTESIAN_POINT('Origin',(10.5000001788139,2.54204557202336,9.72743303404853));
#11413=CARTESIAN_POINT('Origin',(9.70000017881393,3.36877298332,9.7610615450341));
#11414=CARTESIAN_POINT('',(0.,0.,0.));
#11415=CARTESIAN_POINT('Origin',(5.55000017881393,4.285,-5.14717761485264));
#11416=CARTESIAN_POINT('',(5.40000017881393,4.285,-4.54999990165234));
#11417=CARTESIAN_POINT('',(5.55000017881393,4.135,-4.54999990165234));
#11418=CARTESIAN_POINT('Origin',(5.55000017881393,4.285,-4.54999990165234));
#11419=CARTESIAN_POINT('',(5.40000017881393,4.285,-6.35730771040774));
#11420=CARTESIAN_POINT('',(5.40000017881393,4.285,-5.14717761485264));
#11421=CARTESIAN_POINT('',(5.55000017881393,4.135,-6.29435522970528));
#11422=CARTESIAN_POINT('Origin',(5.55000017881393,4.285,-6.35730771040774));
#11423=CARTESIAN_POINT('',(5.55000017881393,4.135,-5.14717761485264));
#11424=CARTESIAN_POINT('Origin',(5.55000017881393,3.985,-4.54999990165234));
#11425=CARTESIAN_POINT('',(5.55000017881393,3.985,-4.39999990165234));
#11426=CARTESIAN_POINT('Origin',(5.55000017881393,3.985,-4.54999990165234));
#11427=CARTESIAN_POINT('',(5.40000017881393,3.985,-4.24999990165234));
#11428=CARTESIAN_POINT('Origin',(5.55000017881393,3.985,-4.24999990165234));
#11429=CARTESIAN_POINT('Origin',(5.40000017881393,3.985,-4.54999990165234));
#11430=CARTESIAN_POINT('Origin',(5.40000017881393,2.225,-4.));
#11431=CARTESIAN_POINT('',(5.40000017881393,-0.735000000000001,-4.24999990165234));
#11432=CARTESIAN_POINT('',(5.40000017881393,0.425,-4.24999990165234));
#11433=CARTESIAN_POINT('',(5.40000017881393,-1.035,-4.54999990165234));
#11434=CARTESIAN_POINT('Origin',(5.40000017881393,-0.735000000000001,-4.54999990165234));
#11435=CARTESIAN_POINT('',(5.40000017881393,-1.035,-6.35730771040775));
#11436=CARTESIAN_POINT('',(5.40000017881393,-1.035,-5.14717761485264));
#11437=CARTESIAN_POINT('',(5.40000017881393,0.607785297790518,-7.96975604013334));
#11438=CARTESIAN_POINT('',(5.40000017881393,0.0725324221767248,-7.44438756597846));
#11439=CARTESIAN_POINT('',(5.40000017881393,0.633999467998775,-11.4976671842255));
#11440=CARTESIAN_POINT('Origin',(5.40000017881393,1.85,-9.72457871881475));
#11441=CARTESIAN_POINT('',(5.40000017881393,-0.0483139461229407,-12.545498661336));
#11442=CARTESIAN_POINT('',(5.40000017881393,2.12262907328403,-9.21157266242234));
#11443=CARTESIAN_POINT('',(5.40000017881393,-0.207533266394151,-12.4418202737503));
#11444=CARTESIAN_POINT('',(5.40000017881393,-1.76773089546744,-11.4258708637048));
#11445=CARTESIAN_POINT('',(5.40000017881393,0.377582378028845,-11.5432558057405));
#11446=CARTESIAN_POINT('',(5.40000017881393,2.42984691912883,-8.39158482724976));
#11447=CARTESIAN_POINT('',(5.40000017881393,0.320300174758972,-7.95381096310607));
#11448=CARTESIAN_POINT('Origin',(5.40000017881393,1.85,-9.72457871881475));
#11449=CARTESIAN_POINT('',(5.40000017881393,-1.225,-6.43704751929753));
#11450=CARTESIAN_POINT('',(5.40000017881393,-0.978044923631883,-6.67944212858859));
#11451=CARTESIAN_POINT('',(5.40000017881393,-1.225,-4.15));
#11452=CARTESIAN_POINT('',(5.40000017881393,-1.225,-4.));
#11453=CARTESIAN_POINT('',(5.40000017881393,4.475,-4.15));
#11454=CARTESIAN_POINT('',(5.40000017881393,2.225,-4.15));
#11455=CARTESIAN_POINT('',(5.40000017881393,4.475,-6.43704751929753));
#11456=CARTESIAN_POINT('',(5.40000017881393,4.475,-6.25));
#11457=CARTESIAN_POINT('',(5.40000017881393,2.92969982524103,-7.95381096310607));
#11458=CARTESIAN_POINT('',(5.40000017881393,4.53363610453081,-6.37949423528685));
#11459=CARTESIAN_POINT('',(5.40000017881393,2.87241762197116,-11.5432558057405));
#11460=CARTESIAN_POINT('Origin',(5.40000017881393,1.4,-9.72457871881475));
#11461=CARTESIAN_POINT('',(5.40000017881393,3.45753326639415,-12.4418202737503));
#11462=CARTESIAN_POINT('',(5.40000017881393,0.998810278417571,-8.66594941004555));
#11463=CARTESIAN_POINT('',(5.40000017881393,3.29831394612294,-12.545498661336));
#11464=CARTESIAN_POINT('',(5.40000017881393,5.01773089546744,-11.4258708637048));
#11465=CARTESIAN_POINT('',(5.40000017881393,2.61600053200122,-11.4976671842255));
#11466=CARTESIAN_POINT('',(5.40000017881393,1.30602812426238,-9.48593724521813));
#11467=CARTESIAN_POINT('',(5.40000017881393,2.64221470220948,-7.96975604013334));
#11468=CARTESIAN_POINT('Origin',(5.40000017881393,1.4,-9.72457871881475));
#11469=CARTESIAN_POINT('',(5.40000017881393,3.4830587587222,-7.14443967267671));
#11470=CARTESIAN_POINT('Origin',(10.4500001788139,2.99541798898523,-4.15));
#11471=CARTESIAN_POINT('',(10.4500001788139,4.475,-4.));
#11472=CARTESIAN_POINT('',(10.6000001788139,4.475,-4.15));
#11473=CARTESIAN_POINT('Origin',(10.4500001788139,4.475,-4.15));
#11474=CARTESIAN_POINT('',(10.4500001788139,3.56,-4.));
#11475=CARTESIAN_POINT('',(10.4500001788139,2.99541798898523,-4.));
#11476=CARTESIAN_POINT('',(10.6000001788139,3.56,-4.15));
#11477=CARTESIAN_POINT('Origin',(10.4500001788139,3.56,-4.15));
#11478=CARTESIAN_POINT('',(10.6000001788139,2.99541798898523,-4.15));
#11479=CARTESIAN_POINT('Origin',(10.3500001788139,4.475,-4.15));
#11480=CARTESIAN_POINT('',(10.4500001788139,4.625,-4.15));
#11481=CARTESIAN_POINT('Origin',(10.4500001788139,4.475,-4.15));
#11482=CARTESIAN_POINT('',(5.55000017881393,4.625,-4.15));
#11483=CARTESIAN_POINT('',(10.3500001788139,4.625,-4.15));
#11484=CARTESIAN_POINT('',(5.55000017881393,4.475,-4.));
#11485=CARTESIAN_POINT('Origin',(5.55000017881393,4.475,-4.15));
#11486=CARTESIAN_POINT('',(10.3500001788139,4.475,-4.));
#11487=CARTESIAN_POINT('Origin',(5.55000017881393,2.225,-4.15));
#11488=CARTESIAN_POINT('',(5.55000017881393,-1.225,-4.));
#11489=CARTESIAN_POINT('Origin',(5.55000017881393,-1.225,-4.15));
#11490=CARTESIAN_POINT('',(5.55000017881393,2.225,-4.));
#11491=CARTESIAN_POINT('Origin',(5.55000017881393,4.475,-4.15));
#11492=CARTESIAN_POINT('Origin',(11.3000001788139,-1.225,-4.15));
#11493=CARTESIAN_POINT('',(10.4500001788139,-1.225,-4.));
#11494=CARTESIAN_POINT('',(10.4500001788139,-1.375,-4.15));
#11495=CARTESIAN_POINT('Origin',(10.4500001788139,-1.225,-4.15));
#11496=CARTESIAN_POINT('',(11.3000001788139,-1.225,-4.));
#11497=CARTESIAN_POINT('',(5.55000017881393,-1.375,-4.15));
#11498=CARTESIAN_POINT('Origin',(5.55000017881393,-1.225,-4.15));
#11499=CARTESIAN_POINT('',(11.3000001788139,-1.375,-4.15));
#11500=CARTESIAN_POINT('Origin',(10.4500001788139,2.99541798898523,-4.15));
#11501=CARTESIAN_POINT('',(10.6000001788139,-1.225,-4.15));
#11502=CARTESIAN_POINT('Origin',(10.4500001788139,-1.225,-4.15));
#11503=CARTESIAN_POINT('',(10.6000001788139,-0.310000000000001,-4.15));
#11504=CARTESIAN_POINT('',(10.6000001788139,2.99541798898523,-4.15));
#11505=CARTESIAN_POINT('',(10.4500001788139,-0.310000000000001,-4.));
#11506=CARTESIAN_POINT('Origin',(10.4500001788139,-0.310000000000001,-4.15));
#11507=CARTESIAN_POINT('',(10.4500001788139,2.99541798898523,-4.));
#11508=CARTESIAN_POINT('Origin',(10.4500001788139,-1.225,-4.15));
#11509=CARTESIAN_POINT('Origin',(10.4500001788139,-1.225,-4.15));
#11510=CARTESIAN_POINT('Origin',(5.55000017881393,-1.225,-4.15));
#11511=CARTESIAN_POINT('Origin',(5.55000017881393,-1.225,-4.15));
#11512=CARTESIAN_POINT('Origin',(5.55000017881393,4.475,-4.15));
#11513=CARTESIAN_POINT('Origin',(5.55000017881393,4.475,-4.15));
#11514=CARTESIAN_POINT('Origin',(10.4500001788139,4.475,-4.15));
#11515=CARTESIAN_POINT('Origin',(10.4500001788139,4.475,-4.15));
#11516=CARTESIAN_POINT('Origin',(10.4500001788139,4.475,-7.125));
#11517=CARTESIAN_POINT('',(10.6000001788139,4.475,-6.43704751929753));
#11518=CARTESIAN_POINT('',(10.6000001788139,4.475,-7.125));
#11519=CARTESIAN_POINT('',(10.4500001788139,4.625,-6.5));
#11520=CARTESIAN_POINT('Origin',(10.4500001788139,4.475,-6.43704751929753));
#11521=CARTESIAN_POINT('',(10.4500001788139,4.625,-7.125));
#11522=CARTESIAN_POINT('Origin',(8.70000017881393,4.625,-8.5));
#11523=CARTESIAN_POINT('',(5.55000017881393,4.625,-6.5));
#11524=CARTESIAN_POINT('',(10.3500001788139,4.625,-6.5));
#11525=CARTESIAN_POINT('',(5.55000017881393,4.625,-6.25));
#11526=CARTESIAN_POINT('Origin',(5.55000017881393,4.475,-6.25));
#11527=CARTESIAN_POINT('Origin',(5.55000017881393,4.475,-6.43704751929753));
#11528=CARTESIAN_POINT('Origin',(5.55000017881393,-1.225,-4.));
#11529=CARTESIAN_POINT('',(5.55000017881393,-1.375,-6.5));
#11530=CARTESIAN_POINT('Origin',(5.55000017881393,-1.225,-6.43704751929753));
#11531=CARTESIAN_POINT('',(5.55000017881393,-1.375,-4.));
#11532=CARTESIAN_POINT('Origin',(10.6000001788139,-1.375,-4.));
#11533=CARTESIAN_POINT('',(10.4500001788139,-1.375,-6.5));
#11534=CARTESIAN_POINT('',(10.3500001788139,-1.375,-6.5));
#11535=CARTESIAN_POINT('',(10.4500001788139,-1.375,-4.875));
#11536=CARTESIAN_POINT('Origin',(10.4500001788139,-1.225,-4.875));
#11537=CARTESIAN_POINT('',(10.6000001788139,-1.225,-6.43704751929753));
#11538=CARTESIAN_POINT('Origin',(10.4500001788139,-1.225,-6.43704751929753));
#11539=CARTESIAN_POINT('',(10.6000001788139,-1.225,-4.875));
#11540=CARTESIAN_POINT('Origin',(10.6000001788139,3.76583597797045,-5.75));
#11541=CARTESIAN_POINT('',(10.6000001788139,-0.311479730910642,-7.33369800310984));
#11542=CARTESIAN_POINT('',(10.6000001788139,-0.148232674167219,-7.4939304110408));
#11543=CARTESIAN_POINT('',(10.6000001788139,-0.206301630964713,-7.21480227702192));
#11544=CARTESIAN_POINT('',(10.6000001788139,0.0577369288342916,-6.91632705928504));
#11545=CARTESIAN_POINT('',(10.6000001788139,-0.135561669550952,-7.17007548293049));
#11546=CARTESIAN_POINT('Origin',(10.6000001788139,-0.0939526678114103,-7.31418894855477));
#11547=CARTESIAN_POINT('',(10.6000001788139,-0.985000000000002,-6.33632355017359));
#11548=CARTESIAN_POINT('',(10.6000001788139,0.937368997658048,-8.22319256681197));
#11549=CARTESIAN_POINT('',(10.6000001788139,-0.985000000000001,-4.54999990165234));
#11550=CARTESIAN_POINT('',(10.6000001788139,-0.985000000000001,-6.02217761485264));
#11551=CARTESIAN_POINT('',(10.6000001788139,-0.879722166852887,-4.34614825358099));
#11552=CARTESIAN_POINT('Origin',(10.6000001788139,-0.735000000000001,-4.54999990165234));
#11553=CARTESIAN_POINT('',(10.6000001788139,-0.275038850904924,-4.34614824473622));
#11554=CARTESIAN_POINT('',(10.6000001788139,0.124999999999999,-4.34614825358099));
#11555=CARTESIAN_POINT('',(10.6000001788139,-0.310000000000001,-4.24985701534305));
#11556=CARTESIAN_POINT('Ctrl Pts',(10.6000001788139,-0.310000000000001,
-4.24985701534306));
#11557=CARTESIAN_POINT('Ctrl Pts',(10.6000001788139,-0.310000000000001,
-4.26837765713158));
#11558=CARTESIAN_POINT('Ctrl Pts',(10.6000001788139,-0.305665551199543,
-4.29017566074773));
#11559=CARTESIAN_POINT('Ctrl Pts',(10.6000001788139,-0.293133496520688,
-4.32043537776414));
#11560=CARTESIAN_POINT('Ctrl Pts',(10.6000001788139,-0.284754153525437,
-4.33453475862558));
#11561=CARTESIAN_POINT('Ctrl Pts',(10.6000001788139,-0.275038846552043,
-4.3461482410948));
#11562=CARTESIAN_POINT('',(10.6000001788139,-0.310000000000001,-5.07499995082617));
#11563=CARTESIAN_POINT('Origin',(10.5200001788139,4.215,-6.02217761485264));
#11564=CARTESIAN_POINT('',(10.5200001788139,4.135,-4.54999990165234));
#11565=CARTESIAN_POINT('',(10.6000001788139,4.215,-4.54999990165234));
#11566=CARTESIAN_POINT('Origin',(10.5200001788139,4.215,-4.54999990165234));
#11567=CARTESIAN_POINT('',(10.5200001788139,4.135,-6.29718626176991));
#11568=CARTESIAN_POINT('',(10.5200001788139,4.135,-6.02217761485264));
#11569=CARTESIAN_POINT('',(10.6000001788139,4.215,-6.35595421441065));
#11570=CARTESIAN_POINT('Ctrl Pts',(10.5200001788139,4.135,-6.29718626176991));
#11571=CARTESIAN_POINT('Ctrl Pts',(10.5301252781112,4.135,-6.30008226396713));
#11572=CARTESIAN_POINT('Ctrl Pts',(10.5408109135344,4.13705219785836,-6.30357698746162));
#11573=CARTESIAN_POINT('Ctrl Pts',(10.5601927950246,4.14503364299608,-6.31163344980418));
#11574=CARTESIAN_POINT('Ctrl Pts',(10.5688891505831,4.15096972828307,-6.31618814791708));
#11575=CARTESIAN_POINT('Ctrl Pts',(10.5832253257821,4.16487502808498,-6.3258115422976));
#11576=CARTESIAN_POINT('Ctrl Pts',(10.5896077409746,4.17410712104661,-6.33162661417734));
#11577=CARTESIAN_POINT('Ctrl Pts',(10.5979966804647,4.19414304024196,-6.34376453587837));
#11578=CARTESIAN_POINT('Ctrl Pts',(10.6000001788139,4.20495451026227,-6.35007685585684));
#11579=CARTESIAN_POINT('Ctrl Pts',(10.6000001788139,4.215,-6.35595421441065));
#11580=CARTESIAN_POINT('',(10.6000001788139,4.215,-6.02217761485264));
#11581=CARTESIAN_POINT('Origin',(10.5200001788139,3.985,-4.54999990165234));
#11582=CARTESIAN_POINT('',(10.5997911275155,4.09401465461439,-4.35406479871498));
#11583=CARTESIAN_POINT('',(10.6000001788139,4.09797464908263,-4.34965837159777));
#11584=CARTESIAN_POINT('Ctrl Pts',(10.5997911275147,4.09401465461427,-4.35406479871479));
#11585=CARTESIAN_POINT('Ctrl Pts',(10.5999367186883,4.09543764168599,-4.35255641073251));
#11586=CARTESIAN_POINT('Ctrl Pts',(10.6000001788139,4.09675454973358,-4.35108257941599));
#11587=CARTESIAN_POINT('Ctrl Pts',(10.6000001788139,4.09797464908264,-4.34965837159778));
#11588=CARTESIAN_POINT('',(10.6000001788139,4.09151058904444,-4.34614825358099));
#11589=CARTESIAN_POINT('Ctrl Pts',(10.6000001788139,4.09151058904444,-4.34614825358099));
#11590=CARTESIAN_POINT('Ctrl Pts',(10.6000001788139,4.09156737932716,-4.3463168208559));
#11591=CARTESIAN_POINT('Ctrl Pts',(10.5999998946651,4.09162396086491,-4.34648545764324));
#11592=CARTESIAN_POINT('Ctrl Pts',(10.599991022204,4.09250300281451,-4.34911608687111));
#11593=CARTESIAN_POINT('Ctrl Pts',(10.5999220614673,4.09327975628173,-4.35158736437438));
#11594=CARTESIAN_POINT('Ctrl Pts',(10.5997911275169,4.09401465465654,-4.35406479870256));
#11595=CARTESIAN_POINT('',(10.6000001788139,3.87848941095556,-4.34614825358099));
#11596=CARTESIAN_POINT('Origin',(10.6000001788139,3.985,-4.54999990165234));
#11597=CARTESIAN_POINT('',(10.5900001788139,3.86632280502369,-4.39999990165234));
#11598=CARTESIAN_POINT('Ctrl Pts',(10.5900001788139,3.86632280502369,-4.39999990165234));
#11599=CARTESIAN_POINT('Ctrl Pts',(10.5932752110903,3.86754421003736,-4.3914856864868));
#11600=CARTESIAN_POINT('Ctrl Pts',(10.5957453272755,3.86903021680069,-4.38274540897026));
#11601=CARTESIAN_POINT('Ctrl Pts',(10.5991276450594,3.87291336374177,-4.36477989615878));
#11602=CARTESIAN_POINT('Ctrl Pts',(10.5999689960778,3.87531475162913,-4.35564669550193));
#11603=CARTESIAN_POINT('Ctrl Pts',(10.5999998946651,3.8783760391351,-4.34648545764324));
#11604=CARTESIAN_POINT('Ctrl Pts',(10.6000001788139,3.87843262067284,-4.3463168208559));
#11605=CARTESIAN_POINT('Ctrl Pts',(10.6000001788139,3.87848941095556,-4.34614825358099));
#11606=CARTESIAN_POINT('',(10.5200001788139,3.985,-4.39999990165234));
#11607=CARTESIAN_POINT('Ctrl Pts',(10.5200001788139,3.985,-4.39999990165234));
#11608=CARTESIAN_POINT('Ctrl Pts',(10.5424098045387,3.95431435621323,-4.39999990165234));
#11609=CARTESIAN_POINT('Ctrl Pts',(10.5689420484146,3.91723185197032,-4.39999990165234));
#11610=CARTESIAN_POINT('Ctrl Pts',(10.5860067152892,3.87722360691187,-4.39999990165234));
#11611=CARTESIAN_POINT('Ctrl Pts',(10.5880963246702,3.87186862856783,-4.39999990165234));
#11612=CARTESIAN_POINT('Ctrl Pts',(10.5900001788139,3.86632280502369,-4.39999990165234));
#11613=CARTESIAN_POINT('Origin',(10.5200001788139,3.985,-4.54999990165234));
#11614=CARTESIAN_POINT('Origin',(10.6000001788139,3.985,-4.54999990165234));
#11615=CARTESIAN_POINT('Origin',(10.4500001788139,0.124999999999999,-4.34614825358099));
#11616=CARTESIAN_POINT('',(10.6000001788139,3.52503885090492,-4.34614824473622));
#11617=CARTESIAN_POINT('',(10.6000001788139,0.124999999999999,-4.34614825358099));
#11618=CARTESIAN_POINT('',(10.5900001788139,3.41,-4.39999990165234));
#11619=CARTESIAN_POINT('Ctrl Pts',(10.6000001788139,3.52503883610667,-4.34614825358099));
#11620=CARTESIAN_POINT('Ctrl Pts',(10.6000001788139,3.51504186277988,-4.35809843170657));
#11621=CARTESIAN_POINT('Ctrl Pts',(10.5985809549663,3.50327587879619,-4.36841421086831));
#11622=CARTESIAN_POINT('Ctrl Pts',(10.5951671217374,3.47743118122883,-4.38481117175626));
#11623=CARTESIAN_POINT('Ctrl Pts',(10.5932149014359,3.46349825879031,-4.39094617054383));
#11624=CARTESIAN_POINT('Ctrl Pts',(10.590692993932,3.43614747572243,-4.39828754353055));
#11625=CARTESIAN_POINT('Ctrl Pts',(10.5900001788139,3.42311597917952,-4.39999990165234));
#11626=CARTESIAN_POINT('Ctrl Pts',(10.5900001788139,3.41,-4.39999990165234));
#11627=CARTESIAN_POINT('',(10.5900001788139,0.124999999999999,-4.39999990165234));
#11628=CARTESIAN_POINT('Origin',(10.4500001788139,0.124999999999999,-4.34614825358099));
#11629=CARTESIAN_POINT('',(10.6000001788139,4.10089511087684,-4.34614825358098));
#11630=CARTESIAN_POINT('Ctrl Pts',(10.6000001788139,4.10089511087684,-4.34614825358098));
#11631=CARTESIAN_POINT('Ctrl Pts',(10.6000001788139,4.09994445485782,-4.34732501019801));
#11632=CARTESIAN_POINT('Ctrl Pts',(10.6000001788139,4.09896989913078,-4.34849662776058));
#11633=CARTESIAN_POINT('Ctrl Pts',(10.6000001788139,4.09797464907929,-4.3496583716017));
#11634=CARTESIAN_POINT('',(10.6000001788139,0.124999999999999,-4.34614825358099));
#11635=CARTESIAN_POINT('Origin',(10.6000001788139,3.76583597797045,-5.75));
#11636=CARTESIAN_POINT('',(10.6000001788139,3.56,-4.24985701534305));
#11637=CARTESIAN_POINT('',(10.6000001788139,3.56,-4.3729883182044));
#11638=CARTESIAN_POINT('Ctrl Pts',(10.6000001788139,3.52503884655204,-4.3461482410948));
#11639=CARTESIAN_POINT('Ctrl Pts',(10.6000001788139,3.53475415352543,-4.33453475862558));
#11640=CARTESIAN_POINT('Ctrl Pts',(10.6000001788139,3.54313349652069,-4.32043537776414));
#11641=CARTESIAN_POINT('Ctrl Pts',(10.6000001788139,3.55566555119954,-4.29017566074772));
#11642=CARTESIAN_POINT('Ctrl Pts',(10.6000001788139,3.56,-4.26837765713158));
#11643=CARTESIAN_POINT('Ctrl Pts',(10.6000001788139,3.56,-4.24985701534305));
#11644=CARTESIAN_POINT('',(10.6000001788139,3.38556166955095,-7.17007548293049));
#11645=CARTESIAN_POINT('',(10.6000001788139,3.40299866004012,-7.15296049765061));
#11646=CARTESIAN_POINT('',(10.6000001788139,3.45630163096471,-7.21480227702192));
#11647=CARTESIAN_POINT('Origin',(10.6000001788139,3.34395266781141,-7.31418894855477));
#11648=CARTESIAN_POINT('',(10.6000001788139,3.56147973091064,-7.33369800310984));
#11649=CARTESIAN_POINT('',(10.6000001788139,3.19226307116571,-6.91632705928504));
#11650=CARTESIAN_POINT('',(10.6000001788139,4.48860033186538,-6.42369834187943));
#11651=CARTESIAN_POINT('Origin',(10.5000001788139,3.40299866004012,-7.15296049765061));
#11652=CARTESIAN_POINT('',(10.5648796657708,3.24456599620711,-7.20183998546467));
#11653=CARTESIAN_POINT('Ctrl Pts',(10.5648796657708,3.24456599620711,-7.20183998546467));
#11654=CARTESIAN_POINT('Ctrl Pts',(10.565394696234,3.25091521116045,-7.19622331287459));
#11655=CARTESIAN_POINT('Ctrl Pts',(10.5667594418489,3.25769919728185,-7.19118371820264));
#11656=CARTESIAN_POINT('Ctrl Pts',(10.5712184783584,3.27410170245714,-7.18099489273205));
#11657=CARTESIAN_POINT('Ctrl Pts',(10.5746927787205,3.2839603657494,-7.17627363111645));
#11658=CARTESIAN_POINT('Ctrl Pts',(10.5856771075786,3.31470931370011,-7.16548328060462));
#11659=CARTESIAN_POINT('Ctrl Pts',(10.5935398210243,3.3368593287605,-7.16276852676144));
#11660=CARTESIAN_POINT('Ctrl Pts',(10.5989602857717,3.3672416291019,-7.16575534711829));
#11661=CARTESIAN_POINT('Ctrl Pts',(10.6000001788139,3.37651191669997,-7.16746260299947));
#11662=CARTESIAN_POINT('Ctrl Pts',(10.6000001788139,3.38556166955095,-7.17007548293049));
#11663=CARTESIAN_POINT('',(10.5000001788139,4.135,-6.29435522970528));
#11664=CARTESIAN_POINT('Origin',(10.5000001788139,4.135,-6.43447687135891));
#11665=CARTESIAN_POINT('',(10.5000001788139,2.90667195594091,-7.5));
#11666=CARTESIAN_POINT('',(10.5000001788139,3.3329500080068,-7.08159393441322));
#11667=CARTESIAN_POINT('',(10.5108782029663,2.90751910681866,-7.5));
#11668=CARTESIAN_POINT('Origin',(10.5000001788139,3.04942987789555,-7.5));
#11669=CARTESIAN_POINT('Origin',(10.5000001788139,4.3448560311696,-6.22849620705824));
#11670=CARTESIAN_POINT('Origin',(10.5000001788139,0.937368997658048,-8.22319256681197));
#11671=CARTESIAN_POINT('',(10.5000001788139,-0.885000000000001,-6.29435522970528));
#11672=CARTESIAN_POINT('',(10.5000001788139,0.343328044059093,-7.5));
#11673=CARTESIAN_POINT('',(10.5000001788139,1.00741764969136,-8.15182600357459));
#11674=CARTESIAN_POINT('Origin',(10.5000001788139,-0.985000000000001,-6.33632355017359));
#11675=CARTESIAN_POINT('',(10.5648796657708,0.00543400379289408,-7.20183998546468));
#11676=CARTESIAN_POINT('Ctrl Pts',(10.6000001788139,-0.135561669550952,
-7.17007548293049));
#11677=CARTESIAN_POINT('Ctrl Pts',(10.6000001788139,-0.126511916699968,
-7.16746260299947));
#11678=CARTESIAN_POINT('Ctrl Pts',(10.5989602857717,-0.117241629101899,
-7.16575534711828));
#11679=CARTESIAN_POINT('Ctrl Pts',(10.5935398210243,-0.0868593287605006,
-7.16276852676144));
#11680=CARTESIAN_POINT('Ctrl Pts',(10.5856771075786,-0.0647093137001057,
-7.16548328060462));
#11681=CARTESIAN_POINT('Ctrl Pts',(10.5746927787205,-0.0339603657494,-7.17627363111645));
#11682=CARTESIAN_POINT('Ctrl Pts',(10.5712184783584,-0.0241017024571407,
-7.18099489273206));
#11683=CARTESIAN_POINT('Ctrl Pts',(10.5667594418489,-0.00769919728185191,
-7.19118371820264));
#11684=CARTESIAN_POINT('Ctrl Pts',(10.565394696234,-0.000915211160442828,
-7.19622331287459));
#11685=CARTESIAN_POINT('Ctrl Pts',(10.5648796657708,0.00543400379289437,
-7.20183998546468));
#11686=CARTESIAN_POINT('',(10.5108782029663,0.342480893181344,-7.5));
#11687=CARTESIAN_POINT('Origin',(10.5000001788139,-1.0948560311696,-6.22849620705824));
#11688=CARTESIAN_POINT('Origin',(10.5000001788139,0.20057012210445,-7.5));
#11689=CARTESIAN_POINT('Origin',(10.5000001788139,-0.985000000000001,-6.02217761485264));
#11690=CARTESIAN_POINT('',(10.5000001788139,-0.885000000000001,-4.54999990165234));
#11691=CARTESIAN_POINT('',(10.5000001788139,-0.885000000000001,-6.02217761485264));
#11692=CARTESIAN_POINT('Origin',(10.5000001788139,-0.985000000000001,-4.54999990165234));
#11693=CARTESIAN_POINT('Origin',(10.5000001788139,-0.735000000000001,-4.54999990165234));
#11694=CARTESIAN_POINT('',(10.5000001788139,-0.735000000000001,-4.39999990165234));
#11695=CARTESIAN_POINT('',(10.5900001743324,-0.876793881947042,-4.39999990747768));
#11696=CARTESIAN_POINT('Ctrl Pts',(10.5000001788139,-0.735000000000001,
-4.39999990165234));
#11697=CARTESIAN_POINT('Ctrl Pts',(10.5279154445889,-0.769189078591366,
-4.39999990165234));
#11698=CARTESIAN_POINT('Ctrl Pts',(10.5609258591594,-0.810609556107955,
-4.39999990165234));
#11699=CARTESIAN_POINT('Ctrl Pts',(10.5833291741394,-0.858770280786369,
-4.39999990165234));
#11700=CARTESIAN_POINT('Ctrl Pts',(10.5869422133598,-0.867602653135853,
-4.39999990165234));
#11701=CARTESIAN_POINT('Ctrl Pts',(10.5900001780339,-0.876793880747308,
-4.39999990165234));
#11702=CARTESIAN_POINT('Ctrl Pts',(10.5900001762681,-0.876793882441555,
-4.39999990827083));
#11703=CARTESIAN_POINT('Ctrl Pts',(10.59255825301,-0.877447414256525,-4.3933495882498));
#11704=CARTESIAN_POINT('Ctrl Pts',(10.594643135056,-0.878031753566077,-4.3865153865667));
#11705=CARTESIAN_POINT('Ctrl Pts',(10.5985988942585,-0.879203382618083,
-4.36919536617172));
#11706=CARTESIAN_POINT('Ctrl Pts',(10.5998596860288,-0.879650598008481,
-4.35861130356682));
#11707=CARTESIAN_POINT('Ctrl Pts',(10.5999964806459,-0.87971859912004,-4.34736449403567));
#11708=CARTESIAN_POINT('Ctrl Pts',(10.6000001788139,-0.879721021814713,
-4.34675637883711));
#11709=CARTESIAN_POINT('Ctrl Pts',(10.6000001788139,-0.879722166852887,
-4.34614825358099));
#11710=CARTESIAN_POINT('Origin',(10.5000001788139,-0.735000000000001,-4.54999990165234));
#11711=CARTESIAN_POINT('Origin',(11.3000001788139,3.985,-4.54999990165234));
#11712=CARTESIAN_POINT('',(11.3000001788139,3.985,-4.39999990165234));
#11713=CARTESIAN_POINT('',(11.3000001788139,4.135,-4.54999990165234));
#11714=CARTESIAN_POINT('Origin',(5.55000017881393,0.425,-4.24999990165234));
#11715=CARTESIAN_POINT('',(5.55000017881393,-0.735000000000001,-4.39999990165234));
#11716=CARTESIAN_POINT('',(5.55000017881393,0.425,-4.39999990165234));
#11717=CARTESIAN_POINT('Origin',(5.55000017881393,-0.735000000000001,-4.24999990165234));
#11718=CARTESIAN_POINT('Origin',(12.0000001788139,4.135,-6.29435522970528));
#11719=CARTESIAN_POINT('',(12.0000001788139,4.135,-6.29435522970528));
#11720=CARTESIAN_POINT('Origin',(11.8500001788139,2.01655044104089,-9.35250581593476));
#11721=CARTESIAN_POINT('',(11.9999597743258,0.134161046838682,-7.5));
#11722=CARTESIAN_POINT('',(11.8500001788139,0.343328044059093,-7.5));
#11723=CARTESIAN_POINT('Origin',(11.8500001788139,0.129191161127129,-7.5));
#11724=CARTESIAN_POINT('',(12.0000001788139,0.136160566947131,-7.50684070327921));
#11725=CARTESIAN_POINT('Ctrl Pts',(12.0000001788139,0.136160566947131,-7.50684070327921));
#11726=CARTESIAN_POINT('Ctrl Pts',(12.0000001788139,0.135495742472064,-7.50456606709117));
#11727=CARTESIAN_POINT('Ctrl Pts',(11.9999867768351,0.13482923049615,-7.50228565609901));
#11728=CARTESIAN_POINT('Ctrl Pts',(11.9999597743258,0.134161046838682,-7.5));
#11729=CARTESIAN_POINT('',(12.0000001788139,0.66660901788381,-8.02749347504968));
#11730=CARTESIAN_POINT('',(12.0000001788139,2.01655044104089,-9.35250581593476));
#11731=CARTESIAN_POINT('',(11.8500001788139,0.803208208854737,-7.95138765522246));
#11732=CARTESIAN_POINT('Ctrl Pts',(11.8500001788139,0.803208208853867,-7.95138765521861));
#11733=CARTESIAN_POINT('Ctrl Pts',(11.8606956662658,0.803208208853867,-7.95138765521861));
#11734=CARTESIAN_POINT('Ctrl Pts',(11.8713266620037,0.802130197165841,-7.95197613016566));
#11735=CARTESIAN_POINT('Ctrl Pts',(11.8817153798899,0.800067076449709,-7.95311894063824));
#11736=CARTESIAN_POINT('Ctrl Pts',(11.8895716887976,0.798506872983093,-7.95398317356802));
#11737=CARTESIAN_POINT('Ctrl Pts',(11.8972900208129,0.796382036775591,-7.95516471384038));
#11738=CARTESIAN_POINT('Ctrl Pts',(11.9047911602763,0.793713714247006,-7.956653150321));
#11739=CARTESIAN_POINT('Ctrl Pts',(11.9148134237395,0.790148571708759,-7.95864184852209));
#11740=CARTESIAN_POINT('Ctrl Pts',(11.9243236363502,0.78565925490934,-7.96115282440307));
#11741=CARTESIAN_POINT('Ctrl Pts',(11.9331536006694,0.780323910808781,-7.96413317990361));
#11742=CARTESIAN_POINT('Ctrl Pts',(11.9367414007491,0.778156048369354,-7.96534416098074));
#11743=CARTESIAN_POINT('Ctrl Pts',(11.9402168103928,0.775847920145788,-7.96663276788624));
#11744=CARTESIAN_POINT('Ctrl Pts',(11.9435677707103,0.773402504374018,-7.96799595916742));
#11745=CARTESIAN_POINT('Ctrl Pts',(11.9466087361811,0.771183312196557,-7.96923304263702));
#11746=CARTESIAN_POINT('Ctrl Pts',(11.9495472151231,0.768851038250193,-7.97053155487373));
#11747=CARTESIAN_POINT('Ctrl Pts',(11.9523801068263,0.766413540095119,-7.97188792271182));
#11748=CARTESIAN_POINT('Ctrl Pts',(11.9600873712437,0.759781997217205,-7.97557810457215));
#11749=CARTESIAN_POINT('Ctrl Pts',(11.9669354861813,0.752443741277413,-7.9796570776349));
#11750=CARTESIAN_POINT('Ctrl Pts',(11.9728884037619,0.744573943672984,-7.98403739026532));
#11751=CARTESIAN_POINT('Ctrl Pts',(11.9779218647167,0.737919673992924,-7.98774114263494));
#11752=CARTESIAN_POINT('Ctrl Pts',(11.9823151288474,0.730883865879437,-7.99166064286685));
#11753=CARTESIAN_POINT('Ctrl Pts',(11.986026701878,0.723551818305821,-7.99574765693564));
#11754=CARTESIAN_POINT('Ctrl Pts',(11.9904741793671,0.71476602417924,-8.00064501525749));
#11755=CARTESIAN_POINT('Ctrl Pts',(11.9939137910057,0.705614827209735,-8.0057500249217));
#11756=CARTESIAN_POINT('Ctrl Pts',(11.9962737970763,0.696241593399677,-8.01097783910602));
#11757=CARTESIAN_POINT('Ctrl Pts',(11.9986418116684,0.6868365521531,-8.01622339352504));
#11758=CARTESIAN_POINT('Ctrl Pts',(11.9999136502129,0.677245184508227,-8.02157160995402));
#11759=CARTESIAN_POINT('Ctrl Pts',(11.9999959305763,0.667604147039486,-8.02693952283077));
#11760=CARTESIAN_POINT('Ctrl Pts',(11.9999987612935,0.667272463405129,-8.02712419682023));
#11761=CARTESIAN_POINT('Ctrl Pts',(12.0000001788139,0.666940743316577,-8.02730888167562));
#11762=CARTESIAN_POINT('Ctrl Pts',(12.0000001788139,0.666608992288751,-8.02749357405309));
#11763=CARTESIAN_POINT('',(11.8500001788139,2.12162341909086,-9.24545597107868));
#11764=CARTESIAN_POINT('Origin',(12.0000001788139,0.803208208853862,-7.9513876552186));
#11765=CARTESIAN_POINT('',(12.0000001788139,0.343328044059093,-7.5));
#11766=CARTESIAN_POINT('',(5.55000017881393,0.803208208853866,-7.9513876552186));
#11767=CARTESIAN_POINT('',(12.0000001788139,0.803208208853866,-7.9513876552186));
#11768=CARTESIAN_POINT('',(5.55000017881393,-0.885000000000001,-6.29435522970528));
#11769=CARTESIAN_POINT('',(5.55000017881393,0.177605400226699,-7.33733772112238));
#11770=CARTESIAN_POINT('',(12.0000001788139,-0.885000000000001,-6.29435522970528));
#11771=CARTESIAN_POINT('Origin',(12.0000001788139,0.343328044059093,-7.5));
#11772=CARTESIAN_POINT('',(11.8500001788139,0.342480893181344,-7.5));
#11773=CARTESIAN_POINT('',(12.0000001788139,0.342480893181344,-7.5));
#11774=CARTESIAN_POINT('',(11.9989984751959,0.142212022259071,-7.5));
#11775=CARTESIAN_POINT('Origin',(11.8500001788139,0.116092388032905,-7.5));
#11776=CARTESIAN_POINT('',(11.9995747247829,0.116092388032905,-7.5));
#11777=CARTESIAN_POINT('Ctrl Pts',(11.9995747247829,0.116092388032905,-7.5));
#11778=CARTESIAN_POINT('Ctrl Pts',(11.9998470081552,0.124446496792969,-7.5));
#11779=CARTESIAN_POINT('Ctrl Pts',(11.9996875368189,0.133258405524812,-7.5));
#11780=CARTESIAN_POINT('Ctrl Pts',(11.9989984751959,0.142212022259072,-7.5));
#11781=CARTESIAN_POINT('Origin',(11.5500001788139,0.142212022259071,-7.5));
#11782=CARTESIAN_POINT('Origin',(11.5500001788139,-1.0659604522668,-8.86574575574233));
#11783=CARTESIAN_POINT('',(11.5500001788139,-0.206301630964714,-7.21480227702192));
#11784=CARTESIAN_POINT('Origin',(11.5500001788139,0.130745258495196,-7.51296229162046));
#11785=CARTESIAN_POINT('',(11.5500001788139,-0.332234163235135,-7.35715928736989));
#11786=CARTESIAN_POINT('',(11.5500001788139,-1.40300734172671,-8.56758574114379));
#11787=CARTESIAN_POINT('',(12.0000001788139,0.00481272622477533,-7.65531930196843));
#11788=CARTESIAN_POINT('Origin',(11.5500001788139,0.00481272622477547,-7.65531930196843));
#11789=CARTESIAN_POINT('',(12.0000001788139,-1.0659604522668,-8.86574575574233));
#11790=CARTESIAN_POINT('Origin',(11.8500001788139,1.23344955895911,-9.35250581593476));
#11791=CARTESIAN_POINT('',(11.9999597743258,3.11583895316123,-7.5));
#11792=CARTESIAN_POINT('',(12.0000001788139,3.11383943305287,-7.50684070327921));
#11793=CARTESIAN_POINT('Ctrl Pts',(11.9999597743258,3.11583895316123,-7.5));
#11794=CARTESIAN_POINT('Ctrl Pts',(11.9999868614101,3.11516867667503,-7.50229281503899));
#11795=CARTESIAN_POINT('Ctrl Pts',(12.0000001788139,3.1145021079542,-7.50457342166129));
#11796=CARTESIAN_POINT('Ctrl Pts',(12.0000001788139,3.11383943305287,-7.50684070327921));
#11797=CARTESIAN_POINT('',(11.8500001788139,2.90667195594091,-7.5));
#11798=CARTESIAN_POINT('Origin',(11.8500001788139,3.12080883887287,-7.5));
#11799=CARTESIAN_POINT('',(11.8500001788139,2.44679179114526,-7.95138765522246));
#11800=CARTESIAN_POINT('',(11.8500001788139,1.12837658090913,-9.24545597107868));
#11801=CARTESIAN_POINT('',(12.0000001788139,2.58339098211619,-8.02749347504968));
#11802=CARTESIAN_POINT('Ctrl Pts',(12.0000001788139,2.5833909821163,-8.02749347504925));
#11803=CARTESIAN_POINT('Ctrl Pts',(12.0000001788139,2.58305925910322,-8.02730865659105));
#11804=CARTESIAN_POINT('Ctrl Pts',(11.9999988519161,2.58272753683838,-8.02712383854994));
#11805=CARTESIAN_POINT('Ctrl Pts',(11.9999190608715,2.57275387529019,-8.02156704364347));
#11806=CARTESIAN_POINT('Ctrl Pts',(11.9987210120986,2.56313740475284,-8.01620925661116));
#11807=CARTESIAN_POINT('Ctrl Pts',(11.9941186417075,2.54431060679445,-8.00571996393382));
#11808=CARTESIAN_POINT('Ctrl Pts',(11.9907309724011,2.53513670230914,-8.00060875121639));
#11809=CARTESIAN_POINT('Ctrl Pts',(11.9782106693829,2.5103296550786,-7.98678758102015));
#11810=CARTESIAN_POINT('Ctrl Pts',(11.966741766244,2.49577437774191,-7.97867815296424));
#11811=CARTESIAN_POINT('Ctrl Pts',(11.9386433294731,2.47187079508522,-7.96536034527675));
#11812=CARTESIAN_POINT('Ctrl Pts',(11.9224994814645,2.46255140561227,-7.9601680760297));
#11813=CARTESIAN_POINT('Ctrl Pts',(11.8873459207164,2.45000396733281,-7.9531773093183));
#11814=CARTESIAN_POINT('Ctrl Pts',(11.8687839649626,2.44679179114613,-7.95138765521861));
#11815=CARTESIAN_POINT('Ctrl Pts',(11.8500001788139,2.44679179114613,-7.95138765521861));
#11816=CARTESIAN_POINT('',(12.0000001788139,1.23344955895911,-9.35250581593476));
#11817=CARTESIAN_POINT('Origin',(12.0000001788139,2.44679179114614,-7.9513876552186));
#11818=CARTESIAN_POINT('',(12.0000001788139,2.90667195594091,-7.5));
#11819=CARTESIAN_POINT('',(5.55000017881393,2.44679179114613,-7.9513876552186));
#11820=CARTESIAN_POINT('',(5.55000017881393,3.37798578067223,-7.03738982782063));
#11821=CARTESIAN_POINT('',(12.0000001788139,2.44679179114613,-7.9513876552186));
#11822=CARTESIAN_POINT('Ctrl Pts',(11.8500001788139,2.22499999999983,-9.48641337754241));
#11823=CARTESIAN_POINT('Ctrl Pts',(11.8500001788139,2.23946687730656,-9.12729569167823));
#11824=CARTESIAN_POINT('Ctrl Pts',(11.8500001788139,2.28096530301793,-8.76922213935585));
#11825=CARTESIAN_POINT('Ctrl Pts',(11.8500001788139,2.36827958405032,-8.30783549078211));
#11826=CARTESIAN_POINT('Ctrl Pts',(11.8500001788139,2.39075509306241,-8.19974873274852));
#11827=CARTESIAN_POINT('Ctrl Pts',(11.8500001788139,2.42562018771882,-8.04522263158334));
#11828=CARTESIAN_POINT('Ctrl Pts',(11.8500001788139,2.43620755410633,-7.99829820858686));
#11829=CARTESIAN_POINT('Ctrl Pts',(11.8500001788139,2.44679179114613,-7.95138765521861));
#11830=CARTESIAN_POINT('Ctrl Pts',(11.8948800738652,2.22499999999983,-9.48641337754241));
#11831=CARTESIAN_POINT('Ctrl Pts',(11.8948800738652,2.23946687730656,-9.12729569167823));
#11832=CARTESIAN_POINT('Ctrl Pts',(11.8948800738652,2.28096530301793,-8.76922213935585));
#11833=CARTESIAN_POINT('Ctrl Pts',(11.8948800738652,2.36827958405032,-8.30783549078211));
#11834=CARTESIAN_POINT('Ctrl Pts',(11.8948800738652,2.39075509306241,-8.19974873274852));
#11835=CARTESIAN_POINT('Ctrl Pts',(11.8948800738652,2.42562018771882,-8.04522263158334));
#11836=CARTESIAN_POINT('Ctrl Pts',(11.8948800738652,2.43620755410633,-7.99829820858686));
#11837=CARTESIAN_POINT('Ctrl Pts',(11.8948800738652,2.44679179114613,-7.95138765521861));
#11838=CARTESIAN_POINT('Ctrl Pts',(11.9725937557974,2.26262753333528,-9.48792918400237));
#11839=CARTESIAN_POINT('Ctrl Pts',(11.9725937557974,2.27701851841783,-9.13069492882214));
#11840=CARTESIAN_POINT('Ctrl Pts',(11.9725937557974,2.31830132082146,-8.77445547470272));
#11841=CARTESIAN_POINT('Ctrl Pts',(11.9725937557974,2.40519703071639,-8.31528091089233));
#11842=CARTESIAN_POINT('Ctrl Pts',(11.9725937557974,2.42758303657258,-8.20762344179362));
#11843=CARTESIAN_POINT('Ctrl Pts',(11.9725937557974,2.46235482064835,-8.05351091715193));
#11844=CARTESIAN_POINT('Ctrl Pts',(11.9725937557974,2.47294218703587,-8.00658649415544));
#11845=CARTESIAN_POINT('Ctrl Pts',(11.9725937557974,2.48352642407567,-7.95967594078719));
#11846=CARTESIAN_POINT('Ctrl Pts',(12.0000001788139,2.34124579272127,-9.49109628146756));
#11847=CARTESIAN_POINT('Ctrl Pts',(12.0000001788139,2.35547820352615,-9.13779837530653));
#11848=CARTESIAN_POINT('Ctrl Pts',(12.0000001788139,2.3963102535918,-8.78539176103708));
#11849=CARTESIAN_POINT('Ctrl Pts',(12.0000001788139,2.48233165147536,-8.33083724784335));
#11850=CARTESIAN_POINT('Ctrl Pts',(12.0000001788139,2.50453064962097,-8.22407673107237));
#11851=CARTESIAN_POINT('Ctrl Pts',(12.0000001788139,2.53910747074521,-8.07082830489794));
#11852=CARTESIAN_POINT('Ctrl Pts',(12.0000001788139,2.54969483713273,-8.02390388190145));
#11853=CARTESIAN_POINT('Ctrl Pts',(12.0000001788139,2.56027907417253,-7.9769933285332));
#11854=CARTESIAN_POINT('Ctrl Pts',(12.0000001788139,2.37487843485503,-9.492451155723));
#11855=CARTESIAN_POINT('Ctrl Pts',(12.0000001788139,2.38904300484855,-9.14083777783313));
#11856=CARTESIAN_POINT('Ctrl Pts',(12.0000001788139,2.42968210828313,-8.79007119413168));
#11857=CARTESIAN_POINT('Ctrl Pts',(12.0000001788139,2.51532959924586,-8.33749220766113));
#11858=CARTESIAN_POINT('Ctrl Pts',(12.0000001788139,2.53744859533652,-8.23111540630354));
#11859=CARTESIAN_POINT('Ctrl Pts',(12.0000001788139,2.57194201113934,-8.07823662847699));
#11860=CARTESIAN_POINT('Ctrl Pts',(12.0000001788139,2.58252937752685,-8.0313122054805));
#11861=CARTESIAN_POINT('Ctrl Pts',(12.0000001788139,2.59311361456665,-7.98440165211225));
#11862=CARTESIAN_POINT('',(11.8500001788139,2.22500000000055,-9.48641337754244));
#11863=CARTESIAN_POINT('Ctrl Pts',(11.8500001788139,2.22499999999983,-9.48641337754241));
#11864=CARTESIAN_POINT('Ctrl Pts',(11.8500001788139,2.23946687730656,-9.12729569167823));
#11865=CARTESIAN_POINT('Ctrl Pts',(11.8500001788139,2.28096530301793,-8.76922213935585));
#11866=CARTESIAN_POINT('Ctrl Pts',(11.8500001788139,2.36827958405032,-8.30783549078211));
#11867=CARTESIAN_POINT('Ctrl Pts',(11.8500001788139,2.39075509306241,-8.19974873274852));
#11868=CARTESIAN_POINT('Ctrl Pts',(11.8500001788139,2.42562018771882,-8.04522263158334));
#11869=CARTESIAN_POINT('Ctrl Pts',(11.8500001788139,2.43620755410633,-7.99829820858686));
#11870=CARTESIAN_POINT('Ctrl Pts',(11.8500001788139,2.44679179114613,-7.95138765521861));
#11871=CARTESIAN_POINT('',(12.0000001788139,2.375,-9.48944944074039));
#11872=CARTESIAN_POINT('Ctrl Pts',(11.8500001788139,2.225,-9.48641337753827));
#11873=CARTESIAN_POINT('Ctrl Pts',(11.8695286963564,2.225,-9.48641337753827));
#11874=CARTESIAN_POINT('Ctrl Pts',(11.8888702861156,2.22881362447387,-9.48649013297304));
#11875=CARTESIAN_POINT('Ctrl Pts',(11.9250052028075,2.24363916426865,-9.48678886544362));
#11876=CARTESIAN_POINT('Ctrl Pts',(11.9414524571542,2.25450995290334,-9.48700801257263));
#11877=CARTESIAN_POINT('Ctrl Pts',(11.9692574942874,2.28194504694024,-9.48756206448158));
#11878=CARTESIAN_POINT('Ctrl Pts',(11.9803483133042,2.29824817965228,-9.48789171512537));
#11879=CARTESIAN_POINT('Ctrl Pts',(11.9957749477377,2.33446484899463,-9.48862558410329));
#11880=CARTESIAN_POINT('Ctrl Pts',(11.9998515894629,2.3540736666231,-9.48902366645532));
#11881=CARTESIAN_POINT('Ctrl Pts',(11.9999988498488,2.37427090172192,-9.48943460542482));
#11882=CARTESIAN_POINT('Ctrl Pts',(12.0000001788139,2.37463545025908,-9.48944202292562));
#11883=CARTESIAN_POINT('Ctrl Pts',(12.0000001788139,2.375,-9.48944944074039));
#11884=CARTESIAN_POINT('Ctrl Pts',(12.0000001788139,2.5833909821162,-8.02749347504968));
#11885=CARTESIAN_POINT('Ctrl Pts',(12.0000001788139,2.57604611156906,-8.06004678432354));
#11886=CARTESIAN_POINT('Ctrl Pts',(12.0000001788139,2.56869995562269,-8.09260579063431));
#11887=CARTESIAN_POINT('Ctrl Pts',(12.0000001788139,2.53744859533652,-8.23111540630354));
#11888=CARTESIAN_POINT('Ctrl Pts',(12.0000001788139,2.51532959924586,-8.33749220766113));
#11889=CARTESIAN_POINT('Ctrl Pts',(12.0000001788139,2.42986837098103,-8.78908694366405));
#11890=CARTESIAN_POINT('Ctrl Pts',(12.0000001788139,2.38927449742426,-9.13884147978763));
#11891=CARTESIAN_POINT('Ctrl Pts',(12.0000001788139,2.37500000140477,-9.48944944079758));
#11892=CARTESIAN_POINT('Origin',(12.0000001788139,2.225,-13.));
#11893=CARTESIAN_POINT('',(12.0000001788139,2.375,-10.0564530982429));
#11894=CARTESIAN_POINT('',(12.0000001788139,2.375,-10.75));
#11895=CARTESIAN_POINT('',(12.0000001788139,2.57678411677208,-11.4374423763205));
#11896=CARTESIAN_POINT('Ctrl Pts',(12.0000001788139,2.37500000311723,-10.0564530981149));
#11897=CARTESIAN_POINT('Ctrl Pts',(12.0000001788139,2.39332961141999,-10.5028071878089));
#11898=CARTESIAN_POINT('Ctrl Pts',(12.0000001788139,2.45554252492621,-10.9479360628631));
#11899=CARTESIAN_POINT('Ctrl Pts',(12.0000001788139,2.56758742497746,-11.400311234871));
#11900=CARTESIAN_POINT('Ctrl Pts',(12.0000001788139,2.57218610742626,-11.418878164404));
#11901=CARTESIAN_POINT('Ctrl Pts',(12.0000001788139,2.57678411677208,-11.4374423763205));
#11902=CARTESIAN_POINT('',(12.0000001788139,3.29831394612294,-12.545498661336));
#11903=CARTESIAN_POINT('',(12.0000001788139,3.36376249523081,-12.6460082636201));
#11904=CARTESIAN_POINT('',(12.0000001788139,3.45753326639415,-12.4418202737503));
#11905=CARTESIAN_POINT('',(12.0000001788139,2.95999652449902,-12.7657998453028));
#11906=CARTESIAN_POINT('',(12.0000001788139,2.75350183047715,-11.3606363424931));
#11907=CARTESIAN_POINT('',(12.0000001788139,3.05654464938599,-11.8260204284475));
#11908=CARTESIAN_POINT('',(12.0000001788139,2.69919141522523,-8.39024508578957));
#11909=CARTESIAN_POINT('Ctrl Pts',(12.0000001788139,2.75350183047715,-11.3606363424931));
#11910=CARTESIAN_POINT('Ctrl Pts',(12.0000001788139,2.75147300460968,-11.3524450687238));
#11911=CARTESIAN_POINT('Ctrl Pts',(12.0000001788139,2.74944417874221,-11.3442537949545));
#11912=CARTESIAN_POINT('Ctrl Pts',(12.0000001788139,2.63748541216892,-10.8922263821654));
#11913=CARTESIAN_POINT('Ctrl Pts',(12.0000001788139,2.54462678731071,-10.2861745524119));
#11914=CARTESIAN_POINT('Ctrl Pts',(12.0000001788139,2.55180954122453,-9.29413967242534));
#11915=CARTESIAN_POINT('Ctrl Pts',(12.0000001788139,2.6240646678251,-8.7640749108762));
#11916=CARTESIAN_POINT('Ctrl Pts',(12.0000001788139,2.69907799055187,-8.39022250130062));
#11917=CARTESIAN_POINT('',(12.0000001788139,2.75641662399813,-8.12389418018222));
#11918=CARTESIAN_POINT('Ctrl Pts',(12.0000001788139,2.7564166240115,-8.12389418016956));
#11919=CARTESIAN_POINT('Ctrl Pts',(12.0000001788139,2.75317574652807,-8.13825812114849));
#11920=CARTESIAN_POINT('Ctrl Pts',(12.0000001788139,2.74993486904463,-8.15262206212742));
#11921=CARTESIAN_POINT('Ctrl Pts',(12.0000001788139,2.7299510462159,-8.24119265855149));
#11922=CARTESIAN_POINT('Ctrl Pts',(12.0000001788139,2.71404857237871,-8.31561191367079));
#11923=CARTESIAN_POINT('Ctrl Pts',(12.0000001788139,2.69907799055187,-8.39022250130062));
#11924=CARTESIAN_POINT('',(12.0000001788139,3.1299284415903,-7.75728011561645));
#11925=CARTESIAN_POINT('',(12.0000001788139,2.28402690476772,-8.5875603785449));
#11926=CARTESIAN_POINT('',(12.0000001788139,3.24518727377522,-7.65531930196843));
#11927=CARTESIAN_POINT('',(12.0000001788139,1.57666284375178,-9.13133728038974));
#11928=CARTESIAN_POINT('',(12.0000001788139,4.3159604522668,-8.86574575574233));
#11929=CARTESIAN_POINT('Origin',(5.55000017881393,-0.735000000000001,-4.54999990165234));
#11930=CARTESIAN_POINT('',(5.55000017881393,-0.885000000000001,-4.54999990165234));
#11931=CARTESIAN_POINT('Origin',(5.55000017881393,-0.735000000000001,-4.54999990165234));
#11932=CARTESIAN_POINT('Origin',(5.55000017881393,-1.035,-4.54999990165234));
#11933=CARTESIAN_POINT('Origin',(5.55000017881393,-1.035,-5.14717761485264));
#11934=CARTESIAN_POINT('Origin',(5.55000017881393,-1.035,-6.35730771040775));
#11935=CARTESIAN_POINT('',(5.55000017881393,-0.885000000000001,-5.14717761485264));
#11936=CARTESIAN_POINT('Origin',(11.3000001788139,-0.735000000000001,-4.54999990165234));
#11937=CARTESIAN_POINT('',(11.3000001788139,-0.885000000000001,-4.54999990165234));
#11938=CARTESIAN_POINT('',(11.3000001788139,-0.735000000000001,-4.39999990165234));
#11939=CARTESIAN_POINT('Origin',(10.4500001788139,0.124999999999999,-4.34614825358099));
#11940=CARTESIAN_POINT('',(10.5900001788139,-0.160000000000001,-4.39999990165234));
#11941=CARTESIAN_POINT('',(10.5900001788139,0.124999999999999,-4.39999990165234));
#11942=CARTESIAN_POINT('Ctrl Pts',(10.5900001788139,-0.160000000000001,
-4.39999990165234));
#11943=CARTESIAN_POINT('Ctrl Pts',(10.5900001788139,-0.167314892706987,
-4.39999990165234));
#11944=CARTESIAN_POINT('Ctrl Pts',(10.5902091931396,-0.174643029668538,
-4.39946578304613));
#11945=CARTESIAN_POINT('Ctrl Pts',(10.5917177264081,-0.202091387494549,
-4.3954052188493));
#11946=CARTESIAN_POINT('Ctrl Pts',(10.5942339343975,-0.220545779092107,
-4.38849836374531));
#11947=CARTESIAN_POINT('Ctrl Pts',(10.5983185524217,-0.251166215003383,
-4.37023762748032));
#11948=CARTESIAN_POINT('Ctrl Pts',(10.6000001788139,-0.264149089642416,
-4.35916563451583));
#11949=CARTESIAN_POINT('Ctrl Pts',(10.6000001788139,-0.275038836106669,
-4.34614825358099));
#11950=CARTESIAN_POINT('Origin',(12.0000001788139,-0.885000000000001,-6.29435522970528));
#11951=CARTESIAN_POINT('Origin',(11.8500001788139,1.79926968851864,-8.98898027004177));
#11952=CARTESIAN_POINT('',(11.8500001788139,0.230131930028041,-7.40061332846715));
#11953=CARTESIAN_POINT('',(11.8500001788139,1.89865636005148,-8.87663130688846));
#11954=CARTESIAN_POINT('Origin',(11.8500001788139,0.130745258495195,-7.51296229162046));
#11955=CARTESIAN_POINT('Origin',(11.5500001788139,0.130745258495196,-7.51296229162046));
#11956=CARTESIAN_POINT('',(11.5500001788139,0.00543400372143512,-7.20183998540146));
#11957=CARTESIAN_POINT('Origin',(11.5500001788139,0.230131930028041,-7.40061332846715));
#11958=CARTESIAN_POINT('Origin',(11.5500001788139,-0.0939526678114102,-7.31418894855476));
#11959=CARTESIAN_POINT('Origin',(12.0000001788139,-0.0939526678114103,-7.31418894855477));
#11960=CARTESIAN_POINT('',(12.0000001788139,-0.206301630964714,-7.21480227702192));
#11961=CARTESIAN_POINT('',(12.0000001788139,0.00543400372143546,-7.20183998540146));
#11962=CARTESIAN_POINT('Origin',(12.0000001788139,0.342480893181344,-7.5));
#11963=CARTESIAN_POINT('Origin',(11.8500001788139,1.45073031148136,-8.98898027004177));
#11964=CARTESIAN_POINT('',(11.9989984751959,3.10778797774093,-7.5));
#11965=CARTESIAN_POINT('',(11.8500001788139,2.90751910681866,-7.5));
#11966=CARTESIAN_POINT('Origin',(11.8500001788139,3.13390761196709,-7.5));
#11967=CARTESIAN_POINT('',(11.8500001788139,3.01986806997196,-7.40061332846715));
#11968=CARTESIAN_POINT('Origin',(11.8500001788139,3.1192547415048,-7.51296229162046));
#11969=CARTESIAN_POINT('',(11.8500001788139,1.35134363994852,-8.87663130688846));
#11970=CARTESIAN_POINT('Origin',(11.5500001788139,3.1192547415048,-7.51296229162046));
#11971=CARTESIAN_POINT('',(11.9995747247829,3.13390761196709,-7.5));
#11972=CARTESIAN_POINT('Ctrl Pts',(11.9989984751959,3.10778797774061,-7.5));
#11973=CARTESIAN_POINT('Ctrl Pts',(11.9996875368189,3.11674159447498,-7.5));
#11974=CARTESIAN_POINT('Ctrl Pts',(11.9998470081552,3.12555350320693,-7.5));
#11975=CARTESIAN_POINT('Ctrl Pts',(11.9995747247829,3.13390761196709,-7.5));
#11976=CARTESIAN_POINT('',(11.5500001788139,3.45630163096471,-7.21480227702192));
#11977=CARTESIAN_POINT('Origin',(11.5500001788139,3.1192547415048,-7.51296229162046));
#11978=CARTESIAN_POINT('',(11.5500001788139,3.24456599627856,-7.20183998540146));
#11979=CARTESIAN_POINT('Origin',(11.5500001788139,3.34395266781141,-7.31418894855476));
#11980=CARTESIAN_POINT('Origin',(11.5500001788139,3.01986806997196,-7.40061332846715));
#11981=CARTESIAN_POINT('Origin',(12.0000001788139,3.34395266781141,-7.31418894855477));
#11982=CARTESIAN_POINT('',(12.0000001788139,3.24456599627856,-7.20183998540146));
#11983=CARTESIAN_POINT('',(12.0000001788139,3.45630163096471,-7.21480227702192));
#11984=CARTESIAN_POINT('Origin',(11.5500001788139,4.3159604522668,-8.86574575574233));
#11985=CARTESIAN_POINT('',(11.5500001788139,3.58223416323513,-7.35715928736989));
#11986=CARTESIAN_POINT('Origin',(11.5500001788139,3.24518727377522,-7.65531930196843));
#11987=CARTESIAN_POINT('',(11.5500001788139,4.65300734172671,-8.56758574114379));
#11988=CARTESIAN_POINT('Origin',(11.5500001788139,3.10778797774093,-7.5));
#11989=CARTESIAN_POINT('Origin',(12.0000001788139,3.51926789709992,-7.2859807821959));
#11990=CARTESIAN_POINT('',(10.5967021027024,3.58223416323513,-7.35715928736989));
#11991=CARTESIAN_POINT('',(11.3000001788139,3.58223416323513,-7.35715928736989));
#11992=CARTESIAN_POINT('Origin',(10.4500001788139,3.56147973091064,-7.33369800310984));
#11993=CARTESIAN_POINT('Origin',(5.55000017881393,2.12262907328403,-9.21157266242234));
#11994=CARTESIAN_POINT('',(5.48689836340995,0.822925564946391,-11.4569141462655));
#11995=CARTESIAN_POINT('Ctrl Pts',(5.48689836351743,0.822925564722729,-11.4569141460128));
#11996=CARTESIAN_POINT('Ctrl Pts',(5.48113529508244,0.819165273190334,-11.457791480518));
#11997=CARTESIAN_POINT('Ctrl Pts',(5.47565729033564,0.814968001700204,-11.4587666259147));
#11998=CARTESIAN_POINT('Ctrl Pts',(5.45453243258203,0.796418369497337,-11.463049728988));
#11999=CARTESIAN_POINT('Ctrl Pts',(5.44147405613979,0.779162477330089,-11.4669727838201));
#12000=CARTESIAN_POINT('Ctrl Pts',(5.42102567305617,0.742198332093538,-11.4751593497389));
#12001=CARTESIAN_POINT('Ctrl Pts',(5.41343014556047,0.722183902637009,-11.4794929975397));
#12002=CARTESIAN_POINT('Ctrl Pts',(5.40295156914396,0.680439366455973,-11.4882885051726));
#12003=CARTESIAN_POINT('Ctrl Pts',(5.40019434480168,0.65835470862192,-11.4928161847566));
#12004=CARTESIAN_POINT('Ctrl Pts',(5.40000347932853,0.635574450662672,-11.4973539340237));
#12005=CARTESIAN_POINT('Ctrl Pts',(5.40000017881393,0.634786971625032,-11.4975106367714));
#12006=CARTESIAN_POINT('Ctrl Pts',(5.40000017881393,0.633999467998775,-11.4976671842255));
#12007=CARTESIAN_POINT('',(5.55000017881393,0.812729867732179,-11.4980787188148));
#12008=CARTESIAN_POINT('Ctrl Pts',(5.55000017881393,0.812729867732179,-11.4980787188148));
#12009=CARTESIAN_POINT('Ctrl Pts',(5.54908725145096,0.812729867732179,-11.4980787188148));
#12010=CARTESIAN_POINT('Ctrl Pts',(5.54817497087865,0.812735972867936,-11.4980540696622));
#12011=CARTESIAN_POINT('Ctrl Pts',(5.54726345120193,0.812748157196722,-11.4980048760993));
#12012=CARTESIAN_POINT('Ctrl Pts',(5.54553318270693,0.812771285781624,-11.4979114956994));
#12013=CARTESIAN_POINT('Ctrl Pts',(5.54380803614774,0.812816288547301,-11.4977297994879));
#12014=CARTESIAN_POINT('Ctrl Pts',(5.54208891902814,0.812882798659718,-11.4974612685371));
#12015=CARTESIAN_POINT('Ctrl Pts',(5.53861367849772,0.813017250603521,-11.4969184261482));
#12016=CARTESIAN_POINT('Ctrl Pts',(5.53521359794462,0.813237655444815,-11.4960285536244));
#12017=CARTESIAN_POINT('Ctrl Pts',(5.53189688645046,0.813533036831995,-11.4948359673864));
#12018=CARTESIAN_POINT('Ctrl Pts',(5.52327758218406,0.81430065923606,-11.4917367338031));
#12019=CARTESIAN_POINT('Ctrl Pts',(5.51543838976199,0.815555298601945,-11.4866711958028));
#12020=CARTESIAN_POINT('Ctrl Pts',(5.50849143087231,0.817020730515508,-11.4807545943898));
#12021=CARTESIAN_POINT('Ctrl Pts',(5.50040061436,0.818727454408973,-11.4738637897702));
#12022=CARTESIAN_POINT('Ctrl Pts',(5.4931852054492,0.820790168936749,-11.4655356923835));
#12023=CARTESIAN_POINT('Ctrl Pts',(5.48689836434473,0.822925565388539,-11.4569141456934));
#12024=CARTESIAN_POINT('',(5.55000017881393,0.0773855172490626,-12.6273500199564));
#12025=CARTESIAN_POINT('',(5.55000017881393,2.24832853665603,-9.29342402104265));
#12026=CARTESIAN_POINT('Origin',(5.55000017881393,-0.0483139461229415,-12.545498661336));
#12027=CARTESIAN_POINT('Origin',(5.85000017881393,-0.0483139461229429,-12.545498661336));
#12028=CARTESIAN_POINT('',(5.85000017881393,-0.293868021983864,-12.9225970514521));
#12029=CARTESIAN_POINT('',(5.85000017881393,-0.0863171999915524,-12.8787489467004));
#12030=CARTESIAN_POINT('Origin',(5.85000017881393,-0.212016663363559,-12.79689758808));
#12031=CARTESIAN_POINT('Origin',(5.85000017881393,-0.0483139461229429,-12.545498661336));
#12032=CARTESIAN_POINT('Origin',(5.85000017881393,0.0773855172490633,-12.6273500199563));
#12033=CARTESIAN_POINT('Ctrl Pts',(12.0000001788139,0.812729867732179,-11.4980787188148));
#12034=CARTESIAN_POINT('Ctrl Pts',(5.40000017881393,0.812729867732179,-11.4980787188148));
#12035=CARTESIAN_POINT('Ctrl Pts',(12.0000001788139,0.819357365566262,-11.4713205578337));
#12036=CARTESIAN_POINT('Ctrl Pts',(5.40000017881393,0.819357365566262,-11.4713205578337));
#12037=CARTESIAN_POINT('Ctrl Pts',(12.0000001788139,0.825984863400345,-11.4445623968527));
#12038=CARTESIAN_POINT('Ctrl Pts',(5.40000017881393,0.825984863400345,-11.4445623968527));
#12039=CARTESIAN_POINT('Ctrl Pts',(12.0000001788139,0.832612361234428,-11.4178042358717));
#12040=CARTESIAN_POINT('Ctrl Pts',(5.40000017881393,0.832612361234428,-11.4178042358717));
#12041=CARTESIAN_POINT('Ctrl Pts',(12.0000001788139,0.941739322084803,-10.9772100842163));
#12042=CARTESIAN_POINT('Ctrl Pts',(5.40000017881393,0.941739322084803,-10.9772100842163));
#12043=CARTESIAN_POINT('Ctrl Pts',(12.0000001788139,1.00620379143829,-10.5222441677561));
#12044=CARTESIAN_POINT('Ctrl Pts',(5.40000017881393,1.00620379143829,-10.5222441677561));
#12045=CARTESIAN_POINT('Ctrl Pts',(12.0000001788139,1.02499999999996,-10.0595148601208));
#12046=CARTESIAN_POINT('Ctrl Pts',(5.40000017881393,1.02499999999996,-10.0595148601208));
#12047=CARTESIAN_POINT('',(5.55000017881393,0.826421223641761,-11.442800616181));
#12048=CARTESIAN_POINT('Ctrl Pts',(5.48689836326679,0.822925565205114,-11.456914146434));
#12049=CARTESIAN_POINT('Ctrl Pts',(5.48797923574502,0.823051404241524,-11.4564060781889));
#12050=CARTESIAN_POINT('Ctrl Pts',(5.48906691449921,0.823174111497649,-11.4559106543358));
#12051=CARTESIAN_POINT('Ctrl Pts',(5.50071239142525,0.82444619485977,-11.4507746871523));
#12052=CARTESIAN_POINT('Ctrl Pts',(5.51178616475013,0.825293655333107,-11.4473531117194));
#12053=CARTESIAN_POINT('Ctrl Pts',(5.52853350823457,0.826058456998652,-11.444265266714));
#12054=CARTESIAN_POINT('Ctrl Pts',(5.53394849852739,0.826229909565192,-11.4435730363292));
#12055=CARTESIAN_POINT('Ctrl Pts',(5.54292239032517,0.826389748450335,-11.4429276955495));
#12056=CARTESIAN_POINT('Ctrl Pts',(5.54646063145472,0.826421223641761,-11.442800616181));
#12057=CARTESIAN_POINT('Ctrl Pts',(5.55000017881393,0.826421223641761,-11.442800616181));
#12058=CARTESIAN_POINT('',(10.5000001788139,0.826421223641761,-11.442800616181));
#12059=CARTESIAN_POINT('',(5.40000017881393,0.826421223641761,-11.442800616181));
#12060=CARTESIAN_POINT('',(10.5000001788139,1.02499999999996,-10.0595148601208));
#12061=CARTESIAN_POINT('Ctrl Pts',(10.5000001788139,0.826421223641761,-11.442800616181));
#12062=CARTESIAN_POINT('Ctrl Pts',(10.5000001788139,0.82848493617265,-11.4344684894112));
#12063=CARTESIAN_POINT('Ctrl Pts',(10.5000001788139,0.830548648703539,-11.4261363626414));
#12064=CARTESIAN_POINT('Ctrl Pts',(10.5000001788139,0.832612361234428,-11.4178042358717));
#12065=CARTESIAN_POINT('Ctrl Pts',(10.5000001788139,0.94173932208473,-10.9772100842166));
#12066=CARTESIAN_POINT('Ctrl Pts',(10.5000001788139,1.0062037914382,-10.5222441677567));
#12067=CARTESIAN_POINT('Ctrl Pts',(10.5000001788139,1.02499999999992,-10.0595148601218));
#12068=CARTESIAN_POINT('',(11.8500001788139,1.02499999999989,-10.0595148601211));
#12069=CARTESIAN_POINT('',(12.0000001788139,1.02499999999996,-10.0595148601208));
#12070=CARTESIAN_POINT('',(11.8500001788139,0.812729867732179,-11.4980787188148));
#12071=CARTESIAN_POINT('Ctrl Pts',(11.8500001788139,1.025,-10.0595148601199));
#12072=CARTESIAN_POINT('Ctrl Pts',(11.8500001788139,1.00642993717602,-10.5166768609094));
#12073=CARTESIAN_POINT('Ctrl Pts',(11.8500001788139,0.942471836066293,-10.9743206783592));
#12074=CARTESIAN_POINT('Ctrl Pts',(11.8500001788139,0.825891728379722,-11.4449353337123));
#12075=CARTESIAN_POINT('Ctrl Pts',(11.8500001788139,0.819355969916949,-11.4713261926917));
#12076=CARTESIAN_POINT('Ctrl Pts',(11.8500001788139,0.812729867732117,-11.498078718815));
#12077=CARTESIAN_POINT('',(12.0000001788139,0.812729867732179,-11.4980787188148));
#12078=CARTESIAN_POINT('Origin',(12.0000001788139,-0.165271900198566,-13.));
#12079=CARTESIAN_POINT('',(11.8500001788139,0.0773855172490632,-12.6273500199563));
#12080=CARTESIAN_POINT('',(11.8500001788139,0.011936968141193,-12.7278596222404));
#12081=CARTESIAN_POINT('',(11.5500001788139,-0.0863171999915527,-12.8787489467004));
#12082=CARTESIAN_POINT('Origin',(11.5500001788139,0.0773855172490631,-12.6273500199563));
#12083=CARTESIAN_POINT('',(12.0000001788139,-0.0863171999915523,-12.8787489467004));
#12084=CARTESIAN_POINT('Origin',(12.0000001788139,-0.212016663363557,-12.79689758808));
#12085=CARTESIAN_POINT('',(11.5500001788139,-0.293868021983867,-12.9225970514521));
#12086=CARTESIAN_POINT('Origin',(11.5500001788139,-0.212016663363559,-12.79689758808));
#12087=CARTESIAN_POINT('',(12.0000001788139,-0.293868021983864,-12.9225970514521));
#12088=CARTESIAN_POINT('Origin',(11.5500001788139,-0.0483139461229433,-12.545498661336));
#12089=CARTESIAN_POINT('',(12.0000001788139,-0.048313946122943,-12.545498661336));
#12090=CARTESIAN_POINT('Origin',(11.8500001788139,-0.0483139461229432,-12.545498661336));
#12091=CARTESIAN_POINT('Origin',(11.5500001788139,-0.0483139461229433,-12.545498661336));
#12092=CARTESIAN_POINT('Origin',(11.8500001788139,-0.113762495230811,-12.6460082636201));
#12093=CARTESIAN_POINT('',(12.0000001788139,0.673215883227919,-11.4374423763205));
#12094=CARTESIAN_POINT('Ctrl Pts',(12.0000001788139,0.673215729155537,-11.4374424329109));
#12095=CARTESIAN_POINT('Ctrl Pts',(12.0000001788139,0.673554816330927,-11.4375896694902));
#12096=CARTESIAN_POINT('Ctrl Pts',(11.9999987590764,0.673893871923373,-11.4377368994724));
#12097=CARTESIAN_POINT('Ctrl Pts',(11.9999959239422,0.674232890277084,-11.4378841202057));
#12098=CARTESIAN_POINT('Ctrl Pts',(11.9999124367146,0.684216087111394,-11.442219382714));
#12099=CARTESIAN_POINT('Ctrl Pts',(11.9986067976743,0.694117422781812,-11.4465250909388));
#12100=CARTESIAN_POINT('Ctrl Pts',(11.9961959399026,0.703794721696541,-11.4507345218319));
#12101=CARTESIAN_POINT('Ctrl Pts',(11.994051462005,0.712402758999454,-11.4544788453742));
#12102=CARTESIAN_POINT('Ctrl Pts',(11.9910312588338,0.720834439735072,-11.4581471993308));
#12103=CARTESIAN_POINT('Ctrl Pts',(11.987184185419,0.728981399660334,-11.4616901848463));
#12104=CARTESIAN_POINT('Ctrl Pts',(11.9828780097393,0.738100601950274,-11.4656559833678));
#12105=CARTESIAN_POINT('Ctrl Pts',(11.9775793689095,0.746773095507204,-11.4694253487341));
#12106=CARTESIAN_POINT('Ctrl Pts',(11.9713737061196,0.754851268294657,-11.4729338261211));
#12107=CARTESIAN_POINT('Ctrl Pts',(11.9662933892299,0.761464530896826,-11.4758060699942));
#12108=CARTESIAN_POINT('Ctrl Pts',(11.9606040334228,0.767679697789966,-11.4785035109328));
#12109=CARTESIAN_POINT('Ctrl Pts',(11.954332619234,0.773399343221385,-11.4809868646408));
#12110=CARTESIAN_POINT('Ctrl Pts',(11.9509001742903,0.776529796329629,-11.4823460437067));
#12111=CARTESIAN_POINT('Ctrl Pts',(11.9473091828575,0.779496779512954,-11.4836345940454));
#12112=CARTESIAN_POINT('Ctrl Pts',(11.9435666040234,0.782286396588641,-11.4848473581397));
#12113=CARTESIAN_POINT('Ctrl Pts',(11.935256310276,0.788480664864461,-11.4875402675789));
#12114=CARTESIAN_POINT('Ctrl Pts',(11.9262002571781,0.793803520853804,-11.4898603105308));
#12115=CARTESIAN_POINT('Ctrl Pts',(11.9165839760963,0.798204267295895,-11.4917765682614));
#12116=CARTESIAN_POINT('Ctrl Pts',(11.9132055039848,0.79975037425744,-11.4924498039174));
#12117=CARTESIAN_POINT('Ctrl Pts',(11.9097576639512,0.801182256471958,-11.4930730965318));
#12118=CARTESIAN_POINT('Ctrl Pts',(11.9062480229106,0.802496311086015,-11.4936447505029));
#12119=CARTESIAN_POINT('Ctrl Pts',(11.8962990085352,0.806221349656697,-11.4952652562784));
#12120=CARTESIAN_POINT('Ctrl Pts',(11.8859647670234,0.808961803739408,-11.4964535824842));
#12121=CARTESIAN_POINT('Ctrl Pts',(11.8754329150775,0.810668578165979,-11.4971909179568));
#12122=CARTESIAN_POINT('Ctrl Pts',(11.8670510224652,0.81202693375533,-11.4977777346708));
#12123=CARTESIAN_POINT('Ctrl Pts',(11.8585429779792,0.812729867732117,-11.498078718815));
#12124=CARTESIAN_POINT('Ctrl Pts',(11.8500001788139,0.812729867732118,-11.498078718815));
#12125=CARTESIAN_POINT('',(12.0000001788139,-0.113762495230811,-12.6460082636201));
#12126=CARTESIAN_POINT('Ctrl Pts',(12.0000001788139,0.667129405625135,-11.4620161976298));
#12127=CARTESIAN_POINT('Ctrl Pts',(12.0000001788139,0.673755507809968,-11.4352636715065));
#12128=CARTESIAN_POINT('Ctrl Pts',(12.0000001788139,0.680382204005016,-11.4085056985395));
#12129=CARTESIAN_POINT('Ctrl Pts',(12.0000001788139,0.794720449026316,-10.9469414834417));
#12130=CARTESIAN_POINT('Ctrl Pts',(12.0000001788139,0.856951356647417,-10.500795170905));
#12131=CARTESIAN_POINT('Ctrl Pts',(12.0000001788139,0.8751235977951,-10.0534268339935));
#12132=CARTESIAN_POINT('Ctrl Pts',(12.0000001788139,0.710692962016999,-11.472806078737));
#12133=CARTESIAN_POINT('Ctrl Pts',(12.0000001788139,0.71734274453699,-11.4459579714426));
#12134=CARTESIAN_POINT('Ctrl Pts',(12.0000001788139,0.723910330376458,-11.4194385944565));
#12135=CARTESIAN_POINT('Ctrl Pts',(12.0000001788139,0.839021595130917,-10.9547537658819));
#12136=CARTESIAN_POINT('Ctrl Pts',(12.0000001788139,0.901681213460071,-10.5055243425109));
#12137=CARTESIAN_POINT('Ctrl Pts',(12.0000001788139,0.919966512472565,-10.055248367151));
#12138=CARTESIAN_POINT('Ctrl Pts',(11.9623416827576,0.786126765678796,-11.4914896261878));
#12139=CARTESIAN_POINT('Ctrl Pts',(11.9623416827576,0.792757296821004,-11.46471922342));
#12140=CARTESIAN_POINT('Ctrl Pts',(11.9623416827576,0.799303704156988,-11.4382853692472));
#12141=CARTESIAN_POINT('Ctrl Pts',(11.9623416827576,0.915493319359302,-10.9692471543271));
#12142=CARTESIAN_POINT('Ctrl Pts',(11.9623416827576,0.979119368937513,-10.5137708387158));
#12143=CARTESIAN_POINT('Ctrl Pts',(11.9623416827576,0.997615627962005,-10.0584024984007));
#12144=CARTESIAN_POINT('Ctrl Pts',(11.8836601001024,0.812729867732117,-11.498078718815));
#12145=CARTESIAN_POINT('Ctrl Pts',(11.8836601001024,0.819355969916949,-11.4713261926917));
#12146=CARTESIAN_POINT('Ctrl Pts',(11.8836601001024,0.825891728379722,-11.4449353337123));
#12147=CARTESIAN_POINT('Ctrl Pts',(11.8836601001024,0.942471836066293,-10.9743206783592));
#12148=CARTESIAN_POINT('Ctrl Pts',(11.8836601001024,1.00642993717602,-10.5166768609094));
#12149=CARTESIAN_POINT('Ctrl Pts',(11.8836601001024,1.025,-10.0595148601199));
#12150=CARTESIAN_POINT('Ctrl Pts',(11.8500001788139,0.812729867732117,-11.498078718815));
#12151=CARTESIAN_POINT('Ctrl Pts',(11.8500001788139,0.819355969916949,-11.4713261926917));
#12152=CARTESIAN_POINT('Ctrl Pts',(11.8500001788139,0.825891728379722,-11.4449353337123));
#12153=CARTESIAN_POINT('Ctrl Pts',(11.8500001788139,0.942471836066293,-10.9743206783592));
#12154=CARTESIAN_POINT('Ctrl Pts',(11.8500001788139,1.00642993717602,-10.5166768609094));
#12155=CARTESIAN_POINT('Ctrl Pts',(11.8500001788139,1.025,-10.0595148601199));
#12156=CARTESIAN_POINT('',(12.0000001788139,0.874999999999999,-10.0564530982429));
#12157=CARTESIAN_POINT('Ctrl Pts',(12.0000001788139,0.874999997590361,-10.0564530881358));
#12158=CARTESIAN_POINT('Ctrl Pts',(12.0000001788139,0.875364547701971,-10.056460568576));
#12159=CARTESIAN_POINT('Ctrl Pts',(11.9999987589949,0.875729065463767,-10.0564680474314));
#12160=CARTESIAN_POINT('Ctrl Pts',(11.999995923701,0.876093544745027,-10.0564755246148));
#12161=CARTESIAN_POINT('Ctrl Pts',(11.9999124454849,0.88682473577193,-10.056695671787));
#12162=CARTESIAN_POINT('Ctrl Pts',(11.9986071951683,0.897465053741462,-10.0569132132048));
#12163=CARTESIAN_POINT('Ctrl Pts',(11.9961998935919,0.907860690288116,-10.0571255153689));
#12164=CARTESIAN_POINT('Ctrl Pts',(11.9941588931922,0.916674500138041,-10.0573055130917));
#12165=CARTESIAN_POINT('Ctrl Pts',(11.9913243819571,0.925313164711327,-10.0574817773846));
#12166=CARTESIAN_POINT('Ctrl Pts',(11.9877408345258,0.933676503617661,-10.0576525072909));
#12167=CARTESIAN_POINT('Ctrl Pts',(11.9834869299534,0.943604332478916,-10.0578551748272));
#12168=CARTESIAN_POINT('Ctrl Pts',(11.9782236106514,0.953039975837716,-10.0580479319841));
#12169=CARTESIAN_POINT('Ctrl Pts',(11.9720464440197,0.961824782430554,-10.0582275236087));
#12170=CARTESIAN_POINT('Ctrl Pts',(11.9670552188511,0.96892301215001,-10.0583726358083));
#12171=CARTESIAN_POINT('Ctrl Pts',(11.9614661417065,0.975596564273802,-10.0585091642382));
#12172=CARTESIAN_POINT('Ctrl Pts',(11.9553094191921,0.981747181153396,-10.0586348233139));
#12173=CARTESIAN_POINT('Ctrl Pts',(11.9515812437126,0.98547165939331,-10.058710915599));
#12174=CARTESIAN_POINT('Ctrl Pts',(11.9476636675227,0.988984964578999,-10.0587826186182));
#12175=CARTESIAN_POINT('Ctrl Pts',(11.9435666040234,0.992268418352802,-10.0588494325412));
#12176=CARTESIAN_POINT('Ctrl Pts',(11.9352398551544,0.998941611238909,-10.0589852231526));
#12177=CARTESIAN_POINT('Ctrl Pts',(11.9261734597095,1.00466842819989,-10.059100947906));
#12178=CARTESIAN_POINT('Ctrl Pts',(11.9165581220247,1.0093980696484,-10.0591966870284));
#12179=CARTESIAN_POINT('Ctrl Pts',(11.9134260082919,1.01093870976084,-10.0592278732259));
#12180=CARTESIAN_POINT('Ctrl Pts',(11.9102354359686,1.01237318371539,-10.0592569236493));
#12181=CARTESIAN_POINT('Ctrl Pts',(11.9069925486262,1.01369863883947,-10.0592837947038));
#12182=CARTESIAN_POINT('Ctrl Pts',(11.8970321954325,1.01776970261212,-10.0593663276952));
#12183=CARTESIAN_POINT('Ctrl Pts',(11.8866835881706,1.02077348964212,-10.0594275934277));
#12184=CARTESIAN_POINT('Ctrl Pts',(11.8761374758065,1.0226613579115,-10.0594664250002));
#12185=CARTESIAN_POINT('Ctrl Pts',(11.8675246978061,1.02420313840243,-10.0594981378913));
#12186=CARTESIAN_POINT('Ctrl Pts',(11.8587790929263,1.02499999999996,-10.0595148601208));
#12187=CARTESIAN_POINT('Ctrl Pts',(11.8500001788139,1.02499999999996,-10.0595148601208));
#12188=CARTESIAN_POINT('Ctrl Pts',(12.0000001788139,0.673215751254911,-11.4374423436829));
#12189=CARTESIAN_POINT('Ctrl Pts',(12.0000001788139,0.677813587661259,-11.4188781961417));
#12190=CARTESIAN_POINT('Ctrl Pts',(12.0000001788139,0.682412121040336,-11.4003112657585));
#12191=CARTESIAN_POINT('Ctrl Pts',(12.0000001788139,0.794477580265785,-10.9479219036747));
#12192=CARTESIAN_POINT('Ctrl Pts',(12.0000001788139,0.856670479226449,-10.5028071241085));
#12193=CARTESIAN_POINT('Ctrl Pts',(12.0000001788139,0.874999997180064,-10.0564530981271));
#12194=CARTESIAN_POINT('Origin',(11.8500001788139,0.874999999999999,-10.75));
#12195=CARTESIAN_POINT('',(11.8500001788139,1.025,-9.48641337753826));
#12196=CARTESIAN_POINT('',(11.8500001788139,1.025,-10.75));
#12197=CARTESIAN_POINT('',(12.0000001788139,0.874999999999999,-9.48944944074039));
#12198=CARTESIAN_POINT('Ctrl Pts',(12.0000001788139,0.874999998868064,-9.48944944951532));
#12199=CARTESIAN_POINT('Ctrl Pts',(12.0000001788139,0.875364549094665,-9.48944203401168));
#12200=CARTESIAN_POINT('Ctrl Pts',(11.9999987590849,0.875729067075304,-9.48943462004891));
#12201=CARTESIAN_POINT('Ctrl Pts',(11.9999959239697,0.876093546677416,-9.48942720770489));
#12202=CARTESIAN_POINT('Ctrl Pts',(11.9999124501634,0.886824856203122,-9.4892089673493));
#12203=CARTESIAN_POINT('Ctrl Pts',(11.9986072558857,0.897465377879822,-9.48899328181357));
#12204=CARTESIAN_POINT('Ctrl Pts',(11.9962000261989,0.907861252597076,-9.48878277439692));
#12205=CARTESIAN_POINT('Ctrl Pts',(11.9941591563034,0.91667496400287,-9.48860430441055));
#12206=CARTESIAN_POINT('Ctrl Pts',(11.9913248410621,0.925313567044215,-9.48842952389371));
#12207=CARTESIAN_POINT('Ctrl Pts',(11.9877415289748,0.933676861487508,-9.48826022510925));
#12208=CARTESIAN_POINT('Ctrl Pts',(11.9834878419001,0.943604781972141,-9.48805925348478));
#12209=CARTESIAN_POINT('Ctrl Pts',(11.9782247625471,0.953040528447144,-9.48786810033344));
#12210=CARTESIAN_POINT('Ctrl Pts',(11.9720478184966,0.961825409009937,-9.48769000060393));
#12211=CARTESIAN_POINT('Ctrl Pts',(11.9670566531676,0.968923869175066,-9.48754609041343));
#12212=CARTESIAN_POINT('Ctrl Pts',(11.961467595995,0.975597612502612,-9.48741069124506));
#12213=CARTESIAN_POINT('Ctrl Pts',(11.9553108343639,0.981748352493441,-9.48728607256299));
#12214=CARTESIAN_POINT('Ctrl Pts',(11.9515826020753,0.985472938372718,-9.48721060961312));
#12215=CARTESIAN_POINT('Ctrl Pts',(11.9476649442901,0.988986321829878,-9.48713949996688));
#12216=CARTESIAN_POINT('Ctrl Pts',(11.9435677707103,0.992269817954144,-9.48707323985884));
#12217=CARTESIAN_POINT('Ctrl Pts',(11.9352410398653,0.998942903173666,-9.48693857871385));
#12218=CARTESIAN_POINT('Ctrl Pts',(11.9261745880046,1.00466951936535,-9.486823819983));
#12219=CARTESIAN_POINT('Ctrl Pts',(11.9165591762585,1.00939894247304,-9.48672888186504));
#12220=CARTESIAN_POINT('Ctrl Pts',(11.913426994198,1.01093953320443,-9.48669795615142));
#12221=CARTESIAN_POINT('Ctrl Pts',(11.9102363500086,1.0123739529087,-9.48666914862674));
#12222=CARTESIAN_POINT('Ctrl Pts',(11.9069933894729,1.01369935142346,-9.48664250241584));
#12223=CARTESIAN_POINT('Ctrl Pts',(11.8970327120852,1.01777028194211,-9.48656065920268));
#12224=CARTESIAN_POINT('Ctrl Pts',(11.8866837617941,1.02077389478009,-9.48649990728913));
#12225=CARTESIAN_POINT('Ctrl Pts',(11.8761373565814,1.02266161801296,-9.4864614026573));
#12226=CARTESIAN_POINT('Ctrl Pts',(11.8675245678891,1.02420323916123,-9.48642995760556));
#12227=CARTESIAN_POINT('Ctrl Pts',(11.858778992573,1.025,-9.48641337753826));
#12228=CARTESIAN_POINT('Ctrl Pts',(11.8500001788139,1.025,-9.48641337753826));
#12229=CARTESIAN_POINT('',(12.0000001788139,0.874999999999999,-10.75));
#12230=CARTESIAN_POINT('Ctrl Pts',(12.0000001788139,0.875121565144812,-9.49245115571897));
#12231=CARTESIAN_POINT('Ctrl Pts',(12.0000001788139,0.860956995151138,-9.14083777783045));
#12232=CARTESIAN_POINT('Ctrl Pts',(12.0000001788139,0.820311125685998,-8.7899882338627));
#12233=CARTESIAN_POINT('Ctrl Pts',(12.0000001788139,0.734671342210271,-8.33750879445534));
#12234=CARTESIAN_POINT('Ctrl Pts',(12.0000001788139,0.712551339454232,-8.23111310763145));
#12235=CARTESIAN_POINT('Ctrl Pts',(12.0000001788139,0.678057933745915,-8.07823745461427));
#12236=CARTESIAN_POINT('Ctrl Pts',(12.0000001788139,0.667470622473147,-8.03131220548051));
#12237=CARTESIAN_POINT('Ctrl Pts',(12.0000001788139,0.656886385433346,-7.98440165211225));
#12238=CARTESIAN_POINT('Ctrl Pts',(12.0000001788139,0.919965087989821,-9.49064465671169));
#12239=CARTESIAN_POINT('Ctrl Pts',(12.0000001788139,0.905717070353524,-9.13682030873124));
#12240=CARTESIAN_POINT('Ctrl Pts',(12.0000001788139,0.864794864721206,-8.78368845550408));
#12241=CARTESIAN_POINT('Ctrl Pts',(12.0000001788139,0.778657657267241,-8.32857486925171));
#12242=CARTESIAN_POINT('Ctrl Pts',(12.0000001788139,0.756436834059225,-8.22171277841965));
#12243=CARTESIAN_POINT('Ctrl Pts',(12.0000001788139,0.721804370961925,-8.06821095691194));
#12244=CARTESIAN_POINT('Ctrl Pts',(12.0000001788139,0.711271698550367,-8.02153249801404));
#12245=CARTESIAN_POINT('Ctrl Pts',(12.0000001788139,0.700665772625514,-7.97452388734019));
#12246=CARTESIAN_POINT('Ctrl Pts',(11.9623440647433,0.997618112300965,-9.48751644326122));
#12247=CARTESIAN_POINT('Ctrl Pts',(11.9623440647433,0.983207635799643,-9.12977548780612));
#12248=CARTESIAN_POINT('Ctrl Pts',(11.9623440647433,0.941580064963029,-8.77159031346673));
#12249=CARTESIAN_POINT('Ctrl Pts',(11.9623440647433,0.854811067471177,-8.31306555762327));
#12250=CARTESIAN_POINT('Ctrl Pts',(11.9623440647433,0.832214897939414,-8.20446159357887));
#12251=CARTESIAN_POINT('Ctrl Pts',(11.9623440647433,0.797629810161333,-8.05117552924739));
#12252=CARTESIAN_POINT('Ctrl Pts',(11.9623440647433,0.787063956885632,-8.00434606591452));
#12253=CARTESIAN_POINT('Ctrl Pts',(11.9623440647433,0.776476092651225,-7.95741911368901));
#12254=CARTESIAN_POINT('Ctrl Pts',(11.8836601001024,1.025,-9.48641337753829));
#12255=CARTESIAN_POINT('Ctrl Pts',(11.8836601001024,1.01053312269312,-9.12729569167549));
#12256=CARTESIAN_POINT('Ctrl Pts',(11.8836601001024,0.968668009398754,-8.76738290444723));
#12257=CARTESIAN_POINT('Ctrl Pts',(11.8836601001024,0.881664914601398,-8.30759860759753));
#12258=CARTESIAN_POINT('Ctrl Pts',(11.8836601001024,0.858946287363848,-8.19842647878224));
#12259=CARTESIAN_POINT('Ctrl Pts',(11.8836601001024,0.824363699777957,-8.04515240930744));
#12260=CARTESIAN_POINT('Ctrl Pts',(11.8836601001024,0.813792445893667,-7.99829820858686));
#12261=CARTESIAN_POINT('Ctrl Pts',(11.8836601001024,0.803208208853867,-7.95138765521861));
#12262=CARTESIAN_POINT('Ctrl Pts',(11.8500001788139,1.025,-9.48641337753829));
#12263=CARTESIAN_POINT('Ctrl Pts',(11.8500001788139,1.01053312269312,-9.12729569167549));
#12264=CARTESIAN_POINT('Ctrl Pts',(11.8500001788139,0.968668009398754,-8.76738290444723));
#12265=CARTESIAN_POINT('Ctrl Pts',(11.8500001788139,0.881664914601398,-8.30759860759753));
#12266=CARTESIAN_POINT('Ctrl Pts',(11.8500001788139,0.858946287363848,-8.19842647878224));
#12267=CARTESIAN_POINT('Ctrl Pts',(11.8500001788139,0.824363699777957,-8.04515240930744));
#12268=CARTESIAN_POINT('Ctrl Pts',(11.8500001788139,0.813792445893667,-7.99829820858686));
#12269=CARTESIAN_POINT('Ctrl Pts',(11.8500001788139,0.803208208853867,-7.95138765521861));
#12270=CARTESIAN_POINT('Ctrl Pts',(12.0000001788139,0.874999998868064,-9.48944944951532));
#12271=CARTESIAN_POINT('Ctrl Pts',(12.0000001788139,0.860725464998513,-9.13884101605502));
#12272=CARTESIAN_POINT('Ctrl Pts',(12.0000001788139,0.820124880415892,-8.78900420340408));
#12273=CARTESIAN_POINT('Ctrl Pts',(12.0000001788139,0.734671342210271,-8.33750879445534));
#12274=CARTESIAN_POINT('Ctrl Pts',(12.0000001788139,0.712551339454232,-8.23111310763145));
#12275=CARTESIAN_POINT('Ctrl Pts',(12.0000001788139,0.681299977247456,-8.0926062740228));
#12276=CARTESIAN_POINT('Ctrl Pts',(12.0000001788139,0.673953837427581,-8.06004702475266));
#12277=CARTESIAN_POINT('Ctrl Pts',(12.0000001788139,0.666608972269421,-8.02749348532442));
#12278=CARTESIAN_POINT('Ctrl Pts',(11.8500001788139,0.803208208853867,-7.95138765521861));
#12279=CARTESIAN_POINT('Ctrl Pts',(11.8500001788139,0.813792445893667,-7.99829820858686));
#12280=CARTESIAN_POINT('Ctrl Pts',(11.8500001788139,0.824363699777957,-8.04515240930744));
#12281=CARTESIAN_POINT('Ctrl Pts',(11.8500001788139,0.858946287363848,-8.19842647878224));
#12282=CARTESIAN_POINT('Ctrl Pts',(11.8500001788139,0.881664914601398,-8.30759860759753));
#12283=CARTESIAN_POINT('Ctrl Pts',(11.8500001788139,0.968668009398754,-8.76738290444723));
#12284=CARTESIAN_POINT('Ctrl Pts',(11.8500001788139,1.01053312269312,-9.12729569167549));
#12285=CARTESIAN_POINT('Ctrl Pts',(11.8500001788139,1.025,-9.48641337753829));
#12286=CARTESIAN_POINT('Origin',(8.70000017881393,1.025,-8.5));
#12287=CARTESIAN_POINT('',(10.5000001788139,1.025,-9.48641337753826));
#12288=CARTESIAN_POINT('',(10.5000001788139,1.025,-9.11371651702426));
#12289=CARTESIAN_POINT('',(12.0000001788139,1.025,-9.48641337753826));
#12290=CARTESIAN_POINT('Ctrl Pts',(12.0000001788139,1.025,-9.48641337753826));
#12291=CARTESIAN_POINT('Ctrl Pts',(5.40000017881393,1.025,-9.48641337753826));
#12292=CARTESIAN_POINT('Ctrl Pts',(12.0000001788139,1.01070868230153,-9.13165368538536));
#12293=CARTESIAN_POINT('Ctrl Pts',(5.40000017881393,1.01070868230153,-9.13165368538536));
#12294=CARTESIAN_POINT('Ctrl Pts',(12.0000001788139,0.969937185630545,-8.7739910752959));
#12295=CARTESIAN_POINT('Ctrl Pts',(5.40000017881393,0.969937185630545,-8.7739910752959));
#12296=CARTESIAN_POINT('Ctrl Pts',(12.0000001788139,0.902247385750202,-8.41630422796526));
#12297=CARTESIAN_POINT('Ctrl Pts',(5.40000017881393,0.902247385750202,-8.41630422796526));
#12298=CARTESIAN_POINT('Ctrl Pts',(12.0000001788139,0.88183334263273,-8.30843221863937));
#12299=CARTESIAN_POINT('Ctrl Pts',(5.40000017881393,0.88183334263273,-8.30843221863937));
#12300=CARTESIAN_POINT('Ctrl Pts',(12.0000001788139,0.859396335210346,-8.20041988023359));
#12301=CARTESIAN_POINT('Ctrl Pts',(5.40000017881393,0.859396335210346,-8.20041988023359));
#12302=CARTESIAN_POINT('Ctrl Pts',(12.0000001788139,0.834968808191986,-8.09215427681408));
#12303=CARTESIAN_POINT('Ctrl Pts',(5.40000017881393,0.834968808191986,-8.09215427681408));
#12304=CARTESIAN_POINT('Ctrl Pts',(12.0000001788139,0.824381941745946,-8.04523206961559));
#12305=CARTESIAN_POINT('Ctrl Pts',(5.40000017881393,0.824381941745946,-8.04523206961559));
#12306=CARTESIAN_POINT('Ctrl Pts',(12.0000001788139,0.813795075299906,-7.9983098624171));
#12307=CARTESIAN_POINT('Ctrl Pts',(5.40000017881393,0.813795075299906,-7.9983098624171));
#12308=CARTESIAN_POINT('Ctrl Pts',(12.0000001788139,0.803208208853866,-7.9513876552186));
#12309=CARTESIAN_POINT('Ctrl Pts',(5.40000017881393,0.803208208853866,-7.9513876552186));
#12310=CARTESIAN_POINT('',(10.5000001788139,0.816898692917373,-8.01206545191602));
#12311=CARTESIAN_POINT('Ctrl Pts',(10.5000001788139,1.025,-9.48641337753826));
#12312=CARTESIAN_POINT('Ctrl Pts',(10.5000001788139,1.01070868230154,-9.13165368538536));
#12313=CARTESIAN_POINT('Ctrl Pts',(10.5000001788139,0.969937185630545,-8.7739910752959));
#12314=CARTESIAN_POINT('Ctrl Pts',(10.5000001788139,0.902247385750202,-8.41630422796526));
#12315=CARTESIAN_POINT('Ctrl Pts',(10.5000001788139,0.88183334263273,-8.30843221863937));
#12316=CARTESIAN_POINT('Ctrl Pts',(10.5000001788139,0.859396335210346,-8.20041988023359));
#12317=CARTESIAN_POINT('Ctrl Pts',(10.5000001788139,0.834968808191986,-8.09215427681408));
#12318=CARTESIAN_POINT('Ctrl Pts',(10.5000001788139,0.828945436433782,-8.06545800184806));
#12319=CARTESIAN_POINT('Ctrl Pts',(10.5000001788139,0.822922064675577,-8.03876172688204));
#12320=CARTESIAN_POINT('Ctrl Pts',(10.5000001788139,0.816898692917373,-8.01206545191602));
#12321=CARTESIAN_POINT('',(5.55000017881393,0.816898692917373,-8.01206545191602));
#12322=CARTESIAN_POINT('',(5.40000017881393,0.816898692917373,-8.01206545191602));
#12323=CARTESIAN_POINT('',(5.47268191646063,0.811923731420171,-7.99001585157631));
#12324=CARTESIAN_POINT('Ctrl Pts',(5.55000017881394,0.816898692918442,-8.01206545192076));
#12325=CARTESIAN_POINT('Ctrl Pts',(5.54479864093593,0.816898692913325,-8.01206545189808));
#12326=CARTESIAN_POINT('Ctrl Pts',(5.53959939402803,0.816835901339679,-8.01178715243677));
#12327=CARTESIAN_POINT('Ctrl Pts',(5.53442823849727,0.816710720954481,-8.01123233860197));
#12328=CARTESIAN_POINT('Ctrl Pts',(5.52758237150519,0.816545000108922,-8.01049784479381));
#12329=CARTESIAN_POINT('Ctrl Pts',(5.52080269393003,0.816270419156678,-8.00928087049838));
#12330=CARTESIAN_POINT('Ctrl Pts',(5.51413613247448,0.815889781325584,-8.00759383994319));
#12331=CARTESIAN_POINT('Ctrl Pts',(5.49945550668142,0.815051567863031,-8.00387878167104));
#12332=CARTESIAN_POINT('Ctrl Pts',(5.48549256697951,0.813708907906996,-7.99792795864184));
#12333=CARTESIAN_POINT('Ctrl Pts',(5.47268191645778,0.811923731441078,-7.99001585165092));
#12334=CARTESIAN_POINT('Ctrl Pts',(5.47268191646063,0.811923731424048,-7.99001585157544));
#12335=CARTESIAN_POINT('Ctrl Pts',(5.47596944484824,0.81112068699881,-7.9864566665132));
#12336=CARTESIAN_POINT('Ctrl Pts',(5.47941530015436,0.810348623134471,-7.98303479085267));
#12337=CARTESIAN_POINT('Ctrl Pts',(5.48302777816498,0.809616640950717,-7.97979056180088));
#12338=CARTESIAN_POINT('Ctrl Pts',(5.49105707543873,0.807989696084847,-7.97257975542243));
#12339=CARTESIAN_POINT('Ctrl Pts',(5.50002470596401,0.806536433555977,-7.96613872909599));
#12340=CARTESIAN_POINT('Ctrl Pts',(5.50994336100914,0.805420299723831,-7.96119189584744));
#12341=CARTESIAN_POINT('Ctrl Pts',(5.51711607096989,0.804613163653574,-7.95761457614486));
#12342=CARTESIAN_POINT('Ctrl Pts',(5.52474085968506,0.803988022619917,-7.95484387933302));
#12343=CARTESIAN_POINT('Ctrl Pts',(5.53278791410935,0.803610559237036,-7.95317091829665));
#12344=CARTESIAN_POINT('Ctrl Pts',(5.53834169597428,0.803350047852374,-7.95201630193958));
#12345=CARTESIAN_POINT('Ctrl Pts',(5.54408949517363,0.803208204283915,-7.95138763496405));
#12346=CARTESIAN_POINT('Ctrl Pts',(5.55000017881393,0.803208208853866,-7.9513876552186));
#12347=CARTESIAN_POINT('Origin',(5.55000017881393,1.30602812426238,-9.48593724521813));
#12348=CARTESIAN_POINT('',(5.4868983625757,2.42707443536711,-11.4569141465781));
#12349=CARTESIAN_POINT('',(5.55000017881393,2.43727013226782,-11.4980787188148));
#12350=CARTESIAN_POINT('Ctrl Pts',(5.4868983625757,2.42707443486161,-11.4569141467033));
#12351=CARTESIAN_POINT('Ctrl Pts',(5.49270723359365,2.42904777034549,-11.4648813810758));
#12352=CARTESIAN_POINT('Ctrl Pts',(5.49928317906475,2.43095074567233,-11.4725645401524));
#12353=CARTESIAN_POINT('Ctrl Pts',(5.50660991968698,2.43257259412626,-11.4791126648147));
#12354=CARTESIAN_POINT('Ctrl Pts',(5.51196293082641,2.43375753751213,-11.4838968090975));
#12355=CARTESIAN_POINT('Ctrl Pts',(5.51788833234442,2.43483018976136,-11.4882275840416));
#12356=CARTESIAN_POINT('Ctrl Pts',(5.52434968784164,2.43565166702686,-11.4915442536902));
#12357=CARTESIAN_POINT('Ctrl Pts',(5.52916181191754,2.4362634659797,-11.4940143585892));
#12358=CARTESIAN_POINT('Ctrl Pts',(5.53425379279608,2.43673361922621,-11.4959125766756));
#12359=CARTESIAN_POINT('Ctrl Pts',(5.53960378288561,2.43700589758355,-11.4970118856908));
#12360=CARTESIAN_POINT('Ctrl Pts',(5.54161985202165,2.4371085018844,-11.4974261449585));
#12361=CARTESIAN_POINT('Ctrl Pts',(5.54365982171234,2.4371823369626,-11.4977242500591));
#12362=CARTESIAN_POINT('Ctrl Pts',(5.54572262967628,2.43722544538795,-11.4978982979749));
#12363=CARTESIAN_POINT('Ctrl Pts',(5.54714233328641,2.43725511426075,-11.4980180844304));
#12364=CARTESIAN_POINT('Ctrl Pts',(5.54856830774494,2.43727013226782,-11.4980787188148));
#12365=CARTESIAN_POINT('Ctrl Pts',(5.55000017881393,2.43727013226782,-11.4980787188148));
#12366=CARTESIAN_POINT('Ctrl Pts',(5.40000017881393,2.61600053200122,-11.4976671842255));
#12367=CARTESIAN_POINT('Ctrl Pts',(5.40000017881393,2.61521302837523,-11.4975106367715));
#12368=CARTESIAN_POINT('Ctrl Pts',(5.40000347932854,2.61442554933652,-11.4973539340234));
#12369=CARTESIAN_POINT('Ctrl Pts',(5.40019434480169,2.59164529138221,-11.492816184758));
#12370=CARTESIAN_POINT('Ctrl Pts',(5.40295156914369,2.56956063354565,-11.4882885051729));
#12371=CARTESIAN_POINT('Ctrl Pts',(5.41343014555959,2.52781609736596,-11.4794929975404));
#12372=CARTESIAN_POINT('Ctrl Pts',(5.42102567305449,2.50780166791068,-11.4751593497398));
#12373=CARTESIAN_POINT('Ctrl Pts',(5.44147405613709,2.4708375226736,-11.4669727838209));
#12374=CARTESIAN_POINT('Ctrl Pts',(5.45453243257982,2.45358163050494,-11.4630497289885));
#12375=CARTESIAN_POINT('Ctrl Pts',(5.47565729011022,2.43503199849763,-11.4587666259603));
#12376=CARTESIAN_POINT('Ctrl Pts',(5.48113529460679,2.43083472717404,-11.4577914806027));
#12377=CARTESIAN_POINT('Ctrl Pts',(5.48689836276762,2.4270744357665,-11.456914146127));
#12378=CARTESIAN_POINT('',(5.55000017881393,3.17261448275094,-12.6273500199563));
#12379=CARTESIAN_POINT('Origin',(5.55000017881393,3.29831394612294,-12.545498661336));
#12380=CARTESIAN_POINT('',(5.55000017881393,1.18032866089038,-9.56778860383844));
#12381=CARTESIAN_POINT('Origin',(5.85000017881393,3.29831394612294,-12.545498661336));
#12382=CARTESIAN_POINT('',(5.85000017881393,3.33631719999155,-12.8787489467004));
#12383=CARTESIAN_POINT('',(5.85000017881393,3.54386802198386,-12.9225970514521));
#12384=CARTESIAN_POINT('Origin',(5.85000017881393,3.46201666336356,-12.79689758808));
#12385=CARTESIAN_POINT('Origin',(5.85000017881393,3.17261448275094,-12.6273500199563));
#12386=CARTESIAN_POINT('Origin',(5.85000017881393,3.29831394612294,-12.545498661336));
#12387=CARTESIAN_POINT('Origin',(5.55000017881393,1.4,-9.72457871881475));
#12388=CARTESIAN_POINT('',(5.55000017881393,2.42357877635824,-11.442800616181));
#12389=CARTESIAN_POINT('Ctrl Pts',(5.55000017881393,2.42357877635766,-11.4428006161787));
#12390=CARTESIAN_POINT('Ctrl Pts',(5.54521157610399,2.42357877635995,-11.4428006161879));
#12391=CARTESIAN_POINT('Ctrl Pts',(5.54042450852937,2.42363641681858,-11.4430333363954));
#12392=CARTESIAN_POINT('Ctrl Pts',(5.53565921502058,2.42375139884452,-11.443497570053));
#12393=CARTESIAN_POINT('Ctrl Pts',(5.52936068674874,2.42390337637535,-11.4441111710435));
#12394=CARTESIAN_POINT('Ctrl Pts',(5.52311254311333,2.42415517690415,-11.445127801943));
#12395=CARTESIAN_POINT('Ctrl Pts',(5.51695156456333,2.42450473276687,-11.4465391146708));
#12396=CARTESIAN_POINT('Ctrl Pts',(5.50655624443952,2.425094532758,-11.4489203999619));
#12397=CARTESIAN_POINT('Ctrl Pts',(5.49648603353086,2.42595819504338,-11.4524073893271));
#12398=CARTESIAN_POINT('Ctrl Pts',(5.48689836232006,2.42707443490511,-11.456914146879));
#12399=CARTESIAN_POINT('',(5.55000017881393,2.43310130708263,-8.01206545191602));
#12400=CARTESIAN_POINT('Origin',(5.55000017881393,1.4,-9.72457871881475));
#12401=CARTESIAN_POINT('',(5.4726819164714,2.43807626857462,-7.99001585158137));
#12402=CARTESIAN_POINT('Ctrl Pts',(5.4726819164714,2.43807626857461,-7.99001585158137));
#12403=CARTESIAN_POINT('Ctrl Pts',(5.47644223257525,2.43755226262734,-7.99233830608255));
#12404=CARTESIAN_POINT('Ctrl Pts',(5.48031092762808,2.43706511839791,-7.99449738521947));
#12405=CARTESIAN_POINT('Ctrl Pts',(5.4842788672892,2.43661692013952,-7.9964838513427));
#12406=CARTESIAN_POINT('Ctrl Pts',(5.49563787676003,2.43533386427258,-8.00217050220796));
#12407=CARTESIAN_POINT('Ctrl Pts',(5.507696355886,2.43438288924014,-8.00638533270009));
#12408=CARTESIAN_POINT('Ctrl Pts',(5.52018029317702,2.43379565083868,-8.00898804069576));
#12409=CARTESIAN_POINT('Ctrl Pts',(5.52609055873724,2.43351763479143,-8.01022023972653));
#12410=CARTESIAN_POINT('Ctrl Pts',(5.53207300648653,2.43332225048964,-8.01108620537733));
#12411=CARTESIAN_POINT('Ctrl Pts',(5.53809555211623,2.43321104427484,-8.01157908408502));
#12412=CARTESIAN_POINT('Ctrl Pts',(5.54205555760267,2.43313792283288,-8.01190316670831));
#12413=CARTESIAN_POINT('Ctrl Pts',(5.54602687144372,2.43310130707765,-8.01206545193808));
#12414=CARTESIAN_POINT('Ctrl Pts',(5.55000017881393,2.43310130708156,-8.01206545192076));
#12415=CARTESIAN_POINT('Ctrl Pts',(5.40000017881393,2.64221470220948,-7.96975604013334));
#12416=CARTESIAN_POINT('Ctrl Pts',(5.40000017881393,2.64136792832416,-7.96982396096869));
#12417=CARTESIAN_POINT('Ctrl Pts',(5.40000314558666,2.64052116158633,-7.96989207503492));
#12418=CARTESIAN_POINT('Ctrl Pts',(5.4002075232062,2.61133333002839,-7.97224663729236));
#12419=CARTESIAN_POINT('Ctrl Pts',(5.40372640968703,2.58270519728997,-7.97478117076452));
#12420=CARTESIAN_POINT('Ctrl Pts',(5.41713650313213,2.52932717685618,-7.97991708644339));
#12421=CARTESIAN_POINT('Ctrl Pts',(5.42688086677143,2.5036684771832,-7.98258704138645));
#12422=CARTESIAN_POINT('Ctrl Pts',(5.44914842423772,2.46519971186872,-7.98683940761436));
#12423=CARTESIAN_POINT('Ctrl Pts',(5.45994224152088,2.45052471350931,-7.98853510239445));
#12424=CARTESIAN_POINT('Ctrl Pts',(5.47268191647141,2.43807626857462,-7.99001585158136));
#12425=CARTESIAN_POINT('Origin',(5.85000017881393,5.01773089546744,-11.4258708637048));
#12426=CARTESIAN_POINT('',(5.85000017881393,3.70308734225507,-12.8189186638663));
#12427=CARTESIAN_POINT('Origin',(5.85000017881393,3.45753326639415,-12.4418202737503));
#12428=CARTESIAN_POINT('',(5.85000017881393,5.26328497132836,-11.8029692538208));
#12429=CARTESIAN_POINT('Origin',(12.0000001788139,3.46201666336356,-12.79689758808));
#12430=CARTESIAN_POINT('',(11.5500001788139,3.54386802198387,-12.9225970514521));
#12431=CARTESIAN_POINT('',(12.0000001788139,3.54386802198386,-12.9225970514521));
#12432=CARTESIAN_POINT('',(11.5500001788139,3.33631719999155,-12.8787489467004));
#12433=CARTESIAN_POINT('Origin',(11.5500001788139,3.46201666336356,-12.79689758808));
#12434=CARTESIAN_POINT('',(12.0000001788139,3.33631719999155,-12.8787489467004));
#12435=CARTESIAN_POINT('Origin',(11.8500001788139,2.375,-10.75));
#12436=CARTESIAN_POINT('',(11.8500001788139,2.22500000000004,-10.0595148601208));
#12437=CARTESIAN_POINT('',(11.8500001788139,2.225,-10.75));
#12438=CARTESIAN_POINT('Ctrl Pts',(12.0000001788139,2.375,-10.0564530982429));
#12439=CARTESIAN_POINT('Ctrl Pts',(12.0000001788139,2.37463545022503,-10.0564605798651));
#12440=CARTESIAN_POINT('Ctrl Pts',(11.9999988498486,2.37427090165337,-10.0564680611669));
#12441=CARTESIAN_POINT('Ctrl Pts',(11.9998515886433,2.35407355608721,-10.0568825363314));
#12442=CARTESIAN_POINT('Ctrl Pts',(11.9957749022695,2.3344646257395,-10.0572840212663));
#12443=CARTESIAN_POINT('Ctrl Pts',(11.9803481419162,2.29824789202508,-10.0580241244306));
#12444=CARTESIAN_POINT('Ctrl Pts',(11.9692572907221,2.28194478392231,-10.0583565561273));
#12445=CARTESIAN_POINT('Ctrl Pts',(11.9414522261562,2.25450978712748,-10.0589152635113));
#12446=CARTESIAN_POINT('Ctrl Pts',(11.9250049959999,2.24363905159077,-10.0591362418079));
#12447=CARTESIAN_POINT('Ctrl Pts',(11.8888701591614,2.22881360021223,-10.0594374665981));
#12448=CARTESIAN_POINT('Ctrl Pts',(11.86952863444,2.225,-10.0595148601199));
#12449=CARTESIAN_POINT('Ctrl Pts',(11.8500001788139,2.225,-10.0595148601199));
#12450=CARTESIAN_POINT('Ctrl Pts',(11.8500001788139,2.43727013226788,-11.498078718815));
#12451=CARTESIAN_POINT('Ctrl Pts',(11.8500001788139,2.43064403008305,-11.4713261926917));
#12452=CARTESIAN_POINT('Ctrl Pts',(11.8500001788139,2.42401650086619,-11.4445679050044));
#12453=CARTESIAN_POINT('Ctrl Pts',(11.8500001788139,2.30719582529138,-10.9729107998344));
#12454=CARTESIAN_POINT('Ctrl Pts',(11.8500001788139,2.24357006282398,-10.5166768609094));
#12455=CARTESIAN_POINT('Ctrl Pts',(11.8500001788139,2.225,-10.0595148601199));
#12456=CARTESIAN_POINT('Ctrl Pts',(11.8948800738652,2.43727013226788,-11.498078718815));
#12457=CARTESIAN_POINT('Ctrl Pts',(11.8948800738652,2.43064403008305,-11.4713261926917));
#12458=CARTESIAN_POINT('Ctrl Pts',(11.8948800738652,2.42401650086619,-11.4445679050044));
#12459=CARTESIAN_POINT('Ctrl Pts',(11.8948800738652,2.30719582529138,-10.9729107998344));
#12460=CARTESIAN_POINT('Ctrl Pts',(11.8948800738652,2.24357006282398,-10.5166768609094));
#12461=CARTESIAN_POINT('Ctrl Pts',(11.8948800738652,2.225,-10.0595148601199));
#12462=CARTESIAN_POINT('Ctrl Pts',(11.9725905855147,2.47382622949762,-11.4890244547576));
#12463=CARTESIAN_POINT('Ctrl Pts',(11.9725905855147,2.46720012731279,-11.4622719286343));
#12464=CARTESIAN_POINT('Ctrl Pts',(11.9725905855147,2.46057259809592,-11.435513640947));
#12465=CARTESIAN_POINT('Ctrl Pts',(11.9725905855147,2.34438007457869,-10.9663929690693));
#12466=CARTESIAN_POINT('Ctrl Pts',(11.9725905855147,2.28109978808404,-10.5126903221075));
#12467=CARTESIAN_POINT('Ctrl Pts',(11.9725905855147,2.26262966306673,-10.0579863314889));
#12468=CARTESIAN_POINT('Ctrl Pts',(12.0000001788139,2.55019792708096,-11.4701086084602));
#12469=CARTESIAN_POINT('Ctrl Pts',(12.0000001788139,2.54357182489613,-11.4433560823369));
#12470=CARTESIAN_POINT('Ctrl Pts',(12.0000001788139,2.53694429567927,-11.4165977946496));
#12471=CARTESIAN_POINT('Ctrl Pts',(12.0000001788139,2.42206489517548,-10.9527787777454));
#12472=CARTESIAN_POINT('Ctrl Pts',(12.0000001788139,2.35950567351848,-10.5043598891903));
#12473=CARTESIAN_POINT('Ctrl Pts',(12.0000001788139,2.3412442161968,-10.0547929838617));
#12474=CARTESIAN_POINT('Ctrl Pts',(12.0000001788139,2.58287059437486,-11.4620161976298));
#12475=CARTESIAN_POINT('Ctrl Pts',(12.0000001788139,2.57624449219003,-11.4352636715065));
#12476=CARTESIAN_POINT('Ctrl Pts',(12.0000001788139,2.56961696297317,-11.4085053838192));
#12477=CARTESIAN_POINT('Ctrl Pts',(12.0000001788139,2.45529970075409,-10.946955673514));
#12478=CARTESIAN_POINT('Ctrl Pts',(12.0000001788139,2.39304864335259,-10.500795170905));
#12479=CARTESIAN_POINT('Ctrl Pts',(12.0000001788139,2.3748764022049,-10.0534268339936));
#12480=CARTESIAN_POINT('',(11.8500001788139,2.43727013226796,-11.498078718815));
#12481=CARTESIAN_POINT('Ctrl Pts',(11.8500001788139,2.43727013226788,-11.498078718815));
#12482=CARTESIAN_POINT('Ctrl Pts',(11.8500001788139,2.43064403008305,-11.4713261926917));
#12483=CARTESIAN_POINT('Ctrl Pts',(11.8500001788139,2.42401650086619,-11.4445679050044));
#12484=CARTESIAN_POINT('Ctrl Pts',(11.8500001788139,2.30719582529138,-10.9729107998344));
#12485=CARTESIAN_POINT('Ctrl Pts',(11.8500001788139,2.24357006282398,-10.5166768609094));
#12486=CARTESIAN_POINT('Ctrl Pts',(11.8500001788139,2.225,-10.0595148601199));
#12487=CARTESIAN_POINT('Ctrl Pts',(12.0000001788139,2.57678411677208,-11.4374423763205));
#12488=CARTESIAN_POINT('Ctrl Pts',(12.0000001788139,2.57644506122697,-11.4375897385238));
#12489=CARTESIAN_POINT('Ctrl Pts',(11.9999988499248,2.57610600668573,-11.4377371002946));
#12490=CARTESIAN_POINT('Ctrl Pts',(11.9998483119461,2.55690204518471,-11.4460836326066));
#12491=CARTESIAN_POINT('Ctrl Pts',(11.995587760744,2.53823938069491,-11.4541949034864));
#12492=CARTESIAN_POINT('Ctrl Pts',(11.9796475141307,2.50431429534305,-11.4689396124351));
#12493=CARTESIAN_POINT('Ctrl Pts',(11.9684254715937,2.48924396198465,-11.4754895643947));
#12494=CARTESIAN_POINT('Ctrl Pts',(11.9405116038559,2.46409369587631,-11.4864205126796));
#12495=CARTESIAN_POINT('Ctrl Pts',(11.9241630244698,2.45418279437404,-11.490728043715));
#12496=CARTESIAN_POINT('Ctrl Pts',(11.8883543580329,2.4407259616637,-11.4965767270568));
#12497=CARTESIAN_POINT('Ctrl Pts',(11.8692770090832,2.43727013226782,-11.4980787188148));
#12498=CARTESIAN_POINT('Ctrl Pts',(11.8500001788139,2.43727013226782,-11.4980787188148));
#12499=CARTESIAN_POINT('Origin',(11.5500001788139,3.29831394612294,-12.545498661336));
#12500=CARTESIAN_POINT('Origin',(11.5500001788139,3.29831394612294,-12.545498661336));
#12501=CARTESIAN_POINT('',(11.8500001788139,3.17261448275094,-12.6273500199563));
#12502=CARTESIAN_POINT('Origin',(11.8500001788139,3.29831394612294,-12.545498661336));
#12503=CARTESIAN_POINT('Origin',(11.5500001788139,3.17261448275094,-12.6273500199563));
#12504=CARTESIAN_POINT('Origin',(11.8500001788139,3.36376249523081,-12.6460082636201));
#12505=CARTESIAN_POINT('',(11.8500001788139,3.23806303185881,-12.7278596222404));
#12506=CARTESIAN_POINT('Ctrl Pts',(12.0000001788139,2.225,-9.48641337753826));
#12507=CARTESIAN_POINT('Ctrl Pts',(5.40000017881393,2.225,-9.48641337753826));
#12508=CARTESIAN_POINT('Ctrl Pts',(12.0000001788139,2.23929131769846,-9.13165368538536));
#12509=CARTESIAN_POINT('Ctrl Pts',(5.40000017881393,2.23929131769846,-9.13165368538536));
#12510=CARTESIAN_POINT('Ctrl Pts',(12.0000001788139,2.28006281436945,-8.7739910752959));
#12511=CARTESIAN_POINT('Ctrl Pts',(5.40000017881393,2.28006281436945,-8.7739910752959));
#12512=CARTESIAN_POINT('Ctrl Pts',(12.0000001788139,2.3477526142498,-8.41630422796526));
#12513=CARTESIAN_POINT('Ctrl Pts',(5.40000017881393,2.3477526142498,-8.41630422796526));
#12514=CARTESIAN_POINT('Ctrl Pts',(12.0000001788139,2.36816665736727,-8.30843221863937));
#12515=CARTESIAN_POINT('Ctrl Pts',(5.40000017881393,2.36816665736727,-8.30843221863937));
#12516=CARTESIAN_POINT('Ctrl Pts',(12.0000001788139,2.39060366478965,-8.20041988023359));
#12517=CARTESIAN_POINT('Ctrl Pts',(5.40000017881393,2.39060366478965,-8.20041988023359));
#12518=CARTESIAN_POINT('Ctrl Pts',(12.0000001788139,2.41503119180801,-8.09215427681408));
#12519=CARTESIAN_POINT('Ctrl Pts',(5.40000017881393,2.41503119180801,-8.09215427681408));
#12520=CARTESIAN_POINT('Ctrl Pts',(12.0000001788139,2.42561805825405,-8.04523206961559));
#12521=CARTESIAN_POINT('Ctrl Pts',(5.40000017881393,2.42561805825405,-8.04523206961559));
#12522=CARTESIAN_POINT('Ctrl Pts',(12.0000001788139,2.43620492470009,-7.9983098624171));
#12523=CARTESIAN_POINT('Ctrl Pts',(5.40000017881393,2.43620492470009,-7.9983098624171));
#12524=CARTESIAN_POINT('Ctrl Pts',(12.0000001788139,2.44679179114613,-7.9513876552186));
#12525=CARTESIAN_POINT('Ctrl Pts',(5.40000017881393,2.44679179114613,-7.9513876552186));
#12526=CARTESIAN_POINT('Ctrl Pts',(5.55000017881393,2.44679179114613,-7.9513876552186));
#12527=CARTESIAN_POINT('Ctrl Pts',(5.54930536324395,2.44679179114106,-7.95138765524109));
#12528=CARTESIAN_POINT('Ctrl Pts',(5.54861098716036,2.44678983071432,-7.95139634407742));
#12529=CARTESIAN_POINT('Ctrl Pts',(5.54791710047879,2.44678591728318,-7.95141368885337));
#12530=CARTESIAN_POINT('Ctrl Pts',(5.54512180587658,2.44677015218318,-7.95148356158603));
#12531=CARTESIAN_POINT('Ctrl Pts',(5.54234446364175,2.44672275209429,-7.95169364422032));
#12532=CARTESIAN_POINT('Ctrl Pts',(5.53958797712351,2.44664486438422,-7.95203885149096));
#12533=CARTESIAN_POINT('Ctrl Pts',(5.53507571308948,2.44651736515266,-7.95260394271896));
#12534=CARTESIAN_POINT('Ctrl Pts',(5.53064579486268,2.44630893720155,-7.95352771932065));
#12535=CARTESIAN_POINT('Ctrl Pts',(5.52630902029324,2.44602725439853,-7.95477616983383));
#12536=CARTESIAN_POINT('Ctrl Pts',(5.51295700833976,2.44516001260563,-7.95861988499782));
#12537=CARTESIAN_POINT('Ctrl Pts',(5.50080977562706,2.44362193515694,-7.96543682078353));
#12538=CARTESIAN_POINT('Ctrl Pts',(5.49001012890192,2.4417083091131,-7.97391823104664));
#12539=CARTESIAN_POINT('Ctrl Pts',(5.48381010877333,2.44060970651133,-7.97878736387001));
#12540=CARTESIAN_POINT('Ctrl Pts',(5.47803811715365,2.43938485275856,-7.98421605628513));
#12541=CARTESIAN_POINT('Ctrl Pts',(5.47268191647139,2.43807626857461,-7.99001585158139));
#12542=CARTESIAN_POINT('',(10.5000001788139,2.43310130708263,-8.01206545191602));
#12543=CARTESIAN_POINT('',(5.40000017881393,2.43310130708263,-8.01206545191602));
#12544=CARTESIAN_POINT('',(10.5000001788139,2.225,-9.48641337753826));
#12545=CARTESIAN_POINT('Ctrl Pts',(10.5000001788139,2.225,-9.48641337753826));
#12546=CARTESIAN_POINT('Ctrl Pts',(10.5000001788139,2.23929131769846,-9.13165368538536));
#12547=CARTESIAN_POINT('Ctrl Pts',(10.5000001788139,2.28006281436945,-8.7739910752959));
#12548=CARTESIAN_POINT('Ctrl Pts',(10.5000001788139,2.3477526142498,-8.41630422796526));
#12549=CARTESIAN_POINT('Ctrl Pts',(10.5000001788139,2.36816665736727,-8.30843221863937));
#12550=CARTESIAN_POINT('Ctrl Pts',(10.5000001788139,2.39060366478965,-8.20041988023359));
#12551=CARTESIAN_POINT('Ctrl Pts',(10.5000001788139,2.41503119180801,-8.09215427681408));
#12552=CARTESIAN_POINT('Ctrl Pts',(10.5000001788139,2.42105456356622,-8.06545800184806));
#12553=CARTESIAN_POINT('Ctrl Pts',(10.5000001788139,2.42707793532442,-8.03876172688204));
#12554=CARTESIAN_POINT('Ctrl Pts',(10.5000001788139,2.43310130708263,-8.01206545191602));
#12555=CARTESIAN_POINT('',(12.0000001788139,2.225,-9.48641337753826));
#12556=CARTESIAN_POINT('Origin',(8.70000017881393,2.225,-8.5));
#12557=CARTESIAN_POINT('',(10.5000001788139,2.22500000000004,-10.0595148601208));
#12558=CARTESIAN_POINT('',(10.5000001788139,2.225,-9.11371651702426));
#12559=CARTESIAN_POINT('',(12.0000001788139,2.22500000000004,-10.0595148601208));
#12560=CARTESIAN_POINT('Ctrl Pts',(12.0000001788139,2.43727013226782,-11.4980787188148));
#12561=CARTESIAN_POINT('Ctrl Pts',(5.40000017881393,2.43727013226782,-11.4980787188148));
#12562=CARTESIAN_POINT('Ctrl Pts',(12.0000001788139,2.43064263443374,-11.4713205578337));
#12563=CARTESIAN_POINT('Ctrl Pts',(5.40000017881393,2.43064263443374,-11.4713205578337));
#12564=CARTESIAN_POINT('Ctrl Pts',(12.0000001788139,2.42401513659965,-11.4445623968527));
#12565=CARTESIAN_POINT('Ctrl Pts',(5.40000017881393,2.42401513659965,-11.4445623968527));
#12566=CARTESIAN_POINT('Ctrl Pts',(12.0000001788139,2.41738763876557,-11.4178042358717));
#12567=CARTESIAN_POINT('Ctrl Pts',(5.40000017881393,2.41738763876557,-11.4178042358717));
#12568=CARTESIAN_POINT('Ctrl Pts',(12.0000001788139,2.3082606779152,-10.9772100842163));
#12569=CARTESIAN_POINT('Ctrl Pts',(5.40000017881393,2.3082606779152,-10.9772100842163));
#12570=CARTESIAN_POINT('Ctrl Pts',(12.0000001788139,2.24379620856171,-10.5222441677561));
#12571=CARTESIAN_POINT('Ctrl Pts',(5.40000017881393,2.24379620856171,-10.5222441677561));
#12572=CARTESIAN_POINT('Ctrl Pts',(12.0000001788139,2.22500000000004,-10.0595148601208));
#12573=CARTESIAN_POINT('Ctrl Pts',(5.40000017881393,2.22500000000004,-10.0595148601208));
#12574=CARTESIAN_POINT('',(12.0000001788139,2.43727013226782,-11.4980787188148));
#12575=CARTESIAN_POINT('',(10.5000001788139,2.42357877635824,-11.442800616181));
#12576=CARTESIAN_POINT('Ctrl Pts',(10.5000001788139,2.42357877635824,-11.442800616181));
#12577=CARTESIAN_POINT('Ctrl Pts',(10.5000001788139,2.42151506382735,-11.4344684894112));
#12578=CARTESIAN_POINT('Ctrl Pts',(10.5000001788139,2.41945135129646,-11.4261363626414));
#12579=CARTESIAN_POINT('Ctrl Pts',(10.5000001788139,2.41738763876557,-11.4178042358717));
#12580=CARTESIAN_POINT('Ctrl Pts',(10.5000001788139,2.30826067791527,-10.9772100842166));
#12581=CARTESIAN_POINT('Ctrl Pts',(10.5000001788139,2.2437962085618,-10.5222441677567));
#12582=CARTESIAN_POINT('Ctrl Pts',(10.5000001788139,2.22500000000008,-10.0595148601218));
#12583=CARTESIAN_POINT('',(5.40000017881393,2.42357877635824,-11.442800616181));
#12584=CARTESIAN_POINT('Origin',(12.0000001788139,3.41527190019857,-13.));
#12585=CARTESIAN_POINT('Origin',(5.40000017881393,1.4,-9.72457871881475));
#12586=CARTESIAN_POINT('',(10.5000001788139,2.84754596663999,-11.1046550480315));
#12587=CARTESIAN_POINT('Origin',(10.5000001788139,1.4,-9.72457871881475));
#12588=CARTESIAN_POINT('',(9.55000017881394,2.84754596663999,-11.1046550480315));
#12589=CARTESIAN_POINT('',(5.40000017881393,2.84754596663999,-11.1046550480315));
#12590=CARTESIAN_POINT('',(9.55000017881394,2.85909114404671,-8.35671431275527));
#12591=CARTESIAN_POINT('Origin',(9.55000017881394,1.4,-9.72457871881475));
#12592=CARTESIAN_POINT('',(9.70000017881393,2.85909114404671,-8.35671431275527));
#12593=CARTESIAN_POINT('Ctrl Pts',(9.55000017881394,2.85909114404671,-8.35671431275527));
#12594=CARTESIAN_POINT('Ctrl Pts',(9.60000017881393,2.85909114404671,-8.35671431275527));
#12595=CARTESIAN_POINT('Ctrl Pts',(9.65000017881393,2.85909114404671,-8.35671431275527));
#12596=CARTESIAN_POINT('Ctrl Pts',(9.70000017881393,2.85909114404671,-8.35671431275527));
#12597=CARTESIAN_POINT('',(10.5000001788139,2.85909114404671,-8.35671431275527));
#12598=CARTESIAN_POINT('',(5.40000017881393,2.85909114404671,-8.35671431275527));
#12599=CARTESIAN_POINT('Origin',(10.5000001788139,1.4,-9.72457871881475));
#12600=CARTESIAN_POINT('Origin',(5.55000017881393,3.4830587587222,-7.14443967267671));
#12601=CARTESIAN_POINT('Origin',(10.5900001788139,0.124999999999999,-3.89999990165234));
#12602=CARTESIAN_POINT('',(11.0900001788139,-0.160000000000001,-3.89999990165234));
#12603=CARTESIAN_POINT('Origin',(10.5900001788139,-0.160000000000001,-3.89999990165234));
#12604=CARTESIAN_POINT('',(10.5900001788139,0.124999999999999,-4.39999990165234));
#12605=CARTESIAN_POINT('',(11.0900001788139,3.41,-3.89999990165234));
#12606=CARTESIAN_POINT('Origin',(10.5900001788139,3.41,-3.89999990165234));
#12607=CARTESIAN_POINT('',(11.0900001788139,0.124999999999999,-3.89999990165234));
#12608=CARTESIAN_POINT('Origin',(10.9400001788139,3.41,-1.49798827294212));
#12609=CARTESIAN_POINT('',(10.9400001788139,3.56,-2.9959766364088));
#12610=CARTESIAN_POINT('',(10.9400001788139,3.56,-3.89999990165234));
#12611=CARTESIAN_POINT('',(10.9400001788139,3.56,-1.49798827294212));
#12612=CARTESIAN_POINT('',(11.0900001788139,3.41,-3.03300899798749));
#12613=CARTESIAN_POINT('Origin',(10.9400001788139,3.41,-3.03300899798749));
#12614=CARTESIAN_POINT('',(11.0900001788139,3.41,-1.49798827294212));
#12615=CARTESIAN_POINT('Origin',(10.9400001788139,3.41,-3.89999990165234));
#12616=CARTESIAN_POINT('Origin',(10.9400001788139,1.91812010458538,-0.195730243740407));
#12617=CARTESIAN_POINT('',(11.0900001788139,2.045,-0.437032263231027));
#12618=CARTESIAN_POINT('',(11.0900001788139,1.91812010458538,-0.195730243740407));
#12619=CARTESIAN_POINT('',(10.9400001788139,2.195,-0.399999901652336));
#12620=CARTESIAN_POINT('',(10.9400001788139,2.05088530421573,-0.125920489643196));
#12621=CARTESIAN_POINT('Origin',(10.9400001788139,2.045,-0.437032263231027));
#12622=CARTESIAN_POINT('Origin',(10.9400001788139,2.045,2.200000086613));
#12623=CARTESIAN_POINT('',(11.0900001788139,2.045,4.25000008270145));
#12624=CARTESIAN_POINT('',(11.0900001788139,2.045,2.200000086613));
#12625=CARTESIAN_POINT('',(10.9400001788139,2.195,4.40000008270145));
#12626=CARTESIAN_POINT('',(10.9400001788139,2.195,2.200000086613));
#12627=CARTESIAN_POINT('Origin',(10.9400001788139,2.045,4.25000008270145));
#12628=CARTESIAN_POINT('Origin',(10.9400001788139,1.29,4.25000008270145));
#12629=CARTESIAN_POINT('',(11.0900001788139,1.105,4.25000008270145));
#12630=CARTESIAN_POINT('',(11.0900001788139,1.29,4.25000008270145));
#12631=CARTESIAN_POINT('',(10.9400001788139,0.954999999999999,4.40000008270145));
#12632=CARTESIAN_POINT('',(10.9400001788139,1.29,4.40000008270145));
#12633=CARTESIAN_POINT('Origin',(10.9400001788139,1.105,4.25000008270145));
#12634=CARTESIAN_POINT('Origin',(10.9400001788139,1.105,-0.19999990556389));
#12635=CARTESIAN_POINT('',(11.0900001788139,1.105,-0.43460204181284));
#12636=CARTESIAN_POINT('',(11.0900001788139,1.105,-0.19999990556389));
#12637=CARTESIAN_POINT('',(10.9400001788139,0.954999999999999,-0.399999901652336));
#12638=CARTESIAN_POINT('',(10.9400001788139,0.954999999999999,-0.19999990556389));
#12639=CARTESIAN_POINT('Origin',(10.9400001788139,1.105,-0.43460204181284));
#12640=CARTESIAN_POINT('Origin',(10.9400001788139,0.600382613129727,-1.47015539854709));
#12641=CARTESIAN_POINT('',(11.0900001788139,-0.160000000000001,-3.03057877656931));
#12642=CARTESIAN_POINT('',(11.0900001788139,0.600382613129727,-1.47015539854709));
#12643=CARTESIAN_POINT('',(10.9400001788139,-0.310000000000001,-2.9959766364088));
#12644=CARTESIAN_POINT('',(10.9400001788139,0.465540133533923,-1.40444766919616));
#12645=CARTESIAN_POINT('Origin',(10.9400001788139,-0.160000000000001,-3.03057877656931));
#12646=CARTESIAN_POINT('Origin',(10.5900001788139,-0.160000000000001,-3.89999990165234));
#12647=CARTESIAN_POINT('',(10.9400001788139,-0.310000000000001,-3.89999990165234));
#12648=CARTESIAN_POINT('Origin',(10.9400001788139,-0.160000000000001,-3.89999990165234));
#12649=CARTESIAN_POINT('Origin',(10.5900001788139,-0.310000000000001,-3.89999990165234));
#12650=CARTESIAN_POINT('Origin',(10.9400001788139,-0.160000000000001,-2.19999990556389));
#12651=CARTESIAN_POINT('',(11.0900001788139,-0.160000000000001,-2.19999990556389));
#12652=CARTESIAN_POINT('',(10.9400001788139,-0.310000000000001,-2.19999990556389));
#12653=CARTESIAN_POINT('Origin',(10.5900001788139,3.41,-3.89999990165234));
#12654=CARTESIAN_POINT('Origin',(10.5900001788139,3.56,-3.89999990165234));
#12655=CARTESIAN_POINT('Origin',(10.6000001788139,3.56,-2.9959766364088));
#12656=CARTESIAN_POINT('',(10.6000001788139,3.56,-3.85));
#12657=CARTESIAN_POINT('Origin',(10.4500001788139,3.56,-3.85));
#12658=CARTESIAN_POINT('',(10.6000001788139,3.56,-2.9959766364088));
#12659=CARTESIAN_POINT('',(10.6000001788139,3.56,-4.39999990165234));
#12660=CARTESIAN_POINT('',(10.6000001788139,3.56,-2.9959766364088));
#12661=CARTESIAN_POINT('Origin',(10.6000001788139,2.195,-0.399999901652336));
#12662=CARTESIAN_POINT('',(10.6000001788139,2.195,-0.399999901652336));
#12663=CARTESIAN_POINT('',(10.6000001788139,3.56,-2.9959766364088));
#12664=CARTESIAN_POINT('',(10.6000001788139,2.195,-0.399999901652336));
#12665=CARTESIAN_POINT('Origin',(10.6000001788139,2.195,4.40000008270145));
#12666=CARTESIAN_POINT('',(10.6000001788139,2.195,4.40000008270145));
#12667=CARTESIAN_POINT('',(10.6000001788139,2.195,-4.39999991729856));
#12668=CARTESIAN_POINT('',(10.6000001788139,2.195,4.40000008270145));
#12669=CARTESIAN_POINT('Origin',(10.6000001788139,0.954999999999999,4.40000008270145));
#12670=CARTESIAN_POINT('',(10.6000001788139,0.954999999999999,4.40000008270145));
#12671=CARTESIAN_POINT('',(10.6000001788139,2.195,4.40000008270145));
#12672=CARTESIAN_POINT('',(10.6000001788139,0.954999999999999,4.40000008270145));
#12673=CARTESIAN_POINT('Origin',(10.6000001788139,0.954999999999999,-0.399999901652336));
#12674=CARTESIAN_POINT('',(10.6000001788139,0.954999999999999,-0.399999901652336));
#12675=CARTESIAN_POINT('',(10.6000001788139,0.954999999999999,4.40000008270145));
#12676=CARTESIAN_POINT('',(10.6000001788139,0.954999999999999,-0.399999901652336));
#12677=CARTESIAN_POINT('Origin',(10.6000001788139,-0.310000000000001,-2.9959766364088));
#12678=CARTESIAN_POINT('',(10.6000001788139,-0.310000000000001,-2.9959766364088));
#12679=CARTESIAN_POINT('',(10.6000001788139,-0.310000000000001,-2.9959766364088));
#12680=CARTESIAN_POINT('',(10.6000001788139,-0.310000000000001,-2.9959766364088));
#12681=CARTESIAN_POINT('Origin',(10.6000001788139,-0.310000000000001,-4.39999990165234));
#12682=CARTESIAN_POINT('',(10.6000001788139,-0.310000000000001,-3.85));
#12683=CARTESIAN_POINT('',(10.6000001788139,-0.310000000000001,-0.399999901652336));
#12684=CARTESIAN_POINT('Origin',(10.4500001788139,-0.310000000000001,-3.85));
#12685=CARTESIAN_POINT('Origin',(5.55000017881393,0.0725324221767248,-7.44438756597846));
#12686=CARTESIAN_POINT('Ctrl Pts',(5.40000017881393,0.607785297790518,-7.96975604013334));
#12687=CARTESIAN_POINT('Ctrl Pts',(5.40000017881393,0.608676509315556,-7.96982752536961));
#12688=CARTESIAN_POINT('Ctrl Pts',(5.40000346514224,0.609567713404925,-7.96989922468924));
#12689=CARTESIAN_POINT('Ctrl Pts',(5.40021805252298,0.638686588552035,-7.97224892461486));
#12690=CARTESIAN_POINT('Ctrl Pts',(5.40371988448488,0.667196578590979,-7.97477276697874));
#12691=CARTESIAN_POINT('Ctrl Pts',(5.41699272427698,0.720167867369709,-7.9798675246617));
#12692=CARTESIAN_POINT('Ctrl Pts',(5.42656537402881,0.745526090182784,-7.98250261699379));
#12693=CARTESIAN_POINT('Ctrl Pts',(5.44868412463948,0.784168577366143,-7.98676656154207));
#12694=CARTESIAN_POINT('Ctrl Pts',(5.45966917650016,0.799208463756925,-7.98850336368749));
#12695=CARTESIAN_POINT('Ctrl Pts',(5.47268191646305,0.811923731417207,-7.99001585158039));
#12696=CARTESIAN_POINT('Origin',(5.55000017881393,1.85,-9.72457871881475));
#12697=CARTESIAN_POINT('Origin',(5.55000017881393,1.85,-9.72457871881475));
#12698=CARTESIAN_POINT('Origin',(9.55000017881394,1.4,-9.72457871881475));
#12699=CARTESIAN_POINT('',(9.70000017881393,3.0401440473071,-8.05558875357138));
#12700=CARTESIAN_POINT('',(9.55000017881394,3.14721025679547,-7.95049971309131));
#12701=CARTESIAN_POINT('Ctrl Pts',(9.55000017881393,3.14721025679547,-7.95049971309131));
#12702=CARTESIAN_POINT('Ctrl Pts',(9.56851132860302,3.14721025679547,-7.95049971309131));
#12703=CARTESIAN_POINT('Ctrl Pts',(9.59029779815594,3.14411719468981,-7.95353565627433));
#12704=CARTESIAN_POINT('Ctrl Pts',(9.62450278348014,3.13400501917854,-7.96346109238273));
#12705=CARTESIAN_POINT('Ctrl Pts',(9.64297327245895,3.12519629761835,-7.97210714514803));
#12706=CARTESIAN_POINT('Ctrl Pts',(9.66915399481824,3.10651035608291,-7.99044801735981));
#12707=CARTESIAN_POINT('Ctrl Pts',(9.68149619570922,3.09332644795613,-8.00338846104827));
#12708=CARTESIAN_POINT('Ctrl Pts',(9.69566596064942,3.06891061109883,-8.0273534158189));
#12709=CARTESIAN_POINT('Ctrl Pts',(9.70000017881393,3.0533582195492,-8.0426186046486));
#12710=CARTESIAN_POINT('Ctrl Pts',(9.70000017881393,3.0401440473071,-8.05558875357138));
#12711=CARTESIAN_POINT('',(9.70000017881393,2.98693850607973,-11.4442374576119));
#12712=CARTESIAN_POINT('Origin',(9.70000017881393,1.4,-9.72457871881475));
#12713=CARTESIAN_POINT('',(9.55000017881394,3.06988802940636,-11.5716233769769));
#12714=CARTESIAN_POINT('Ctrl Pts',(9.70000017881393,2.98693850607973,-11.4442374576119));
#12715=CARTESIAN_POINT('Ctrl Pts',(9.70000017881393,2.99722648448952,-11.4600367477776));
#12716=CARTESIAN_POINT('Ctrl Pts',(9.69563179269586,3.00933974449046,-11.4786391302849));
#12717=CARTESIAN_POINT('Ctrl Pts',(9.68135229361776,3.02829725727813,-11.507752259553));
#12718=CARTESIAN_POINT('Ctrl Pts',(9.66896545172029,3.03851382022193,-11.5234418766979));
#12719=CARTESIAN_POINT('Ctrl Pts',(9.64271967000824,3.05294674256507,-11.5456065740713));
#12720=CARTESIAN_POINT('Ctrl Pts',(9.62426170512106,3.05974056751696,-11.5560398786015));
#12721=CARTESIAN_POINT('Ctrl Pts',(9.5901248532272,3.0675123871467,-11.5679750935246));
#12722=CARTESIAN_POINT('Ctrl Pts',(9.56843531087733,3.06988802940636,-11.5716233769769));
#12723=CARTESIAN_POINT('Ctrl Pts',(9.55000017881393,3.06988802940636,-11.5716233769769));
#12724=CARTESIAN_POINT('Origin',(9.55000017881394,1.4,-9.72457871881475));
#12725=CARTESIAN_POINT('Origin',(5.40000017881393,1.4,-9.72457871881475));
#12726=CARTESIAN_POINT('',(5.55000017881393,3.06988802940636,-11.5716233769769));
#12727=CARTESIAN_POINT('',(5.40000017881393,3.06988802940636,-11.5716233769769));
#12728=CARTESIAN_POINT('',(5.55000017881393,3.14721025679547,-7.95049971309131));
#12729=CARTESIAN_POINT('Origin',(5.55000017881393,1.4,-9.72457871881475));
#12730=CARTESIAN_POINT('',(5.40000017881393,3.14721025679547,-7.95049971309131));
#12731=CARTESIAN_POINT('Origin',(9.55000017881394,1.4,-9.72457871881475));
#12732=CARTESIAN_POINT('',(9.70000017881393,2.90452356974229,-8.18870475650863));
#12733=CARTESIAN_POINT('',(9.69913129559251,2.89301581498252,-8.19999999999846));
#12734=CARTESIAN_POINT('Ctrl Pts',(9.70000017881393,2.90452356974229,-8.18870475650863));
#12735=CARTESIAN_POINT('Ctrl Pts',(9.70000017881393,2.90083192768124,-8.19232822579783));
#12736=CARTESIAN_POINT('Ctrl Pts',(9.69972745558882,2.89695221597543,-8.1961362916895));
#12737=CARTESIAN_POINT('Ctrl Pts',(9.69913129559251,2.89301581498289,-8.19999999999884));
#12738=CARTESIAN_POINT('Ctrl Pts',(9.69913129559249,2.89301581498209,-8.19999999999836));
#12739=CARTESIAN_POINT('Ctrl Pts',(9.69763356332216,2.88943237497177,-8.21588221741411));
#12740=CARTESIAN_POINT('Ctrl Pts',(9.69420802535743,2.88593061173968,-8.23160107673853));
#12741=CARTESIAN_POINT('Ctrl Pts',(9.6818847577976,2.87820591611037,-8.26668337156314));
#12742=CARTESIAN_POINT('Ctrl Pts',(9.67155123092777,2.8741097730702,-8.28561580195429));
#12743=CARTESIAN_POINT('Ctrl Pts',(9.64580853630557,2.86737688691636,-8.31712167257411));
#12744=CARTESIAN_POINT('Ctrl Pts',(9.63098988256501,2.86465563581153,-8.33004476512959));
#12745=CARTESIAN_POINT('Ctrl Pts',(9.59950641081277,2.86095341799786,-8.34773382301665));
#12746=CARTESIAN_POINT('Ctrl Pts',(9.58374340033111,2.85981138051819,-8.35324144882237));
#12747=CARTESIAN_POINT('Ctrl Pts',(9.56722055501772,2.85933732226482,-8.35552701685213));
#12748=CARTESIAN_POINT('Ctrl Pts',(9.56148755366863,2.85917283627257,-8.35632005003434));
#12749=CARTESIAN_POINT('Ctrl Pts',(9.55573850771268,2.85909114404671,-8.35671431275527));
#12750=CARTESIAN_POINT('Ctrl Pts',(9.55000017881393,2.85909114404671,-8.35671431275527));
#12751=CARTESIAN_POINT('',(9.70000017881393,2.88737554512758,-11.2770651247414));
#12752=CARTESIAN_POINT('Ctrl Pts',(9.55000017881394,2.84754596663999,-11.1046550480315));
#12753=CARTESIAN_POINT('Ctrl Pts',(9.55982031090192,2.84754596663999,-11.1046550480315));
#12754=CARTESIAN_POINT('Ctrl Pts',(9.56960871231491,2.8477935494884,-11.1057927008912));
#12755=CARTESIAN_POINT('Ctrl Pts',(9.57923138469226,2.84828555230318,-11.108045502803));
#12756=CARTESIAN_POINT('Ctrl Pts',(9.59689107628438,2.84918848421553,-11.1121798830893));
#12757=CARTESIAN_POINT('Ctrl Pts',(9.6133525061032,2.85087984653478,-11.1199134246003));
#12758=CARTESIAN_POINT('Ctrl Pts',(9.62803642214478,2.85320110828114,-11.130379043283));
#12759=CARTESIAN_POINT('Ctrl Pts',(9.64597477307368,2.85603683736636,-11.1431641845277));
#12760=CARTESIAN_POINT('Ctrl Pts',(9.66087943317467,2.85975100568584,-11.1597329541095));
#12761=CARTESIAN_POINT('Ctrl Pts',(9.67233325459948,2.86401568246324,-11.1783473810148));
#12762=CARTESIAN_POINT('Ctrl Pts',(9.68403064131221,2.86837104750866,-11.1973576433432));
#12763=CARTESIAN_POINT('Ctrl Pts',(9.69211309027838,2.87329185277664,-11.2184584901514));
#12764=CARTESIAN_POINT('Ctrl Pts',(9.6963981318592,2.87848195323134,-11.2402163155342));
#12765=CARTESIAN_POINT('Ctrl Pts',(9.69878925660559,2.88137811594048,-11.2523575453727));
#12766=CARTESIAN_POINT('Ctrl Pts',(9.70000017994132,2.88435981371751,-11.2647141497436));
#12767=CARTESIAN_POINT('Ctrl Pts',(9.70000017881393,2.88737555110452,-11.2770651232815));
#12768=CARTESIAN_POINT('Origin',(9.70000017881393,1.4,-9.72457871881475));
#12769=CARTESIAN_POINT('Origin',(9.55000017881394,1.85,-9.72457871881475));
#12770=CARTESIAN_POINT('',(9.55000017881394,0.390908855953288,-8.35671431275527));
#12771=CARTESIAN_POINT('',(9.69913129559253,0.356984185017399,-8.19999999999831));
#12772=CARTESIAN_POINT('Ctrl Pts',(9.55000017881107,0.39090886419874,-8.35671435253582));
#12773=CARTESIAN_POINT('Ctrl Pts',(9.5639567542359,0.390908880451952,-8.35671443095017));
#12774=CARTESIAN_POINT('Ctrl Pts',(9.57775129185958,0.390426334760153,-8.35438213539307));
#12775=CARTESIAN_POINT('Ctrl Pts',(9.59101593032575,0.389488809690502,-8.34987656097338));
#12776=CARTESIAN_POINT('Ctrl Pts',(9.59984785750149,0.388864582112668,-8.3468766371337));
#12777=CARTESIAN_POINT('Ctrl Pts',(9.60831271600579,0.388047784410969,-8.34295855205355));
#12778=CARTESIAN_POINT('Ctrl Pts',(9.6163314068375,0.387061846338989,-8.33825133867032));
#12779=CARTESIAN_POINT('Ctrl Pts',(9.6247776786673,0.386023335048547,-8.33329312234424));
#12780=CARTESIAN_POINT('Ctrl Pts',(9.6326781758724,0.384803424157745,-8.32748962965022));
#12781=CARTESIAN_POINT('Ctrl Pts',(9.63997334505481,0.3834334238802,-8.32101155318177));
#12782=CARTESIAN_POINT('Ctrl Pts',(9.65674961536844,0.380282915041934,-8.3061143027919));
#12783=CARTESIAN_POINT('Ctrl Pts',(9.67020890922214,0.376363361872302,-8.28777663223393));
#12784=CARTESIAN_POINT('Ctrl Pts',(9.68006098378732,0.372007248573698,-8.26776928855672));
#12785=CARTESIAN_POINT('Ctrl Pts',(9.68867435571436,0.368198829976275,-8.25027747084625));
#12786=CARTESIAN_POINT('Ctrl Pts',(9.69454465718679,0.364052696540523,-8.2314892519337));
#12787=CARTESIAN_POINT('Ctrl Pts',(9.69757830008325,0.359753413758158,-8.21231261173596));
#12788=CARTESIAN_POINT('Ctrl Pts',(9.69822508108273,0.358836794858066,-8.20822409936418));
#12789=CARTESIAN_POINT('Ctrl Pts',(9.69874307177711,0.357913198392147,-8.20411749390065));
#12790=CARTESIAN_POINT('Ctrl Pts',(9.69913129559253,0.356984185017878,-8.19999999999821));
#12791=CARTESIAN_POINT('',(9.70000017881393,0.345476430257707,-8.18870475650863));
#12792=CARTESIAN_POINT('Ctrl Pts',(9.69913129559252,0.356984185017073,-8.19999999999881));
#12793=CARTESIAN_POINT('Ctrl Pts',(9.69972745612343,0.353047780494554,-8.19613628822467));
#12794=CARTESIAN_POINT('Ctrl Pts',(9.70000017881393,0.349168064955674,-8.19232821857072));
#12795=CARTESIAN_POINT('Ctrl Pts',(9.70000017881393,0.345476430257706,-8.18870475650863));
#12796=CARTESIAN_POINT('',(9.70000017881393,0.362624454872419,-11.2770651247414));
#12797=CARTESIAN_POINT('Origin',(9.70000017881393,1.85,-9.72457871881475));
#12798=CARTESIAN_POINT('',(9.55000017881394,0.402454033360007,-11.1046550480315));
#12799=CARTESIAN_POINT('Ctrl Pts',(9.70000017881393,0.36262444889535,-11.277065123282));
#12800=CARTESIAN_POINT('Ctrl Pts',(9.70000018078128,0.36788688114418,-11.255512795241));
#12801=CARTESIAN_POINT('Ctrl Pts',(9.69631272863127,0.373045652611704,-11.2339328222985));
#12802=CARTESIAN_POINT('Ctrl Pts',(9.68169595370161,0.382739520790849,-11.1925886523791));
#12803=CARTESIAN_POINT('Ctrl Pts',(9.67056829632468,0.387261048248332,-11.1728599607547));
#12804=CARTESIAN_POINT('Ctrl Pts',(9.64372422458834,0.394279532133129,-11.1417622590972));
#12805=CARTESIAN_POINT('Ctrl Pts',(9.62911466667758,0.396967863711692,-11.129644429202));
#12806=CARTESIAN_POINT('Ctrl Pts',(9.59791779905259,0.400666221715408,-11.1128585993875));
#12807=CARTESIAN_POINT('Ctrl Pts',(9.58209454534185,0.401802188748317,-11.1076451377917));
#12808=CARTESIAN_POINT('Ctrl Pts',(9.5655759121219,0.402245591091786,-11.1056114152797));
#12809=CARTESIAN_POINT('Ctrl Pts',(9.56038832200196,0.402384839272039,-11.1049727353919));
#12810=CARTESIAN_POINT('Ctrl Pts',(9.55518981891546,0.402454033360007,-11.1046550480315));
#12811=CARTESIAN_POINT('Ctrl Pts',(9.55000017881393,0.402454033360007,-11.1046550480315));
#12812=CARTESIAN_POINT('Origin',(9.55000017881394,1.85,-9.72457871881475));
#12813=CARTESIAN_POINT('Origin',(9.70000017881393,-0.118772983319996,-9.7610615450341));
#12814=CARTESIAN_POINT('',(9.70000017881393,0.209855952692901,-8.05558875357138));
#12815=CARTESIAN_POINT('',(9.70000017881393,-0.239966301779422,-7.6140732713761));
#12816=CARTESIAN_POINT('',(9.70000017881393,0.263061493920274,-11.4442374576119));
#12817=CARTESIAN_POINT('Origin',(9.70000017881393,1.85,-9.72457871881475));
#12818=CARTESIAN_POINT('',(9.70000017881393,0.356984185018283,-11.3));
#12819=CARTESIAN_POINT('',(9.70000017881393,0.638011488965937,-10.8684252296536));
#12820=CARTESIAN_POINT('Ctrl Pts',(9.70000017881393,0.362624448895355,-11.277065123282));
#12821=CARTESIAN_POINT('Ctrl Pts',(9.70000017881393,0.360762595981191,-11.2846903548997));
#12822=CARTESIAN_POINT('Ctrl Pts',(9.70000017881393,0.358882575126844,-11.2923353534922));
#12823=CARTESIAN_POINT('Ctrl Pts',(9.70000017881393,0.356984185018283,-11.3));
#12824=CARTESIAN_POINT('Origin',(9.55000017881394,1.85,-9.72457871881475));
#12825=CARTESIAN_POINT('',(9.55000017881394,0.102789743204529,-7.95049971309131));
#12826=CARTESIAN_POINT('Ctrl Pts',(9.70000017881393,0.209855952692899,-8.05558875357138));
#12827=CARTESIAN_POINT('Ctrl Pts',(9.70000017881393,0.196641780450795,-8.0426186046486));
#12828=CARTESIAN_POINT('Ctrl Pts',(9.69566596064942,0.181089388901168,-8.0273534158189));
#12829=CARTESIAN_POINT('Ctrl Pts',(9.68149619570922,0.156673552043866,-8.00338846104827));
#12830=CARTESIAN_POINT('Ctrl Pts',(9.66915399481824,0.143489643917087,-7.99044801735981));
#12831=CARTESIAN_POINT('Ctrl Pts',(9.64297327245895,0.124803702381652,-7.97210714514803));
#12832=CARTESIAN_POINT('Ctrl Pts',(9.62450278348014,0.115994980821457,-7.96346109238273));
#12833=CARTESIAN_POINT('Ctrl Pts',(9.59029779815594,0.105882805310189,-7.95353565627433));
#12834=CARTESIAN_POINT('Ctrl Pts',(9.56851132860302,0.102789743204528,-7.95049971309131));
#12835=CARTESIAN_POINT('Ctrl Pts',(9.55000017881393,0.102789743204528,-7.95049971309131));
#12836=CARTESIAN_POINT('',(9.55000017881394,0.18011197059364,-11.5716233769769));
#12837=CARTESIAN_POINT('Origin',(9.55000017881394,1.85,-9.72457871881475));
#12838=CARTESIAN_POINT('Ctrl Pts',(9.55000017881393,0.18011197059364,-11.5716233769769));
#12839=CARTESIAN_POINT('Ctrl Pts',(9.56843531087733,0.18011197059364,-11.5716233769769));
#12840=CARTESIAN_POINT('Ctrl Pts',(9.5901248532272,0.182487612853297,-11.5679750935246));
#12841=CARTESIAN_POINT('Ctrl Pts',(9.62426170512106,0.190259432483041,-11.5560398786015));
#12842=CARTESIAN_POINT('Ctrl Pts',(9.64271967000824,0.197053257434928,-11.5456065740713));
#12843=CARTESIAN_POINT('Ctrl Pts',(9.66896545172029,0.211486179778068,-11.5234418766979));
#12844=CARTESIAN_POINT('Ctrl Pts',(9.68135229361776,0.221702742721875,-11.507752259553));
#12845=CARTESIAN_POINT('Ctrl Pts',(9.69563179269586,0.240660255509537,-11.4786391302849));
#12846=CARTESIAN_POINT('Ctrl Pts',(9.70000017881393,0.252773515510478,-11.4600367477776));
#12847=CARTESIAN_POINT('Ctrl Pts',(9.70000017881393,0.263061493920273,-11.4442374576119));
#12848=CARTESIAN_POINT('Origin',(11.3000001788139,-0.219885200081831,-7.45654595890274));
#12849=CARTESIAN_POINT('',(10.6000001788139,-0.366029224750971,-7.49033832569623));
#12850=CARTESIAN_POINT('',(10.4500001788139,-0.366029224750971,-7.49033832569623));
#12851=CARTESIAN_POINT('',(11.3000001788139,-0.366029224750971,-7.49033832569623));
#12852=CARTESIAN_POINT('',(10.6000001788139,-0.319271871614676,-7.56889492205604));
#12853=CARTESIAN_POINT('Origin',(10.6000001788139,-0.219885200081831,-7.45654595890274));
#12854=CARTESIAN_POINT('',(11.5500001788139,-0.319271871614677,-7.56889492205604));
#12855=CARTESIAN_POINT('',(11.3000001788139,-0.319271871614677,-7.56889492205604));
#12856=CARTESIAN_POINT('Origin',(11.5500001788139,-0.219885200081831,-7.45654595890274));
#12857=CARTESIAN_POINT('',(10.5967021027024,-0.332234163235135,-7.35715928736989));
#12858=CARTESIAN_POINT('',(11.3000001788139,-0.332234163235134,-7.35715928736989));
#12859=CARTESIAN_POINT('Ctrl Pts',(10.5967021027024,-0.332234163235133,
-7.35715928736989));
#12860=CARTESIAN_POINT('Ctrl Pts',(10.5934416089777,-0.342379091974388,
-7.36862734649231));
#12861=CARTESIAN_POINT('Ctrl Pts',(10.5876625365896,-0.350342086966551,
-7.38136098823081));
#12862=CARTESIAN_POINT('Ctrl Pts',(10.5709530474019,-0.363628968246735,
-7.40990405996845));
#12863=CARTESIAN_POINT('Ctrl Pts',(10.5558606525126,-0.368112636965443,
-7.42928052941704));
#12864=CARTESIAN_POINT('Ctrl Pts',(10.5290837965493,-0.370355798491349,
-7.45575821985197));
#12865=CARTESIAN_POINT('Ctrl Pts',(10.5148050613515,-0.369737338898967,
-7.46746219038601));
#12866=CARTESIAN_POINT('Ctrl Pts',(10.4837724396805,-0.367461362134857,
-7.48482731960936));
#12867=CARTESIAN_POINT('Ctrl Pts',(10.4669186728603,-0.366029224750972,
-7.49033832569623));
#12868=CARTESIAN_POINT('Ctrl Pts',(10.4500001788139,-0.366029224750972,
-7.49033832569623));
#12869=CARTESIAN_POINT('Origin',(11.5500001788139,0.00481272622477547,-7.65531930196843));
#12870=CARTESIAN_POINT('',(11.8500001788139,-0.0945739453080706,-7.76766826512173));
#12871=CARTESIAN_POINT('Origin',(11.8500001788139,0.00481272622477538,-7.65531930196843));
#12872=CARTESIAN_POINT('Origin',(11.5500001788139,-0.0945739453080705,-7.76766826512173));
#12873=CARTESIAN_POINT('Origin',(11.8500001788139,1.67333715624822,-9.13133728038974));
#12874=CARTESIAN_POINT('',(11.8500001788139,0.0177750178452324,-7.86705493665457));
#12875=CARTESIAN_POINT('',(11.8500001788139,1.57395048471537,-9.24368624354304));
#12876=CARTESIAN_POINT('',(12.0000001788139,0.120075375484262,-7.7572836727813));
#12877=CARTESIAN_POINT('Origin',(11.8500001788139,0.120073513043708,-7.75728184473404));
#12878=CARTESIAN_POINT('',(12.0000001788139,1.67333715624822,-9.13133728038974));
#12879=CARTESIAN_POINT('Origin',(11.8500001788139,0.965973095232283,-8.5875603785449));
#12880=CARTESIAN_POINT('',(12.0000001788139,0.493583376001869,-8.12389418018222));
#12881=CARTESIAN_POINT('',(12.0000001788139,0.965973095232283,-8.5875603785449));
#12882=CARTESIAN_POINT('',(11.8500001788139,0.356984185018283,-8.2));
#12883=CARTESIAN_POINT('',(11.8500001788139,0.860900117182309,-8.69461022340097));
#12884=CARTESIAN_POINT('Ctrl Pts',(11.8500001788139,0.356971177782748,-8.19993993077692));
#12885=CARTESIAN_POINT('Ctrl Pts',(11.86066618737,0.356971177782748,-8.19993993077692));
#12886=CARTESIAN_POINT('Ctrl Pts',(11.8712505290437,0.358061806932725,-8.19935593065222));
#12887=CARTESIAN_POINT('Ctrl Pts',(11.8815925963348,0.360134922039778,-8.19822367419305));
#12888=CARTESIAN_POINT('Ctrl Pts',(11.8894642599679,0.361712833335081,-8.19736187918223));
#12889=CARTESIAN_POINT('Ctrl Pts',(11.8971961025183,0.363861196669493,-8.19618208376437));
#12890=CARTESIAN_POINT('Ctrl Pts',(11.9047148179615,0.366551568663351,-8.19469490307997));
#12891=CARTESIAN_POINT('Ctrl Pts',(11.9147580794954,0.370145282212139,-8.19270837430729));
#12892=CARTESIAN_POINT('Ctrl Pts',(11.9242961070882,0.374659419560124,-8.19019890677909));
#12893=CARTESIAN_POINT('Ctrl Pts',(11.933174275589,0.379999211514574,-8.1872201644754));
#12894=CARTESIAN_POINT('Ctrl Pts',(11.9400027584746,0.384106216013304,-8.18492911865447));
#12895=CARTESIAN_POINT('Ctrl Pts',(11.9464412167171,0.388702918713742,-8.18236018608819));
#12896=CARTESIAN_POINT('Ctrl Pts',(11.9524115251974,0.393765323349598,-8.17953432374639));
#12897=CARTESIAN_POINT('Ctrl Pts',(11.9536526936284,0.394817747498196,-8.17894685475032));
#12898=CARTESIAN_POINT('Ctrl Pts',(11.9548715375029,0.395888612183105,-8.17834925746925));
#12899=CARTESIAN_POINT('Ctrl Pts',(11.9560674912081,0.396977573301729,-8.1777418014138));
#12900=CARTESIAN_POINT('Ctrl Pts',(11.9635042676608,0.403749039763933,-8.17396446883841));
#12901=CARTESIAN_POINT('Ctrl Pts',(11.9700585950883,0.411216348337561,-8.16980651011976));
#12902=CARTESIAN_POINT('Ctrl Pts',(11.9757029033197,0.419201961184138,-8.1653562369723));
#12903=CARTESIAN_POINT('Ctrl Pts',(11.9796263674957,0.424752909970501,-8.16226276890648));
#12904=CARTESIAN_POINT('Ctrl Pts',(11.9831095394853,0.430555514518179,-8.15902788875433));
#12905=CARTESIAN_POINT('Ctrl Pts',(11.9861326312006,0.436560214583885,-8.15567975892817));
#12906=CARTESIAN_POINT('Ctrl Pts',(11.9905620429718,0.445358257005034,-8.15077410370479));
#12907=CARTESIAN_POINT('Ctrl Pts',(11.993975677127,0.454529630147621,-8.14565868370247));
#12908=CARTESIAN_POINT('Ctrl Pts',(11.9963139758438,0.463919789757668,-8.14042382889502));
#12909=CARTESIAN_POINT('Ctrl Pts',(11.998660352691,0.473342389592143,-8.13517088921236));
#12910=CARTESIAN_POINT('Ctrl Pts',(11.9999147698081,0.482948219859891,-8.12981938609803));
#12911=CARTESIAN_POINT('Ctrl Pts',(11.9999959820923,0.49258754405244,-8.12444899779976));
#12912=CARTESIAN_POINT('Ctrl Pts',(11.9999987786283,0.492919473110572,-8.12426406907508));
#12913=CARTESIAN_POINT('Ctrl Pts',(12.0000001788139,0.493251419138295,-8.1240791289094));
#12914=CARTESIAN_POINT('Ctrl Pts',(12.0000001788139,0.493583375988495,-8.12389418016956));
#12915=CARTESIAN_POINT('Origin',(10.6000001788139,0.342480893181344,-7.5));
#12916=CARTESIAN_POINT('',(10.6000001788139,0.0177750178452324,-7.86705493665457));
#12917=CARTESIAN_POINT('',(10.6000001788139,-1.34367330991536,-6.53074818673551));
#12918=CARTESIAN_POINT('',(10.6000001788139,0.0177750178452324,-7.86705493665457));
#12919=CARTESIAN_POINT('Origin',(10.6000001788139,0.0177750178452324,-7.86705493665457));
#12920=CARTESIAN_POINT('',(12.0000001788139,0.0177750178452324,-7.86705493665457));
#12921=CARTESIAN_POINT('Origin',(12.0000001788139,-1.375,-6.5));
#12922=CARTESIAN_POINT('',(10.4500001788139,-0.253305652217193,-7.60098025589688));
#12923=CARTESIAN_POINT('',(5.55000017881393,0.102789743204529,-7.95049971309131));
#12924=CARTESIAN_POINT('',(5.55000017881393,-1.08311790168186,-6.78649197344467));
#12925=CARTESIAN_POINT('',(5.40000017881393,0.102789743204529,-7.95049971309131));
#12926=CARTESIAN_POINT('',(9.70000017881393,0.356984185018283,-8.2));
#12927=CARTESIAN_POINT('Ctrl Pts',(9.69913129559253,0.356984185018283,-8.2));
#12928=CARTESIAN_POINT('Ctrl Pts',(9.699420923333,0.356984185018283,-8.2));
#12929=CARTESIAN_POINT('Ctrl Pts',(9.69971055107346,0.356984185018283,-8.2));
#12930=CARTESIAN_POINT('Ctrl Pts',(9.70000017881393,0.356984185018283,-8.2));
#12931=CARTESIAN_POINT('',(12.0000001788139,0.356984185018283,-8.2));
#12932=CARTESIAN_POINT('Origin',(11.8500001788139,2.28402690476772,-8.5875603785449));
#12933=CARTESIAN_POINT('',(11.8500001788139,3.23222498215477,-7.86705493665457));
#12934=CARTESIAN_POINT('',(11.8500001788139,2.89301581498172,-8.2));
#12935=CARTESIAN_POINT('',(11.8500001788139,2.38909988281769,-8.69461022340097));
#12936=CARTESIAN_POINT('Origin',(11.8500001788139,3.1299264869563,-7.75728184473403));
#12937=CARTESIAN_POINT('Ctrl Pts',(12.0000001788139,2.7564166240115,-8.12389418016956));
#12938=CARTESIAN_POINT('Ctrl Pts',(12.0000001788139,2.75674858086168,-8.12407912890939));
#12939=CARTESIAN_POINT('Ctrl Pts',(11.9999988500448,2.75708053696083,-8.12426407723151));
#12940=CARTESIAN_POINT('Ctrl Pts',(11.9998766396134,2.77234574433745,-8.13276904063452));
#12941=CARTESIAN_POINT('Ctrl Pts',(11.9970685384281,2.78719221318374,-8.1410407050968));
#12942=CARTESIAN_POINT('Ctrl Pts',(11.986273646576,2.8154112854095,-8.15676287458343));
#12943=CARTESIAN_POINT('Ctrl Pts',(11.9783798691548,2.82865005852266,-8.16413881635102));
#12944=CARTESIAN_POINT('Ctrl Pts',(11.9565105076976,2.8541449800407,-8.1783432336126));
#12945=CARTESIAN_POINT('Ctrl Pts',(11.941983729408,2.86573775829319,-8.18480211446971));
#12946=CARTESIAN_POINT('Ctrl Pts',(11.9091464760611,2.88309584158848,-8.19447311728115));
#12947=CARTESIAN_POINT('Ctrl Pts',(11.8913016214556,2.88885396790576,-8.19768123968029));
#12948=CARTESIAN_POINT('Ctrl Pts',(11.8651642891603,2.89249128648638,-8.19970776055935));
#12949=CARTESIAN_POINT('Ctrl Pts',(11.8575895875721,2.89301581498172,-8.2));
#12950=CARTESIAN_POINT('Ctrl Pts',(11.8500001788139,2.89301581498172,-8.2));
#12951=CARTESIAN_POINT('Origin',(11.3000001788139,3.46988520008183,-7.45654595890274));
#12952=CARTESIAN_POINT('',(10.6000001788139,3.61602922475097,-7.49033832569623));
#12953=CARTESIAN_POINT('',(10.6000001788139,3.56927187161468,-7.56889492205604));
#12954=CARTESIAN_POINT('Origin',(10.6000001788139,3.46988520008183,-7.45654595890274));
#12955=CARTESIAN_POINT('',(10.4500001788139,3.61602922475097,-7.49033832569623));
#12956=CARTESIAN_POINT('',(11.3000001788139,3.61602922475097,-7.49033832569623));
#12957=CARTESIAN_POINT('Ctrl Pts',(10.4500001788139,3.61602922475097,-7.49033832569623));
#12958=CARTESIAN_POINT('Ctrl Pts',(10.4669186728603,3.61602922475097,-7.49033832569623));
#12959=CARTESIAN_POINT('Ctrl Pts',(10.4837724396805,3.61746136213486,-7.48482731960936));
#12960=CARTESIAN_POINT('Ctrl Pts',(10.5148050613515,3.61973733889897,-7.46746219038601));
#12961=CARTESIAN_POINT('Ctrl Pts',(10.5290837965493,3.62035579849135,-7.45575821985197));
#12962=CARTESIAN_POINT('Ctrl Pts',(10.5558606525126,3.61811263696544,-7.42928052941704));
#12963=CARTESIAN_POINT('Ctrl Pts',(10.5709530474019,3.61362896824673,-7.40990405996845));
#12964=CARTESIAN_POINT('Ctrl Pts',(10.5876625365896,3.60034208696655,-7.38136098823081));
#12965=CARTESIAN_POINT('Ctrl Pts',(10.5934416089777,3.59237909197439,-7.36862734649231));
#12966=CARTESIAN_POINT('Ctrl Pts',(10.5967021027024,3.58223416323513,-7.35715928736989));
#12967=CARTESIAN_POINT('',(11.5500001788139,3.56927187161468,-7.56889492205604));
#12968=CARTESIAN_POINT('Origin',(11.5500001788139,3.46988520008183,-7.45654595890274));
#12969=CARTESIAN_POINT('',(11.3000001788139,3.56927187161468,-7.56889492205604));
#12970=CARTESIAN_POINT('Origin',(11.5500001788139,3.24518727377522,-7.65531930196843));
#12971=CARTESIAN_POINT('',(11.8500001788139,3.34457394530807,-7.76766826512173));
#12972=CARTESIAN_POINT('Origin',(11.8500001788139,3.24518727377522,-7.65531930196843));
#12973=CARTESIAN_POINT('Origin',(11.5500001788139,3.34457394530807,-7.76766826512173));
#12974=CARTESIAN_POINT('Origin',(11.8500001788139,1.57666284375178,-9.13133728038974));
#12975=CARTESIAN_POINT('',(11.8500001788139,1.67604951528463,-9.24368624354304));
#12976=CARTESIAN_POINT('Origin',(10.6000001788139,3.23222498215477,-7.86705493665457));
#12977=CARTESIAN_POINT('',(10.6000001788139,3.23222498215477,-7.86705493665457));
#12978=CARTESIAN_POINT('',(12.0000001788139,3.23222498215477,-7.86705493665457));
#12979=CARTESIAN_POINT('',(10.6000001788139,3.23222498215477,-7.86705493665457));
#12980=CARTESIAN_POINT('Origin',(10.6000001788139,2.90751910681866,-7.5));
#12981=CARTESIAN_POINT('',(10.6000001788139,4.59367330991536,-6.53074818673551));
#12982=CARTESIAN_POINT('Origin',(12.0000001788139,4.625,-6.5));
#12983=CARTESIAN_POINT('',(9.70000017881393,2.89301581498172,-8.2));
#12984=CARTESIAN_POINT('',(12.0000001788139,2.89301581498172,-8.2));
#12985=CARTESIAN_POINT('Ctrl Pts',(9.70000017881393,2.89301581498172,-8.2));
#12986=CARTESIAN_POINT('Ctrl Pts',(9.69971055107346,2.89301581498172,-8.2));
#12987=CARTESIAN_POINT('Ctrl Pts',(9.69942092333298,2.89301581498172,-8.2));
#12988=CARTESIAN_POINT('Ctrl Pts',(9.69913129559251,2.89301581498172,-8.2));
#12989=CARTESIAN_POINT('',(9.70000017881393,3.48996630177942,-7.6140732713761));
#12990=CARTESIAN_POINT('',(5.55000017881393,4.63870908258078,-6.48654408014292));
#12991=CARTESIAN_POINT('',(10.4500001788139,4.59367330991536,-6.53074818673551));
#12992=CARTESIAN_POINT('Origin',(10.4500001788139,-0.148232674167219,-7.4939304110408));
#12993=CARTESIAN_POINT('Origin',(10.4500001788139,-0.311479730910642,-7.33369800310984));
#12994=CARTESIAN_POINT('Origin',(12.0000001788139,2.225,-4.));
#12995=CARTESIAN_POINT('',(10.4500001788139,1.925,-4.));
#12996=CARTESIAN_POINT('Ctrl Pts',(12.0000001788139,0.493583375988495,-8.12389418016956));
#12997=CARTESIAN_POINT('Ctrl Pts',(12.0000001788139,0.496824253471931,-8.13825812114849));
#12998=CARTESIAN_POINT('Ctrl Pts',(12.0000001788139,0.500067062000873,-8.15262436097132));
#12999=CARTESIAN_POINT('Ctrl Pts',(12.000000178814,0.6206076270376,-8.68723346289377));
#13000=CARTESIAN_POINT('Ctrl Pts',(12.0000001788139,0.711970815297868,-9.32495174765195));
#13001=CARTESIAN_POINT('Ctrl Pts',(12.0000001788139,0.689433672420348,-10.3926088192447));
#13002=CARTESIAN_POINT('Ctrl Pts',(12.0000001788139,0.605142783933102,-10.9218595952028));
#13003=CARTESIAN_POINT('Ctrl Pts',(12.0000001788139,0.500556440785924,-11.3442532192559));
#13004=CARTESIAN_POINT('Ctrl Pts',(12.0000001788139,0.498526995390297,-11.3524450687239));
#13005=CARTESIAN_POINT('Ctrl Pts',(12.0000001788139,0.496498169522812,-11.3606363424932));
#13006=CARTESIAN_POINT('Ctrl Pts',(12.0000001788139,0.455276412195347,-8.13253722434512));
#13007=CARTESIAN_POINT('Ctrl Pts',(12.0000001788139,0.458511009851713,-8.1468728745511));
#13008=CARTESIAN_POINT('Ctrl Pts',(12.0000001788139,0.461769598656827,-8.16131027672509));
#13009=CARTESIAN_POINT('Ctrl Pts',(12.000000178814,0.581854884031097,-8.69385958840379));
#13010=CARTESIAN_POINT('Ctrl Pts',(12.0000001788139,0.672623326158117,-9.32819736615357));
#13011=CARTESIAN_POINT('Ctrl Pts',(12.0000001788139,0.650237254338184,-10.3884532794234));
#13012=CARTESIAN_POINT('Ctrl Pts',(12.0000001788139,0.566491757118703,-10.9145997719592));
#13013=CARTESIAN_POINT('Ctrl Pts',(12.0000001788139,0.462446232475699,-11.3347786626308));
#13014=CARTESIAN_POINT('Ctrl Pts',(12.0000001788139,0.460403763558023,-11.3430260284806));
#13015=CARTESIAN_POINT('Ctrl Pts',(12.0000001788139,0.458380057679931,-11.3511951965244));
#13016=CARTESIAN_POINT('Ctrl Pts',(11.9674998495173,0.378923458768288,-8.14976443015992));
#13017=CARTESIAN_POINT('Ctrl Pts',(11.9674998495173,0.382165625692063,-8.16413418009878));
#13018=CARTESIAN_POINT('Ctrl Pts',(11.9674998495173,0.385429260255047,-8.17859873417502));
#13019=CARTESIAN_POINT('Ctrl Pts',(11.9674998495174,0.504794005812469,-8.70759065433561));
#13020=CARTESIAN_POINT('Ctrl Pts',(11.9674998495173,0.594767661755269,-9.33254262633307));
#13021=CARTESIAN_POINT('Ctrl Pts',(11.9674998495173,0.572293775534748,-10.3798086360581));
#13022=CARTESIAN_POINT('Ctrl Pts',(11.9674998495173,0.490884264119403,-10.8943133676712));
#13023=CARTESIAN_POINT('Ctrl Pts',(11.9674998495173,0.386463833995542,-11.3159854708293));
#13024=CARTESIAN_POINT('Ctrl Pts',(11.9674998495173,0.384433398717926,-11.3241814116076));
#13025=CARTESIAN_POINT('Ctrl Pts',(11.9674998495173,0.38240352156021,-11.3323772243577));
#13026=CARTESIAN_POINT('Ctrl Pts',(11.8892700869838,0.347261552567973,-8.15690817706321));
#13027=CARTESIAN_POINT('Ctrl Pts',(11.8892700869838,0.35050243005141,-8.17127211804214));
#13028=CARTESIAN_POINT('Ctrl Pts',(11.8892700869838,0.353773978810414,-8.18577321588033));
#13029=CARTESIAN_POINT('Ctrl Pts',(11.8892700869839,0.472798723739927,-8.7131691151179));
#13030=CARTESIAN_POINT('Ctrl Pts',(11.8892700869838,0.56235667435772,-9.33481274480388));
#13031=CARTESIAN_POINT('Ctrl Pts',(11.8892700869838,0.539932117503981,-10.3763036706801));
#13032=CARTESIAN_POINT('Ctrl Pts',(11.8892700869838,0.45921594809585,-10.8871832984806));
#13033=CARTESIAN_POINT('Ctrl Pts',(11.8892700869838,0.354960354294095,-11.3081721990569));
#13034=CARTESIAN_POINT('Ctrl Pts',(11.8892700869838,0.352926533283315,-11.3163825475387));
#13035=CARTESIAN_POINT('Ctrl Pts',(11.8892700869838,0.35089770741583,-11.324573821308));
#13036=CARTESIAN_POINT('Ctrl Pts',(11.8500001788139,0.347261552567974,-8.1569081770632));
#13037=CARTESIAN_POINT('Ctrl Pts',(11.8500001788139,0.35050243005141,-8.17127211804214));
#13038=CARTESIAN_POINT('Ctrl Pts',(11.8500001788139,0.353773978810414,-8.18577321588033));
#13039=CARTESIAN_POINT('Ctrl Pts',(11.850000178814,0.472798723739927,-8.7131691151179));
#13040=CARTESIAN_POINT('Ctrl Pts',(11.8500001788139,0.56235667435772,-9.33481274480388));
#13041=CARTESIAN_POINT('Ctrl Pts',(11.8500001788139,0.539932117503981,-10.3763036706801));
#13042=CARTESIAN_POINT('Ctrl Pts',(11.8500001788139,0.45921594809585,-10.8871832984806));
#13043=CARTESIAN_POINT('Ctrl Pts',(11.8500001788139,0.354960354294095,-11.3081721990569));
#13044=CARTESIAN_POINT('Ctrl Pts',(11.8500001788139,0.352926533283315,-11.3163825475387));
#13045=CARTESIAN_POINT('Ctrl Pts',(11.8500001788139,0.35089770741583,-11.324573821308));
#13046=CARTESIAN_POINT('',(11.8500001788139,0.356984185018283,-11.3));
#13047=CARTESIAN_POINT('Ctrl Pts',(11.8500001788139,0.356984156350711,-11.2999999929028));
#13048=CARTESIAN_POINT('Ctrl Pts',(11.8500001788139,0.459216890518223,-10.8871773335589));
#13049=CARTESIAN_POINT('Ctrl Pts',(11.8500001788139,0.539932182960064,-10.3763006306237));
#13050=CARTESIAN_POINT('Ctrl Pts',(11.8500001788139,0.562356237782154,-9.33483302121307));
#13051=CARTESIAN_POINT('Ctrl Pts',(11.850000178814,0.472804535535693,-8.71320945696939));
#13052=CARTESIAN_POINT('Ctrl Pts',(11.8500001788139,0.356984707622335,-8.19999988203616));
#13053=CARTESIAN_POINT('',(12.0000001788139,0.496498169523195,-11.3606363424933));
#13054=CARTESIAN_POINT('Ctrl Pts',(12.0000001788139,0.496498169522845,-11.3606363424931));
#13055=CARTESIAN_POINT('Ctrl Pts',(12.0000001788139,0.496159112372762,-11.3604889795921));
#13056=CARTESIAN_POINT('Ctrl Pts',(11.9999987784887,0.495820066407595,-11.3603416243532));
#13057=CARTESIAN_POINT('Ctrl Pts',(11.9999959816798,0.495481037893067,-11.360194279032));
#13058=CARTESIAN_POINT('Ctrl Pts',(11.9999144929533,0.485602993763996,-11.3559011782397));
#13059=CARTESIAN_POINT('Ctrl Pts',(11.9986521464645,0.475772364751565,-11.3516293833684));
#13060=CARTESIAN_POINT('Ctrl Pts',(11.996299563514,0.466141976498623,-11.3474427173341));
#13061=CARTESIAN_POINT('Ctrl Pts',(11.9956556627514,0.463506144108737,-11.3462968289598));
#13062=CARTESIAN_POINT('Ctrl Pts',(11.9949297966398,0.460885331043869,-11.3451573962709));
#13063=CARTESIAN_POINT('Ctrl Pts',(11.9941231884924,0.458282794429694,-11.344025883598));
#13064=CARTESIAN_POINT('Ctrl Pts',(11.9911466701589,0.448679001100372,-11.3398504134816));
#13065=CARTESIAN_POINT('Ctrl Pts',(11.9870940824873,0.439386115601655,-11.3358100931351));
#13066=CARTESIAN_POINT('Ctrl Pts',(11.9820385565839,0.430566036004666,-11.3319772927129));
#13067=CARTESIAN_POINT('Ctrl Pts',(11.9807303099611,0.428283614835083,-11.3309854575796));
#13068=CARTESIAN_POINT('Ctrl Pts',(11.9793546573289,0.426032968671901,-11.330007541678));
#13069=CARTESIAN_POINT('Ctrl Pts',(11.977912379571,0.423817204030568,-11.3290448542735));
#13070=CARTESIAN_POINT('Ctrl Pts',(11.9723898786309,0.415333011406876,-11.3253587112491));
#13071=CARTESIAN_POINT('Ctrl Pts',(11.9659406840817,0.407429961412328,-11.321926719566));
#13072=CARTESIAN_POINT('Ctrl Pts',(11.9586292064399,0.400270866169266,-11.3188132607279));
#13073=CARTESIAN_POINT('Ctrl Pts',(11.9577867724737,0.39944598981797,-11.3184545256533));
#13074=CARTESIAN_POINT('Ctrl Pts',(11.9569328458682,0.398631024431769,-11.3181000264505));
#13075=CARTESIAN_POINT('Ctrl Pts',(11.9560674912081,0.397826248836812,-11.3177498682196));
#13076=CARTESIAN_POINT('Ctrl Pts',(11.9507838151218,0.3929124559586,-11.3156118746818));
#13077=CARTESIAN_POINT('Ctrl Pts',(11.9450745742059,0.388377679509288,-11.3136354940464));
#13078=CARTESIAN_POINT('Ctrl Pts',(11.9389954375949,0.384247305721613,-11.3118353687412));
#13079=CARTESIAN_POINT('Ctrl Pts',(11.9303307758251,0.378360237517138,-11.3092696299019));
#13080=CARTESIAN_POINT('Ctrl Pts',(11.9210089634611,0.373355889389376,-11.3070891758994));
#13081=CARTESIAN_POINT('Ctrl Pts',(11.9112105758521,0.369288513991273,-11.3053221766535));
#13082=CARTESIAN_POINT('Ctrl Pts',(11.9034625894584,0.366072273677016,-11.303924937979));
#13083=CARTESIAN_POINT('Ctrl Pts',(11.8954154573837,0.363442481133793,-11.3027863679106));
#13084=CARTESIAN_POINT('Ctrl Pts',(11.8871503027664,0.361446936343906,-11.3019255064937));
#13085=CARTESIAN_POINT('Ctrl Pts',(11.8768409044412,0.358957827904047,-11.3008517258253));
#13086=CARTESIAN_POINT('Ctrl Pts',(11.8662872074849,0.35747693288745,-11.3002195904372));
#13087=CARTESIAN_POINT('Ctrl Pts',(11.8556541418367,0.357086035480221,-11.3000532833621));
#13088=CARTESIAN_POINT('Ctrl Pts',(11.8537716856757,0.357016831803977,-11.3000238406982));
#13089=CARTESIAN_POINT('Ctrl Pts',(11.8518867277286,0.356981918239199,-11.3000090305241));
#13090=CARTESIAN_POINT('Ctrl Pts',(11.8500001788139,0.356981918239199,-11.3000090305241));
#13091=CARTESIAN_POINT('',(12.0000001788139,0.550808584774771,-8.39024508578958));
#13092=CARTESIAN_POINT('Ctrl Pts',(12.0000001788139,0.550889115027171,-8.39022893115528));
#13093=CARTESIAN_POINT('Ctrl Pts',(12.000000178814,0.640842675791407,-8.83885616506151));
#13094=CARTESIAN_POINT('Ctrl Pts',(12.0000001788139,0.710363729340817,-9.40108458738358));
#13095=CARTESIAN_POINT('Ctrl Pts',(12.0000001788139,0.689433672420348,-10.3926088192447));
#13096=CARTESIAN_POINT('Ctrl Pts',(12.0000001788139,0.605142783933102,-10.9218595952028));
#13097=CARTESIAN_POINT('Ctrl Pts',(12.0000001788139,0.500556440785924,-11.3442532192559));
#13098=CARTESIAN_POINT('Ctrl Pts',(12.0000001788139,0.498526995390297,-11.3524450687239));
#13099=CARTESIAN_POINT('Ctrl Pts',(12.0000001788139,0.496498169522812,-11.3606363424932));
#13100=CARTESIAN_POINT('Ctrl Pts',(12.0000001788139,0.493583375988495,-8.12389418016956));
#13101=CARTESIAN_POINT('Ctrl Pts',(12.0000001788139,0.496824253471931,-8.13825812114849));
#13102=CARTESIAN_POINT('Ctrl Pts',(12.0000001788139,0.500067062000873,-8.15262436097132));
#13103=CARTESIAN_POINT('Ctrl Pts',(12.0000001788139,0.520034289665731,-8.24118095307406));
#13104=CARTESIAN_POINT('Ctrl Pts',(12.0000001788139,0.535926291291148,-8.31560453422105));
#13105=CARTESIAN_POINT('Ctrl Pts',(12.0000001788139,0.550889115027172,-8.39022893115529));
#13106=CARTESIAN_POINT('Origin',(11.8500001788139,0.193455350614011,-11.8260204284475));
#13107=CARTESIAN_POINT('',(12.0000001788139,-0.20753326639415,-12.4418202737503));
#13108=CARTESIAN_POINT('',(12.0000001788139,0.193455350614011,-11.8260204284475));
#13109=CARTESIAN_POINT('',(11.8500001788139,-0.333232729766154,-12.35996891513));
#13110=CARTESIAN_POINT('',(11.8500001788139,0.0677558872420063,-11.7441690698272));
#13111=CARTESIAN_POINT('Origin',(11.8500001788139,-0.20753326639415,-12.4418202737503));
#13112=CARTESIAN_POINT('Origin',(11.5500001788139,-0.207533266394151,-12.4418202737503));
#13113=CARTESIAN_POINT('',(11.5500001788139,-0.453087342255072,-12.8189186638663));
#13114=CARTESIAN_POINT('',(11.5500001788139,-0.496935447006769,-12.611367841874));
#13115=CARTESIAN_POINT('Origin',(11.5500001788139,-0.371235983634765,-12.6932192004943));
#13116=CARTESIAN_POINT('Origin',(11.5500001788139,-0.207533266394151,-12.4418202737503));
#13117=CARTESIAN_POINT('Origin',(11.5500001788139,-0.333232729766155,-12.35996891513));
#13118=CARTESIAN_POINT('Origin',(12.0000001788139,-0.371235983634766,-12.6932192004943));
#13119=CARTESIAN_POINT('',(5.85000017881393,-0.453087342255071,-12.8189186638663));
#13120=CARTESIAN_POINT('',(5.85000017881393,-0.49693544700677,-12.611367841874));
#13121=CARTESIAN_POINT('Origin',(5.85000017881393,-0.371235983634766,-12.6932192004943));
#13122=CARTESIAN_POINT('',(12.0000001788139,-0.453087342255071,-12.8189186638663));
#13123=CARTESIAN_POINT('',(12.0000001788139,-0.49693544700677,-12.611367841874));
#13124=CARTESIAN_POINT('Origin',(5.85000017881393,-0.207533266394151,-12.4418202737503));
#13125=CARTESIAN_POINT('',(5.55000017881393,-0.333232729766155,-12.35996891513));
#13126=CARTESIAN_POINT('Origin',(5.55000017881393,-0.207533266394151,-12.4418202737503));
#13127=CARTESIAN_POINT('Origin',(5.85000017881393,-0.207533266394151,-12.4418202737503));
#13128=CARTESIAN_POINT('Origin',(5.85000017881393,-0.333232729766155,-12.35996891513));
#13129=CARTESIAN_POINT('Origin',(5.55000017881393,2.42984691912883,-8.39158482724976));
#13130=CARTESIAN_POINT('',(5.55000017881393,0.18011197059364,-11.5716233769769));
#13131=CARTESIAN_POINT('',(5.55000017881393,2.30414745575683,-8.30973346862945));
#13132=CARTESIAN_POINT('Ctrl Pts',(5.40000017881393,0.377582378028844,-11.5432558057405));
#13133=CARTESIAN_POINT('Ctrl Pts',(5.40000017881393,0.376815893626403,-11.543376760671));
#13134=CARTESIAN_POINT('Ctrl Pts',(5.40000350013463,0.376049384128401,-11.5434975887266));
#13135=CARTESIAN_POINT('Ctrl Pts',(5.4001766819432,0.356075267171958,-11.5466427860461));
#13136=CARTESIAN_POINT('Ctrl Pts',(5.40243142491413,0.336796936533426,-11.5495946338108));
#13137=CARTESIAN_POINT('Ctrl Pts',(5.41112580361082,0.300149411329853,-11.5550592778819));
#13138=CARTESIAN_POINT('Ctrl Pts',(5.41741852642245,0.282607668461762,-11.557603973345));
#13139=CARTESIAN_POINT('Ctrl Pts',(5.43564775563216,0.247294452952666,-11.5626099909292));
#13140=CARTESIAN_POINT('Ctrl Pts',(5.44835773246459,0.22980413531155,-11.5650114607321));
#13141=CARTESIAN_POINT('Ctrl Pts',(5.47646453576108,0.204108455908856,-11.568474117358));
#13142=CARTESIAN_POINT('Ctrl Pts',(5.490604183573,0.194847983617995,-11.5696958708922));
#13143=CARTESIAN_POINT('Ctrl Pts',(5.52019755071292,0.183064309737207,-11.5712410944426));
#13144=CARTESIAN_POINT('Ctrl Pts',(5.53494456645958,0.180111970593639,-11.5716233769769));
#13145=CARTESIAN_POINT('Ctrl Pts',(5.55000017881393,0.180111970593641,-11.5716233769769));
#13146=CARTESIAN_POINT('Origin',(5.55000017881393,-0.978044923631883,-6.67944212858859));
#13147=CARTESIAN_POINT('Ctrl Pts',(5.55000017881393,0.102789743204528,-7.95049971309131));
#13148=CARTESIAN_POINT('Ctrl Pts',(5.53608606382087,0.102789743204528,-7.95049971309131));
#13149=CARTESIAN_POINT('Ctrl Pts',(5.52248558107922,0.105548399590292,-7.95049601002116));
#13150=CARTESIAN_POINT('Ctrl Pts',(5.4947840271913,0.116624576506123,-7.95049925186763));
#13151=CARTESIAN_POINT('Ctrl Pts',(5.48140241707581,0.125462510402338,-7.95050913951194));
#13152=CARTESIAN_POINT('Ctrl Pts',(5.45382923605717,0.150551621522999,-7.95060880324553));
#13153=CARTESIAN_POINT('Ctrl Pts',(5.44100068009597,0.168172542913221,-7.95072691069477));
#13154=CARTESIAN_POINT('Ctrl Pts',(5.42074231166823,0.206340168487246,-7.95116376041369));
#13155=CARTESIAN_POINT('Ctrl Pts',(5.4132608908058,0.227195179489765,-7.95148820719864));
#13156=CARTESIAN_POINT('Ctrl Pts',(5.40286488041774,0.271068111920993,-7.95239527758143));
#13157=CARTESIAN_POINT('Ctrl Pts',(5.40019186422539,0.294486006137546,-7.95299974039155));
#13158=CARTESIAN_POINT('Ctrl Pts',(5.40000349465107,0.318601005324452,-7.95375708862598));
#13159=CARTESIAN_POINT('Ctrl Pts',(5.40000017881393,0.319450596771871,-7.95378394086411));
#13160=CARTESIAN_POINT('Ctrl Pts',(5.40000017881393,0.320300174758972,-7.95381096310607));
#13161=CARTESIAN_POINT('Origin',(5.55000017881393,1.85,-9.72457871881475));
#13162=CARTESIAN_POINT('Origin',(5.55000017881393,1.85,-9.72457871881475));
#13163=CARTESIAN_POINT('Origin',(12.0000001788139,0.356984185018283,-11.3));
#13164=CARTESIAN_POINT('',(12.0000001788139,0.356984185018283,-11.3));
#13165=CARTESIAN_POINT('',(5.40000017881393,0.18011197059364,-11.5716233769769));
#13166=CARTESIAN_POINT('Origin',(5.40000017881393,1.85,-9.72457871881475));
#13167=CARTESIAN_POINT('Origin',(10.4500001788139,4.48860033186538,-6.42369834187943));
#13168=CARTESIAN_POINT('Origin',(5.55000017881393,4.53363610453081,-6.37949423528685));
#13169=CARTESIAN_POINT('Ctrl Pts',(5.40000017881393,2.92969982524103,-7.95381096310607));
#13170=CARTESIAN_POINT('Ctrl Pts',(5.40000017881393,2.93054940322814,-7.95378394086411));
#13171=CARTESIAN_POINT('Ctrl Pts',(5.40000349465107,2.93139899467554,-7.95375708862598));
#13172=CARTESIAN_POINT('Ctrl Pts',(5.40019186422539,2.95551399386269,-7.95299974039158));
#13173=CARTESIAN_POINT('Ctrl Pts',(5.40286488041775,2.97893188807904,-7.95239527758143));
#13174=CARTESIAN_POINT('Ctrl Pts',(5.4132608908058,3.02280482051024,-7.95148820719864));
#13175=CARTESIAN_POINT('Ctrl Pts',(5.42074231166823,3.04365983151276,-7.95116376041368));
#13176=CARTESIAN_POINT('Ctrl Pts',(5.44100068009598,3.08182745708679,-7.95072691069476));
#13177=CARTESIAN_POINT('Ctrl Pts',(5.45382923605718,3.099448378477,-7.95060880324553));
#13178=CARTESIAN_POINT('Ctrl Pts',(5.48140241707581,3.12453748959765,-7.95050913951194));
#13179=CARTESIAN_POINT('Ctrl Pts',(5.4947840271913,3.13337542349387,-7.95049925186763));
#13180=CARTESIAN_POINT('Ctrl Pts',(5.52248558107921,3.1444516004097,-7.95049601002116));
#13181=CARTESIAN_POINT('Ctrl Pts',(5.53608606382086,3.14721025679547,-7.9504997130913));
#13182=CARTESIAN_POINT('Ctrl Pts',(5.55000017881393,3.14721025679547,-7.9504997130913));
#13183=CARTESIAN_POINT('Origin',(5.55000017881393,1.4,-9.72457871881475));
#13184=CARTESIAN_POINT('Ctrl Pts',(5.40000017881393,2.87241762197116,-11.5432558057405));
#13185=CARTESIAN_POINT('Ctrl Pts',(5.40000017881393,2.87318410637358,-11.543376760671));
#13186=CARTESIAN_POINT('Ctrl Pts',(5.40000350013463,2.87395061587162,-11.5434975887266));
#13187=CARTESIAN_POINT('Ctrl Pts',(5.4001766819432,2.89392473282746,-11.5466427860462));
#13188=CARTESIAN_POINT('Ctrl Pts',(5.40243142491411,2.91320306346647,-11.5495946338108));
#13189=CARTESIAN_POINT('Ctrl Pts',(5.41112580361082,2.94985058867013,-11.5550592778819));
#13190=CARTESIAN_POINT('Ctrl Pts',(5.41741852642244,2.96739233153822,-11.557603973345));
#13191=CARTESIAN_POINT('Ctrl Pts',(5.43564775563215,3.00270554704732,-11.5626099909292));
#13192=CARTESIAN_POINT('Ctrl Pts',(5.44835773246459,3.02019586468844,-11.5650114607321));
#13193=CARTESIAN_POINT('Ctrl Pts',(5.47646453576107,3.04589154409114,-11.568474117358));
#13194=CARTESIAN_POINT('Ctrl Pts',(5.49060418357299,3.055152016382,-11.5696958708922));
#13195=CARTESIAN_POINT('Ctrl Pts',(5.52019755071294,3.0669356902628,-11.5712410944426));
#13196=CARTESIAN_POINT('Ctrl Pts',(5.53494456645959,3.06988802940636,-11.5716233769769));
#13197=CARTESIAN_POINT('Ctrl Pts',(5.55000017881393,3.06988802940636,-11.5716233769769));
#13198=CARTESIAN_POINT('Origin',(11.8500001788139,3.05654464938599,-11.8260204284475));
#13199=CARTESIAN_POINT('',(11.8500001788139,2.89301581498172,-11.3));
#13200=CARTESIAN_POINT('',(11.8500001788139,3.58323272976615,-12.35996891513));
#13201=CARTESIAN_POINT('',(11.8500001788139,3.18224411275799,-11.7441690698272));
#13202=CARTESIAN_POINT('Ctrl Pts',(12.0000001788139,2.75350183047715,-11.3606363424931));
#13203=CARTESIAN_POINT('Ctrl Pts',(12.0000001788139,2.75384088762724,-11.3604889795921));
#13204=CARTESIAN_POINT('Ctrl Pts',(11.9999988499123,2.75417994377535,-11.3603416171265));
#13205=CARTESIAN_POINT('Ctrl Pts',(11.9998483114672,2.77338387383473,-11.3519950984497));
#13206=CARTESIAN_POINT('Ctrl Pts',(11.9955877742308,2.7920465061935,-11.3438838415627));
#13207=CARTESIAN_POINT('Ctrl Pts',(11.9796475596843,2.82597158529463,-11.3291391353308));
#13208=CARTESIAN_POINT('Ctrl Pts',(11.968425515519,2.84104193711487,-11.3225891753472));
#13209=CARTESIAN_POINT('Ctrl Pts',(11.9405116349442,2.86619223181302,-11.3116582146365));
#13210=CARTESIAN_POINT('Ctrl Pts',(11.9241630457954,2.87610314361874,-11.307350679123));
#13211=CARTESIAN_POINT('Ctrl Pts',(11.8883543644002,2.88955998442658,-11.3015019922618));
#13212=CARTESIAN_POINT('Ctrl Pts',(11.8692770123171,2.89301581498172,-11.3));
#13213=CARTESIAN_POINT('Ctrl Pts',(11.8500001788139,2.89301581498172,-11.3));
#13214=CARTESIAN_POINT('Origin',(11.8500001788139,3.45753326639415,-12.4418202737503));
#13215=CARTESIAN_POINT('Ctrl Pts',(11.8500001788139,2.90273844743203,-8.15690817706321));
#13216=CARTESIAN_POINT('Ctrl Pts',(11.8500001788139,2.89949756994859,-8.17127211804214));
#13217=CARTESIAN_POINT('Ctrl Pts',(11.8500001788139,2.89625669246515,-8.18563605902107));
#13218=CARTESIAN_POINT('Ctrl Pts',(11.8500001788139,2.79398195609718,-8.63892942920658));
#13219=CARTESIAN_POINT('Ctrl Pts',(11.8500001788139,2.702298658085,-9.23311127814678));
#13220=CARTESIAN_POINT('Ctrl Pts',(11.8500001788139,2.69481207246476,-10.2730145847094));
#13221=CARTESIAN_POINT('Ctrl Pts',(11.8500001788139,2.78534920142393,-10.8653019208778));
#13222=CARTESIAN_POINT('Ctrl Pts',(11.8500001788139,2.89504464084919,-11.3081912737693));
#13223=CARTESIAN_POINT('Ctrl Pts',(11.8500001788139,2.89707346671666,-11.3163825475386));
#13224=CARTESIAN_POINT('Ctrl Pts',(11.8500001788139,2.89910229258414,-11.3245738213079));
#13225=CARTESIAN_POINT('Ctrl Pts',(11.8948800738652,2.90273844743203,-8.15690817706321));
#13226=CARTESIAN_POINT('Ctrl Pts',(11.8948800738652,2.89949756994859,-8.17127211804214));
#13227=CARTESIAN_POINT('Ctrl Pts',(11.8948800738652,2.89625669246515,-8.18563605902107));
#13228=CARTESIAN_POINT('Ctrl Pts',(11.8948800738652,2.79398195609718,-8.63892942920658));
#13229=CARTESIAN_POINT('Ctrl Pts',(11.8948800738652,2.702298658085,-9.23311127814678));
#13230=CARTESIAN_POINT('Ctrl Pts',(11.8948800738652,2.69481207246476,-10.2730145847094));
#13231=CARTESIAN_POINT('Ctrl Pts',(11.8948800738652,2.78534920142393,-10.8653019208778));
#13232=CARTESIAN_POINT('Ctrl Pts',(11.8948800738652,2.89504464084919,-11.3081912737693));
#13233=CARTESIAN_POINT('Ctrl Pts',(11.8948800738652,2.89707346671666,-11.3163825475386));
#13234=CARTESIAN_POINT('Ctrl Pts',(11.8948800738652,2.89910229258414,-11.3245738213079));
#13235=CARTESIAN_POINT('Ctrl Pts',(11.9725904422592,2.86600112061395,-8.14861928368353));
#13236=CARTESIAN_POINT('Ctrl Pts',(11.9725904422592,2.86276024313052,-8.16298322466246));
#13237=CARTESIAN_POINT('Ctrl Pts',(11.9725904422592,2.85951936564708,-8.17734716564139));
#13238=CARTESIAN_POINT('Ctrl Pts',(11.9725904422592,2.75681852489865,-8.63245345156811));
#13239=CARTESIAN_POINT('Ctrl Pts',(11.9725904422592,2.66464407748591,-9.22928467140178));
#13240=CARTESIAN_POINT('Ctrl Pts',(11.9725904422592,2.65709542649311,-10.2763217268023));
#13241=CARTESIAN_POINT('Ctrl Pts',(11.9725904422592,2.74820265612948,-10.8719778512615));
#13242=CARTESIAN_POINT('Ctrl Pts',(11.9725904422592,2.85848842772769,-11.3172455665309));
#13243=CARTESIAN_POINT('Ctrl Pts',(11.9725904422592,2.86051725359516,-11.3254368403002));
#13244=CARTESIAN_POINT('Ctrl Pts',(11.9725904422592,2.86254607946264,-11.3336281140695));
#13245=CARTESIAN_POINT('Ctrl Pts',(12.0000001788139,2.78925116440563,-8.13130250374861));
#13246=CARTESIAN_POINT('Ctrl Pts',(12.0000001788139,2.78601028692219,-8.14566644472754));
#13247=CARTESIAN_POINT('Ctrl Pts',(12.0000001788139,2.78276940943876,-8.16003038570647));
#13248=CARTESIAN_POINT('Ctrl Pts',(12.0000001788139,2.67922826995092,-8.61886300777832));
#13249=CARTESIAN_POINT('Ctrl Pts',(12.0000001788139,2.58599776680887,-9.22134638541903));
#13250=CARTESIAN_POINT('Ctrl Pts',(12.0000001788139,2.57831922541538,-10.2832244221241));
#13251=CARTESIAN_POINT('Ctrl Pts',(12.0000001788139,2.67064448917069,-10.8861027590532));
#13252=CARTESIAN_POINT('Ctrl Pts',(12.0000001788139,2.7821168460361,-11.3361613841241));
#13253=CARTESIAN_POINT('Ctrl Pts',(12.0000001788139,2.78414567190358,-11.3443526578934));
#13254=CARTESIAN_POINT('Ctrl Pts',(12.0000001788139,2.78617449777105,-11.3525439316627));
#13255=CARTESIAN_POINT('Ctrl Pts',(12.0000001788139,2.7564166240115,-8.12389418016956));
#13256=CARTESIAN_POINT('Ctrl Pts',(12.0000001788139,2.75317574652807,-8.13825812114849));
#13257=CARTESIAN_POINT('Ctrl Pts',(12.0000001788139,2.74993486904463,-8.15262206212742));
#13258=CARTESIAN_POINT('Ctrl Pts',(12.0000001788139,2.64605691457086,-8.61302107896749));
#13259=CARTESIAN_POINT('Ctrl Pts',(12.0000001788139,2.55236100016253,-9.21797577930917));
#13260=CARTESIAN_POINT('Ctrl Pts',(12.0000001788139,2.54462678731071,-10.2861745524119));
#13261=CARTESIAN_POINT('Ctrl Pts',(12.0000001788139,2.63748541216892,-10.8922263821654));
#13262=CARTESIAN_POINT('Ctrl Pts',(12.0000001788139,2.74944417874221,-11.3442537949545));
#13263=CARTESIAN_POINT('Ctrl Pts',(12.0000001788139,2.75147300460968,-11.3524450687238));
#13264=CARTESIAN_POINT('Ctrl Pts',(12.0000001788139,2.75350183047715,-11.3606363424931));
#13265=CARTESIAN_POINT('Ctrl Pts',(11.8500001788139,2.89301581755745,-8.20000000055085));
#13266=CARTESIAN_POINT('Ctrl Pts',(11.8500001788139,2.79395881611903,-8.63907940398429));
#13267=CARTESIAN_POINT('Ctrl Pts',(11.8500001788139,2.70229811818342,-9.23318627167021));
#13268=CARTESIAN_POINT('Ctrl Pts',(11.8500001788139,2.6948124797262,-10.2729580151938));
#13269=CARTESIAN_POINT('Ctrl Pts',(11.8500001788139,2.78533196438693,-10.8651891517921));
#13270=CARTESIAN_POINT('Ctrl Pts',(11.8500001788139,2.89301581690567,-11.299999999548));
#13271=CARTESIAN_POINT('Origin',(11.5500001788139,3.45753326639415,-12.4418202737503));
#13272=CARTESIAN_POINT('',(11.5500001788139,3.74693544700677,-12.611367841874));
#13273=CARTESIAN_POINT('',(11.5500001788139,3.70308734225507,-12.8189186638663));
#13274=CARTESIAN_POINT('Origin',(11.5500001788139,3.62123598363476,-12.6932192004943));
#13275=CARTESIAN_POINT('Origin',(11.5500001788139,3.58323272976615,-12.35996891513));
#13276=CARTESIAN_POINT('Origin',(11.5500001788139,3.45753326639415,-12.4418202737503));
#13277=CARTESIAN_POINT('Origin',(12.0000001788139,3.62123598363476,-12.6932192004943));
#13278=CARTESIAN_POINT('',(5.85000017881393,3.74693544700677,-12.611367841874));
#13279=CARTESIAN_POINT('Origin',(5.85000017881393,3.62123598363476,-12.6932192004943));
#13280=CARTESIAN_POINT('',(12.0000001788139,3.74693544700677,-12.611367841874));
#13281=CARTESIAN_POINT('',(12.0000001788139,3.70308734225507,-12.8189186638663));
#13282=CARTESIAN_POINT('Origin',(5.85000017881393,3.45753326639415,-12.4418202737503));
#13283=CARTESIAN_POINT('',(5.55000017881393,3.58323272976615,-12.35996891513));
#13284=CARTESIAN_POINT('Origin',(5.55000017881393,3.45753326639415,-12.4418202737503));
#13285=CARTESIAN_POINT('Origin',(5.85000017881393,3.58323272976615,-12.35996891513));
#13286=CARTESIAN_POINT('Origin',(5.55000017881393,0.998810278417571,-8.66594941004555));
#13287=CARTESIAN_POINT('',(5.55000017881393,1.12450974178958,-8.58409805142524));
#13288=CARTESIAN_POINT('Origin',(12.0000001788139,2.89301581498172,-11.3));
#13289=CARTESIAN_POINT('',(9.70000017881393,2.89301581498172,-11.3));
#13290=CARTESIAN_POINT('',(9.70000017881393,2.61198851103406,-10.8684252296536));
#13291=CARTESIAN_POINT('',(12.0000001788139,2.89301581498172,-11.3));
#13292=CARTESIAN_POINT('Ctrl Pts',(12.0000001788139,3.06457812131775,-7.43961616722183));
#13293=CARTESIAN_POINT('Ctrl Pts',(9.19000017881393,3.06457812131775,-7.43961616722183));
#13294=CARTESIAN_POINT('Ctrl Pts',(12.0000001788139,3.03026566005054,-7.59169293377746));
#13295=CARTESIAN_POINT('Ctrl Pts',(9.19000017881393,3.03026566005054,-7.59169293377746));
#13296=CARTESIAN_POINT('Ctrl Pts',(12.0000001788139,2.99595319878334,-7.7437697003331));
#13297=CARTESIAN_POINT('Ctrl Pts',(9.19000017881393,2.99595319878334,-7.7437697003331));
#13298=CARTESIAN_POINT('Ctrl Pts',(12.0000001788139,2.96164073751613,-7.89584646688873));
#13299=CARTESIAN_POINT('Ctrl Pts',(9.19000017881393,2.96164073751613,-7.89584646688873));
#13300=CARTESIAN_POINT('Ctrl Pts',(12.0000001788139,2.92732827624892,-8.04792323344437));
#13301=CARTESIAN_POINT('Ctrl Pts',(9.19000017881393,2.92732827624892,-8.04792323344437));
#13302=CARTESIAN_POINT('Ctrl Pts',(12.0000001788139,2.89301581498172,-8.2));
#13303=CARTESIAN_POINT('Ctrl Pts',(9.19000017881393,2.89301581498172,-8.2));
#13304=CARTESIAN_POINT('Ctrl Pts',(12.0000001788139,2.87842041975302,-8.26468846684291));
#13305=CARTESIAN_POINT('Ctrl Pts',(9.19000017881393,2.87842041975302,-8.26468846684291));
#13306=CARTESIAN_POINT('Ctrl Pts',(12.0000001788139,2.8504987210002,-8.39383163426768));
#13307=CARTESIAN_POINT('Ctrl Pts',(9.19000017881393,2.8504987210002,-8.39383163426768));
#13308=CARTESIAN_POINT('Ctrl Pts',(12.0000001788139,2.81242330485726,-8.58684511298572));
#13309=CARTESIAN_POINT('Ctrl Pts',(9.19000017881393,2.81242330485726,-8.58684511298572));
#13310=CARTESIAN_POINT('Ctrl Pts',(12.0000001788139,2.76939685398876,-8.84277057061689));
#13311=CARTESIAN_POINT('Ctrl Pts',(9.19000017881393,2.76939685398876,-8.84277057061689));
#13312=CARTESIAN_POINT('Ctrl Pts',(12.0000001788139,2.7293954479281,-9.16013881602028));
#13313=CARTESIAN_POINT('Ctrl Pts',(9.19000017881393,2.7293954479281,-9.16013881602028));
#13314=CARTESIAN_POINT('Ctrl Pts',(12.0000001788139,2.70442585784405,-9.47473820602681));
#13315=CARTESIAN_POINT('Ctrl Pts',(9.19000017881393,2.70442585784405,-9.47473820602681));
#13316=CARTESIAN_POINT('Ctrl Pts',(12.0000001788139,2.69574401928937,-9.78633739773525));
#13317=CARTESIAN_POINT('Ctrl Pts',(9.19000017881393,2.69574401928937,-9.78633739773525));
#13318=CARTESIAN_POINT('Ctrl Pts',(12.0000001788139,2.70408816023048,-10.0948004098058));
#13319=CARTESIAN_POINT('Ctrl Pts',(9.19000017881393,2.70408816023048,-10.0948004098058));
#13320=CARTESIAN_POINT('Ctrl Pts',(12.0000001788139,2.72885173500526,-10.4002389677442));
#13321=CARTESIAN_POINT('Ctrl Pts',(9.19000017881393,2.72885173500526,-10.4002389677442));
#13322=CARTESIAN_POINT('Ctrl Pts',(12.0000001788139,2.76882339891235,-10.7028762008336));
#13323=CARTESIAN_POINT('Ctrl Pts',(9.19000017881393,2.76882339891235,-10.7028762008336));
#13324=CARTESIAN_POINT('Ctrl Pts',(12.0000001788139,2.81198311761461,-10.9429261953151));
#13325=CARTESIAN_POINT('Ctrl Pts',(9.19000017881393,2.81198311761461,-10.9429261953151));
#13326=CARTESIAN_POINT('Ctrl Pts',(12.0000001788139,2.850245288514,-11.1218783164388));
#13327=CARTESIAN_POINT('Ctrl Pts',(9.19000017881393,2.850245288514,-11.1218783164388));
#13328=CARTESIAN_POINT('Ctrl Pts',(12.0000001788139,2.87832959708098,-11.2407051963458));
#13329=CARTESIAN_POINT('Ctrl Pts',(9.19000017881393,2.87832959708098,-11.2407051963458));
#13330=CARTESIAN_POINT('Ctrl Pts',(12.0000001788139,2.89301581498172,-11.3));
#13331=CARTESIAN_POINT('Ctrl Pts',(9.19000017881393,2.89301581498172,-11.3));
#13332=CARTESIAN_POINT('Ctrl Pts',(12.0000001788139,2.90110401256798,-11.3326556565506));
#13333=CARTESIAN_POINT('Ctrl Pts',(9.19000017881393,2.90110401256798,-11.3326556565506));
#13334=CARTESIAN_POINT('Ctrl Pts',(12.0000001788139,2.90919221015425,-11.3653113131012));
#13335=CARTESIAN_POINT('Ctrl Pts',(9.19000017881393,2.90919221015425,-11.3653113131012));
#13336=CARTESIAN_POINT('Ctrl Pts',(12.0000001788139,2.91728040774051,-11.3979669696518));
#13337=CARTESIAN_POINT('Ctrl Pts',(9.19000017881393,2.91728040774051,-11.3979669696518));
#13338=CARTESIAN_POINT('Ctrl Pts',(12.0000001788139,2.92536860532677,-11.4306226262024));
#13339=CARTESIAN_POINT('Ctrl Pts',(9.19000017881393,2.92536860532677,-11.4306226262024));
#13340=CARTESIAN_POINT('Ctrl Pts',(12.0000001788139,2.93345680291304,-11.463278282753));
#13341=CARTESIAN_POINT('Ctrl Pts',(9.19000017881393,2.93345680291304,-11.463278282753));
#13342=CARTESIAN_POINT('Ctrl Pts',(9.70000017881393,2.88737555110464,-11.277065123282));
#13343=CARTESIAN_POINT('Ctrl Pts',(9.70000017881393,2.88923740401881,-11.2846903548997));
#13344=CARTESIAN_POINT('Ctrl Pts',(9.70000017881393,2.89111742487315,-11.2923353534922));
#13345=CARTESIAN_POINT('Ctrl Pts',(9.70000017881393,2.89301581498172,-11.3));
#13346=CARTESIAN_POINT('Ctrl Pts',(10.5000001788139,2.85909114404673,-8.35671431275521));
#13347=CARTESIAN_POINT('Ctrl Pts',(10.5000001788139,2.83979901594369,-8.44979004149083));
#13348=CARTESIAN_POINT('Ctrl Pts',(10.5000001788139,2.82209903225598,-8.54257249776576));
#13349=CARTESIAN_POINT('Ctrl Pts',(10.5000001788139,2.80605082710576,-8.63505069699502));
#13350=CARTESIAN_POINT('Ctrl Pts',(10.5000001788139,2.78850632491965,-8.73615134677851));
#13351=CARTESIAN_POINT('Ctrl Pts',(10.5000001788139,2.77293645876518,-8.83688826927553));
#13352=CARTESIAN_POINT('Ctrl Pts',(10.5000001788139,2.75948183734609,-8.93723556441071));
#13353=CARTESIAN_POINT('Ctrl Pts',(10.5000001788139,2.74077625065233,-9.07674562345797));
#13354=CARTESIAN_POINT('Ctrl Pts',(10.5000001788139,2.72616470593469,-9.21550156136373));
#13355=CARTESIAN_POINT('Ctrl Pts',(10.5000001788139,2.71611674941351,-9.35341688787403));
#13356=CARTESIAN_POINT('Ctrl Pts',(10.5000001788139,2.71010610283559,-9.43591727325943));
#13357=CARTESIAN_POINT('Ctrl Pts',(10.5000001788139,2.7057303372477,-9.51811651412186));
#13358=CARTESIAN_POINT('Ctrl Pts',(10.5000001788139,2.70306939493442,-9.59999988511975));
#13359=CARTESIAN_POINT('Ctrl Pts',(10.5000001788139,2.70064720323391,-9.67453634562494));
#13360=CARTESIAN_POINT('Ctrl Pts',(10.5000001788139,2.6996472512726,-9.74881083005339));
#13361=CARTESIAN_POINT('Ctrl Pts',(10.5000001788139,2.70009118000954,-9.82281935214785));
#13362=CARTESIAN_POINT('Ctrl Pts',(10.5000001788139,2.70056917266121,-9.90250675865635));
#13363=CARTESIAN_POINT('Ctrl Pts',(10.5000001788139,2.70272110317534,-9.98188582637937));
#13364=CARTESIAN_POINT('Ctrl Pts',(10.5000001788139,2.70650792690625,-10.0609637473275));
#13365=CARTESIAN_POINT('Ctrl Pts',(10.5000001788139,2.71132191813967,-10.1614913782006));
#13366=CARTESIAN_POINT('Ctrl Pts',(10.5000001788139,2.71877637958767,-10.2615326353575));
#13367=CARTESIAN_POINT('Ctrl Pts',(10.5000001788139,2.72870060537826,-10.361118962762));
#13368=CARTESIAN_POINT('Ctrl Pts',(10.5000001788139,2.74118449403409,-10.4863906614509));
#13369=CARTESIAN_POINT('Ctrl Pts',(10.5000001788139,2.75756616058679,-10.6109443907761));
#13370=CARTESIAN_POINT('Ctrl Pts',(10.5000001788139,2.77747805277777,-10.7348478537389));
#13371=CARTESIAN_POINT('Ctrl Pts',(10.5000001788139,2.79175463626623,-10.8236851232727));
#13372=CARTESIAN_POINT('Ctrl Pts',(10.5000001788139,2.80784560235688,-10.912188184148));
#13373=CARTESIAN_POINT('Ctrl Pts',(10.5000001788139,2.82565513862514,-11.0003746849809));
#13374=CARTESIAN_POINT('Ctrl Pts',(10.5000001788139,2.83268498822476,-11.0351840044508));
#13375=CARTESIAN_POINT('Ctrl Pts',(10.5000001788139,2.83998312909377,-11.0699439047601));
#13376=CARTESIAN_POINT('Ctrl Pts',(10.5000001788139,2.84754596663999,-11.1046550480315));
#13377=CARTESIAN_POINT('Origin',(10.4500001788139,1.925,-3.85));
#13378=CARTESIAN_POINT('',(10.6000001788139,1.925,-3.85));
#13379=CARTESIAN_POINT('Origin',(10.6000001788139,1.625,9.05245550741895E-8));
#13380=CARTESIAN_POINT('Origin',(10.6000001788139,-1.375,-4.39999990165234));
#13381=CARTESIAN_POINT('Origin',(11.0900001788139,1.625,9.05245550741895E-8));
#13382=CARTESIAN_POINT('Origin',(5.85000017881393,-1.76773089546744,-11.4258708637048));
#13383=CARTESIAN_POINT('',(5.85000017881393,-2.01328497132836,-11.8029692538208));
#13384=CARTESIAN_POINT('Origin',(12.0000001788139,-0.578786805627076,-12.737067305246));
#13385=CARTESIAN_POINT('',(11.5500001788139,0.0444493996400586,-13.1428982354188));
#13386=CARTESIAN_POINT('Origin',(12.0000001788139,1.025,-13.));
#13387=CARTESIAN_POINT('',(12.0000001788139,0.29000347550098,-12.7657998453028));
#13388=CARTESIAN_POINT('Origin',(11.5500001788139,0.29000347550098,-12.7657998453028));
#13389=CARTESIAN_POINT('Origin',(12.0000001788139,-0.269267897099923,-7.2859807821959));
#13390=CARTESIAN_POINT('Origin',(10.5000001788139,0.707954427976643,-9.72743303404853));
#13391=CARTESIAN_POINT('',(10.5000001788139,0.402454033360007,-11.1046550480315));
#13392=CARTESIAN_POINT('Origin',(10.5000001788139,1.85,-9.72457871881475));
#13393=CARTESIAN_POINT('',(10.5000001788139,0.390908855953287,-8.35671431275527));
#13394=CARTESIAN_POINT('Ctrl Pts',(10.5000001788139,0.390908855953274,-8.35671431275521));
#13395=CARTESIAN_POINT('Ctrl Pts',(10.5000001788139,0.410200984056096,-8.44979004148978));
#13396=CARTESIAN_POINT('Ctrl Pts',(10.5000001788139,0.427900967743621,-8.54257249776367));
#13397=CARTESIAN_POINT('Ctrl Pts',(10.5000001788139,0.443949172893694,-8.6350506969919));
#13398=CARTESIAN_POINT('Ctrl Pts',(10.5000001788139,0.461493675080068,-8.73615134677666));
#13399=CARTESIAN_POINT('Ctrl Pts',(10.5000001788139,0.477063541234747,-8.83688826927495));
#13400=CARTESIAN_POINT('Ctrl Pts',(10.5000001788139,0.490518162653996,-8.93723556441138));
#13401=CARTESIAN_POINT('Ctrl Pts',(10.5000001788139,0.50922374934751,-9.07674562345688));
#13402=CARTESIAN_POINT('Ctrl Pts',(10.5000001788139,0.523835294065,-9.21550156136089));
#13403=CARTESIAN_POINT('Ctrl Pts',(10.5000001788139,0.533883250586153,-9.35341688786947));
#13404=CARTESIAN_POINT('Ctrl Pts',(10.5000001788139,0.539893897164136,-9.43591727325481));
#13405=CARTESIAN_POINT('Ctrl Pts',(10.5000001788139,0.544269662752078,-9.51811651411718));
#13406=CARTESIAN_POINT('Ctrl Pts',(10.5000001788139,0.546930605065427,-9.599999885115));
#13407=CARTESIAN_POINT('Ctrl Pts',(10.5000001788139,0.549352796765993,-9.67453634562009));
#13408=CARTESIAN_POINT('Ctrl Pts',(10.5000001788139,0.550352748727364,-9.74881083004844));
#13409=CARTESIAN_POINT('Ctrl Pts',(10.5000001788139,0.549908819990487,-9.82281935214279));
#13410=CARTESIAN_POINT('Ctrl Pts',(10.5000001788139,0.5494308273389,-9.90250675865029));
#13411=CARTESIAN_POINT('Ctrl Pts',(10.5000001788139,0.547278896824882,-9.98188582637233));
#13412=CARTESIAN_POINT('Ctrl Pts',(10.5000001788139,0.543492073094138,-10.0609637473194));
#13413=CARTESIAN_POINT('Ctrl Pts',(10.5000001788139,0.538678081861157,-10.1614913781862));
#13414=CARTESIAN_POINT('Ctrl Pts',(10.5000001788139,0.531223620413937,-10.2615326353368));
#13415=CARTESIAN_POINT('Ctrl Pts',(10.5000001788139,0.521299394624422,-10.361118962735));
#13416=CARTESIAN_POINT('Ctrl Pts',(10.5000001788139,0.508815505968704,-10.4863906614286));
#13417=CARTESIAN_POINT('Ctrl Pts',(10.5000001788139,0.492433839415817,-10.6109443907583));
#13418=CARTESIAN_POINT('Ctrl Pts',(10.5000001788139,0.472521947224374,-10.7348478537256));
#13419=CARTESIAN_POINT('Ctrl Pts',(10.5000001788139,0.458245363735955,-10.8236851232603));
#13420=CARTESIAN_POINT('Ctrl Pts',(10.5000001788139,0.442154397645305,-10.9121881841364));
#13421=CARTESIAN_POINT('Ctrl Pts',(10.5000001788139,0.424344861377016,-11.0003746849702));
#13422=CARTESIAN_POINT('Ctrl Pts',(10.5000001788139,0.417315011776732,-11.0351840044437));
#13423=CARTESIAN_POINT('Ctrl Pts',(10.5000001788139,0.410016870907004,-11.0699439047566));
#13424=CARTESIAN_POINT('Ctrl Pts',(10.5000001788139,0.402454033360007,-11.1046550480315));
#13425=CARTESIAN_POINT('Origin',(10.5000001788139,1.85,-9.72457871881475));
#13426=CARTESIAN_POINT('Ctrl Pts',(12.0000001788139,0.185421878682252,-7.43961616722183));
#13427=CARTESIAN_POINT('Ctrl Pts',(9.19000017881393,0.185421878682252,-7.43961616722183));
#13428=CARTESIAN_POINT('Ctrl Pts',(12.0000001788139,0.219734339949458,-7.59169293377746));
#13429=CARTESIAN_POINT('Ctrl Pts',(9.19000017881393,0.219734339949458,-7.59169293377746));
#13430=CARTESIAN_POINT('Ctrl Pts',(12.0000001788139,0.254046801216664,-7.7437697003331));
#13431=CARTESIAN_POINT('Ctrl Pts',(9.19000017881393,0.254046801216664,-7.7437697003331));
#13432=CARTESIAN_POINT('Ctrl Pts',(12.0000001788139,0.288359262483871,-7.89584646688873));
#13433=CARTESIAN_POINT('Ctrl Pts',(9.19000017881393,0.288359262483871,-7.89584646688873));
#13434=CARTESIAN_POINT('Ctrl Pts',(12.0000001788139,0.322671723751077,-8.04792323344437));
#13435=CARTESIAN_POINT('Ctrl Pts',(9.19000017881393,0.322671723751077,-8.04792323344437));
#13436=CARTESIAN_POINT('Ctrl Pts',(12.0000001788139,0.356984185018283,-8.2));
#13437=CARTESIAN_POINT('Ctrl Pts',(9.19000017881393,0.356984185018283,-8.2));
#13438=CARTESIAN_POINT('Ctrl Pts',(12.0000001788139,0.371579580246984,-8.26468846684291));
#13439=CARTESIAN_POINT('Ctrl Pts',(9.19000017881393,0.371579580246984,-8.26468846684291));
#13440=CARTESIAN_POINT('Ctrl Pts',(12.0000001788139,0.399501278999803,-8.39383163426768));
#13441=CARTESIAN_POINT('Ctrl Pts',(9.19000017881393,0.399501278999803,-8.39383163426768));
#13442=CARTESIAN_POINT('Ctrl Pts',(12.0000001788139,0.437576695142743,-8.58684511298572));
#13443=CARTESIAN_POINT('Ctrl Pts',(9.19000017881393,0.437576695142743,-8.58684511298572));
#13444=CARTESIAN_POINT('Ctrl Pts',(12.0000001788139,0.480603146011238,-8.84277057061689));
#13445=CARTESIAN_POINT('Ctrl Pts',(9.19000017881393,0.480603146011238,-8.84277057061689));
#13446=CARTESIAN_POINT('Ctrl Pts',(12.0000001788139,0.520604552071898,-9.16013881602028));
#13447=CARTESIAN_POINT('Ctrl Pts',(9.19000017881393,0.520604552071898,-9.16013881602028));
#13448=CARTESIAN_POINT('Ctrl Pts',(12.0000001788139,0.545574142155951,-9.47473820602681));
#13449=CARTESIAN_POINT('Ctrl Pts',(9.19000017881393,0.545574142155951,-9.47473820602681));
#13450=CARTESIAN_POINT('Ctrl Pts',(12.0000001788139,0.55425598071063,-9.78633739773525));
#13451=CARTESIAN_POINT('Ctrl Pts',(9.19000017881393,0.55425598071063,-9.78633739773525));
#13452=CARTESIAN_POINT('Ctrl Pts',(12.0000001788139,0.545911839769517,-10.0948004098058));
#13453=CARTESIAN_POINT('Ctrl Pts',(9.19000017881393,0.545911839769517,-10.0948004098058));
#13454=CARTESIAN_POINT('Ctrl Pts',(12.0000001788139,0.521148264994744,-10.4002389677442));
#13455=CARTESIAN_POINT('Ctrl Pts',(9.19000017881393,0.521148264994744,-10.4002389677442));
#13456=CARTESIAN_POINT('Ctrl Pts',(12.0000001788139,0.481176601087653,-10.7028762008336));
#13457=CARTESIAN_POINT('Ctrl Pts',(9.19000017881393,0.481176601087653,-10.7028762008336));
#13458=CARTESIAN_POINT('Ctrl Pts',(12.0000001788139,0.438016882385394,-10.9429261953151));
#13459=CARTESIAN_POINT('Ctrl Pts',(9.19000017881393,0.438016882385394,-10.9429261953151));
#13460=CARTESIAN_POINT('Ctrl Pts',(12.0000001788139,0.399754711486,-11.1218783164388));
#13461=CARTESIAN_POINT('Ctrl Pts',(9.19000017881393,0.399754711486,-11.1218783164388));
#13462=CARTESIAN_POINT('Ctrl Pts',(12.0000001788139,0.371670402919023,-11.2407051963458));
#13463=CARTESIAN_POINT('Ctrl Pts',(9.19000017881393,0.371670402919023,-11.2407051963458));
#13464=CARTESIAN_POINT('Ctrl Pts',(12.0000001788139,0.356984185018283,-11.3));
#13465=CARTESIAN_POINT('Ctrl Pts',(9.19000017881393,0.356984185018283,-11.3));
#13466=CARTESIAN_POINT('Ctrl Pts',(12.0000001788139,0.348895987432019,-11.3326556565506));
#13467=CARTESIAN_POINT('Ctrl Pts',(9.19000017881393,0.348895987432019,-11.3326556565506));
#13468=CARTESIAN_POINT('Ctrl Pts',(12.0000001788139,0.340807789845755,-11.3653113131012));
#13469=CARTESIAN_POINT('Ctrl Pts',(9.19000017881393,0.340807789845755,-11.3653113131012));
#13470=CARTESIAN_POINT('Ctrl Pts',(12.0000001788139,0.33271959225949,-11.3979669696518));
#13471=CARTESIAN_POINT('Ctrl Pts',(9.19000017881393,0.33271959225949,-11.3979669696518));
#13472=CARTESIAN_POINT('Ctrl Pts',(12.0000001788139,0.324631394673226,-11.4306226262024));
#13473=CARTESIAN_POINT('Ctrl Pts',(9.19000017881393,0.324631394673226,-11.4306226262024));
#13474=CARTESIAN_POINT('Ctrl Pts',(12.0000001788139,0.316543197086962,-11.463278282753));
#13475=CARTESIAN_POINT('Ctrl Pts',(9.19000017881393,0.316543197086962,-11.463278282753));
#13476=CARTESIAN_POINT('',(9.70000017881393,0.390908855953287,-8.35671431275527));
#13477=CARTESIAN_POINT('Ctrl Pts',(9.70000017881393,0.390908855953287,-8.35671431275527));
#13478=CARTESIAN_POINT('Ctrl Pts',(9.65000017881393,0.390908855953287,-8.35671431275527));
#13479=CARTESIAN_POINT('Ctrl Pts',(9.60000017881394,0.390908855953288,-8.35671431275527));
#13480=CARTESIAN_POINT('Ctrl Pts',(9.55000017881394,0.390908855953288,-8.35671431275527));
#13481=CARTESIAN_POINT('',(5.40000017881393,0.390908855953287,-8.35671431275527));
#13482=CARTESIAN_POINT('',(5.40000017881393,0.402454033360007,-11.1046550480315));
#13483=CARTESIAN_POINT('Origin',(5.40000017881393,1.85,-9.72457871881475));
#13484=CARTESIAN_POINT('Origin',(12.0000001788139,3.82878680562708,-12.737067305246));
#13485=CARTESIAN_POINT('',(11.5500001788139,3.20555060035994,-13.1428982354188));
#13486=CARTESIAN_POINT('Origin',(12.0000001788139,2.90751910681866,-7.5));
#13487=CARTESIAN_POINT('',(12.0000001788139,2.90751910681866,-7.5));
#13488=CARTESIAN_POINT('Origin',(11.5500001788139,2.95999652449902,-12.7657998453028));
#13489=CARTESIAN_POINT('Origin',(12.0000001788139,2.90667195594091,-7.5));
#13490=CARTESIAN_POINT('Origin',(10.5000001788139,2.54204557202336,-9.72743303404853));
#13491=CARTESIAN_POINT('Origin',(9.70000017881393,3.36877298332,-9.7610615450341));
#13492=CARTESIAN_POINT('',(0.,0.,0.));
#13493=CARTESIAN_POINT('',(0.455,-1.6,0.));
#13494=CARTESIAN_POINT('',(-0.455000000000002,-1.6,-1.11022302462516E-15));
#13495=CARTESIAN_POINT('Origin',(0.,0.,0.));
#13496=UNCERTAINTY_MEASURE_WITH_UNIT(LENGTH_MEASURE(0.01),#13506,
'DISTANCE_ACCURACY_VALUE',
'Maximum model space distance between geometric entities at asserted c
onnectivities');
#13497=UNCERTAINTY_MEASURE_WITH_UNIT(LENGTH_MEASURE(0.01),#13506,
'DISTANCE_ACCURACY_VALUE',
'Maximum model space distance between geometric entities at asserted c
onnectivities');
#13498=UNCERTAINTY_MEASURE_WITH_UNIT(LENGTH_MEASURE(0.01),#13506,
'DISTANCE_ACCURACY_VALUE',
'Maximum model space distance between geometric entities at asserted c
onnectivities');
#13499=UNCERTAINTY_MEASURE_WITH_UNIT(LENGTH_MEASURE(0.01),#13506,
'DISTANCE_ACCURACY_VALUE',
'Maximum model space distance between geometric entities at asserted c
onnectivities');
#13500=UNCERTAINTY_MEASURE_WITH_UNIT(LENGTH_MEASURE(0.01),#13506,
'DISTANCE_ACCURACY_VALUE',
'Maximum model space distance between geometric entities at asserted c
onnectivities');
#13501=(
GEOMETRIC_REPRESENTATION_CONTEXT(3)
GLOBAL_UNCERTAINTY_ASSIGNED_CONTEXT((#13496))
GLOBAL_UNIT_ASSIGNED_CONTEXT((#13506,#13508,#13509))
REPRESENTATION_CONTEXT('','3D')
);
#13502=(
GEOMETRIC_REPRESENTATION_CONTEXT(3)
GLOBAL_UNCERTAINTY_ASSIGNED_CONTEXT((#13497))
GLOBAL_UNIT_ASSIGNED_CONTEXT((#13506,#13508,#13509))
REPRESENTATION_CONTEXT('','3D')
);
#13503=(
GEOMETRIC_REPRESENTATION_CONTEXT(3)
GLOBAL_UNCERTAINTY_ASSIGNED_CONTEXT((#13498))
GLOBAL_UNIT_ASSIGNED_CONTEXT((#13506,#13508,#13509))
REPRESENTATION_CONTEXT('','3D')
);
#13504=(
GEOMETRIC_REPRESENTATION_CONTEXT(3)
GLOBAL_UNCERTAINTY_ASSIGNED_CONTEXT((#13499))
GLOBAL_UNIT_ASSIGNED_CONTEXT((#13506,#13508,#13509))
REPRESENTATION_CONTEXT('','3D')
);
#13505=(
GEOMETRIC_REPRESENTATION_CONTEXT(3)
GLOBAL_UNCERTAINTY_ASSIGNED_CONTEXT((#13500))
GLOBAL_UNIT_ASSIGNED_CONTEXT((#13506,#13508,#13509))
REPRESENTATION_CONTEXT('','3D')
);
#13506=(
LENGTH_UNIT()
NAMED_UNIT(*)
SI_UNIT(.MILLI.,.METRE.)
);
#13507=(
LENGTH_UNIT()
NAMED_UNIT(*)
SI_UNIT($,.METRE.)
);
#13508=(
NAMED_UNIT(*)
PLANE_ANGLE_UNIT()
SI_UNIT($,.RADIAN.)
);
#13509=(
NAMED_UNIT(*)
SI_UNIT($,.STERADIAN.)
SOLID_ANGLE_UNIT()
);
#13510=SHAPE_DEFINITION_REPRESENTATION(#13514,#13521);
#13511=SHAPE_DEFINITION_REPRESENTATION(#13515,#13522);
#13512=SHAPE_DEFINITION_REPRESENTATION(#13516,#13523);
#13513=SHAPE_DEFINITION_REPRESENTATION(#13517,#13524);
#13514=PRODUCT_DEFINITION_SHAPE('',$,#13526);
#13515=PRODUCT_DEFINITION_SHAPE('',$,#13527);
#13516=PRODUCT_DEFINITION_SHAPE('',$,#13528);
#13517=PRODUCT_DEFINITION_SHAPE('',$,#13529);
#13518=PRODUCT_DEFINITION_SHAPE($,$,#24);
#13519=PRODUCT_DEFINITION_SHAPE($,$,#25);
#13520=PRODUCT_DEFINITION_SHAPE($,$,#26);
#13521=SHAPE_REPRESENTATION('',(#6616,#7244,#7245,#7246),#13501);
#13522=SHAPE_REPRESENTATION('',(#6617),#13502);
#13523=SHAPE_REPRESENTATION('',(#6672),#13503);
#13524=SHAPE_REPRESENTATION('',(#6958),#13504);
#13525=PRODUCT_DEFINITION_CONTEXT('part definition',#13539,'design');
#13526=PRODUCT_DEFINITION('Sicherungshalter  ESKA 503400',
'Sicherungshalter  ESKA 503400 v2',#13530,#13525);
#13527=PRODUCT_DEFINITION('Sockel','Sockel',#13531,#13525);
#13528=PRODUCT_DEFINITION('Kontaktblech1','Kontaktblech1',#13532,#13525);
#13529=PRODUCT_DEFINITION('Kontaktblech2','Kontaktblech2',#13533,#13525);
#13530=PRODUCT_DEFINITION_FORMATION('',$,#13541);
#13531=PRODUCT_DEFINITION_FORMATION('',$,#13542);
#13532=PRODUCT_DEFINITION_FORMATION('',$,#13543);
#13533=PRODUCT_DEFINITION_FORMATION('',$,#13544);
#13534=PRODUCT_RELATED_PRODUCT_CATEGORY(
'Sicherungshalter  ESKA 503400 v2','Sicherungshalter  ESKA 503400 v2',(#13541));
#13535=PRODUCT_RELATED_PRODUCT_CATEGORY('Sockel','Sockel',(#13542));
#13536=PRODUCT_RELATED_PRODUCT_CATEGORY('Kontaktblech1','Kontaktblech1',
(#13543));
#13537=PRODUCT_RELATED_PRODUCT_CATEGORY('Kontaktblech2','Kontaktblech2',
(#13544));
#13538=APPLICATION_PROTOCOL_DEFINITION('international standard',
'ap242_managed_model_based_3d_engineering',2011,#13539);
#13539=APPLICATION_CONTEXT('Managed model based 3d engineering');
#13540=PRODUCT_CONTEXT('part definition',#13539,'mechanical');
#13541=PRODUCT('Sicherungshalter  ESKA 503400',
'Sicherungshalter  ESKA 503400 v2',$,(#13540));
#13542=PRODUCT('Sockel','Sockel',$,(#13540));
#13543=PRODUCT('Kontaktblech1','Kontaktblech1',$,(#13540));
#13544=PRODUCT('Kontaktblech2','Kontaktblech2',$,(#13540));
#13545=PRESENTATION_STYLE_ASSIGNMENT((#13549));
#13546=PRESENTATION_STYLE_ASSIGNMENT((#13550));
#13547=PRESENTATION_STYLE_ASSIGNMENT((#13551));
#13548=PRESENTATION_STYLE_ASSIGNMENT((NULL_STYLE(.NULL.)));
#13549=SURFACE_STYLE_USAGE(.BOTH.,#13552);
#13550=SURFACE_STYLE_USAGE(.BOTH.,#13553);
#13551=SURFACE_STYLE_USAGE(.BOTH.,#13554);
#13552=SURFACE_SIDE_STYLE('',(#13555));
#13553=SURFACE_SIDE_STYLE('',(#13556));
#13554=SURFACE_SIDE_STYLE('',(#13557));
#13555=SURFACE_STYLE_FILL_AREA(#13558);
#13556=SURFACE_STYLE_FILL_AREA(#13559);
#13557=SURFACE_STYLE_FILL_AREA(#13560);
#13558=FILL_AREA_STYLE('Stahl - satiniert',(#13561));
#13559=FILL_AREA_STYLE('Edelstahl - satiniert',(#13562));
#13560=FILL_AREA_STYLE('Paek (Beige)',(#13563));
#13561=FILL_AREA_STYLE_COLOUR('Stahl - satiniert',#13564);
#13562=FILL_AREA_STYLE_COLOUR('Edelstahl - satiniert',#13565);
#13563=FILL_AREA_STYLE_COLOUR('Paek (Beige)',#13566);
#13564=COLOUR_RGB('Stahl - satiniert',0.627450980392157,0.627450980392157,
0.627450980392157);
#13565=COLOUR_RGB('Edelstahl - satiniert',0.796078431372549,0.796078431372549,
0.796078431372549);
#13566=COLOUR_RGB('Paek (Beige)',0.898039215686275,0.792156862745098,0.619607843137255);
ENDSEC;
END-ISO-10303-21;
